person_id,reference_doc,compared_doc,field,reference_value,compared_value,mismatch_type,severity
P00000,aadhaar,pan,name,Karthik Arun,KARTHIK ARUN,case_spacing,acceptable
P00000,aadhaar,marksheet_10,name,Karthik Arun,KARTHIK A,initial,acceptable
P00000,aadhaar,marksheet_12,name,Karthik Arun,KARTHIK A,initial,acceptable
P00001,aadhaar,pan,name,Sameer Ansari,SAMEER ANSARI,case_spacing,acceptable
P00001,aadhaar,birth_certificate,dob,1999-03-08,1999-08-03,day_month_swap,critical
P00002,aadhaar,pan,name,Simran Agarwal,SIMRAN AGARWAL,case_spacing,acceptable
P00003,aadhaar,pan,name,Anjali Pandey,ANJALI PANDEY,case_spacing,acceptable
P00004,aadhaar,pan,name,Salman Syed,SALMAN SYED,case_spacing,acceptable
P00004,aadhaar,marksheet_10,name,Salman Syed,Salmann Syed,spelling_variant,risky
P00005,aadhaar,pan,name,Sangeetha Prakash,SANGEETHA PRAKASH,case_spacing,acceptable
P00005,aadhaar,marksheet_10,name,Sangeetha Prakash,SANGEETHA P,initial,acceptable
P00005,aadhaar,marksheet_10,dob,1999-04-15,1999-04-16,day_shift,critical
P00005,aadhaar,marksheet_12,name,Sangeetha Prakash,SANGEETHA P,initial,acceptable
P00006,aadhaar,pan,name,Vaishnavi Kumar,VAISHNAVI KUMAR,case_spacing,acceptable
P00006,aadhaar,marksheet_10,name,Vaishnavi Kumar,VAISHNAVI K,initial,acceptable
P00006,aadhaar,marksheet_12,name,Vaishnavi Kumar,VAISHNAVI K,initial,acceptable
P00007,aadhaar,pan,name,Nandini Gowda,NANDINI GOWDA,case_spacing,acceptable
P00007,aadhaar,marksheet_10,name,Nandini Gowda,Nnandini Gowda,spelling_variant,risky
P00008,aadhaar,pan,name,Rukhsar Syed,RUKHSAR SYED,case_spacing,acceptable
P00008,aadhaar,passport,name,Rukhsar Syed,Ruksar Syed,spelling_variant,risky
P00009,aadhaar,pan,name,Divya Varghese,DIVYA VARGHESE,case_spacing,acceptable
P00010,aadhaar,pan,name,Revathi Velu,REVATHI VELU,case_spacing,acceptable
P00010,aadhaar,marksheet_10,name,Revathi Velu,REVATHI V,initial,acceptable
P00010,aadhaar,marksheet_10,dob,2000-02-28,2000-02-29,day_shift,critical
P00010,aadhaar,marksheet_12,name,Revathi Velu,REVATHI V,initial,acceptable
P00011,aadhaar,pan,name,Anand Varghese,ANAND VARGHESE,case_spacing,acceptable
P00012,aadhaar,pan,name,Sundar Madhavan,SUNDAR MADHAVAN,case_spacing,acceptable
P00012,aadhaar,marksheet_10,name,Sundar Madhavan,SUNDAR M,initial,acceptable
P00012,aadhaar,marksheet_12,name,Sundar Madhavan,SUNDAR M,initial,acceptable
P00012,aadhaar,birth_certificate,name,Sundar Madhavan,M. Sundar,initial,acceptable
P00013,aadhaar,pan,name,Krupa Patil,KRUPA PATIL,case_spacing,acceptable
P00013,aadhaar,birth_certificate,name,Krupa Patil,Kroopa Patil,spelling_variant,risky
P00014,aadhaar,pan,name,Venkatesh Chowdary,VENKATESH CHOWDARY,case_spacing,acceptable
P00015,aadhaar,pan,name,Ayesha Syed,Aiesha Syed,spelling_variant,risky
P00016,aadhaar,pan,name,Jyothi Raju,Jyothhi Raju,spelling_variant,risky
P00017,aadhaar,pan,name,Neethu Menon,NEETHU MENON,case_spacing,acceptable
P00017,aadhaar,marksheet_10,dob,1999-05-11,2000-05-11,year_shift,critical
P00017,aadhaar,marksheet_12,name,Neethu Menon,Neehu Menon,spelling_variant,risky
P00018,aadhaar,pan,name,Divya Reddy,DIVYA REDDY,case_spacing,acceptable
P00019,aadhaar,pan,name,Rukhsar Pathan,RUKHSAR PATHAN,case_spacing,acceptable
P00019,aadhaar,pan,dob,2002-11-22,2003-11-22,year_shift,critical
P00020,aadhaar,pan,name,Arun Saravanan,ARUN SARAVANAN,case_spacing,acceptable
P00020,aadhaar,marksheet_10,name,Arun Saravanan,ARUN S,initial,acceptable
P00020,aadhaar,marksheet_12,name,Arun Saravanan,ARUN S,initial,acceptable
P00021,aadhaar,pan,name,Anagha Varghese,ANAGHA VARGHESE,case_spacing,acceptable
P00021,aadhaar,passport,address,"No. 37, 4th Cross, Kakkanad, Kochi, Kerala - 682978","No. 16, Lake View Road, Malviya Nagar, Delhi, Delhi - 110458",different_address,risky
P00022,aadhaar,pan,name,Pooja Chauhan,POOJA CHAUHAN,case_spacing,acceptable
P00023,aadhaar,pan,name,Padma Raju,PADMA RAJU,case_spacing,acceptable
P00023,aadhaar,marksheet_12,father_name,Mahesh Raju,Maahesh Raju,spelling_variant,risky
P00023,aadhaar,passport,gender,F,M,flipped,critical
P00024,aadhaar,pan,name,Rahul Tiwari,RAHUL TIWARI,case_spacing,acceptable
P00024,aadhaar,marksheet_12,father_name,Amit Tiwari,Amith Tiwari,spelling_variant,risky
P00025,aadhaar,pan,name,Sumit Agarwal,SUMIT AGARWAL,case_spacing,acceptable
P00026,aadhaar,pan,name,Sagar Shah,SAGAR SHAH,case_spacing,acceptable
P00027,aadhaar,pan,name,Ankit Tiwari,ANKIT TIWARI,case_spacing,acceptable
P00028,aadhaar,pan,name,Naresh Rao,NARESH RAO,case_spacing,acceptable
P00029,aadhaar,pan,name,Arnab Chatterjee,ARNAB CHATTERJEE,case_spacing,acceptable
P00030,aadhaar,pan,name,Asha Shetty,ASHA SHETTY,case_spacing,acceptable
P00030,aadhaar,marksheet_10,name,Asha Shetty,Ashha Shetty,spelling_variant,risky
P00030,aadhaar,marksheet_10,father_name,Puneeth Shetty,Punith Shetty,spelling_variant,risky
P00031,aadhaar,pan,name,Shreya Verma,SHREYA VERMA,case_spacing,acceptable
P00032,aadhaar,pan,name,Madhavan Siva,MADHAVAN SIVA,case_spacing,acceptable
P00032,aadhaar,marksheet_10,name,Madhavan Siva,MADHAVAN S,initial,acceptable
P00032,aadhaar,marksheet_12,name,Madhavan Siva,MADHAVAN S,initial,acceptable
P00033,aadhaar,pan,name,Bhoomika Kulkarni,Bhoomkia Kulkarni,spelling_variant,risky
P00034,aadhaar,pan,name,Girish Gowda,GIRISH GOWDA,case_spacing,acceptable
P00035,aadhaar,pan,name,Omkar Joshi,OMKAR JOSHI,case_spacing,acceptable
P00036,aadhaar,pan,name,Janani Selvam,JANANI SELVAM,case_spacing,acceptable
P00036,aadhaar,marksheet_10,name,Janani Selvam,JANANI S,initial,acceptable
P00036,aadhaar,marksheet_12,name,Janani Selvam,JANANI S,initial,acceptable
P00037,aadhaar,pan,name,Divya Raju,DIVYA RAJU,case_spacing,acceptable
P00038,aadhaar,pan,name,Janani Babu,JANANI BABU,case_spacing,acceptable
P00038,aadhaar,marksheet_10,name,Janani Babu,JANANI B,initial,acceptable
P00038,aadhaar,marksheet_10,father_name,Babu,Baabu,spelling_variant,risky
P00038,aadhaar,marksheet_12,name,Janani Babu,JANANI B,initial,acceptable
P00039,aadhaar,pan,name,Haritha Naidu,HARITHA NAIDU,case_spacing,acceptable
P00039,aadhaar,marksheet_10,dob,1999-02-07,1999-07-02,day_month_swap,critical
P00039,aadhaar,marksheet_12,name,Haritha Naidu,Hareetha Naidu,spelling_variant,risky
P00040,aadhaar,pan,name,Swathi Raju,SWATHI RAJU,case_spacing,acceptable
P00041,aadhaar,pan,name,Amit Tiwari,AMIT TIWARI,case_spacing,acceptable
P00042,aadhaar,pan,name,Priyanka Pandey,PRIYANKA PANDEY,case_spacing,acceptable
P00043,aadhaar,pan,name,Madhuri Raju,MADHURI RAJU,case_spacing,acceptable
P00043,aadhaar,marksheet_12,name,Madhuri Raju,Madhoori Raju,spelling_variant,risky
P00043,aadhaar,birth_certificate,dob,2000-10-08,2000-10-10,day_shift,critical
P00044,aadhaar,pan,name,Gayathri Selvam,GAYATHRI SELVAM,case_spacing,acceptable
P00044,aadhaar,marksheet_10,name,Gayathri Selvam,GAYATHRI S,initial,acceptable
P00044,aadhaar,marksheet_12,name,Gayathri Selvam,GAYATHRI S,initial,acceptable
P00045,aadhaar,pan,name,Satish Hegde,Satissh Hegde,spelling_variant,risky
P00046,aadhaar,pan,name,Prasad Naidu,PRASAD NAIDU,case_spacing,acceptable
P00046,aadhaar,passport,address,"No. 66, Park Avenue, Kothrud, Kochi, Kerala - 682584","No. 200, Station Road, Sector 62, Ahmedabad, Gujarat - 380779",different_address,risky
P00047,aadhaar,pan,name,Pradeep Pandey,PRADEEP PANDEY,case_spacing,acceptable
P00048,aadhaar,pan,name,Neha Verma,NEHA VERMA,case_spacing,acceptable
P00049,aadhaar,pan,name,Sahana Shetty,SAHANA SHETTY,case_spacing,acceptable
P00050,aadhaar,pan,name,Sanju Pillai,SANJU PILLAI,case_spacing,acceptable
P00051,aadhaar,pan,name,Divya Raju,DIVYA RAJU,case_spacing,acceptable
P00052,aadhaar,pan,name,Madhavan Babu,MADHAVAN BABU,case_spacing,acceptable
P00052,aadhaar,marksheet_10,name,Madhavan Babu,MADHAVAN B,initial,acceptable
P00052,aadhaar,marksheet_12,name,Madhavan Babu,MADHAVAN B,initial,acceptable
P00053,aadhaar,pan,name,Harsh Joshi,HARSH JOSHI,case_spacing,acceptable
P00053,aadhaar,marksheet_10,father_name,Sagar Joshi,Saagar Joshi,spelling_variant,risky
P00054,aadhaar,pan,name,Suresh Reddy,SURESH REDDY,case_spacing,acceptable
P00055,aadhaar,pan,name,Mohammed Qureshi,MOHAMMED QURESHI,case_spacing,acceptable
P00055,aadhaar,pan,dob,2005-02-21,2005-02-22,day_shift,critical
P00055,aadhaar,marksheet_10,name,Mohammed Qureshi,Mohammedh Qureshi,spelling_variant,risky
P00056,aadhaar,pan,name,Prasad Varma,PRASAD VARMA,case_spacing,acceptable
P00057,aadhaar,pan,name,Spoorthi Shetty,SPOORTHI SHETTY,case_spacing,acceptable
P00057,aadhaar,pan,dob,2002-03-26,2001-03-26,year_shift,critical
P00058,aadhaar,pan,name,Harsh Patel,HARSH PATEL,case_spacing,acceptable
P00058,aadhaar,birth_certificate,name,Harsh Patel,Harshh Patel,spelling_variant,risky
P00059,aadhaar,pan,name,Madhuri Patil,MADHURI PATIL,case_spacing,acceptable
P00059,aadhaar,marksheet_10,name,Madhuri Patil,Madhoori Patil,spelling_variant,risky
P00060,aadhaar,pan,name,Daniel Pereira,DANIEL PEREIRA,case_spacing,acceptable
P00061,aadhaar,pan,name,Simran Pandey,SIMRAN PANDEY,case_spacing,acceptable
P00062,aadhaar,pan,name,Divya Raju,DIVYA RAJU,case_spacing,acceptable
P00063,aadhaar,pan,name,Harini Elango,HARINI ELANGO,case_spacing,acceptable
P00063,aadhaar,marksheet_10,name,Harini Elango,HARINI E,initial,acceptable
P00063,aadhaar,marksheet_12,name,Harini Elango,HARINI E,initial,acceptable
P00064,aadhaar,pan,name,Harini Siva,HARINI SIVA,case_spacing,acceptable
P00064,aadhaar,marksheet_10,name,Harini Siva,HARINI S,initial,acceptable
P00064,aadhaar,marksheet_12,name,Harini Siva,HARINI S,initial,acceptable
P00065,aadhaar,pan,name,Abdul Ansari,ABDUL ANSARI,case_spacing,acceptable
P00066,aadhaar,pan,name,Hetal Deshpande,HETAL DESHPANDE,case_spacing,acceptable
P00067,aadhaar,pan,name,Chaitanya Naidu,CHAITANYA NAIDU,case_spacing,acceptable
P00068,aadhaar,pan,name,Shabana Ansari,SHABANA ANSARI,case_spacing,acceptable
P00069,aadhaar,pan,name,Rohit Tiwari,ROHIT TIWARI,case_spacing,acceptable
P00070,aadhaar,pan,name,Neha Mishra,NEHA MISHRA,case_spacing,acceptable
P00071,aadhaar,pan,name,Shreya Yadav,SHREYA YADAV,case_spacing,acceptable
P00071,aadhaar,marksheet_12,father_name,Deepak Yadav,Dheepak Yadav,spelling_variant,risky
P00072,aadhaar,pan,name,Ramesh Velu,RAMESH VELU,case_spacing,acceptable
P00072,aadhaar,marksheet_10,name,Ramesh Velu,RAMESH V,initial,acceptable
P00072,aadhaar,marksheet_12,name,Ramesh Velu,RAMESH V,initial,acceptable
P00073,aadhaar,pan,name,Komal Sharma,KOMAL SHARMA,case_spacing,acceptable
P00073,aadhaar,passport,dob,2003-10-27,2003-10-25,day_shift,critical
P00074,aadhaar,pan,name,Kiran Varma,KIRAN VARMA,case_spacing,acceptable
P00075,aadhaar,pan,name,Balaji Selvam,BALAJI SELVAM,case_spacing,acceptable
P00075,aadhaar,marksheet_10,name,Balaji Selvam,BALAJI S,initial,acceptable
P00075,aadhaar,marksheet_12,name,Balaji Selvam,BALAJI S,initial,acceptable
P00076,aadhaar,pan,name,Jithin Pillai,JITHIN PILLAI,case_spacing,acceptable
P00077,aadhaar,pan,name,Chaitanya Reddy,CHAITANYA REDDY,case_spacing,acceptable
P00077,aadhaar,pan,father_name,Ravi Reddy,Raavi Reddy,spelling_variant,risky
P00077,aadhaar,pan,dob,2004-12-18,2004-12-20,day_shift,critical
P00078,aadhaar,pan,name,Senthil Manikandan,SENTHIL MANIKANDAN,case_spacing,acceptable
P00078,aadhaar,marksheet_10,name,Senthil Manikandan,SENTHIL M,initial,acceptable
P00078,aadhaar,marksheet_12,name,Senthil Manikandan,SENTHIL M,initial,acceptable
P00078,aadhaar,birth_certificate,name,Senthil Manikandan,M. Senthil,initial,acceptable
P00079,aadhaar,pan,name,Mohammed Ansari,MOHAMMED ANSARI,case_spacing,acceptable
P00080,aadhaar,pan,name,Senthil Manikandan,SENTHIL MANIKANDAN,case_spacing,acceptable
P00080,aadhaar,marksheet_10,name,Senthil Manikandan,SENTHIL M,initial,acceptable
P00080,aadhaar,marksheet_12,name,Senthil Manikandan,SENTHIL M,initial,acceptable
P00081,aadhaar,pan,name,Bhavani Raju,BHAVANI RAJU,case_spacing,acceptable
P00082,aadhaar,pan,name,Ayesha Sheikh,AYESHA SHEIKH,case_spacing,acceptable
P00083,aadhaar,pan,name,Prasad Varma,PRASAD VARMA,case_spacing,acceptable
P00084,aadhaar,pan,name,Swathi Raju,SWATHI RAJU,case_spacing,acceptable
P00084,aadhaar,marksheet_10,dob,2005-05-26,2006-05-26,year_shift,critical
P00085,aadhaar,pan,name,Gayathri Balaji,GAYATHRI BALAJI,case_spacing,acceptable
P00085,aadhaar,marksheet_10,name,Gayathri Balaji,GAYATHRI B,initial,acceptable
P00085,aadhaar,marksheet_12,name,Gayathri Balaji,GAYATHRI B,initial,acceptable
P00086,aadhaar,pan,name,Shilpa Kulkarni,SHILPA KULKARNI,case_spacing,acceptable
P00087,aadhaar,pan,name,Kumar Murugan,KUMAR MURUGAN,case_spacing,acceptable
P00087,aadhaar,marksheet_10,name,Kumar Murugan,KUMAR M,initial,acceptable
P00087,aadhaar,marksheet_12,name,Kumar Murugan,KUMAR M,initial,acceptable
P00088,aadhaar,pan,name,Puneeth Hegde,PUNEETH HEGDE,case_spacing,acceptable
P00089,aadhaar,pan,name,Swathi Varma,SWATHI VARMA,case_spacing,acceptable
P00089,aadhaar,marksheet_12,name,Swathi Varma,Swaathi Varma,spelling_variant,risky
P00090,aadhaar,pan,name,Prakash Murugan,PRAKASH MURUGAN,case_spacing,acceptable
P00090,aadhaar,marksheet_10,name,Prakash Murugan,Praakash Murugan,spelling_variant,risky
P00090,aadhaar,marksheet_12,name,Prakash Murugan,PRAKASH M,initial,acceptable
P00090,aadhaar,birth_certificate,father_name,Murugan,Moorugan,spelling_variant,risky
P00091,aadhaar,pan,name,Rukhsar Sheikh,RUKHSAR SHEIKH,case_spacing,acceptable
P00091,aadhaar,marksheet_10,name,Rukhsar Sheikh,Rukhsur Sheikh,spelling_variant,risky
P00091,aadhaar,marksheet_12,father_name,Sameer Sheikh,Saameer Sheikh,spelling_variant,risky
P00092,aadhaar,pan,name,Harish Kulkarni,HARISH KULKARNI,case_spacing,acceptable
P00093,aadhaar,pan,name,Hari Kurup,HARI KURUP,case_spacing,acceptable
P00094,aadhaar,pan,name,Vignesh Babu,VIGNESH BABU,case_spacing,acceptable
P00094,aadhaar,marksheet_10,name,Vignesh Babu,VIGNESH B,initial,acceptable
P00094,aadhaar,marksheet_12,name,Vignesh Babu,VIGNESH B,initial,acceptable
P00095,aadhaar,pan,name,Anand Kurup,ANAND KURUP,case_spacing,acceptable
P00095,aadhaar,passport,address,"No. 231, 2nd Main, Salt Lake, Hyderabad, Telangana - 500178","No. 77, 2nd Main, Sector 62, Chennai, Tamil Nadu - 600055",different_address,risky
P00096,aadhaar,pan,name,Venkatesh Varma,VENKATESH VARMA,case_spacing,acceptable
P00097,aadhaar,pan,name,Jay Joshi,JAY JOSHI,case_spacing,acceptable
P00098,aadhaar,pan,name,Meena Ramesh,MEENA RAMESH,case_spacing,acceptable
P00098,aadhaar,marksheet_10,name,Meena Ramesh,MEENA R,initial,acceptable
P00098,aadhaar,marksheet_12,name,Meena Ramesh,MEENA R,initial,acceptable
P00098,aadhaar,birth_certificate,name,Meena Ramesh,R. Meena,initial,acceptable
P00099,aadhaar,pan,name,Sravani Naidu,SRAVANI NAIDU,case_spacing,acceptable
P00100,aadhaar,pan,name,Rajib Bose,RAJIB BOSE,case_spacing,acceptable
P00100,aadhaar,birth_certificate,name,Rajib Bose,Rarib Bose,spelling_variant,risky
P00101,aadhaar,pan,name,Rutuja Patel,RUTUJA PATEL,case_spacing,acceptable
P00102,aadhaar,pan,name,Madhuri Naidu,MADHURI NAIDU,case_spacing,acceptable
P00102,aadhaar,marksheet_10,dob,2002-05-21,2002-05-22,day_shift,critical
P00103,aadhaar,pan,name,Rohit Sharma,ROHIT SHARMA,case_spacing,acceptable
P00104,aadhaar,pan,name,Anjali Verma,ANJALI VERMA,case_spacing,acceptable
P00105,aadhaar,pan,name,Lakshmi Sundar,LAKSHMI SUNDAR,case_spacing,acceptable
P00105,aadhaar,marksheet_10,name,Lakshmi Sundar,LAKSHMI S,initial,acceptable
P00105,aadhaar,marksheet_12,name,Lakshmi Sundar,LAKSHMI S,initial,acceptable
P00105,aadhaar,birth_certificate,name,Lakshmi Sundar,S. Lakshmi,initial,acceptable
P00106,aadhaar,pan,name,Nandini Rao,NANDINI RAO,case_spacing,acceptable
P00106,aadhaar,marksheet_10,dob,2005-05-01,2005-04-30,day_shift,critical
P00107,aadhaar,pan,name,Pallavi Shetty,Paallavi Shetty,spelling_variant,risky
P00108,aadhaar,pan,name,Saravanan Raju,SARAVANAN RAJU,case_spacing,acceptable
P00108,aadhaar,marksheet_10,name,Saravanan Raju,Sarawanan Raju,spelling_variant,risky
P00108,aadhaar,marksheet_12,name,Saravanan Raju,SARAVANAN R,initial,acceptable
P00109,aadhaar,pan,name,Nithya Selvam,NITHYA SELVAM,case_spacing,acceptable
P00109,aadhaar,marksheet_10,name,Nithya Selvam,NITHYA S,initial,acceptable
P00109,aadhaar,marksheet_12,name,Nithya Selvam,NITHYA S,initial,acceptable
P00109,aadhaar,birth_certificate,name,Nithya Selvam,S. Nithya,initial,acceptable
P00110,aadhaar,pan,name,Akhil Nair,AKHIL NAIR,case_spacing,acceptable
P00111,aadhaar,pan,name,Prachi Kulkarni,Praachi Kulkarni,spelling_variant,risky
P00112,aadhaar,pan,name,Madhavan Manikandan,MADHAVAN MANIKANDAN,case_spacing,acceptable
P00112,aadhaar,marksheet_10,name,Madhavan Manikandan,Madhauan Manikandan,spelling_variant,risky
P00112,aadhaar,marksheet_12,name,Madhavan Manikandan,MADHAVAN M,initial,acceptable
P00113,aadhaar,pan,name,Vaishnavi Velu,VAISHNAVI VELU,case_spacing,acceptable
P00113,aadhaar,marksheet_10,name,Vaishnavi Velu,VAISHNAVI V,initial,acceptable
P00113,aadhaar,marksheet_12,name,Vaishnavi Velu,VAISHNAVI V,initial,acceptable
P00114,aadhaar,pan,name,Tanushree Chatterjee,TANUSHREE CHATTERJEE,case_spacing,acceptable
P00114,aadhaar,passport,name,Tanushree Chatterjee,Tanuushree Chatterjee,spelling_variant,risky
P00115,aadhaar,pan,name,Daniel Pereira,Danniel Pereira,spelling_variant,risky
P00116,aadhaar,pan,name,Rahul Chauhan,RAHUL CHAUHAN,case_spacing,acceptable
P00116,aadhaar,marksheet_12,name,Rahul Chauhan,Raahul Chauhan,spelling_variant,risky
P00117,aadhaar,pan,name,Rukhsar Pathan,RUKHSAR PATHAN,case_spacing,acceptable
P00118,aadhaar,pan,name,Prasad Rao,PRASAD RAO,case_spacing,acceptable
P00119,aadhaar,pan,name,Gaurav Tiwari,GAURAV TIWARI,case_spacing,acceptable
P00119,aadhaar,pan,father_name,Rohit Tiwari,Roheet Tiwari,spelling_variant,risky
P00120,aadhaar,pan,name,Anjali Pandey,ANJALI PANDEY,case_spacing,acceptable
P00121,aadhaar,pan,name,Tamilselvi Murugan,Thamilselvi Murugan,spelling_variant,risky
P00121,aadhaar,marksheet_10,name,Tamilselvi Murugan,TAMILSELVI M,initial,acceptable
P00121,aadhaar,marksheet_12,name,Tamilselvi Murugan,TAMILSELVI M,initial,acceptable
P00122,aadhaar,pan,name,Velu Babu,VELU BABU,case_spacing,acceptable
P00122,aadhaar,marksheet_10,name,Velu Babu,VELU B,initial,acceptable
P00122,aadhaar,marksheet_12,name,Velu Babu,VELU B,initial,acceptable
P00122,aadhaar,passport,name,Velu Babu,Veu Babu,spelling_variant,risky
P00123,aadhaar,pan,name,Sushma Tiwari,SUSHMA TIWARI,case_spacing,acceptable
P00123,aadhaar,marksheet_10,father_name,Gaurav Tiwari,Gaoorav Tiwari,spelling_variant,risky
P00124,aadhaar,pan,name,Sruthi Varghese,SRUTHI VARGHESE,case_spacing,acceptable
P00125,aadhaar,pan,name,Haritha Varma,HARITHA VARMA,case_spacing,acceptable
P00125,aadhaar,passport,address,"No. 8, Market Street, Banjara Hills, Noida, Uttar Pradesh - 201077","No. 170, Lake View Road, Andheri, Bengaluru, Karnataka - 560344",different_address,risky
P00126,aadhaar,pan,name,Kannan Arun,KANNAN ARUN,case_spacing,acceptable
P00126,aadhaar,marksheet_10,name,Kannan Arun,KANNAN A,initial,acceptable
P00126,aadhaar,marksheet_12,name,Kannan Arun,Kannn Arun,spelling_variant,risky
P00126,aadhaar,birth_certificate,name,Kannan Arun,A. Kannan,initial,acceptable
P00127,aadhaar,pan,name,Rukhsar Sheikh,RUKHSAR SHEIKH,case_spacing,acceptable
P00127,aadhaar,pan,dob,2005-04-26,2006-04-26,year_shift,critical
P00128,aadhaar,pan,name,Balaji Vignesh,BALAJI VIGNESH,case_spacing,acceptable
P00128,aadhaar,marksheet_10,name,Balaji Vignesh,BALAJI V,initial,acceptable
P00128,aadhaar,marksheet_12,name,Balaji Vignesh,BALAJI V,initial,acceptable
P00129,aadhaar,pan,name,Bhoomika Shetty,BHOOMIKA SHETTY,case_spacing,acceptable
P00130,aadhaar,pan,name,Sneha Mishra,SNEHA MISHRA,case_spacing,acceptable
P00130,aadhaar,pan,dob,2001-09-25,2000-09-25,year_shift,critical
P00131,aadhaar,pan,name,Sreejith Pillai,SREEJITH PILLAI,case_spacing,acceptable
P00132,aadhaar,pan,name,Kavya Raju,KAVYA RAJU,case_spacing,acceptable
P00132,aadhaar,marksheet_10,name,Kavya Raju,KAVYA R,initial,acceptable
P00132,aadhaar,marksheet_12,name,Kavya Raju,KAVYA R,initial,acceptable
P00133,aadhaar,pan,name,Sumit Singh,SUMIT SINGH,case_spacing,acceptable
P00134,aadhaar,pan,name,Gayathri Murugan,GAYATHRI MURUGAN,case_spacing,acceptable
P00134,aadhaar,marksheet_10,name,Gayathri Murugan,GAYATHRI M,initial,acceptable
P00134,aadhaar,marksheet_12,name,Gayathri Murugan,Gayatthri Murugan,spelling_variant,risky
P00135,aadhaar,pan,name,Senthil Elango,SENTHIL ELANGO,case_spacing,acceptable
P00135,aadhaar,marksheet_10,name,Senthil Elango,SENTHIL E,initial,acceptable
P00135,aadhaar,marksheet_12,name,Senthil Elango,SENTHIL E,initial,acceptable
P00136,aadhaar,pan,name,Ajay Gupta,AJAY GUPTA,case_spacing,acceptable
P00137,aadhaar,pan,name,Ramesh Siva,RAMESH SIVA,case_spacing,acceptable
P00137,aadhaar,marksheet_10,name,Ramesh Siva,RAMESH S,initial,acceptable
P00137,aadhaar,marksheet_12,name,Ramesh Siva,RAMESH S,initial,acceptable
P00138,aadhaar,pan,name,Madhavan Saravanan,MADHAVAN SARAVANAN,case_spacing,acceptable
P00138,aadhaar,marksheet_10,name,Madhavan Saravanan,MADHAVAN S,initial,acceptable
P00138,aadhaar,marksheet_12,name,Madhavan Saravanan,MADHAVAN S,initial,acceptable
P00138,aadhaar,birth_certificate,name,Madhavan Saravanan,S. Madhavan,initial,acceptable
P00139,aadhaar,pan,name,Heena Syed,HEENA SYED,case_spacing,acceptable
P00140,aadhaar,pan,name,Krishna Chowdary,KRISHNA CHOWDARY,case_spacing,acceptable
P00141,aadhaar,pan,name,Sravani Naidu,SRAVANI NAIDU,case_spacing,acceptable
P00142,aadhaar,pan,name,Fathima Sheikh,FATHIMA SHEIKH,case_spacing,acceptable
P00143,aadhaar,pan,name,George Fernandes,GEORGE FERNANDES,case_spacing,acceptable
P00144,aadhaar,pan,name,Anjali Chauhan,ANJALI CHAUHAN,case_spacing,acceptable
P00145,aadhaar,pan,name,Janani Raju,JANANI RAJU,case_spacing,acceptable
P00145,aadhaar,marksheet_10,name,Janani Raju,JANANI R,initial,acceptable
P00145,aadhaar,marksheet_12,name,Janani Raju,JANANI R,initial,acceptable
P00146,aadhaar,pan,name,Velu Balaji,VELU BALAJI,case_spacing,acceptable
P00146,aadhaar,marksheet_10,name,Velu Balaji,VELU B,initial,acceptable
P00146,aadhaar,marksheet_12,name,Velu Balaji,VELU B,initial,acceptable
P00147,aadhaar,pan,name,Amit Tiwari,AMIT TIWARI,case_spacing,acceptable
P00148,aadhaar,pan,name,Madhavan Senthil,Madhavann Senthil,spelling_variant,risky
P00148,aadhaar,marksheet_10,name,Madhavan Senthil,MADHAVAN S,initial,acceptable
P00148,aadhaar,marksheet_12,name,Madhavan Senthil,MADHAVAN S,initial,acceptable
P00149,aadhaar,pan,name,Subhajit Banerjee,SUBHAJIT BANERJEE,case_spacing,acceptable
P00150,aadhaar,pan,name,Lavanya Reddy,LAVANYA REDDY,case_spacing,acceptable
P00151,aadhaar,pan,name,Priya Arun,PRIYA ARUN,case_spacing,acceptable
P00151,aadhaar,marksheet_10,name,Priya Arun,PRIYA A,initial,acceptable
P00151,aadhaar,marksheet_12,name,Priya Arun,PRIYA A,initial,acceptable
P00152,aadhaar,pan,name,Manikandan Prakash,MANIKANDAN PRAKASH,case_spacing,acceptable
P00152,aadhaar,marksheet_10,name,Manikandan Prakash,Maikandan Prakash,spelling_variant,risky
P00152,aadhaar,marksheet_12,name,Manikandan Prakash,MANIKANDAN P,initial,acceptable
P00153,aadhaar,pan,name,Rutuja Patil,RUTUJA PATIL,case_spacing,acceptable
P00154,aadhaar,pan,name,Srinivas Rao,SRINIVAS RAO,case_spacing,acceptable
P00155,aadhaar,pan,name,Amit Chauhan,AMIT CHAUHAN,case_spacing,acceptable
P00156,aadhaar,pan,name,Rahul Pandey,RAHUL PANDEY,case_spacing,acceptable
P00157,aadhaar,pan,name,Ishita Sen,ISHITA SEN,case_spacing,acceptable
P00158,aadhaar,pan,name,Moumita Bose,MOUMITA BOSE,case_spacing,acceptable
P00159,aadhaar,pan,name,Sayali Kulkarni,SAYALI KULKARNI,case_spacing,acceptable
P00160,aadhaar,pan,name,Athira Menon,ATHIRA MENON,case_spacing,acceptable
P00160,aadhaar,pan,father_name,Nikhil Menon,Nikhill Menon,spelling_variant,risky
P00161,aadhaar,pan,name,Sreejith Nair,SREEJITH NAIR,case_spacing,acceptable
P00162,aadhaar,pan,name,Neethu Varghese,NEETHU VARGHESE,case_spacing,acceptable
P00162,aadhaar,marksheet_10,name,Neethu Varghese,Neeteu Varghese,spelling_variant,risky
P00163,aadhaar,pan,name,Anjali Yadav,ANJALI YADAV,case_spacing,acceptable
P00163,aadhaar,passport,address,"No. 238, Temple Street, Saket, Jaipur, Rajasthan - 302652","No. 203, Park Avenue, Salt Lake, Mumbai, Maharashtra - 400280",different_address,risky
P00164,aadhaar,pan,name,Sagar Joshi,SAGAR JOSHI,case_spacing,acceptable
P00164,aadhaar,passport,address,"No. 29, Gandhi Road, Anna Nagar, Ahmedabad, Gujarat - 380981","No. 15, Lake View Road, Jayanagar, Pune, Maharashtra - 411521",different_address,risky
P00165,aadhaar,pan,name,Arnab Sen,ARNAB SEN,case_spacing,acceptable
P00166,aadhaar,pan,name,Anjali Mishra,ANJALI MISHRA,case_spacing,acceptable
P00166,aadhaar,marksheet_10,name,Anjali Mishra,Aajali Mishra,spelling_variant,risky
P00167,aadhaar,pan,name,Sneha Singh,SNEHA SINGH,case_spacing,acceptable
P00168,aadhaar,pan,name,Abdul Syed,ABDUL SYED,case_spacing,acceptable
P00168,aadhaar,passport,gender,M,F,flipped,critical
P00169,aadhaar,pan,name,Joel Fernandes,JOEL FERNANDES,case_spacing,acceptable
P00170,aadhaar,pan,name,Madhuri Mehta,MADHURI MEHTA,case_spacing,acceptable
P00171,aadhaar,pan,name,Nandini Shetty,NANDINI SHETTY,case_spacing,acceptable
P00172,aadhaar,pan,name,Madhuri Chowdary,MADHURI CHOWDARY,case_spacing,acceptable
P00173,aadhaar,pan,name,Manjunath Rao,MANJUNATH RAO,case_spacing,acceptable
P00174,aadhaar,pan,name,Riya Pandey,RIYA PANDEY,case_spacing,acceptable
P00174,aadhaar,pan,dob,1999-02-24,1998-02-24,year_shift,critical
P00175,aadhaar,pan,name,Spoorthi Bhat,SPOORTHI BHAT,case_spacing,acceptable
P00176,aadhaar,pan,name,Mahesh Rao,MAHESH RAO,case_spacing,acceptable
P00177,aadhaar,pan,name,Jyothi Varma,JYOTHI VARMA,case_spacing,acceptable
P00178,aadhaar,pan,name,Tamilselvi Sundar,TAMILSELVI SUNDAR,case_spacing,acceptable
P00178,aadhaar,marksheet_10,name,Tamilselvi Sundar,TAMILSELVI S,initial,acceptable
P00178,aadhaar,marksheet_12,name,Tamilselvi Sundar,TAMILSELVI S,initial,acceptable
P00178,aadhaar,birth_certificate,name,Tamilselvi Sundar,Taamilselvi Sundar,spelling_variant,risky
P00179,aadhaar,pan,name,Reshma Menon,RESHMA MENON,case_spacing,acceptable
P00179,aadhaar,marksheet_12,name,Reshma Menon,Reshhma Menon,spelling_variant,risky
P00180,aadhaar,pan,name,Abdul Pathan,ABDUL PATHAN,case_spacing,acceptable
P00180,aadhaar,passport,address,"No. 250, Park Avenue, Velachery, Coimbatore, Tamil Nadu - 641889","No. 31, 4th Cross, Kakkanad, Jaipur, Rajasthan - 302560",different_address,risky
P00181,aadhaar,pan,name,Harish Shetty,HARISH SHETTY,case_spacing,acceptable
P00182,aadhaar,pan,name,Gopika Pillai,GOPIKA PILLAI,case_spacing,acceptable
P00183,aadhaar,pan,name,Velu Elango,VELU ELANGO,case_spacing,acceptable
P00183,aadhaar,marksheet_10,name,Velu Elango,VELU E,initial,acceptable
P00183,aadhaar,marksheet_12,name,Velu Elango,VELU E,initial,acceptable
P00184,aadhaar,pan,name,Pradeep Gupta,PRADEEP GUPTA,case_spacing,acceptable
P00185,aadhaar,pan,name,Babu Karthik,BABU KARTHIK,case_spacing,acceptable
P00185,aadhaar,marksheet_10,name,Babu Karthik,BABU K,initial,acceptable
P00185,aadhaar,marksheet_12,name,Babu Karthik,BABU K,initial,acceptable
P00185,aadhaar,passport,gender,M,F,flipped,critical
P00186,aadhaar,pan,name,Fathima Khan,FATHIMA KHAN,case_spacing,acceptable
P00187,aadhaar,pan,name,Hetal Mehta,HETAL MEHTA,case_spacing,acceptable
P00188,aadhaar,pan,name,Madhuri Raju,MADHURI RAJU,case_spacing,acceptable
P00189,aadhaar,pan,name,Rukhsar Sheikh,RUKHSAR SHEIKH,case_spacing,acceptable
P00189,aadhaar,pan,father_name,Irfan Sheikh,Irfaan Sheikh,spelling_variant,risky
P00190,aadhaar,pan,name,Pradeep Chauhan,PRADEEP CHAUHAN,case_spacing,acceptable
P00191,aadhaar,pan,name,Gayathri Velu,GAYATHRI VELU,case_spacing,acceptable
P00191,aadhaar,marksheet_10,name,Gayathri Velu,GAYATHRI V,initial,acceptable
P00191,aadhaar,marksheet_12,name,Gayathri Velu,GAYATHRI V,initial,acceptable
P00192,aadhaar,pan,name,Subhajit Roy,Subhjait Roy,spelling_variant,risky
P00193,aadhaar,pan,name,Naveen Bhat,NAVEEN BHAT,case_spacing,acceptable
P00194,aadhaar,pan,name,Tejas Patel,TEJAS PATEL,case_spacing,acceptable
P00195,aadhaar,pan,name,Jessica Mathew,JESSICA MATHEW,case_spacing,acceptable
P00196,aadhaar,pan,name,Arif Pathan,ARIF PATHAN,case_spacing,acceptable
P00197,aadhaar,pan,name,Sumit Singh,Sumti Singh,spelling_variant,risky
P00197,aadhaar,pan,dob,1998-12-25,1998-12-23,day_shift,critical
P00198,aadhaar,pan,name,Satish Kulkarni,SATISH KULKARNI,case_spacing,acceptable
P00199,aadhaar,pan,name,Tejas Mehta,TEJAS MEHTA,case_spacing,acceptable
P00200,aadhaar,pan,name,Geetha Bhat,GEETHA BHAT,case_spacing,acceptable
P00201,aadhaar,pan,name,Simran Chauhan,SIMRAN CHAUHAN,case_spacing,acceptable
P00201,aadhaar,marksheet_12,name,Simran Chauhan,Simraan Chauhan,spelling_variant,risky
P00202,aadhaar,pan,name,Sowmya Karthik,SOWMYA KARTHIK,case_spacing,acceptable
P00202,aadhaar,marksheet_10,name,Sowmya Karthik,SOWMYA K,initial,acceptable
P00202,aadhaar,marksheet_12,name,Sowmya Karthik,SOWMYA K,initial,acceptable
P00203,aadhaar,pan,name,Sanjay Yadav,SANJAY YADAV,case_spacing,acceptable
P00204,aadhaar,pan,name,Payel Bose,PAYEL BOSE,case_spacing,acceptable
P00205,aadhaar,pan,name,Chaitanya Naidu,CHAITANYA NAIDU,case_spacing,acceptable
P00206,aadhaar,pan,name,Darshan Gowda,DARSHAN GOWDA,case_spacing,acceptable
P00207,aadhaar,pan,name,Prakash Saravanan,PRAKASH SARAVANAN,case_spacing,acceptable
P00207,aadhaar,marksheet_10,name,Prakash Saravanan,PRAKASH S,initial,acceptable
P00207,aadhaar,marksheet_12,name,Prakash Saravanan,PRAKASH S,initial,acceptable
P00207,aadhaar,birth_certificate,father_name,Saravanan,Saravannan,spelling_variant,risky
P00207,aadhaar,birth_certificate,dob,1999-06-27,1999-06-28,day_shift,critical
P00208,aadhaar,pan,name,Indhu Balaji,Indu Balaji,spelling_variant,risky
P00208,aadhaar,marksheet_10,name,Indhu Balaji,INDHU B,initial,acceptable
P00208,aadhaar,marksheet_12,name,Indhu Balaji,INDHU B,initial,acceptable
P00208,aadhaar,birth_certificate,father_name,Balaji,Balajee,spelling_variant,risky
P00209,aadhaar,pan,name,Akhil Kurup,AKHIL KURUP,case_spacing,acceptable
P00209,aadhaar,pan,dob,1999-05-24,1999-05-22,day_shift,critical
P00209,aadhaar,birth_certificate,name,Akhil Kurup,Ahkil Kurup,spelling_variant,risky
P00210,aadhaar,pan,name,Yamini Vignesh,YAMINI VIGNESH,case_spacing,acceptable
P00210,aadhaar,marksheet_10,name,Yamini Vignesh,YAMINI V,initial,acceptable
P00210,aadhaar,marksheet_12,name,Yamini Vignesh,YAMINI V,initial,acceptable
P00210,aadhaar,marksheet_12,father_name,Vignesh,Veegnesh,spelling_variant,risky
P00211,aadhaar,pan,name,Fathima Khan,FATHIMA KHAN,case_spacing,acceptable
P00211,aadhaar,marksheet_10,name,Fathima Khan,Fatima Khan,spelling_variant,risky
P00212,aadhaar,pan,name,Bhavani Varma,BHAVANI VARMA,case_spacing,acceptable
P00213,aadhaar,pan,name,Kumar Kannan,KUMAR KANNAN,case_spacing,acceptable
P00213,aadhaar,marksheet_10,name,Kumar Kannan,KUMAR K,initial,acceptable
P00213,aadhaar,marksheet_12,name,Kumar Kannan,Kuamr Kannan,spelling_variant,risky
P00213,aadhaar,passport,address,"No. 94, Market Street, Malviya Nagar, Mysuru, Karnataka - 570455","No. 123, 4th Cross, Andheri, Mumbai, Maharashtra - 400870",different_address,risky
P00214,aadhaar,pan,name,Babu Siva,BABU SIVA,case_spacing,acceptable
P00214,aadhaar,marksheet_10,name,Babu Siva,BABU S,initial,acceptable
P00214,aadhaar,marksheet_12,name,Babu Siva,BABU S,initial,acceptable
P00215,aadhaar,pan,name,Geetha Kulkarni,GEETHA KULKARNI,case_spacing,acceptable
P00215,aadhaar,marksheet_12,name,Geetha Kulkarni,Geetha Kulkarni,spelling_variant,risky
P00216,aadhaar,pan,name,Sundar Vignesh,SUNDAR VIGNESH,case_spacing,acceptable
P00216,aadhaar,marksheet_10,name,Sundar Vignesh,SUNDAR V,initial,acceptable
P00216,aadhaar,marksheet_12,name,Sundar Vignesh,SUNDAR V,initial,acceptable
P00217,aadhaar,pan,name,Rutuja Joshi,RUTUJA JOSHI,case_spacing,acceptable
P00218,aadhaar,pan,name,Arun Selvam,ARUN SELVAM,case_spacing,acceptable
P00218,aadhaar,marksheet_10,name,Arun Selvam,ARUN S,initial,acceptable
P00218,aadhaar,marksheet_12,name,Arun Selvam,ARUN S,initial,acceptable
P00218,aadhaar,birth_certificate,name,Arun Selvam,S. Arun,initial,acceptable
P00219,aadhaar,pan,name,Ankit Chauhan,ANKIT CHAUHAN,case_spacing,acceptable
P00220,aadhaar,pan,name,Ritu Chauhan,RITU CHAUHAN,case_spacing,acceptable
P00221,aadhaar,pan,name,Kannan Saravanan,KANNAN SARAVANAN,case_spacing,acceptable
P00221,aadhaar,marksheet_10,name,Kannan Saravanan,Kaannan Saravanan,spelling_variant,risky
P00221,aadhaar,marksheet_12,name,Kannan Saravanan,KANNAN S,initial,acceptable
P00222,aadhaar,pan,name,Imran Ansari,IMRAN ANSARI,case_spacing,acceptable
P00223,aadhaar,pan,name,Mohammed Khan,MOHAMMED KHAN,case_spacing,acceptable
P00224,aadhaar,pan,name,Gaurav Agarwal,GAURAV AGARWAL,case_spacing,acceptable
P00225,aadhaar,pan,name,Komal Tiwari,KOMAL TIWARI,case_spacing,acceptable
P00226,aadhaar,pan,name,Rukhsar Sheikh,RUKHSAR SHEIKH,case_spacing,acceptable
P00226,aadhaar,marksheet_10,name,Rukhsar Sheikh,Ruksar Sheikh,spelling_variant,risky
P00227,aadhaar,pan,name,Manikandan Balaji,MANIKANDAN BALAJI,case_spacing,acceptable
P00227,aadhaar,marksheet_10,name,Manikandan Balaji,MANIKANDAN B,initial,acceptable
P00227,aadhaar,marksheet_12,name,Manikandan Balaji,MANIKANDAN B,initial,acceptable
P00228,aadhaar,pan,name,Sushma Gupta,SUSHMA GUPTA,case_spacing,acceptable
P00228,aadhaar,marksheet_10,father_name,Ankit Gupta,Ankeet Gupta,spelling_variant,risky
P00229,aadhaar,pan,name,Kalaiselvi Karthik,KALAISELVI KARTHIK,case_spacing,acceptable
P00229,aadhaar,marksheet_10,name,Kalaiselvi Karthik,KALAISELVI K,initial,acceptable
P00229,aadhaar,marksheet_12,name,Kalaiselvi Karthik,Kalaisellvi Karthik,spelling_variant,risky
P00229,aadhaar,birth_certificate,name,Kalaiselvi Karthik,K. Kalaiselvi,initial,acceptable
P00230,aadhaar,pan,name,Sangeetha Elango,SANGEETHA ELANGO,case_spacing,acceptable
P00230,aadhaar,marksheet_10,name,Sangeetha Elango,SANGEETHA E,initial,acceptable
P00230,aadhaar,marksheet_12,name,Sangeetha Elango,SANGEETHA E,initial,acceptable
P00231,aadhaar,pan,name,Arjun Pillai,ARJUN PILLAI,case_spacing,acceptable
P00232,aadhaar,pan,name,Raju Babu,RAJU BABU,case_spacing,acceptable
P00232,aadhaar,marksheet_10,name,Raju Babu,RAJU B,initial,acceptable
P00232,aadhaar,marksheet_12,name,Raju Babu,RAJU B,initial,acceptable
P00233,aadhaar,pan,name,Elango Siva,ELANGO SIVA,case_spacing,acceptable
P00233,aadhaar,marksheet_10,name,Elango Siva,ELANGO S,initial,acceptable
P00233,aadhaar,marksheet_12,name,Elango Siva,ELANGO S,initial,acceptable
P00234,aadhaar,pan,name,Tamilselvi Siva,TAMILSELVI SIVA,case_spacing,acceptable
P00234,aadhaar,pan,dob,2003-11-19,2003-11-18,day_shift,critical
P00234,aadhaar,marksheet_10,name,Tamilselvi Siva,TAMILSELVI S,initial,acceptable
P00234,aadhaar,marksheet_10,father_name,Siva,Sivaa,spelling_variant,risky
P00234,aadhaar,marksheet_12,name,Tamilselvi Siva,TAMILSELVI S,initial,acceptable
P00235,aadhaar,pan,name,Selvam Manikandan,SELVAM MANIKANDAN,case_spacing,acceptable
P00235,aadhaar,marksheet_10,name,Selvam Manikandan,SELVAM M,initial,acceptable
P00235,aadhaar,marksheet_12,name,Selvam Manikandan,SELVAM M,initial,acceptable
P00236,aadhaar,pan,name,Bhoomika Hegde,Rashmi Bhat,different_person,critical
P00236,aadhaar,marksheet_10,name,Bhoomika Hegde,Boomika Hegde,spelling_variant,risky
P00237,aadhaar,pan,name,Mary Joseph,MARY JOSEPH,case_spacing,acceptable
P00238,aadhaar,pan,name,Gaurav Yadav,GAURAV YADAV,case_spacing,acceptable
P00238,aadhaar,marksheet_12,name,Gaurav Yadav,Garuav Yadav,spelling_variant,risky
P00238,aadhaar,marksheet_12,father_name,Ajay Yadav,Ajai Yadav,spelling_variant,risky
P00239,aadhaar,pan,name,Ravi Rao,RAVI RAO,case_spacing,acceptable
P00239,aadhaar,marksheet_10,dob,2000-11-22,2000-11-20,day_shift,critical
P00240,aadhaar,pan,name,Yamini Balaji,YAMINI BALAJI,case_spacing,acceptable
P00240,aadhaar,marksheet_10,name,Yamini Balaji,YAMINI B,initial,acceptable
P00240,aadhaar,marksheet_12,name,Yamini Balaji,YAMINI B,initial,acceptable
P00241,aadhaar,pan,name,Sreejith Kurup,SREEJITH KURUP,case_spacing,acceptable
P00241,aadhaar,birth_certificate,name,Sreejith Kurup,Srijith Kurup,spelling_variant,risky
P00242,aadhaar,pan,name,Ishita Ghosh,ISHITA GHOSH,case_spacing,acceptable
P00243,aadhaar,pan,name,Sandeep Tiwari,SANDEEP TIWARI,case_spacing,acceptable
P00244,aadhaar,pan,name,Abdul Khan,ABDUL KHAN,case_spacing,acceptable
P00245,aadhaar,pan,name,Haritha Reddy,HARITHA REDDY,case_spacing,acceptable
P00246,aadhaar,pan,name,Sameer Khan,SAMEER KHAN,case_spacing,acceptable
P00246,aadhaar,marksheet_10,dob,2001-10-29,2001-10-30,day_shift,critical
P00247,aadhaar,pan,name,Gaurav Agarwal,GAURAV AGARWAL,case_spacing,acceptable
P00248,aadhaar,pan,name,Abhijit Ghosh,ABHIJIT GHOSH,case_spacing,acceptable
P00249,aadhaar,pan,name,Pradeep Tiwari,PRADEEP TIWARI,case_spacing,acceptable
P00250,aadhaar,pan,name,Yamini Murugan,YAMINI MURUGAN,case_spacing,acceptable
P00250,aadhaar,marksheet_10,name,Yamini Murugan,YAMINI M,initial,acceptable
P00250,aadhaar,marksheet_12,name,Yamini Murugan,YAMINI M,initial,acceptable
P00251,aadhaar,pan,name,Pallavi Bhat,PALLAVI BHAT,case_spacing,acceptable
P00252,aadhaar,pan,name,Naresh Reddy,NARESH REDDY,case_spacing,acceptable
P00253,aadhaar,pan,name,Swathi Varma,SWATHI VARMA,case_spacing,acceptable
P00254,aadhaar,pan,name,Ankit Gupta,ANKIT GUPTA,case_spacing,acceptable
P00254,aadhaar,marksheet_12,name,Ankit Gupta,Ankit Gupta,spelling_variant,risky
P00255,aadhaar,pan,name,Mahesh Raju,MAHESH RAJU,case_spacing,acceptable
P00256,aadhaar,pan,name,Priyanka Yadav,PRIYANKA YADAV,case_spacing,acceptable
P00257,aadhaar,pan,name,Omkar Deshpande,OMKAR DESHPANDE,case_spacing,acceptable
P00258,aadhaar,pan,name,Sreya Bose,SREYA BOSE,case_spacing,acceptable
P00259,aadhaar,pan,name,Bhoomika Rao,BHOOMIKA RAO,case_spacing,acceptable
P00260,aadhaar,pan,name,Amit Verma,AMIT VERMA,case_spacing,acceptable
P00260,aadhaar,marksheet_10,name,Amit Verma,Aimt Verma,spelling_variant,risky
P00260,aadhaar,passport,address,"No. 217, Lake View Road, Banjara Hills, Chennai, Tamil Nadu - 600251","No. 246, 2nd Main, Anna Nagar, Thiruvananthapuram, Kerala - 695905",different_address,risky
P00261,aadhaar,pan,name,Tejas Mehta,TEJAS MEHTA,case_spacing,acceptable
P00262,aadhaar,pan,name,Kannan Prakash,KANNAN PRAKASH,case_spacing,acceptable
P00262,aadhaar,marksheet_10,name,Kannan Prakash,Kaannan Prakash,spelling_variant,risky
P00262,aadhaar,marksheet_12,name,Kannan Prakash,KANNAN P,initial,acceptable
P00263,aadhaar,pan,name,Madhavan Kannan,MADHAVAN KANNAN,case_spacing,acceptable
P00263,aadhaar,marksheet_10,name,Madhavan Kannan,MADHAVAN K,initial,acceptable
P00263,aadhaar,marksheet_12,name,Madhavan Kannan,MADHAVAN K,initial,acceptable
P00264,aadhaar,pan,name,Ishita Das,ISHITA DAS,case_spacing,acceptable
P00264,aadhaar,marksheet_10,name,Ishita Das,Isihta Das,spelling_variant,risky
P00265,aadhaar,pan,name,Imran Pathan,IMRAN PATHAN,case_spacing,acceptable
P00266,aadhaar,pan,name,Rahul Chauhan,RAHUL CHAUHAN,case_spacing,acceptable
P00266,aadhaar,marksheet_10,name,Rahul Chauhan,Raahul Chauhan,spelling_variant,risky
P00267,aadhaar,pan,name,Raju Prakash,RAJU PRAKASH,case_spacing,acceptable
P00267,aadhaar,marksheet_10,name,Raju Prakash,RAJU P,initial,acceptable
P00267,aadhaar,marksheet_12,name,Raju Prakash,RAJU P,initial,acceptable
P00267,aadhaar,passport,address,"No. 112, Nehru Street, Anna Nagar, Madurai, Tamil Nadu - 625869","No. 108, 4th Cross, Salt Lake, Coimbatore, Tamil Nadu - 641654",different_address,risky
P00268,aadhaar,pan,name,Mohammed Khan,MOHAMMED KHAN,case_spacing,acceptable
P00269,aadhaar,pan,name,Ankit Tiwari,Ankith Tiwari,spelling_variant,risky
P00269,aadhaar,pan,dob,2001-10-03,2001-03-10,day_month_swap,critical
P00270,aadhaar,pan,name,Joseph Joseph,JOSEPH JOSEPH,case_spacing,acceptable
P00270,aadhaar,marksheet_10,name,Joseph Joseph,Zoseph Joseph,spelling_variant,risky
P00271,aadhaar,pan,name,Pooja Yadav,POOJA YADAV,case_spacing,acceptable
P00272,aadhaar,pan,name,Anand Nair,ANAND NAIR,case_spacing,acceptable
P00272,aadhaar,marksheet_12,name,Anand Nair,Anandh Nair,spelling_variant,risky
P00272,aadhaar,passport,address,"No. 4, Gandhi Road, Banjara Hills, Mumbai, Maharashtra - 400208","No. 9, Temple Street, Salt Lake, Mumbai, Maharashtra - 400428",different_address,risky
P00272,aadhaar,birth_certificate,dob,2004-03-30,2004-03-28,day_shift,critical
P00273,aadhaar,pan,name,Vaishnavi Manikandan,VAISHNAVI MANIKANDAN,case_spacing,acceptable
P00273,aadhaar,marksheet_10,name,Vaishnavi Manikandan,VAISHNAVI M,initial,acceptable
P00273,aadhaar,marksheet_12,name,Vaishnavi Manikandan,VAISHNAVI M,initial,acceptable
P00274,aadhaar,pan,name,Tamilselvi Saravanan,TAMILSELVI SARAVANAN,case_spacing,acceptable
P00274,aadhaar,marksheet_10,name,Tamilselvi Saravanan,TAMILSELVI S,initial,acceptable
P00274,aadhaar,marksheet_12,name,Tamilselvi Saravanan,TAMILSELVI S,initial,acceptable
P00275,aadhaar,pan,name,Fathima Pathan,FATHIMA PATHAN,case_spacing,acceptable
P00275,aadhaar,marksheet_12,name,Fathima Pathan,Fathia Pathan,spelling_variant,risky
P00276,aadhaar,pan,name,Meena Velu,MEENA VELU,case_spacing,acceptable
P00276,aadhaar,marksheet_10,name,Meena Velu,MEENA V,initial,acceptable
P00276,aadhaar,marksheet_12,name,Meena Velu,MEENA V,initial,acceptable
P00277,aadhaar,pan,name,Rukhsar Qureshi,RUKHSAR QURESHI,case_spacing,acceptable
P00278,aadhaar,pan,name,Ajay Tiwari,AJAY TIWARI,case_spacing,acceptable
P00278,aadhaar,passport,name,Ajay Tiwari,Azay Tiwari,spelling_variant,risky
P00279,aadhaar,pan,name,Vaishnavi Babu,Vaisnavi Babu,spelling_variant,risky
P00279,aadhaar,marksheet_10,name,Vaishnavi Babu,VAISHNAVI B,initial,acceptable
P00279,aadhaar,marksheet_10,father_name,Babu,Baboo,spelling_variant,risky
P00279,aadhaar,marksheet_12,name,Vaishnavi Babu,VAISHNAVI B,initial,acceptable
P00280,aadhaar,pan,name,Zainab Sheikh,ZAINAB SHEIKH,case_spacing,acceptable
P00281,aadhaar,pan,name,Krishna Raju,KRISHNA RAJU,case_spacing,acceptable
P00282,aadhaar,pan,name,Pradeep Mishra,PRADEEP MISHRA,case_spacing,acceptable
P00282,aadhaar,pan,father_name,Amit Mishra,Ameet Mishra,spelling_variant,risky
P00283,aadhaar,pan,name,Sharon Pereira,SHARON PEREIRA,case_spacing,acceptable
P00283,aadhaar,pan,dob,2001-12-20,2001-12-19,day_shift,critical
P00284,aadhaar,pan,name,Satish Rao,SATISH RAO,case_spacing,acceptable
P00284,aadhaar,marksheet_10,father_name,Raghavendra Rao,Raghavendhra Rao,spelling_variant,risky
P00285,aadhaar,pan,name,Jyothi Chowdary,Jiothi Chowdary,spelling_variant,risky
P00285,aadhaar,birth_certificate,dob,2002-01-18,2002-01-19,day_shift,critical
P00286,aadhaar,pan,name,Rahul Tiwari,RAHUL TIWARI,case_spacing,acceptable
P00287,aadhaar,pan,name,Sangeetha Balaji,SANGEETHA BALAJI,case_spacing,acceptable
P00287,aadhaar,marksheet_10,name,Sangeetha Balaji,SANGEETHA B,initial,acceptable
P00287,aadhaar,marksheet_12,name,Sangeetha Balaji,SANGEETHA B,initial,acceptable
P00288,aadhaar,pan,name,Debjani Mukherjee,DEBJANI MUKHERJEE,case_spacing,acceptable
P00289,aadhaar,pan,name,Sumit Singh,SUMIT SINGH,case_spacing,acceptable
P00290,aadhaar,pan,name,Kavya Ramesh,KAVYA RAMESH,case_spacing,acceptable
P00290,aadhaar,marksheet_10,name,Kavya Ramesh,KAVYA R,initial,acceptable
P00290,aadhaar,marksheet_12,name,Kavya Ramesh,Anjali Chauhan,different_person,critical
P00291,aadhaar,pan,name,Satish Gowda,SATISH GOWDA,case_spacing,acceptable
P00292,aadhaar,pan,name,Lakshmi Murugan,Laxmi Murugan,spelling_variant,risky
P00292,aadhaar,marksheet_10,name,Lakshmi Murugan,LAKSHMI M,initial,acceptable
P00292,aadhaar,marksheet_12,name,Lakshmi Murugan,Heena Khan,different_person,critical
P00293,aadhaar,pan,name,Saranya Selvam,SARANYA SELVAM,case_spacing,acceptable
P00293,aadhaar,marksheet_10,name,Saranya Selvam,SARANYA S,initial,acceptable
P00293,aadhaar,marksheet_12,name,Saranya Selvam,SARANYA S,initial,acceptable
P00294,aadhaar,pan,name,Sameer Syed,SAMEER SYED,case_spacing,acceptable
P00295,aadhaar,pan,name,Tejas Deshpande,TEJAS DESHPANDE,case_spacing,acceptable
P00296,aadhaar,pan,name,Subhajit Chatterjee,SUBHAJIT CHATTERJEE,case_spacing,acceptable
P00296,aadhaar,pan,dob,1998-02-03,1998-02-02,day_shift,critical
P00296,aadhaar,marksheet_12,name,Subhajit Chatterjee,Subbhajit Chatterjee,spelling_variant,risky
P00297,aadhaar,pan,name,Prashanth Rao,PRASHANTH RAO,case_spacing,acceptable
P00298,aadhaar,pan,name,Ayesha Qureshi,AYESHA QURESHI,case_spacing,acceptable
P00298,aadhaar,marksheet_10,name,Ayesha Qureshi,Aiesha Qureshi,spelling_variant,risky
P00299,aadhaar,pan,name,Vikram Singh,VIKRAM SINGH,case_spacing,acceptable
P00300,aadhaar,pan,name,Vishnu Panicker,VISHNU PANICKER,case_spacing,acceptable
P00300,aadhaar,marksheet_10,name,Vishnu Panicker,Vishnu Panicker,spelling_variant,risky
P00301,aadhaar,pan,name,Dhwani Patel,DHWANI PATEL,case_spacing,acceptable
P00301,aadhaar,marksheet_12,name,Dhwani Patel,Dwani Patel,spelling_variant,risky
P00302,aadhaar,pan,name,Sushma Verma,SUSHMA VERMA,case_spacing,acceptable
P00303,aadhaar,pan,name,Madhuri Joshi,MADHURI JOSHI,case_spacing,acceptable
P00304,aadhaar,pan,name,Hetal Shah,HETAL SHAH,case_spacing,acceptable
P00305,aadhaar,pan,name,Kiran Chowdary,KIRAN CHOWDARY,case_spacing,acceptable
P00305,aadhaar,marksheet_10,name,Kiran Chowdary,Kiraan Chowdary,spelling_variant,risky
P00306,aadhaar,pan,name,Manikandan Prakash,MANIKANDAN PRAKASH,case_spacing,acceptable
P00306,aadhaar,marksheet_10,name,Manikandan Prakash,MANIKANDAN P,initial,acceptable
P00306,aadhaar,marksheet_12,name,Manikandan Prakash,MANIKANDAN P,initial,acceptable
P00307,aadhaar,pan,name,Girish Bhat,GIRISH BHAT,case_spacing,acceptable
P00308,aadhaar,pan,name,Nikhil Desai,NIKHIL DESAI,case_spacing,acceptable
P00309,aadhaar,pan,name,Naveen Shetty,NAVEEN SHETTY,case_spacing,acceptable
P00309,aadhaar,passport,dob,2003-08-09,2003-08-10,day_shift,critical
P00309,aadhaar,passport,address,"No. 80, Main Road, Indiranagar, Noida, Uttar Pradesh - 201298","No. 168, Market Street, Andheri, Jaipur, Rajasthan - 302508",different_address,risky
P00310,aadhaar,pan,name,Payel Mukherjee,PAYEL MUKHERJEE,case_spacing,acceptable
P00311,aadhaar,pan,name,Prakash Selvam,PRAKASH SELVAM,case_spacing,acceptable
P00311,aadhaar,marksheet_10,name,Prakash Selvam,PRAKASH S,initial,acceptable
P00311,aadhaar,marksheet_12,name,Prakash Selvam,PRAKASH S,initial,acceptable
P00312,aadhaar,pan,name,Hetal Shah,HETAL SHAH,case_spacing,acceptable
P00313,aadhaar,pan,name,Vaishnavi Raju,VAISHNAVI RAJU,case_spacing,acceptable
P00313,aadhaar,marksheet_10,name,Vaishnavi Raju,Vaishhnavi Raju,spelling_variant,risky
P00313,aadhaar,marksheet_12,name,Vaishnavi Raju,VAISHNAVI R,initial,acceptable
P00314,aadhaar,pan,name,Shreya Pandey,SHREYA PANDEY,case_spacing,acceptable
P00315,aadhaar,pan,name,Shabana Ansari,SHABANA ANSARI,case_spacing,acceptable
P00316,aadhaar,pan,name,Kavitha Rao,KAVITHA RAO,case_spacing,acceptable
P00317,aadhaar,pan,name,Neha Gupta,Nehaa Gupta,spelling_variant,risky
P00318,aadhaar,pan,name,Rahul Verma,RAHUL VERMA,case_spacing,acceptable
P00319,aadhaar,pan,name,Chaitanya Rao,CHAITANYA RAO,case_spacing,acceptable
P00319,aadhaar,passport,dob,1998-09-01,1998-08-31,day_shift,critical
P00319,aadhaar,passport,address,"No. 237, Cross Road, Salt Lake, Kochi, Kerala - 682235","No. 232, Gandhi Road, Velachery, Pune, Maharashtra - 411438",different_address,risky
P00320,aadhaar,pan,name,Pooja Singh,POOJA SINGH,case_spacing,acceptable
P00321,aadhaar,pan,name,Darshan Hegde,DARSHAN HEGDE,case_spacing,acceptable
P00321,aadhaar,pan,father_name,Shashank Hegde,Shhashank Hegde,spelling_variant,risky
P00322,aadhaar,pan,name,Vishnu Kurup,VISHNU KURUP,case_spacing,acceptable
P00323,aadhaar,pan,name,Bhavani Raju,BHAVANI RAJU,case_spacing,acceptable
P00324,aadhaar,pan,name,Yamini Velu,YAMINI VELU,case_spacing,acceptable
P00324,aadhaar,marksheet_10,name,Yamini Velu,YAMINI V,initial,acceptable
P00324,aadhaar,marksheet_12,name,Yamini Velu,YAMINI V,initial,acceptable
P00325,aadhaar,pan,name,Neha Verma,NEHA VERMA,case_spacing,acceptable
P00325,aadhaar,marksheet_10,father_name,Ajay Verma,Azay Verma,spelling_variant,risky
P00325,aadhaar,passport,name,Neha Verma,Nehaa Verma,spelling_variant,risky
P00326,aadhaar,pan,name,Shilpa Rao,SHILPA RAO,case_spacing,acceptable
P00327,aadhaar,pan,name,Hari Varghese,HARI VARGHESE,case_spacing,acceptable
P00328,aadhaar,pan,name,Jennifer Pereira,JENNIFER PEREIRA,case_spacing,acceptable
P00328,aadhaar,pan,dob,2002-08-23,2003-08-23,year_shift,critical
P00328,aadhaar,marksheet_12,name,Jennifer Pereira,Jennnifer Pereira,spelling_variant,risky
P00329,aadhaar,pan,name,Hari Pillai,HARI PILLAI,case_spacing,acceptable
P00329,aadhaar,passport,address,"No. 128, Lake View Road, Indiranagar, Hyderabad, Telangana - 500613","No. 100, Lake View Road, Andheri, Noida, Uttar Pradesh - 201375",different_address,risky
P00330,aadhaar,pan,name,Tejas Deshpande,TEJAS DESHPANDE,case_spacing,acceptable
P00330,aadhaar,marksheet_10,father_name,Jay Deshpande,Jai Deshpande,spelling_variant,risky
P00331,aadhaar,pan,name,Murugan Saravanan,MURUGAN SARAVANAN,case_spacing,acceptable
P00331,aadhaar,marksheet_10,name,Murugan Saravanan,MURUGAN S,initial,acceptable
P00331,aadhaar,marksheet_12,name,Murugan Saravanan,MURUGAN S,initial,acceptable
P00331,aadhaar,birth_certificate,name,Murugan Saravanan,S. Murugan,initial,acceptable
P00332,aadhaar,pan,name,Bhoomika Rao,BHOOMIKA RAO,case_spacing,acceptable
P00333,aadhaar,pan,name,Ajay Mishra,AJAY MISHRA,case_spacing,acceptable
P00333,aadhaar,marksheet_12,name,Ajay Mishra,Aay Mishra,spelling_variant,risky
P00334,aadhaar,pan,name,Senthil Kumar,SENTHIL KUMAR,case_spacing,acceptable
P00334,aadhaar,marksheet_10,name,Senthil Kumar,SENTHIL K,initial,acceptable
P00334,aadhaar,marksheet_12,name,Senthil Kumar,SENTHIL K,initial,acceptable
P00334,aadhaar,birth_certificate,name,Senthil Kumar,Shenthil Kumar,spelling_variant,risky
P00335,aadhaar,pan,name,Reshma Panicker,Resshma Panicker,spelling_variant,risky
P00336,aadhaar,pan,name,Parth Desai,PARTH DESAI,case_spacing,acceptable
P00337,aadhaar,pan,name,Shreya Verma,SHREYA VERMA,case_spacing,acceptable
P00338,aadhaar,pan,name,Abdul Ansari,ABDUL ANSARI,case_spacing,acceptable
P00338,aadhaar,marksheet_10,father_name,Imran Ansari,Imrann Ansari,spelling_variant,risky
P00339,aadhaar,pan,name,Bhavani Chowdary,BHAVANI CHOWDARY,case_spacing,acceptable
P00339,aadhaar,marksheet_10,father_name,Mahesh Chowdary,Maheshh Chowdary,spelling_variant,risky
P00340,aadhaar,pan,name,Neha Chauhan,NEHA CHAUHAN,case_spacing,acceptable
P00341,aadhaar,pan,name,Swathi Chowdary,SWATHI CHOWDARY,case_spacing,acceptable
P00341,aadhaar,marksheet_12,father_name,Naresh Chowdary,Nareshh Chowdary,spelling_variant,risky
P00342,aadhaar,pan,name,Angel Mathew,ANGEL MATHEW,case_spacing,acceptable
P00343,aadhaar,pan,name,Neha Chauhan,NEHA CHAUHAN,case_spacing,acceptable
P00343,aadhaar,marksheet_10,name,Neha Chauhan,Nehaa Chauhan,spelling_variant,risky
P00344,aadhaar,pan,name,Venkatesh Chowdary,VENKATESH CHOWDARY,case_spacing,acceptable
P00345,aadhaar,pan,name,Janani Siva,JANANI SIVA,case_spacing,acceptable
P00345,aadhaar,marksheet_10,name,Janani Siva,JANANI S,initial,acceptable
P00345,aadhaar,marksheet_12,name,Janani Siva,JANANI S,initial,acceptable
P00345,aadhaar,birth_certificate,name,Janani Siva,S. Janani,initial,acceptable
P00346,aadhaar,pan,name,Anagha Menon,ANAGHA MENON,case_spacing,acceptable
P00347,aadhaar,pan,name,Reshma Varghese,Reshhma Varghese,spelling_variant,risky
P00348,aadhaar,pan,name,Fathima Syed,FATHIMA SYED,case_spacing,acceptable
P00348,aadhaar,passport,name,Fathima Syed,Fataima Syed,spelling_variant,risky
P00349,aadhaar,pan,name,Raju Sundar,RAJU SUNDAR,case_spacing,acceptable
P00349,aadhaar,marksheet_10,name,Raju Sundar,RAJU S,initial,acceptable
P00349,aadhaar,marksheet_12,name,Raju Sundar,RAJU S,initial,acceptable
P00350,aadhaar,pan,name,Naresh Reddy,NARESH REDDY,case_spacing,acceptable
P00350,aadhaar,passport,gender,M,F,flipped,critical
P00351,aadhaar,pan,name,Indhu Babu,INDHU BABU,case_spacing,acceptable
P00351,aadhaar,marksheet_10,name,Indhu Babu,Indhoo Babu,spelling_variant,risky
P00351,aadhaar,marksheet_12,name,Indhu Babu,INDHU B,initial,acceptable
P00351,aadhaar,birth_certificate,name,Indhu Babu,B. Indhu,initial,acceptable
P00352,aadhaar,pan,name,Heena Qureshi,HEENA QURESHI,case_spacing,acceptable
P00352,aadhaar,marksheet_10,name,Heena Qureshi,Heeena Qureshi,spelling_variant,risky
P00353,aadhaar,pan,name,Haritha Rao,HARITHA RAO,case_spacing,acceptable
P00354,aadhaar,pan,name,Neethu Kurup,NEETHU KURUP,case_spacing,acceptable
P00355,aadhaar,pan,name,Sourav Sen,SOURAV SEN,case_spacing,acceptable
P00355,aadhaar,passport,address,"No. 31, Cross Road, Anna Nagar, Delhi, Delhi - 110533","No. 167, MG Road, Salt Lake, Jaipur, Rajasthan - 302017",different_address,risky
P00356,aadhaar,pan,name,Meena Velu,MEENA VELU,case_spacing,acceptable
P00356,aadhaar,marksheet_10,name,Meena Velu,MEENA V,initial,acceptable
P00356,aadhaar,marksheet_12,name,Meena Velu,MEENA V,initial,acceptable
P00356,aadhaar,birth_certificate,name,Meena Velu,V. Meena,initial,acceptable
P00357,aadhaar,pan,name,Nazia Sheikh,NAZIA SHEIKH,case_spacing,acceptable
P00358,aadhaar,pan,name,Daniel Fernandes,Dainel Fernandes,spelling_variant,risky
P00359,aadhaar,pan,name,Irfan Qureshi,IRFAN QURESHI,case_spacing,acceptable
P00360,aadhaar,pan,name,Prachi Deshpande,PRACHI DESHPANDE,case_spacing,acceptable
P00360,aadhaar,marksheet_12,father_name,Parth Deshpande,Paarth Deshpande,spelling_variant,risky
P00361,aadhaar,pan,name,Rashmi Bhat,RASHMI BHAT,case_spacing,acceptable
P00361,aadhaar,marksheet_12,name,Rashmi Bhat,Rahsmi Bhat,spelling_variant,risky
P00362,aadhaar,pan,name,Gaurav Pandey,GAURAV PANDEY,case_spacing,acceptable
P00363,aadhaar,pan,name,Sanju Varghese,SANJU VARGHESE,case_spacing,acceptable
P00364,aadhaar,pan,name,Ishita Sen,ISHITA SEN,case_spacing,acceptable
P00365,aadhaar,pan,name,Debashis Das,DEBASHIS DAS,case_spacing,acceptable
P00366,aadhaar,pan,name,Fathima Khan,FATHIMA KHAN,case_spacing,acceptable
P00366,aadhaar,marksheet_12,name,Fathima Khan,Fathhima Khan,spelling_variant,risky
P00367,aadhaar,pan,name,Ravi Raju,RAVI RAJU,case_spacing,acceptable
P00367,aadhaar,birth_certificate,gender,M,F,flipped,critical
P00368,aadhaar,pan,name,Swathi Chowdary,SWATHI CHOWDARY,case_spacing,acceptable
P00368,aadhaar,marksheet_12,name,Swathi Chowdary,Swathhi Chowdary,spelling_variant,risky
P00369,aadhaar,pan,name,Jyothi Reddy,JYOTHI REDDY,case_spacing,acceptable
P00370,aadhaar,pan,name,Arjun Menon,ARJUN MENON,case_spacing,acceptable
P00371,aadhaar,pan,name,Meena Kumar,MEENA KUMAR,case_spacing,acceptable
P00371,aadhaar,marksheet_10,name,Meena Kumar,MEENA K,initial,acceptable
P00371,aadhaar,marksheet_12,name,Meena Kumar,MEENA K,initial,acceptable
P00372,aadhaar,pan,name,Priyanka Singh,PRIYANKA SINGH,case_spacing,acceptable
P00373,aadhaar,pan,name,Ankit Agarwal,ANKIT AGARWAL,case_spacing,acceptable
P00374,aadhaar,pan,name,Anand Pillai,Anandh Pillai,spelling_variant,risky
P00375,aadhaar,pan,name,Priyanka Tiwari,PRIYANKA TIWARI,case_spacing,acceptable
P00376,aadhaar,pan,name,Shilpa Bhat,SHILPA BHAT,case_spacing,acceptable
P00376,aadhaar,passport,address,"No. 209, Station Road, T Nagar, Coimbatore, Tamil Nadu - 641865","No. 84, Gandhi Road, Kothrud, Delhi, Delhi - 110553",different_address,risky
P00377,aadhaar,pan,name,Sahana Bhat,SAHANA BHAT,case_spacing,acceptable
P00377,aadhaar,marksheet_10,name,Sahana Bhat,Shahana Bhat,spelling_variant,risky
P00378,aadhaar,pan,name,Jessica Thomas,JESSICA THOMAS,case_spacing,acceptable
P00379,aadhaar,pan,name,Sumit Tiwari,SUMIT TIWARI,case_spacing,acceptable
P00379,aadhaar,marksheet_10,name,Sumit Tiwari,Sumeet Tiwari,spelling_variant,risky
P00379,aadhaar,marksheet_12,father_name,Deepak Tiwari,Dipak Tiwari,spelling_variant,risky
P00380,aadhaar,pan,name,Amit Mishra,AMIT MISHRA,case_spacing,acceptable
P00381,aadhaar,pan,name,Parth Desai,PARTH DESAI,case_spacing,acceptable
P00381,aadhaar,marksheet_10,name,Parth Desai,Parthh Desai,spelling_variant,risky
P00382,aadhaar,pan,name,Thomas Fernandes,THOMAS FERNANDES,case_spacing,acceptable
P00382,aadhaar,marksheet_12,father_name,Samuel Fernandes,Saamuel Fernandes,spelling_variant,risky
P00383,aadhaar,pan,name,Sameer Ansari,SAMEER ANSARI,case_spacing,acceptable
P00383,aadhaar,marksheet_10,name,Sameer Ansari,Saameer Ansari,spelling_variant,risky
P00384,aadhaar,pan,name,Pooja Yadav,POOJA YADAV,case_spacing,acceptable
P00384,aadhaar,marksheet_10,father_name,Sumit Yadav,Shumit Yadav,spelling_variant,risky
P00385,aadhaar,pan,name,Rashmi Bhat,RASHMI BHAT,case_spacing,acceptable
P00386,aadhaar,pan,name,Janani Velu,JANANI VELU,case_spacing,acceptable
P00386,aadhaar,marksheet_10,name,Janani Velu,JANANI V,initial,acceptable
P00386,aadhaar,marksheet_12,name,Janani Velu,JANANI V,initial,acceptable
P00387,aadhaar,pan,name,Pradeep Agarwal,PRADEEP AGARWAL,case_spacing,acceptable
P00388,aadhaar,pan,name,Neha Agarwal,NEHA AGARWAL,case_spacing,acceptable
P00388,aadhaar,marksheet_12,name,Neha Agarwal,Nneha Agarwal,spelling_variant,risky
P00389,aadhaar,pan,name,Kavitha Gowda,KAVITHA GOWDA,case_spacing,acceptable
P00390,aadhaar,pan,name,Gopika Nair,GOPIKA NAIR,case_spacing,acceptable
P00391,aadhaar,pan,name,Naresh Reddy,NARESH REDDY,case_spacing,acceptable
P00391,aadhaar,passport,name,Naresh Reddy,Nraesh Reddy,spelling_variant,risky
P00392,aadhaar,pan,name,Pallavi Kulkarni,PALLAVI KULKARNI,case_spacing,acceptable
P00393,aadhaar,pan,name,Arif Qureshi,ARIF QURESHI,case_spacing,acceptable
P00393,aadhaar,pan,father_name,Sameer Qureshi,Saameer Qureshi,spelling_variant,risky
P00394,aadhaar,pan,name,Sana Khan,SANA KHAN,case_spacing,acceptable
P00395,aadhaar,pan,name,Kalaiselvi Prakash,KALAISELVI PRAKASH,case_spacing,acceptable
P00395,aadhaar,marksheet_10,name,Kalaiselvi Prakash,KALAISELVI P,initial,acceptable
P00395,aadhaar,marksheet_12,name,Kalaiselvi Prakash,KALAISELVI P,initial,acceptable
P00396,aadhaar,pan,name,Manjunath Hegde,MANJUNATH HEGDE,case_spacing,acceptable
P00396,aadhaar,birth_certificate,name,Manjunath Hegde,Manjoonath Hegde,spelling_variant,risky
P00397,aadhaar,pan,name,Rutuja Deshpande,RUTUJA DESHPANDE,case_spacing,acceptable
P00397,aadhaar,marksheet_10,dob,2000-07-03,2000-03-07,day_month_swap,critical
P00397,aadhaar,birth_certificate,name,Rutuja Deshpande,Hetal Deshpande,different_person,critical
P00398,aadhaar,pan,name,Venkatesh Chowdary,VENKATESH CHOWDARY,case_spacing,acceptable
P00398,aadhaar,marksheet_10,father_name,Krishna Chowdary,Kreeshna Chowdary,spelling_variant,risky
P00398,aadhaar,marksheet_10,dob,2003-11-21,2003-11-23,day_shift,critical
P00399,aadhaar,pan,name,Aniket Shah,ANIKET SHAH,case_spacing,acceptable
P00400,aadhaar,pan,name,Prasad Rao,PRASAD RAO,case_spacing,acceptable
P00401,aadhaar,pan,name,Ravi Varma,RAVI VARMA,case_spacing,acceptable
P00401,aadhaar,passport,address,"No. 219, Church Street, T Nagar, Chennai, Tamil Nadu - 600246","No. 67, 4th Cross, Koramangala, Pune, Maharashtra - 411226",different_address,risky
P00402,aadhaar,pan,name,Asha Kulkarni,ASHA KULKARNI,case_spacing,acceptable
P00403,aadhaar,pan,name,Aniket Patel,ANIKET PATEL,case_spacing,acceptable
P00404,aadhaar,pan,name,Abdul Qureshi,ABDUL QURESHI,case_spacing,acceptable
P00405,aadhaar,pan,name,Nazia Qureshi,NAZIA QURESHI,case_spacing,acceptable
P00406,aadhaar,pan,name,Arjun Pillai,ARJUN PILLAI,case_spacing,acceptable
P00406,aadhaar,passport,name,Arjun Pillai,Arujn Pillai,spelling_variant,risky
P00407,aadhaar,pan,name,Simran Sharma,SIMRAN SHARMA,case_spacing,acceptable
P00408,aadhaar,pan,name,Kumar Vignesh,KUMAR VIGNESH,case_spacing,acceptable
P00408,aadhaar,marksheet_10,name,Kumar Vignesh,KUMAR V,initial,acceptable
P00408,aadhaar,marksheet_12,name,Kumar Vignesh,Kuar Vignesh,spelling_variant,risky
P00409,aadhaar,pan,name,Saranya Siva,SARANYA SIVA,case_spacing,acceptable
P00409,aadhaar,marksheet_10,name,Saranya Siva,SARANYA S,initial,acceptable
P00409,aadhaar,marksheet_12,name,Saranya Siva,SARANYA S,initial,acceptable
P00410,aadhaar,pan,name,Prakash Saravanan,PRAKASH SARAVANAN,case_spacing,acceptable
P00410,aadhaar,marksheet_10,name,Prakash Saravanan,PRAKASH S,initial,acceptable
P00410,aadhaar,marksheet_12,name,Prakash Saravanan,PRAKASH S,initial,acceptable
P00411,aadhaar,pan,name,Shilpa Kulkarni,SHILPA KULKARNI,case_spacing,acceptable
P00412,aadhaar,pan,name,Lavanya Reddy,LAVANYA REDDY,case_spacing,acceptable
P00413,aadhaar,pan,name,Harish Hegde,HARISH HEGDE,case_spacing,acceptable
P00413,aadhaar,marksheet_10,name,Harish Hegde,Saravanan Kumar,different_person,critical
P00414,aadhaar,pan,name,Selvam Siva,SELVAM SIVA,case_spacing,acceptable
P00414,aadhaar,marksheet_10,name,Selvam Siva,SELVAM S,initial,acceptable
P00414,aadhaar,marksheet_12,name,Selvam Siva,SELVAM S,initial,acceptable
P00415,aadhaar,pan,name,Archana Agarwal,ARCHANA AGARWAL,case_spacing,acceptable
P00416,aadhaar,pan,name,Saranya Elango,SARANYA ELANGO,case_spacing,acceptable
P00416,aadhaar,marksheet_10,name,Saranya Elango,SARANYA E,initial,acceptable
P00416,aadhaar,marksheet_12,name,Saranya Elango,SARANYA E,initial,acceptable
P00417,aadhaar,pan,name,Sagar Mehta,SAGAR MEHTA,case_spacing,acceptable
P00417,aadhaar,passport,address,"No. 192, MG Road, Sector 62, Thiruvananthapuram, Kerala - 695216","No. 134, 4th Cross, Sector 62, Thiruvananthapuram, Kerala - 695226",different_address,risky
P00418,aadhaar,pan,name,Suresh Raju,SURESH RAJU,case_spacing,acceptable
P00419,aadhaar,pan,name,Karthik Selvam,KARTHIK SELVAM,case_spacing,acceptable
P00419,aadhaar,marksheet_10,name,Karthik Selvam,KARTHIK S,initial,acceptable
P00419,aadhaar,marksheet_12,name,Karthik Selvam,KARTHIK S,initial,acceptable
P00419,aadhaar,birth_certificate,name,Karthik Selvam,S. Karthik,initial,acceptable
P00420,aadhaar,pan,name,Amit Mishra,AMIT MISHRA,case_spacing,acceptable
P00421,aadhaar,pan,name,Neethu Kurup,NEETHU KURUP,case_spacing,acceptable
P00421,aadhaar,marksheet_10,name,Neethu Kurup,Neetu Kurup,spelling_variant,risky
P00422,aadhaar,pan,name,Raghavendra Bhat,RAGHAVENDRA BHAT,case_spacing,acceptable
P00423,aadhaar,pan,name,Deepak Mishra,DEEPAK MISHRA,case_spacing,acceptable
P00424,aadhaar,pan,name,Sravani Naidu,SRAVANI NAIDU,case_spacing,acceptable
P00425,aadhaar,pan,name,Ajay Agarwal,Ajai Agarwal,spelling_variant,risky
P00426,aadhaar,pan,name,Heena Khan,HEENA KHAN,case_spacing,acceptable
P00427,aadhaar,pan,name,Jennifer Fernandes,JENNIFER FERNANDES,case_spacing,acceptable
P00428,aadhaar,pan,name,Mary D'Souza,MARY D'SOUZA,case_spacing,acceptable
P00429,aadhaar,pan,name,Sreya Roy,SREYA ROY,case_spacing,acceptable
P00429,aadhaar,pan,dob,2001-01-24,2002-01-24,year_shift,critical
P00429,aadhaar,marksheet_12,name,Sreya Roy,Shreya Roy,spelling_variant,risky
P00430,aadhaar,pan,name,Lavanya Varma,LAVANYA VARMA,case_spacing,acceptable
P00431,aadhaar,pan,name,Ankit Verma,ANKIT VERMA,case_spacing,acceptable
P00431,aadhaar,pan,dob,2005-12-26,2005-12-24,day_shift,critical
P00432,aadhaar,pan,name,Salman Ansari,SALMAN ANSARI,case_spacing,acceptable
P00433,aadhaar,pan,name,Asha Bhat,ASHA BHAT,case_spacing,acceptable
P00434,aadhaar,pan,name,Vishnu Kurup,VISHNU KURUP,case_spacing,acceptable
P00435,aadhaar,pan,name,Rutuja Kulkarni,RUTUJA KULKARNI,case_spacing,acceptable
P00435,aadhaar,pan,father_name,Tejas Kulkarni,Thejas Kulkarni,spelling_variant,risky
P00435,aadhaar,marksheet_12,name,Rutuja Kulkarni,Rutuza Kulkarni,spelling_variant,risky
P00436,aadhaar,pan,name,Krishna Rao,KRISHNA RAO,case_spacing,acceptable
P00437,aadhaar,pan,name,Pooja Verma,POOJA VERMA,case_spacing,acceptable
P00438,aadhaar,pan,name,Meena Velu,MEENA VELU,case_spacing,acceptable
P00438,aadhaar,marksheet_10,name,Meena Velu,MEENA V,initial,acceptable
P00438,aadhaar,marksheet_12,name,Meena Velu,MEENA V,initial,acceptable
P00439,aadhaar,pan,name,Madhuri Varma,MADHURI VARMA,case_spacing,acceptable
P00440,aadhaar,pan,name,Sunitha Varma,SUNITHA VARMA,case_spacing,acceptable
P00440,aadhaar,marksheet_12,name,Sunitha Varma,Suneetha Varma,spelling_variant,risky
P00441,aadhaar,pan,name,Athira Nair,ATHIRA NAIR,case_spacing,acceptable
P00442,aadhaar,pan,name,Sneha Mishra,SNEHA MISHRA,case_spacing,acceptable
P00443,aadhaar,pan,name,Selvam Madhavan,SELVAM MADHAVAN,case_spacing,acceptable
P00443,aadhaar,marksheet_10,name,Selvam Madhavan,SELVAM M,initial,acceptable
P00443,aadhaar,marksheet_12,name,Selvam Madhavan,SELVAM M,initial,acceptable
P00444,aadhaar,pan,name,Madhuri Desai,MADHURI DESAI,case_spacing,acceptable
P00444,aadhaar,marksheet_10,name,Madhuri Desai,Madhoori Desai,spelling_variant,risky
P00445,aadhaar,pan,name,Fathima Khan,FATHIMA KHAN,case_spacing,acceptable
P00446,aadhaar,pan,name,Sanju Varghese,SANJU VARGHESE,case_spacing,acceptable
P00446,aadhaar,marksheet_10,father_name,Hari Varghese,Haari Varghese,spelling_variant,risky
P00447,aadhaar,pan,name,Saravanan Siva,SARAVANAN SIVA,case_spacing,acceptable
P00447,aadhaar,marksheet_10,name,Saravanan Siva,SARAVANAN S,initial,acceptable
P00447,aadhaar,marksheet_12,name,Saravanan Siva,SARAVANAN S,initial,acceptable
P00448,aadhaar,pan,name,Ajay Singh,AJAY SINGH,case_spacing,acceptable
P00448,aadhaar,marksheet_10,dob,1998-07-24,1998-07-25,day_shift,critical
P00449,aadhaar,pan,name,Sanju Kurup,SANJU KURUP,case_spacing,acceptable
P00450,aadhaar,pan,name,Krishna Rao,KRISHNA RAO,case_spacing,acceptable
P00451,aadhaar,pan,name,Janani Raju,JANANI RAJU,case_spacing,acceptable
P00451,aadhaar,marksheet_10,name,Janani Raju,JANANI R,initial,acceptable
P00451,aadhaar,marksheet_10,father_name,Raju,Razu,spelling_variant,risky
P00451,aadhaar,marksheet_12,name,Janani Raju,JANANI R,initial,acceptable
P00452,aadhaar,pan,name,Grace Joseph,GRACE JOSEPH,case_spacing,acceptable
P00452,aadhaar,passport,name,Grace Joseph,Graace Joseph,spelling_variant,risky
P00453,aadhaar,pan,name,Rohit Mishra,ROHIT MISHRA,case_spacing,acceptable
P00454,aadhaar,pan,name,Nithya Madhavan,NITHYA MADHAVAN,case_spacing,acceptable
P00454,aadhaar,marksheet_10,name,Nithya Madhavan,NITHYA M,initial,acceptable
P00454,aadhaar,marksheet_10,dob,1998-03-09,1998-03-11,day_shift,critical
P00454,aadhaar,marksheet_12,name,Nithya Madhavan,NITHYA M,initial,acceptable
P00455,aadhaar,pan,name,Hetal Shah,HETAL SHAH,case_spacing,acceptable
P00455,aadhaar,marksheet_10,name,Hetal Shah,Hetaal Shah,spelling_variant,risky
P00456,aadhaar,pan,name,Komal Pandey,KOMAL PANDEY,case_spacing,acceptable
P00456,aadhaar,birth_certificate,gender,F,M,flipped,critical
P00457,aadhaar,pan,name,Pooja Sharma,POOJA SHARMA,case_spacing,acceptable
P00457,aadhaar,passport,gender,F,M,flipped,critical
P00458,aadhaar,pan,name,Priyanka Yadav,PRIYANKA YADAV,case_spacing,acceptable
P00459,aadhaar,pan,name,Pallavi Hegde,PALLAVI HEGDE,case_spacing,acceptable
P00460,aadhaar,pan,name,Pradeep Mishra,PRADEEP MISHRA,case_spacing,acceptable
P00461,aadhaar,pan,name,Lavanya Varma,LAVANYA VARMA,case_spacing,acceptable
P00461,aadhaar,passport,address,"No. 17, Cross Road, Indiranagar, Chennai, Tamil Nadu - 600546","No. 227, Church Street, Velachery, Madurai, Tamil Nadu - 625247",different_address,risky
P00462,aadhaar,pan,name,Harish Bhat,HARISH BHAT,case_spacing,acceptable
P00463,aadhaar,pan,name,Suresh Reddy,SURESH REDDY,case_spacing,acceptable
P00464,aadhaar,pan,name,Divya Nair,DIVYA NAIR,case_spacing,acceptable
P00465,aadhaar,pan,name,Gaurav Singh,GAURAV SINGH,case_spacing,acceptable
P00465,aadhaar,passport,address,"No. 163, Cross Road, Saket, Noida, Uttar Pradesh - 201491","No. 236, MG Road, Kakkanad, Coimbatore, Tamil Nadu - 641196",different_address,risky
P00466,aadhaar,pan,name,Ayesha Ansari,AYESHA ANSARI,case_spacing,acceptable
P00467,aadhaar,pan,name,Grace Thomas,GRACE THOMAS,case_spacing,acceptable
P00468,aadhaar,pan,name,Sushma Sharma,SUSHMA SHARMA,case_spacing,acceptable
P00468,aadhaar,marksheet_12,name,Sushma Sharma,Susmha Sharma,spelling_variant,risky
P00469,aadhaar,pan,name,Ishita Sen,ISHITA SEN,case_spacing,acceptable
P00470,aadhaar,pan,name,Saranya Prakash,SARANYA PRAKASH,case_spacing,acceptable
P00470,aadhaar,marksheet_10,name,Saranya Prakash,SARANYA P,initial,acceptable
P00470,aadhaar,marksheet_12,name,Saranya Prakash,SARANYA P,initial,acceptable
P00471,aadhaar,pan,name,Anjali Chauhan,Ajali Chauhan,spelling_variant,risky
P00472,aadhaar,pan,name,Debjani Mukherjee,DEBJANI MUKHERJEE,case_spacing,acceptable
P00472,aadhaar,marksheet_10,father_name,Anirban Mukherjee,Annirban Mukherjee,spelling_variant,risky
P00473,aadhaar,pan,name,Yamini Madhavan,YAMINI MADHAVAN,case_spacing,acceptable
P00473,aadhaar,marksheet_10,name,Yamini Madhavan,YAMINI M,initial,acceptable
P00473,aadhaar,marksheet_12,name,Yamini Madhavan,YAMINI M,initial,acceptable
P00473,aadhaar,passport,address,"No. 242, Lake View Road, Koramangala, Hyderabad, Telangana - 500800","No. 57, Lake View Road, Koramangala, Kochi, Kerala - 682472",different_address,risky
P00474,aadhaar,pan,name,Dhwani Shah,DHWANI SHAH,case_spacing,acceptable
P00475,aadhaar,pan,name,Gaurav Pandey,GAURAV PANDEY,case_spacing,acceptable
P00475,aadhaar,marksheet_12,name,Gaurav Pandey,Gaurva Pandey,spelling_variant,risky
P00476,aadhaar,pan,name,Rohit Singh,ROHIT SINGH,case_spacing,acceptable
P00476,aadhaar,birth_certificate,gender,M,F,flipped,critical
P00477,aadhaar,pan,name,Ajay Pandey,AJAY PANDEY,case_spacing,acceptable
P00477,aadhaar,marksheet_12,name,Ajay Pandey,Azay Pandey,spelling_variant,risky
P00477,aadhaar,passport,name,Ajay Pandey,Raghavendra Gowda,different_person,critical
P00478,aadhaar,pan,name,Janani Elango,JANANI ELANGO,case_spacing,acceptable
P00478,aadhaar,marksheet_10,name,Janani Elango,JANANI E,initial,acceptable
P00478,aadhaar,marksheet_12,name,Janani Elango,JANANI E,initial,acceptable
P00478,aadhaar,birth_certificate,name,Janani Elango,E. Janani,initial,acceptable
P00478,aadhaar,birth_certificate,dob,1998-11-15,1998-11-17,day_shift,critical
P00479,aadhaar,pan,name,Joel Fernandes,Jole Fernandes,spelling_variant,risky
P00480,aadhaar,pan,name,Prashanth Bhat,PRASHANTH BHAT,case_spacing,acceptable
P00480,aadhaar,passport,address,"No. 107, Lake View Road, T Nagar, Mysuru, Karnataka - 570839","No. 186, MG Road, Navrangpura, Mumbai, Maharashtra - 400220",different_address,risky
P00481,aadhaar,pan,name,Zainab Syed,Jainab Syed,spelling_variant,risky
P00482,aadhaar,pan,name,Kiran Raju,KIRAN RAJU,case_spacing,acceptable
P00482,aadhaar,marksheet_12,name,Kiran Raju,Kiarn Raju,spelling_variant,risky
P00482,aadhaar,passport,dob,1998-04-14,1997-04-14,year_shift,critical
P00483,aadhaar,pan,name,Malathi Raju,MALATHI RAJU,case_spacing,acceptable
P00483,aadhaar,marksheet_10,name,Malathi Raju,Maalathi Raju,spelling_variant,risky
P00483,aadhaar,marksheet_12,name,Malathi Raju,MALATHI R,initial,acceptable
P00484,aadhaar,pan,name,Manjunath Hegde,MANJUNATH HEGDE,case_spacing,acceptable
P00485,aadhaar,pan,name,Amit Gupta,AMIT GUPTA,case_spacing,acceptable
P00485,aadhaar,passport,address,"No. 183, 4th Cross, Saket, Bengaluru, Karnataka - 560189","No. 199, Station Road, Andheri, Mumbai, Maharashtra - 400895",different_address,risky
P00486,aadhaar,pan,name,Prashanth Shetty,PRASHANTH SHETTY,case_spacing,acceptable
P00486,aadhaar,marksheet_12,name,Prashanth Shetty,Prasanth Shetty,spelling_variant,risky
P00486,aadhaar,passport,address,"No. 60, Lake View Road, Jayanagar, Bengaluru, Karnataka - 560498","No. 79, 4th Cross, Koramangala, Bengaluru, Karnataka - 560622",different_address,risky
P00487,aadhaar,pan,name,Lavanya Rao,LAVANYA RAO,case_spacing,acceptable
P00488,aadhaar,pan,name,Asha Gowda,ASHA GOWDA,case_spacing,acceptable
P00489,aadhaar,pan,name,Joseph Mathew,JOSEPH MATHEW,case_spacing,acceptable
P00489,aadhaar,marksheet_12,name,Joseph Mathew,Josheph Mathew,spelling_variant,risky
P00490,aadhaar,pan,name,Prashanth Hegde,PRASHANTH HEGDE,case_spacing,acceptable
P00491,aadhaar,pan,name,Shilpa Kulkarni,SHILPA KULKARNI,case_spacing,acceptable
P00492,aadhaar,pan,name,Divya Naidu,DIVYA NAIDU,case_spacing,acceptable
P00493,aadhaar,pan,name,Joseph Thomas,Zoseph Thomas,spelling_variant,risky
P00493,aadhaar,marksheet_10,name,Joseph Thomas,Imran Sheikh,different_person,critical
P00494,aadhaar,pan,name,Elango Ramesh,ELANGO RAMESH,case_spacing,acceptable
P00494,aadhaar,marksheet_10,name,Elango Ramesh,ELANGO R,initial,acceptable
P00494,aadhaar,marksheet_12,name,Elango Ramesh,ELANGO R,initial,acceptable
P00495,aadhaar,pan,name,Kiran Reddy,KIRAN REDDY,case_spacing,acceptable
P00495,aadhaar,pan,dob,2000-05-29,1999-05-28,year_shift,critical
P00496,aadhaar,pan,name,Sanju Pillai,SANJU PILLAI,case_spacing,acceptable
P00497,aadhaar,pan,name,Prashanth Rao,PRASHANTH RAO,case_spacing,acceptable
P00497,aadhaar,pan,dob,2003-01-09,2003-09-01,day_month_swap,critical
P00497,aadhaar,marksheet_10,name,Prashanth Rao,Prashannth Rao,spelling_variant,risky
P00498,aadhaar,pan,name,Jay Patil,Jay Patil,spelling_variant,risky
P00498,aadhaar,marksheet_12,name,Jay Patil,Anirban Roy,different_person,critical
P00499,aadhaar,pan,name,Anirban Mukherjee,ANIRBAN MUKHERJEE,case_spacing,acceptable
P00500,aadhaar,pan,name,Simran Agarwal,SIMRAN AGARWAL,case_spacing,acceptable
P00500,aadhaar,pan,father_name,Ankit Agarwal,Annkit Agarwal,spelling_variant,risky
P00501,aadhaar,pan,name,Mahesh Raju,MAHESH RAJU,case_spacing,acceptable
P00502,aadhaar,pan,name,Sowmya Raju,SOWMYA RAJU,case_spacing,acceptable
P00502,aadhaar,marksheet_10,name,Sowmya Raju,SOWMYA R,initial,acceptable
P00502,aadhaar,marksheet_12,name,Sowmya Raju,SOWMYA R,initial,acceptable
P00503,aadhaar,pan,name,Harish Shetty,HARISH SHETTY,case_spacing,acceptable
P00504,aadhaar,pan,name,Gaurav Chauhan,GAURAV CHAUHAN,case_spacing,acceptable
P00505,aadhaar,pan,name,Anagha Panicker,ANAGHA PANICKER,case_spacing,acceptable
P00505,aadhaar,marksheet_10,name,Anagha Panicker,Annagha Panicker,spelling_variant,risky
P00506,aadhaar,pan,name,Manikandan Selvam,MANIKANDAN SELVAM,case_spacing,acceptable
P00506,aadhaar,marksheet_10,name,Manikandan Selvam,MANIKANDAN S,initial,acceptable
P00506,aadhaar,marksheet_12,name,Manikandan Selvam,MANIKANDAN S,initial,acceptable
P00506,aadhaar,birth_certificate,name,Manikandan Selvam,S. Manikandan,initial,acceptable
P00507,aadhaar,pan,name,Ritu Chauhan,RITU CHAUHAN,case_spacing,acceptable
P00508,aadhaar,pan,name,Naveen Kulkarni,NAVEEN KULKARNI,case_spacing,acceptable
P00509,aadhaar,pan,name,Sushma Sharma,SUSHMA SHARMA,case_spacing,acceptable
P00509,aadhaar,marksheet_10,dob,2000-01-30,1999-01-28,year_shift,critical
P00510,aadhaar,pan,name,Manikandan Madhavan,MANIKANDAN MADHAVAN,case_spacing,acceptable
P00510,aadhaar,marksheet_10,name,Manikandan Madhavan,MANIKANDAN M,initial,acceptable
P00510,aadhaar,marksheet_12,name,Manikandan Madhavan,MANIKANDAN M,initial,acceptable
P00510,aadhaar,birth_certificate,name,Manikandan Madhavan,Manikanadn Madhavan,spelling_variant,risky
P00511,aadhaar,pan,name,Ananya Sen,ANANYA SEN,case_spacing,acceptable
P00512,aadhaar,pan,name,Geetha Kulkarni,GEETHA KULKARNI,case_spacing,acceptable
P00513,aadhaar,pan,name,Irfan Khan,IRFAN KHAN,case_spacing,acceptable
P00514,aadhaar,pan,name,Hari Menon,HARI MENON,case_spacing,acceptable
P00515,aadhaar,pan,name,Prachi Deshpande,PRACHI DESHPANDE,case_spacing,acceptable
P00516,aadhaar,pan,name,Pooja Chauhan,POOJA CHAUHAN,case_spacing,acceptable
P00516,aadhaar,pan,dob,2005-06-07,2006-06-07,year_shift,critical
P00517,aadhaar,pan,name,Aniket Joshi,ANIKET JOSHI,case_spacing,acceptable
P00518,aadhaar,pan,name,Farhan Ansari,FARHAN ANSARI,case_spacing,acceptable
P00519,aadhaar,pan,name,Senthil Madhavan,SENTHIL MADHAVAN,case_spacing,acceptable
P00519,aadhaar,marksheet_10,name,Senthil Madhavan,SENTHIL M,initial,acceptable
P00519,aadhaar,marksheet_12,name,Senthil Madhavan,SENTHIL M,initial,acceptable
P00519,aadhaar,birth_certificate,name,Senthil Madhavan,M. Senthil,initial,acceptable
P00520,aadhaar,pan,name,Prasad Naidu,Praasad Naidu,spelling_variant,risky
P00521,aadhaar,pan,name,Swathi Rao,SWATHI RAO,case_spacing,acceptable
P00522,aadhaar,pan,name,Bhavani Reddy,BHAVANI REDDY,case_spacing,acceptable
P00523,aadhaar,pan,name,Krishna Chowdary,KRISHNA CHOWDARY,case_spacing,acceptable
P00524,aadhaar,pan,name,Sayali Patil,SAYALI PATIL,case_spacing,acceptable
P00525,aadhaar,pan,name,Parth Patil,PARTH PATIL,case_spacing,acceptable
P00526,aadhaar,pan,name,Pooja Yadav,POOJA YADAV,case_spacing,acceptable
P00527,aadhaar,pan,name,Dhwani Shah,DHWANI SHAH,case_spacing,acceptable
P00527,aadhaar,marksheet_10,father_name,Harsh Shah,Hars Shah,spelling_variant,risky
P00528,aadhaar,pan,name,Rashmi Kulkarni,RASHMI KULKARNI,case_spacing,acceptable
P00529,aadhaar,pan,name,Archana Singh,ARCHANA SINGH,case_spacing,acceptable
P00529,aadhaar,marksheet_10,name,Archana Singh,Archaa Singh,spelling_variant,risky
P00530,aadhaar,pan,name,Payel Chatterjee,PAYEL CHATTERJEE,case_spacing,acceptable
P00530,aadhaar,passport,address,"No. 76, 4th Cross, Malviya Nagar, Mumbai, Maharashtra - 400068","No. 235, Gandhi Road, Sector 62, Ahmedabad, Gujarat - 380719",different_address,risky
P00531,aadhaar,pan,name,Madhuri Reddy,MADHURI REDDY,case_spacing,acceptable
P00532,aadhaar,pan,name,Sana Qureshi,SANA QURESHI,case_spacing,acceptable
P00532,aadhaar,marksheet_10,name,Sana Qureshi,Saan Qureshi,spelling_variant,risky
P00533,aadhaar,pan,name,Meena Siva,MEENA SIVA,case_spacing,acceptable
P00533,aadhaar,marksheet_10,name,Meena Siva,MEENA S,initial,acceptable
P00533,aadhaar,marksheet_12,name,Meena Siva,MEENA S,initial,acceptable
P00534,aadhaar,pan,name,Swathi Chowdary,SWATHI CHOWDARY,case_spacing,acceptable
P00534,aadhaar,pan,dob,2003-05-13,2004-05-13,year_shift,critical
P00535,aadhaar,pan,name,Naresh Chowdary,NARESH CHOWDARY,case_spacing,acceptable
P00535,aadhaar,marksheet_12,father_name,Chaitanya Chowdary,Chaithanya Chowdary,spelling_variant,risky
P00536,aadhaar,pan,name,Hari Menon,HARI MENON,case_spacing,acceptable
P00537,aadhaar,pan,name,Girish Hegde,GIRISH HEGDE,case_spacing,acceptable
P00538,aadhaar,pan,name,Siva Saravanan,SIVA SARAVANAN,case_spacing,acceptable
P00538,aadhaar,pan,father_name,Saravanan,Saaravanan,spelling_variant,risky
P00538,aadhaar,marksheet_10,name,Siva Saravanan,SIVA S,initial,acceptable
P00538,aadhaar,marksheet_12,name,Siva Saravanan,SIVA S,initial,acceptable
P00539,aadhaar,pan,name,Rahul Sharma,Raju Vignesh,different_person,critical
P00540,aadhaar,pan,name,Anjali Mishra,ANJALI MISHRA,case_spacing,acceptable
P00541,aadhaar,pan,name,Joel Mathew,JOEL MATHEW,case_spacing,acceptable
P00541,aadhaar,marksheet_12,father_name,Thomas Mathew,Thomash Mathew,spelling_variant,risky
P00542,aadhaar,pan,name,Jay Deshpande,JAY DESHPANDE,case_spacing,acceptable
P00542,aadhaar,birth_certificate,name,Jay Deshpande,Zay Deshpande,spelling_variant,risky
P00543,aadhaar,pan,name,Akhil Kurup,AKHIL KURUP,case_spacing,acceptable
P00544,aadhaar,pan,name,Sahana Shetty,SAHANA SHETTY,case_spacing,acceptable
P00545,aadhaar,pan,name,Irfan Qureshi,IRFAN QURESHI,case_spacing,acceptable
P00546,aadhaar,pan,name,Yamini Raju,YAMINI RAJU,case_spacing,acceptable
P00546,aadhaar,marksheet_10,name,Yamini Raju,Iamini Raju,spelling_variant,risky
P00546,aadhaar,marksheet_12,name,Yamini Raju,YAMINI R,initial,acceptable
P00546,aadhaar,birth_certificate,name,Yamini Raju,R. Yamini,initial,acceptable
P00546,aadhaar,birth_certificate,father_name,Raju,Razu,spelling_variant,risky
P00547,aadhaar,pan,name,Gayathri Velu,GAYATHRI VELU,case_spacing,acceptable
P00547,aadhaar,marksheet_10,name,Gayathri Velu,GAYATHRI V,initial,acceptable
P00547,aadhaar,marksheet_12,name,Gayathri Velu,GAYATHRI V,initial,acceptable
P00548,aadhaar,pan,name,Murugan Senthil,MURUGAN SENTHIL,case_spacing,acceptable
P00548,aadhaar,marksheet_10,name,Murugan Senthil,MURUGAN S,initial,acceptable
P00548,aadhaar,marksheet_12,name,Murugan Senthil,MURUGAN S,initial,acceptable
P00549,aadhaar,pan,name,Gopika Menon,GOPIKA MENON,case_spacing,acceptable
P00549,aadhaar,passport,address,"No. 126, 4th Cross, Anna Nagar, Jaipur, Rajasthan - 302857","No. 147, Park Avenue, Malviya Nagar, Bengaluru, Karnataka - 560545",different_address,risky
P00550,aadhaar,pan,name,Mohammed Ansari,MOHAMMED ANSARI,case_spacing,acceptable
P00551,aadhaar,pan,name,Kannan Karthik,KANNAN KARTHIK,case_spacing,acceptable
P00551,aadhaar,marksheet_10,name,Kannan Karthik,KANNAN K,initial,acceptable
P00551,aadhaar,marksheet_12,name,Kannan Karthik,KANNAN K,initial,acceptable
P00552,aadhaar,pan,name,Sayali Desai,SAYALI DESAI,case_spacing,acceptable
P00553,aadhaar,pan,name,Sandeep Verma,SANDEEP VERMA,case_spacing,acceptable
P00554,aadhaar,pan,name,Kiran Reddy,KIRAN REDDY,case_spacing,acceptable
P00555,aadhaar,pan,name,Tanushree Bose,TANUSHREE BOSE,case_spacing,acceptable
P00555,aadhaar,pan,dob,2004-04-07,2004-04-08,day_shift,critical
P00556,aadhaar,pan,name,Bhoomika Bhat,BHOOMIKA BHAT,case_spacing,acceptable
P00557,aadhaar,pan,name,Gopika Pillai,GOPIKA PILLAI,case_spacing,acceptable
P00558,aadhaar,pan,name,Shabana Sheikh,SHABANA SHEIKH,case_spacing,acceptable
P00559,aadhaar,pan,name,Shilpa Shetty,Madhuri Patil,different_person,critical
P00559,aadhaar,passport,name,Shilpa Shetty,Shilap Shetty,spelling_variant,risky
P00560,aadhaar,pan,name,Sandeep Gupta,SANDEEP GUPTA,case_spacing,acceptable
P00561,aadhaar,pan,name,Ishita Das,ISHITA DAS,case_spacing,acceptable
P00562,aadhaar,pan,name,Ankit Tiwari,ANKIT TIWARI,case_spacing,acceptable
P00563,aadhaar,pan,name,Geetha Gowda,GEETHA GOWDA,case_spacing,acceptable
P00564,aadhaar,pan,name,Sneha Chauhan,SNEHA CHAUHAN,case_spacing,acceptable
P00564,aadhaar,passport,dob,2001-07-20,2001-07-22,day_shift,critical
P00565,aadhaar,pan,name,Meena Raju,MEENA RAJU,case_spacing,acceptable
P00565,aadhaar,marksheet_10,name,Meena Raju,MEENA R,initial,acceptable
P00565,aadhaar,marksheet_12,name,Meena Raju,MEENA R,initial,acceptable
P00565,aadhaar,birth_certificate,name,Meena Raju,Mina Raju,spelling_variant,risky
P00566,aadhaar,pan,name,Sushma Chauhan,SUSHMA CHAUHAN,case_spacing,acceptable
P00567,aadhaar,pan,name,Sayali Deshpande,SAYALI DESHPANDE,case_spacing,acceptable
P00568,aadhaar,pan,name,Puneeth Bhat,PUNEETH BHAT,case_spacing,acceptable
P00568,aadhaar,pan,father_name,Satish Bhat,Sathish Bhat,spelling_variant,risky
P00569,aadhaar,pan,name,Archana Sharma,ARCHANA SHARMA,case_spacing,acceptable
P00570,aadhaar,pan,name,Sanjay Tiwari,SANJAY TIWARI,case_spacing,acceptable
P00570,aadhaar,birth_certificate,dob,1998-11-23,1998-11-22,day_shift,critical
P00571,aadhaar,pan,name,Spoorthi Gowda,SPOORTHI GOWDA,case_spacing,acceptable
P00571,aadhaar,passport,name,Spoorthi Gowda,Spoorti Gowda,spelling_variant,risky
P00572,aadhaar,pan,name,Imran Sheikh,IMRAN SHEIKH,case_spacing,acceptable
P00573,aadhaar,pan,name,Tanushree Sen,TANUSHREE SEN,case_spacing,acceptable
P00574,aadhaar,pan,name,Karthik Elango,KARTHIK ELANGO,case_spacing,acceptable
P00574,aadhaar,marksheet_10,name,Karthik Elango,KARTHIK E,initial,acceptable
P00574,aadhaar,marksheet_12,name,Karthik Elango,KARTHIK E,initial,acceptable
P00574,aadhaar,passport,address,"No. 97, Lake View Road, Banjara Hills, Mumbai, Maharashtra - 400415","No. 146, Station Road, Andheri, Delhi, Delhi - 110836",different_address,risky
P00575,aadhaar,pan,name,Ankit Mishra,ANKIT MISHRA,case_spacing,acceptable
P00575,aadhaar,birth_certificate,gender,M,F,flipped,critical
P00576,aadhaar,pan,name,Gayathri Siva,GAYATHRI SIVA,case_spacing,acceptable
P00576,aadhaar,marksheet_10,name,Gayathri Siva,GAYATHRI S,initial,acceptable
P00576,aadhaar,marksheet_12,name,Gayathri Siva,GAYATHRI S,initial,acceptable
P00576,aadhaar,birth_certificate,father_name,Siva,Sivaa,spelling_variant,risky
P00577,aadhaar,pan,name,Shreya Singh,SHREYA SINGH,case_spacing,acceptable
P00578,aadhaar,pan,name,Anjali Panicker,ANJALI PANICKER,case_spacing,acceptable
P00579,aadhaar,pan,name,Venkatesh Naidu,VENKATESH NAIDU,case_spacing,acceptable
P00579,aadhaar,marksheet_12,name,Venkatesh Naidu,Vennkatesh Naidu,spelling_variant,risky
P00580,aadhaar,pan,name,Tamilselvi Kannan,TAMILSELVI KANNAN,case_spacing,acceptable
P00580,aadhaar,marksheet_10,name,Tamilselvi Kannan,TAMILSELVI K,initial,acceptable
P00580,aadhaar,marksheet_12,name,Tamilselvi Kannan,TAMILSELVI K,initial,acceptable
P00581,aadhaar,pan,name,Divya Menon,DIVYA MENON,case_spacing,acceptable
P00582,aadhaar,pan,name,Rashmi Hegde,RASHMI HEGDE,case_spacing,acceptable
P00583,aadhaar,pan,name,Ajay Agarwal,AJAY AGARWAL,case_spacing,acceptable
P00584,aadhaar,pan,name,Sandeep Sharma,SANDEEP SHARMA,case_spacing,acceptable
P00585,aadhaar,pan,name,Murugan Saravanan,MURUGAN SARAVANAN,case_spacing,acceptable
P00585,aadhaar,marksheet_10,name,Murugan Saravanan,MURUGAN S,initial,acceptable
P00585,aadhaar,marksheet_12,name,Murugan Saravanan,MURUGAN S,initial,acceptable
P00586,aadhaar,pan,name,Fathima Qureshi,FATHIMA QURESHI,case_spacing,acceptable
P00587,aadhaar,pan,name,Murugan Siva,MURUGAN SIVA,case_spacing,acceptable
P00587,aadhaar,pan,father_name,Siva,Siwa,spelling_variant,risky
P00587,aadhaar,marksheet_10,name,Murugan Siva,MURUGAN S,initial,acceptable
P00587,aadhaar,marksheet_12,name,Murugan Siva,MURUGAN S,initial,acceptable
P00588,aadhaar,pan,name,Tanushree Bose,TANUSHREE BOSE,case_spacing,acceptable
P00588,aadhaar,birth_certificate,gender,F,M,flipped,critical
P00589,aadhaar,pan,name,Gopika Pillai,GOPIKA PILLAI,case_spacing,acceptable
P00590,aadhaar,pan,name,Sruthi Pillai,SRUTHI PILLAI,case_spacing,acceptable
P00590,aadhaar,marksheet_10,name,Sruthi Pillai,Sruuthi Pillai,spelling_variant,risky
P00591,aadhaar,pan,name,Prakash Saravanan,PRAKASH SARAVANAN,case_spacing,acceptable
P00591,aadhaar,marksheet_10,name,Prakash Saravanan,PRAKASH S,initial,acceptable
P00591,aadhaar,marksheet_12,name,Prakash Saravanan,PRAKASH S,initial,acceptable
P00592,aadhaar,pan,name,Sanjay Mishra,SANJAY MISHRA,case_spacing,acceptable
P00593,aadhaar,pan,name,Manjunath Rao,MANJUNATH RAO,case_spacing,acceptable
P00594,aadhaar,pan,name,Vikram Gupta,VIKRAM GUPTA,case_spacing,acceptable
P00595,aadhaar,pan,name,Balaji Arun,BALAJI ARUN,case_spacing,acceptable
P00595,aadhaar,marksheet_10,name,Balaji Arun,BALAJI A,initial,acceptable
P00595,aadhaar,marksheet_12,name,Balaji Arun,BALAJI A,initial,acceptable
P00596,aadhaar,pan,name,Rajib Banerjee,RAJIB BANERJEE,case_spacing,acceptable
P00597,aadhaar,pan,name,Selvam Sundar,SELVAM SUNDAR,case_spacing,acceptable
P00597,aadhaar,marksheet_10,name,Selvam Sundar,SELVAM S,initial,acceptable
P00597,aadhaar,marksheet_12,name,Selvam Sundar,SELVAM S,initial,acceptable
P00598,aadhaar,pan,name,Mohammed Syed,MOHAMMED SYED,case_spacing,acceptable
P00599,aadhaar,pan,name,Darshan Bhat,DARSHAN BHAT,case_spacing,acceptable
P00600,aadhaar,pan,name,Sanjay Yadav,SANJAY YADAV,case_spacing,acceptable
P00601,aadhaar,pan,name,Rohit Pandey,ROHIT PANDEY,case_spacing,acceptable
P00602,aadhaar,pan,name,Kumar Kannan,KUMAR KANNAN,case_spacing,acceptable
P00602,aadhaar,marksheet_10,name,Kumar Kannan,KUMAR K,initial,acceptable
P00602,aadhaar,marksheet_12,name,Kumar Kannan,KUMAR K,initial,acceptable
P00602,aadhaar,birth_certificate,name,Kumar Kannan,K. Kumar,initial,acceptable
P00602,aadhaar,birth_certificate,dob,2005-06-05,2006-06-05,year_shift,critical
P00603,aadhaar,pan,name,Vikram Chauhan,VIKRAM CHAUHAN,case_spacing,acceptable
P00604,aadhaar,pan,name,Kiran Rao,KIRAN RAO,case_spacing,acceptable
P00604,aadhaar,marksheet_10,name,Kiran Rao,Kran Rao,spelling_variant,risky
P00605,aadhaar,pan,name,Abdul Pathan,ABDUL PATHAN,case_spacing,acceptable
P00605,aadhaar,marksheet_12,name,Abdul Pathan,Abduul Pathan,spelling_variant,risky
P00606,aadhaar,pan,name,Reshma Panicker,Resma Panicker,spelling_variant,risky
P00607,aadhaar,pan,name,Haritha Chowdary,HARITHA CHOWDARY,case_spacing,acceptable
P00608,aadhaar,pan,name,Pooja Pandey,POOJA PANDEY,case_spacing,acceptable
P00609,aadhaar,pan,name,Suresh Naidu,SURESH NAIDU,case_spacing,acceptable
P00610,aadhaar,pan,name,Geetha Hegde,GEETHA HEGDE,case_spacing,acceptable
P00611,aadhaar,pan,name,Mahesh Varma,MAHESH VARMA,case_spacing,acceptable
P00611,aadhaar,marksheet_12,name,Mahesh Varma,Maahesh Varma,spelling_variant,risky
P00612,aadhaar,pan,name,Ramesh Prakash,RAMESH PRAKASH,case_spacing,acceptable
P00612,aadhaar,marksheet_10,name,Ramesh Prakash,RAMESH P,initial,acceptable
P00612,aadhaar,marksheet_12,name,Ramesh Prakash,RAMESH P,initial,acceptable
P00613,aadhaar,pan,name,Reshma Varghese,RESHMA VARGHESE,case_spacing,acceptable
P00614,aadhaar,pan,name,Abhijit Mukherjee,ABHIJIT MUKHERJEE,case_spacing,acceptable
P00615,aadhaar,pan,name,Snehal Kulkarni,SNEHAL KULKARNI,case_spacing,acceptable
P00615,aadhaar,birth_certificate,dob,2002-05-24,2001-05-24,year_shift,critical
P00616,aadhaar,pan,name,Sanjay Tiwari,SANJAY TIWARI,case_spacing,acceptable
P00617,aadhaar,pan,name,Sumit Pandey,SUMIT PANDEY,case_spacing,acceptable
P00617,aadhaar,passport,address,"No. 141, MG Road, Kothrud, Ahmedabad, Gujarat - 380206","No. 11, Market Street, Navrangpura, Jaipur, Rajasthan - 302457",different_address,risky
P00618,aadhaar,pan,name,Saranya Selvam,SARANYA SELVAM,case_spacing,acceptable
P00618,aadhaar,marksheet_10,name,Saranya Selvam,SARANYA S,initial,acceptable
P00618,aadhaar,marksheet_12,name,Saranya Selvam,SARANYA S,initial,acceptable
P00619,aadhaar,pan,name,Sandeep Mishra,SANDEEP MISHRA,case_spacing,acceptable
P00619,aadhaar,passport,address,"No. 105, Nehru Street, Kakkanad, Noida, Uttar Pradesh - 201091","No. 158, Station Road, Anna Nagar, Delhi, Delhi - 110198",different_address,risky
P00620,aadhaar,pan,name,Harsh Shah,HARSH SHAH,case_spacing,acceptable
P00621,aadhaar,pan,name,Janani Senthil,JANANI SENTHIL,case_spacing,acceptable
P00621,aadhaar,marksheet_10,name,Janani Senthil,JANANI S,initial,acceptable
P00621,aadhaar,marksheet_12,name,Janani Senthil,JANANI S,initial,acceptable
P00622,aadhaar,pan,name,Rohit Chauhan,ROHIT CHAUHAN,case_spacing,acceptable
P00622,aadhaar,marksheet_10,name,Rohit Chauhan,Roheet Chauhan,spelling_variant,risky
P00623,aadhaar,pan,name,Sowmya Elango,SOWMYA ELANGO,case_spacing,acceptable
P00623,aadhaar,marksheet_10,name,Sowmya Elango,SOWMYA E,initial,acceptable
P00623,aadhaar,marksheet_10,father_name,Elango,Ellango,spelling_variant,risky
P00623,aadhaar,marksheet_12,name,Sowmya Elango,SOWMYA E,initial,acceptable
P00624,aadhaar,pan,name,Saranya Vignesh,SARANYA VIGNESH,case_spacing,acceptable
P00624,aadhaar,marksheet_10,name,Saranya Vignesh,SARANYA V,initial,acceptable
P00624,aadhaar,marksheet_12,name,Saranya Vignesh,SARANYA V,initial,acceptable
P00625,aadhaar,pan,name,Imran Sheikh,IMRAN SHEIKH,case_spacing,acceptable
P00626,aadhaar,pan,name,Jyothi Naidu,JYOTHI NAIDU,case_spacing,acceptable
P00627,aadhaar,pan,name,Anjali Menon,ANJALI MENON,case_spacing,acceptable
P00628,aadhaar,pan,name,Mahesh Chowdary,Sreejith Nair,different_person,critical
P00628,aadhaar,passport,dob,1998-06-05,1998-05-06,day_month_swap,critical
P00629,aadhaar,pan,name,Parth Mehta,PARTH MEHTA,case_spacing,acceptable
P00629,aadhaar,birth_certificate,name,Parth Mehta,Parthh Mehta,spelling_variant,risky
P00630,aadhaar,pan,name,Anjali Pandey,ANJALI PANDEY,case_spacing,acceptable
P00631,aadhaar,pan,name,Aniket Joshi,ANIKET JOSHI,case_spacing,acceptable
P00632,aadhaar,pan,name,Raju Selvam,RAJU SELVAM,case_spacing,acceptable
P00632,aadhaar,marksheet_10,name,Raju Selvam,RAJU S,initial,acceptable
P00632,aadhaar,marksheet_12,name,Raju Selvam,RAJU S,initial,acceptable
P00632,aadhaar,marksheet_12,father_name,Selvam,Selvaam,spelling_variant,risky
P00633,aadhaar,pan,name,Kalaiselvi Madhavan,Kaalaiselvi Madhavan,spelling_variant,risky
P00633,aadhaar,marksheet_10,name,Kalaiselvi Madhavan,KALAISELVI M,initial,acceptable
P00633,aadhaar,marksheet_12,name,Kalaiselvi Madhavan,KALAISELVI M,initial,acceptable
P00634,aadhaar,pan,name,Simran Chauhan,SIMRAN CHAUHAN,case_spacing,acceptable
P00635,aadhaar,pan,name,Pradeep Agarwal,PRADEEP AGARWAL,case_spacing,acceptable
P00635,aadhaar,marksheet_12,father_name,Ankit Agarwal,Annkit Agarwal,spelling_variant,risky
P00635,aadhaar,passport,name,Pradeep Agarwal,Samuel Fernandes,different_person,critical
P00636,aadhaar,pan,name,Neha Gupta,NEHA GUPTA,case_spacing,acceptable
P00636,aadhaar,passport,gender,F,M,flipped,critical
P00636,aadhaar,passport,address,"No. 77, 4th Cross, Koramangala, Pune, Maharashtra - 411180","No. 248, Station Road, Jayanagar, Madurai, Tamil Nadu - 625497",different_address,risky
P00637,aadhaar,pan,name,Gopika Pillai,GOPIKA PILLAI,case_spacing,acceptable
P00637,aadhaar,marksheet_10,name,Gopika Pillai,Gopeeka Pillai,spelling_variant,risky
P00638,aadhaar,pan,name,Darshan Gowda,DARSHAN GOWDA,case_spacing,acceptable
P00639,aadhaar,pan,name,Rohit Verma,ROHIT VERMA,case_spacing,acceptable
P00640,aadhaar,pan,name,Shabana Qureshi,SHABANA QURESHI,case_spacing,acceptable
P00640,aadhaar,marksheet_10,dob,2002-02-17,2002-02-15,day_shift,critical
P00641,aadhaar,pan,name,Hari Menon,HARI MENON,case_spacing,acceptable
P00642,aadhaar,pan,name,Sandeep Tiwari,SANDEEP TIWARI,case_spacing,acceptable
P00643,aadhaar,pan,name,Jay Patel,Zay Patel,spelling_variant,risky
P00644,aadhaar,pan,name,Satish Bhat,SATISH BHAT,case_spacing,acceptable
P00645,aadhaar,pan,name,Raju Siva,RAJU SIVA,case_spacing,acceptable
P00645,aadhaar,marksheet_10,name,Raju Siva,Raaju Siva,spelling_variant,risky
P00645,aadhaar,marksheet_12,name,Raju Siva,RAJU S,initial,acceptable
P00646,aadhaar,pan,name,Neha Sharma,NEHA SHARMA,case_spacing,acceptable
P00647,aadhaar,pan,name,Aswathy Varghese,ASWATHY VARGHESE,case_spacing,acceptable
P00648,aadhaar,pan,name,Indhu Kumar,INDHU KUMAR,case_spacing,acceptable
P00648,aadhaar,marksheet_10,name,Indhu Kumar,INDHU K,initial,acceptable
P00648,aadhaar,marksheet_12,name,Indhu Kumar,INDHU K,initial,acceptable
P00648,aadhaar,passport,gender,F,M,flipped,critical
P00649,aadhaar,pan,name,Anjali Yadav,ANJALI YADAV,case_spacing,acceptable
P00650,aadhaar,pan,name,Ritu Singh,RITU SINGH,case_spacing,acceptable
P00651,aadhaar,pan,name,Rohit Pandey,ROHIT PANDEY,case_spacing,acceptable
P00652,aadhaar,pan,name,Kavitha Rao,KAVITHA RAO,case_spacing,acceptable
P00653,aadhaar,pan,name,Asha Hegde,ASHA HEGDE,case_spacing,acceptable
P00654,aadhaar,pan,name,Gaurav Gupta,GAURAV GUPTA,case_spacing,acceptable
P00655,aadhaar,pan,name,Gayathri Babu,GAYATHRI BABU,case_spacing,acceptable
P00655,aadhaar,pan,dob,1998-02-17,1998-02-16,day_shift,critical
P00655,aadhaar,marksheet_10,name,Gayathri Babu,GAYATHRI B,initial,acceptable
P00655,aadhaar,marksheet_12,name,Gayathri Babu,GAYATHRI B,initial,acceptable
P00656,aadhaar,pan,name,Lavanya Chowdary,LAVANYA CHOWDARY,case_spacing,acceptable
P00657,aadhaar,pan,name,Simran Verma,SIMRAN VERMA,case_spacing,acceptable
P00657,aadhaar,marksheet_10,dob,2000-06-25,2001-06-25,year_shift,critical
P00658,aadhaar,pan,name,Anjali Gupta,ANJALI GUPTA,case_spacing,acceptable
P00659,aadhaar,pan,name,Sushma Agarwal,SUSHMA AGARWAL,case_spacing,acceptable
P00660,aadhaar,pan,name,Ishita Banerjee,ISHITA BANERJEE,case_spacing,acceptable
P00660,aadhaar,marksheet_10,name,Ishita Banerjee,Ishiat Banerjee,spelling_variant,risky
P00661,aadhaar,pan,name,Shilpa Kulkarni,SHILPA KULKARNI,case_spacing,acceptable
P00661,aadhaar,marksheet_12,father_name,Raghavendra Kulkarni,Raghavenndra Kulkarni,spelling_variant,risky
P00662,aadhaar,pan,name,Girish Gowda,GIRISH GOWDA,case_spacing,acceptable
P00662,aadhaar,marksheet_10,dob,2001-06-03,2001-06-05,day_shift,critical
P00663,aadhaar,pan,name,Sravani Chowdary,SRAVANI CHOWDARY,case_spacing,acceptable
P00663,aadhaar,marksheet_10,dob,2000-04-29,2001-04-28,year_shift,critical
P00664,aadhaar,pan,name,Anjali Varghese,ANJALI VARGHESE,case_spacing,acceptable
P00665,aadhaar,pan,name,Shashank Kulkarni,SHASHANK KULKARNI,case_spacing,acceptable
P00666,aadhaar,pan,name,Sameer Pathan,SAMEER PATHAN,case_spacing,acceptable
P00666,aadhaar,marksheet_12,father_name,Mohammed Pathan,Mohaammed Pathan,spelling_variant,risky
P00667,aadhaar,pan,name,Abdul Ansari,ABDUL ANSARI,case_spacing,acceptable
P00668,aadhaar,pan,name,John D'Souza,JOHN D'SOUZA,case_spacing,acceptable
P00668,aadhaar,pan,dob,2000-01-28,2001-01-28,year_shift,critical
P00669,aadhaar,pan,name,Sandeep Tiwari,SANDEEP TIWARI,case_spacing,acceptable
P00669,aadhaar,passport,name,Sandeep Tiwari,Sandip Tiwari,spelling_variant,risky
P00670,aadhaar,pan,name,Irfan Khan,IRFAN KHAN,case_spacing,acceptable
P00671,aadhaar,pan,name,Aniket Mehta,ANIKET MEHTA,case_spacing,acceptable
P00672,aadhaar,pan,name,Sayali Mehta,SAYALI MEHTA,case_spacing,acceptable
P00672,aadhaar,marksheet_12,father_name,Harsh Mehta,Haarsh Mehta,spelling_variant,risky
P00673,aadhaar,pan,name,Naresh Rao,Naaresh Rao,spelling_variant,risky
P00674,aadhaar,pan,name,Rukhsar Khan,RUKHSAR KHAN,case_spacing,acceptable
P00674,aadhaar,pan,dob,1999-12-20,1998-12-20,year_shift,critical
P00675,aadhaar,pan,name,Omkar Joshi,OMKAR JOSHI,case_spacing,acceptable
P00676,aadhaar,pan,name,George Fernandes,GEORGE FERNANDES,case_spacing,acceptable
P00677,aadhaar,pan,name,Rahul Kurup,RAHUL KURUP,case_spacing,acceptable
P00678,aadhaar,pan,name,Ankit Mishra,ANKIT MISHRA,case_spacing,acceptable
P00679,aadhaar,pan,name,Babu Kumar,BABU KUMAR,case_spacing,acceptable
P00679,aadhaar,marksheet_10,name,Babu Kumar,BABU K,initial,acceptable
P00679,aadhaar,marksheet_12,name,Babu Kumar,BABU K,initial,acceptable
P00679,aadhaar,birth_certificate,name,Babu Kumar,Irfan Sheikh,different_person,critical
P00680,aadhaar,pan,name,Naresh Raju,NARESH RAJU,case_spacing,acceptable
P00681,aadhaar,pan,name,Sangeetha Kannan,SANGEETHA KANNAN,case_spacing,acceptable
P00681,aadhaar,marksheet_10,name,Sangeetha Kannan,SANGEETHA K,initial,acceptable
P00681,aadhaar,marksheet_12,name,Sangeetha Kannan,SANGEETHA K,initial,acceptable
P00682,aadhaar,pan,name,Jay Mehta,JAY MEHTA,case_spacing,acceptable
P00682,aadhaar,passport,address,"No. 152, Main Road, Koramangala, Delhi, Delhi - 110487","No. 29, Main Road, Navrangpura, Bengaluru, Karnataka - 560552",different_address,risky
P00683,aadhaar,pan,name,Darshan Hegde,DARSHAN HEGDE,case_spacing,acceptable
P00684,aadhaar,pan,name,Ravi Rao,RAVI RAO,case_spacing,acceptable
P00685,aadhaar,pan,name,John Joseph,JOHN JOSEPH,case_spacing,acceptable
P00685,aadhaar,marksheet_10,dob,2002-03-02,2001-03-02,year_shift,critical
P00686,aadhaar,pan,name,Simran Agarwal,SIMRAN AGARWAL,case_spacing,acceptable
P00687,aadhaar,pan,name,Ajay Mishra,AJAY MISHRA,case_spacing,acceptable
P00688,aadhaar,pan,name,Puneeth Rao,PUNEETH RAO,case_spacing,acceptable
P00689,aadhaar,pan,name,Neha Sharma,NEHA SHARMA,case_spacing,acceptable
P00690,aadhaar,pan,name,Swathi Rao,SWATHI RAO,case_spacing,acceptable
P00691,aadhaar,pan,name,Ravi Raju,RAVI RAJU,case_spacing,acceptable
P00692,aadhaar,pan,name,Harish Hegde,HARISH HEGDE,case_spacing,acceptable
P00693,aadhaar,pan,name,Riya Yadav,RIYA YADAV,case_spacing,acceptable
P00694,aadhaar,pan,name,Divya Pillai,DIVYA PILLAI,case_spacing,acceptable
P00694,aadhaar,birth_certificate,gender,F,M,flipped,critical
P00695,aadhaar,pan,name,Asha Kulkarni,Asa Kulkarni,spelling_variant,risky
P00696,aadhaar,pan,name,Elango Kumar,ELANGO KUMAR,case_spacing,acceptable
P00696,aadhaar,marksheet_10,name,Elango Kumar,ELANGO K,initial,acceptable
P00696,aadhaar,marksheet_12,name,Elango Kumar,ELANGO K,initial,acceptable
P00697,aadhaar,pan,name,Saranya Arun,SARANYA ARUN,case_spacing,acceptable
P00697,aadhaar,marksheet_10,name,Saranya Arun,SARANYA A,initial,acceptable
P00697,aadhaar,marksheet_12,name,Saranya Arun,SARANYA A,initial,acceptable
P00697,aadhaar,birth_certificate,name,Saranya Arun,A. Saranya,initial,acceptable
P00698,aadhaar,pan,name,Keerthana Kumar,KEERTHANA KUMAR,case_spacing,acceptable
P00698,aadhaar,pan,dob,2005-10-09,2006-10-09,year_shift,critical
P00698,aadhaar,marksheet_10,name,Keerthana Kumar,KEERTHANA K,initial,acceptable
P00698,aadhaar,marksheet_12,name,Keerthana Kumar,KEERTHANA K,initial,acceptable
P00699,aadhaar,pan,name,Kavya Kumar,KAVYA KUMAR,case_spacing,acceptable
P00699,aadhaar,marksheet_10,name,Kavya Kumar,KAVYA K,initial,acceptable
P00699,aadhaar,marksheet_12,name,Kavya Kumar,KAVYA K,initial,acceptable
P00700,aadhaar,pan,name,Sameer Khan,SAMEER KHAN,case_spacing,acceptable
P00701,aadhaar,pan,name,Nazia Sheikh,NAZIA SHEIKH,case_spacing,acceptable
P00701,aadhaar,marksheet_10,dob,1999-06-24,1999-06-23,day_shift,critical
P00702,aadhaar,pan,name,Nikhil Joshi,NIKHIL JOSHI,case_spacing,acceptable
P00703,aadhaar,pan,name,Aniket Desai,ANIKET DESAI,case_spacing,acceptable
P00703,aadhaar,marksheet_10,name,Aniket Desai,Anikt Desai,spelling_variant,risky
P00704,aadhaar,pan,name,Samuel Joseph,SAMUEL JOSEPH,case_spacing,acceptable
P00705,aadhaar,pan,name,Bhoomika Hegde,BHOOMIKA HEGDE,case_spacing,acceptable
P00706,aadhaar,pan,name,Joseph Pereira,JOSEPH PEREIRA,case_spacing,acceptable
P00707,aadhaar,pan,name,Gaurav Gupta,Gaaurav Gupta,spelling_variant,risky
P00708,aadhaar,pan,name,Ravi Reddy,RAVI REDDY,case_spacing,acceptable
P00709,aadhaar,pan,name,Vishnu Pillai,VISHNU PILLAI,case_spacing,acceptable
P00710,aadhaar,pan,name,Sneha Sharma,SNEHA SHARMA,case_spacing,acceptable
P00710,aadhaar,marksheet_12,name,Sneha Sharma,Sneea Sharma,spelling_variant,risky
P00711,aadhaar,pan,name,Divya Varma,DIVYA VARMA,case_spacing,acceptable
P00712,aadhaar,pan,name,Sushma Tiwari,SUSHMA TIWARI,case_spacing,acceptable
P00713,aadhaar,pan,name,Prakash Murugan,PRAKASH MURUGAN,case_spacing,acceptable
P00713,aadhaar,marksheet_10,name,Prakash Murugan,PRAKASH M,initial,acceptable
P00713,aadhaar,marksheet_12,name,Prakash Murugan,PRAKASH M,initial,acceptable
P00714,aadhaar,pan,name,Sandeep Chauhan,SANDEEP CHAUHAN,case_spacing,acceptable
P00714,aadhaar,passport,gender,M,F,flipped,critical
P00715,aadhaar,pan,name,Abhijit Sen,ABHIJIT SEN,case_spacing,acceptable
P00716,aadhaar,pan,name,Salman Pathan,SALMAN PATHAN,case_spacing,acceptable
P00716,aadhaar,birth_certificate,name,Salman Pathan,Saman Pathan,spelling_variant,risky
P00717,aadhaar,pan,name,Priyanka Gupta,PRIYANKA GUPTA,case_spacing,acceptable
P00717,aadhaar,passport,address,"No. 32, Station Road, Navrangpura, Madurai, Tamil Nadu - 625500","No. 115, Cross Road, Andheri, Ahmedabad, Gujarat - 380997",different_address,risky
P00718,aadhaar,pan,name,Ramesh Sundar,RAMESH SUNDAR,case_spacing,acceptable
P00718,aadhaar,marksheet_10,name,Ramesh Sundar,Ramtsh Sundar,spelling_variant,risky
P00718,aadhaar,marksheet_12,name,Ramesh Sundar,RAMESH S,initial,acceptable
P00718,aadhaar,birth_certificate,name,Ramesh Sundar,S. Ramesh,initial,acceptable
P00719,aadhaar,pan,name,Anagha Kurup,ANAGHA KURUP,case_spacing,acceptable
P00720,aadhaar,pan,name,Keerthana Murugan,KEERTHANA MURUGAN,case_spacing,acceptable
P00720,aadhaar,marksheet_10,name,Keerthana Murugan,KEERTHANA M,initial,acceptable
P00720,aadhaar,marksheet_12,name,Keerthana Murugan,KEERTHANA M,initial,acceptable
P00721,aadhaar,pan,name,Salman Syed,SALMAN SYED,case_spacing,acceptable
P00722,aadhaar,pan,name,Pooja Verma,POOJA VERMA,case_spacing,acceptable
P00722,aadhaar,marksheet_10,name,Pooja Verma,Puja Verma,spelling_variant,risky
P00723,aadhaar,pan,name,Sandeep Mishra,SANDEEP MISHRA,case_spacing,acceptable
P00723,aadhaar,marksheet_12,name,Sandeep Mishra,Sandheep Mishra,spelling_variant,risky
P00724,aadhaar,pan,name,Arun Madhavan,ARUN MADHAVAN,case_spacing,acceptable
P00724,aadhaar,marksheet_10,name,Arun Madhavan,ARUN M,initial,acceptable
P00724,aadhaar,marksheet_12,name,Arun Madhavan,ARUN M,initial,acceptable
P00725,aadhaar,pan,name,Samuel Mathew,SAMUEL MATHEW,case_spacing,acceptable
P00725,aadhaar,marksheet_10,dob,2000-02-13,2000-02-14,day_shift,critical
P00725,aadhaar,birth_certificate,name,Samuel Mathew,Samel Mathew,spelling_variant,risky
P00726,aadhaar,pan,name,Pooja Pandey,Puja Pandey,spelling_variant,risky
P00726,aadhaar,marksheet_10,dob,2000-09-24,1999-09-24,year_shift,critical
P00727,aadhaar,pan,name,Jyothi Chowdary,JYOTHI CHOWDARY,case_spacing,acceptable
P00728,aadhaar,pan,name,Neethu Varghese,NEETHU VARGHESE,case_spacing,acceptable
P00729,aadhaar,pan,name,Omkar Patil,Omkaar Patil,spelling_variant,risky
P00730,aadhaar,pan,name,Girish Bhat,GIRISH BHAT,case_spacing,acceptable
P00730,aadhaar,passport,address,"No. 250, Temple Street, Koramangala, Hyderabad, Telangana - 500962","No. 124, 4th Cross, Malviya Nagar, Ahmedabad, Gujarat - 380584",different_address,risky
P00731,aadhaar,pan,name,Nithya Arun,NITHYA ARUN,case_spacing,acceptable
P00731,aadhaar,marksheet_10,name,Nithya Arun,NITHYA A,initial,acceptable
P00731,aadhaar,marksheet_12,name,Nithya Arun,NITHYA A,initial,acceptable
P00732,aadhaar,pan,name,Omkar Joshi,OMKAR JOSHI,case_spacing,acceptable
P00732,aadhaar,marksheet_10,dob,2003-09-09,2003-09-08,day_shift,critical
P00733,aadhaar,pan,name,Kiran Reddy,KIRAN REDDY,case_spacing,acceptable
P00733,aadhaar,marksheet_12,name,Kiran Reddy,Kirann Reddy,spelling_variant,risky
P00734,aadhaar,pan,name,Revathi Raju,REVATHI RAJU,case_spacing,acceptable
P00734,aadhaar,marksheet_10,name,Revathi Raju,REVATHI R,initial,acceptable
P00734,aadhaar,marksheet_12,name,Revathi Raju,REVATHI R,initial,acceptable
P00734,aadhaar,passport,name,Revathi Raju,Revati Raju,spelling_variant,risky
P00735,aadhaar,pan,name,Vaishnavi Sundar,VAISHNAVI SUNDAR,case_spacing,acceptable
P00735,aadhaar,marksheet_10,name,Vaishnavi Sundar,VAISHNAVI S,initial,acceptable
P00735,aadhaar,marksheet_12,name,Vaishnavi Sundar,VAISHNAVI S,initial,acceptable
P00736,aadhaar,pan,name,Raghavendra Hegde,RAGHAVENDRA HEGDE,case_spacing,acceptable
P00736,aadhaar,marksheet_12,father_name,Prashanth Hegde,Prashannth Hegde,spelling_variant,risky
P00737,aadhaar,pan,name,Zainab Pathan,ZAINAB PATHAN,case_spacing,acceptable
P00738,aadhaar,pan,name,Arif Sheikh,ARIF SHEIKH,case_spacing,acceptable
P00739,aadhaar,pan,name,Shilpa Shetty,Sheelpa Shetty,spelling_variant,risky
P00740,aadhaar,pan,name,Akhil Panicker,Akheel Panicker,spelling_variant,risky
P00741,aadhaar,pan,name,Joseph Fernandes,JOSEPH FERNANDES,case_spacing,acceptable
P00742,aadhaar,pan,name,John D'Souza,JOHN D'SOUZA,case_spacing,acceptable
P00743,aadhaar,pan,name,Dhwani Shah,DHWANI SHAH,case_spacing,acceptable
P00744,aadhaar,pan,name,Yamini Raju,YAMINI RAJU,case_spacing,acceptable
P00744,aadhaar,marksheet_10,name,Yamini Raju,YAMINI R,initial,acceptable
P00744,aadhaar,marksheet_12,name,Yamini Raju,YAMINI R,initial,acceptable
P00745,aadhaar,pan,name,Madhuri Raju,MADHURI RAJU,case_spacing,acceptable
P00746,aadhaar,pan,name,Indhu Vignesh,INDHU VIGNESH,case_spacing,acceptable
P00746,aadhaar,marksheet_10,name,Indhu Vignesh,INDHU V,initial,acceptable
P00746,aadhaar,marksheet_12,name,Indhu Vignesh,INDHU V,initial,acceptable
P00747,aadhaar,pan,name,Kavitha Bhat,KAVITHA BHAT,case_spacing,acceptable
P00747,aadhaar,birth_certificate,father_name,Manjunath Bhat,Manjunat Bhat,spelling_variant,risky
P00748,aadhaar,pan,name,Anjali Agarwal,ANJALI AGARWAL,case_spacing,acceptable
P00749,aadhaar,pan,name,Heena Qureshi,HEENA QURESHI,case_spacing,acceptable
P00750,aadhaar,pan,name,Sameer Pathan,SAMEER PATHAN,case_spacing,acceptable
P00750,aadhaar,marksheet_12,father_name,Abdul Pathan,Abdhul Pathan,spelling_variant,risky
P00751,aadhaar,pan,name,Arif Qureshi,ARIF QURESHI,case_spacing,acceptable
P00752,aadhaar,pan,name,Murugan Ramesh,MURUGAN RAMESH,case_spacing,acceptable
P00752,aadhaar,marksheet_10,name,Murugan Ramesh,MURUGAN R,initial,acceptable
P00752,aadhaar,marksheet_12,name,Murugan Ramesh,MURUGAN R,initial,acceptable
P00752,aadhaar,birth_certificate,name,Murugan Ramesh,R. Murugan,initial,acceptable
P00753,aadhaar,pan,name,Murugan Vignesh,MURUGAN VIGNESH,case_spacing,acceptable
P00753,aadhaar,marksheet_10,name,Murugan Vignesh,MURUGAN V,initial,acceptable
P00753,aadhaar,marksheet_12,name,Murugan Vignesh,MURUGAN V,initial,acceptable
P00754,aadhaar,pan,name,Madhuri Patel,MADHURI PATEL,case_spacing,acceptable
P00755,aadhaar,pan,name,Nandini Rao,NANDINI RAO,case_spacing,acceptable
P00756,aadhaar,pan,name,Keerthana Raju,KEERTHANA RAJU,case_spacing,acceptable
P00756,aadhaar,marksheet_10,name,Keerthana Raju,KEERTHANA R,initial,acceptable
P00756,aadhaar,marksheet_12,name,Keerthana Raju,KEERTHANA R,initial,acceptable
P00757,aadhaar,pan,name,Shilpa Gowda,SHILPA GOWDA,case_spacing,acceptable
P00758,aadhaar,pan,name,Sundar Manikandan,SUNDAR MANIKANDAN,case_spacing,acceptable
P00758,aadhaar,marksheet_10,name,Sundar Manikandan,SUNDAR M,initial,acceptable
P00758,aadhaar,marksheet_12,name,Sundar Manikandan,SUNDAR M,initial,acceptable
P00759,aadhaar,pan,name,Pallavi Bhat,PALLAVI BHAT,case_spacing,acceptable
P00760,aadhaar,pan,name,Jyothi Raju,JYOTHI RAJU,case_spacing,acceptable
P00760,aadhaar,passport,address,"No. 62, Main Road, Sector 62, Kolkata, West Bengal - 700720","No. 44, 2nd Main, Banjara Hills, Thiruvananthapuram, Kerala - 695748",different_address,risky
P00761,aadhaar,pan,name,Anirban Das,ANIRBAN DAS,case_spacing,acceptable
P00762,aadhaar,pan,name,Parth Deshpande,PARTH DESHPANDE,case_spacing,acceptable
P00762,aadhaar,marksheet_10,dob,1998-05-18,1998-05-17,day_shift,critical
P00763,aadhaar,pan,name,Sahana Hegde,SAHANA HEGDE,case_spacing,acceptable
P00764,aadhaar,pan,name,Indhu Murugan,INDHU MURUGAN,case_spacing,acceptable
P00764,aadhaar,marksheet_10,name,Indhu Murugan,INDHU M,initial,acceptable
P00764,aadhaar,marksheet_12,name,Indhu Murugan,INDHU M,initial,acceptable
P00765,aadhaar,pan,name,Indhu Kannan,INDHU KANNAN,case_spacing,acceptable
P00765,aadhaar,pan,dob,2002-07-14,2001-07-14,year_shift,critical
P00765,aadhaar,marksheet_10,name,Indhu Kannan,INDHU K,initial,acceptable
P00765,aadhaar,marksheet_12,name,Indhu Kannan,INDHU K,initial,acceptable
P00766,aadhaar,pan,name,Jyothi Raju,JYOTHI RAJU,case_spacing,acceptable
P00767,aadhaar,pan,name,Amit Singh,AMIT SINGH,case_spacing,acceptable
P00768,aadhaar,pan,name,Kumar Saravanan,KUMAR SARAVANAN,case_spacing,acceptable
P00768,aadhaar,marksheet_10,name,Kumar Saravanan,KUMAR S,initial,acceptable
P00768,aadhaar,marksheet_12,name,Kumar Saravanan,KUMAR S,initial,acceptable
P00769,aadhaar,pan,name,Kannan Saravanan,KANNAN SARAVANAN,case_spacing,acceptable
P00769,aadhaar,marksheet_10,name,Kannan Saravanan,KANNAN S,initial,acceptable
P00769,aadhaar,marksheet_12,name,Kannan Saravanan,KANNAN S,initial,acceptable
P00770,aadhaar,pan,name,Ritu Tiwari,RITU TIWARI,case_spacing,acceptable
P00771,aadhaar,pan,name,Bhavani Varma,BHAVANI VARMA,case_spacing,acceptable
P00772,aadhaar,pan,name,Manikandan Sundar,MANIKANDAN SUNDAR,case_spacing,acceptable
P00772,aadhaar,marksheet_10,name,Manikandan Sundar,MANIKANDAN S,initial,acceptable
P00772,aadhaar,marksheet_12,name,Manikandan Sundar,MANIKANDAN S,initial,acceptable
P00773,aadhaar,pan,name,Murugan Raju,MURUGAN RAJU,case_spacing,acceptable
P00773,aadhaar,marksheet_10,name,Murugan Raju,MURUGAN R,initial,acceptable
P00773,aadhaar,marksheet_10,dob,2002-07-13,2001-07-13,year_shift,critical
P00773,aadhaar,marksheet_12,name,Murugan Raju,MURUGAN R,initial,acceptable
P00774,aadhaar,pan,name,Priya Saravanan,PRIYA SARAVANAN,case_spacing,acceptable
P00774,aadhaar,marksheet_10,name,Priya Saravanan,PRIYA S,initial,acceptable
P00774,aadhaar,marksheet_12,name,Priya Saravanan,PRIYA S,initial,acceptable
P00775,aadhaar,pan,name,Abdul Pathan,ABDUL PATHAN,case_spacing,acceptable
P00776,aadhaar,pan,name,Prasad Naidu,PRASAD NAIDU,case_spacing,acceptable
P00777,aadhaar,pan,name,Simran Tiwari,SIMRAN TIWARI,case_spacing,acceptable
P00778,aadhaar,pan,name,Sushma Verma,SUSHMA VERMA,case_spacing,acceptable
P00779,aadhaar,pan,name,Shreya Yadav,SHREYA YADAV,case_spacing,acceptable
P00779,aadhaar,marksheet_10,name,Shreya Yadav,Shreyaa Yadav,spelling_variant,risky
P00780,aadhaar,pan,name,Anirban Das,Ainrban Das,spelling_variant,risky
P00781,aadhaar,pan,name,Asha Rao,ASHA RAO,case_spacing,acceptable
P00782,aadhaar,pan,name,Archana Pandey,ARCHANA PANDEY,case_spacing,acceptable
P00783,aadhaar,pan,name,Rajib Das,RAJIB DAS,case_spacing,acceptable
P00784,aadhaar,pan,name,Sayan Chatterjee,SAYAN CHATTERJEE,case_spacing,acceptable
P00784,aadhaar,marksheet_10,name,Sayan Chatterjee,Sayn Chatterjee,spelling_variant,risky
P00785,aadhaar,pan,name,John D'Souza,JOHN D'SOUZA,case_spacing,acceptable
P00785,aadhaar,marksheet_10,dob,1998-02-22,1999-02-22,year_shift,critical
P00786,aadhaar,pan,name,Lavanya Rao,LAVANYA RAO,case_spacing,acceptable
P00786,aadhaar,passport,name,Lavanya Rao,Laanya Rao,spelling_variant,risky
P00787,aadhaar,pan,name,Divya Rao,DIVYA RAO,case_spacing,acceptable
P00788,aadhaar,pan,name,Geetha Shetty,GEETHA SHETTY,case_spacing,acceptable
P00788,aadhaar,pan,dob,2000-07-19,1999-07-19,year_shift,critical
P00789,aadhaar,pan,name,Jyothi Chowdary,JYOTHI CHOWDARY,case_spacing,acceptable
P00789,aadhaar,pan,dob,1999-02-16,1999-02-18,day_shift,critical
P00790,aadhaar,pan,name,Sayali Patel,Sayalee Patel,spelling_variant,risky
P00791,aadhaar,pan,name,Srinivas Chowdary,SRINIVAS CHOWDARY,case_spacing,acceptable
P00791,aadhaar,passport,address,"No. 250, Nehru Street, Navrangpura, Noida, Uttar Pradesh - 201832","No. 52, Park Avenue, Salt Lake, Coimbatore, Tamil Nadu - 641336",different_address,risky
P00792,aadhaar,pan,name,Neha Chauhan,NEHA CHAUHAN,case_spacing,acceptable
P00792,aadhaar,marksheet_12,name,Neha Chauhan,Sanjay Tiwari,different_person,critical
P00793,aadhaar,pan,name,Suresh Rao,SURESH RAO,case_spacing,acceptable
P00794,aadhaar,pan,name,Swathi Chowdary,Swatthi Chowdary,spelling_variant,risky
P00795,aadhaar,pan,name,Komal Pandey,KOMAL PANDEY,case_spacing,acceptable
P00795,aadhaar,marksheet_10,dob,1998-02-21,1998-02-23,day_shift,critical
P00795,aadhaar,marksheet_12,name,Komal Pandey,Sandeep Gupta,different_person,critical
P00796,aadhaar,pan,name,Madhuri Raju,MADHURI RAJU,case_spacing,acceptable
P00797,aadhaar,pan,name,Simran Chauhan,SIMRAN CHAUHAN,case_spacing,acceptable
P00797,aadhaar,marksheet_12,father_name,Amit Chauhan,Ameet Chauhan,spelling_variant,risky
P00798,aadhaar,pan,name,Sayali Mehta,SAYALI MEHTA,case_spacing,acceptable
P00799,aadhaar,pan,name,Grace Fernandes,GRACE FERNANDES,case_spacing,acceptable
P00800,aadhaar,pan,name,Neha Sharma,NEHA SHARMA,case_spacing,acceptable
P00801,aadhaar,pan,name,Debashis Roy,DEBASHIS ROY,case_spacing,acceptable
P00802,aadhaar,pan,name,Neha Mishra,NEHA MISHRA,case_spacing,acceptable
P00802,aadhaar,marksheet_12,name,Neha Mishra,Noha Mishra,spelling_variant,risky
P00803,aadhaar,pan,name,Rajib Bose,RAJIB BOSE,case_spacing,acceptable
P00804,aadhaar,pan,name,Sruthi Panicker,SRUTHI PANICKER,case_spacing,acceptable
P00805,aadhaar,pan,name,Sneha Chauhan,SNEHA CHAUHAN,case_spacing,acceptable
P00805,aadhaar,marksheet_12,name,Sneha Chauhan,Shneha Chauhan,spelling_variant,risky
P00806,aadhaar,pan,name,Simran Mishra,SIMRAN MISHRA,case_spacing,acceptable
P00807,aadhaar,pan,name,Tanushree Chatterjee,TANUSHREE CHATTERJEE,case_spacing,acceptable
P00808,aadhaar,pan,name,Snehal Patil,SNEHAL PATIL,case_spacing,acceptable
P00808,aadhaar,pan,father_name,Omkar Patil,Omkaar Patil,spelling_variant,risky
P00808,aadhaar,marksheet_12,name,Snehal Patil,Saehal Patil,spelling_variant,risky
P00809,aadhaar,pan,name,Fathima Ansari,FATHIMA ANSARI,case_spacing,acceptable
P00810,aadhaar,pan,name,Raghavendra Hegde,RAGHAVENDRA HEGDE,case_spacing,acceptable
P00811,aadhaar,pan,name,Joseph Mathew,JOSEPH MATHEW,case_spacing,acceptable
P00812,aadhaar,pan,name,Karthik Vignesh,KARTHIK VIGNESH,case_spacing,acceptable
P00812,aadhaar,marksheet_10,name,Karthik Vignesh,KARTHIK V,initial,acceptable
P00812,aadhaar,marksheet_12,name,Karthik Vignesh,KARTHIK V,initial,acceptable
P00813,aadhaar,pan,name,Aniket Patel,ANIKET PATEL,case_spacing,acceptable
P00813,aadhaar,marksheet_10,dob,2004-08-23,2004-08-25,day_shift,critical
P00814,aadhaar,pan,name,Mahesh Rao,MAHESH RAO,case_spacing,acceptable
P00815,aadhaar,pan,name,Prasad Naidu,PRASAD NAIDU,case_spacing,acceptable
P00816,aadhaar,pan,name,Mahesh Rao,MAHESH RAO,case_spacing,acceptable
P00817,aadhaar,pan,name,Sangeetha Senthil,SANGEETHA SENTHIL,case_spacing,acceptable
P00817,aadhaar,marksheet_10,name,Sangeetha Senthil,SANGEETHA S,initial,acceptable
P00817,aadhaar,marksheet_12,name,Sangeetha Senthil,SANGEETHA S,initial,acceptable
P00818,aadhaar,pan,name,Sundar Saravanan,SUNDAR SARAVANAN,case_spacing,acceptable
P00818,aadhaar,marksheet_10,name,Sundar Saravanan,SUNDAR S,initial,acceptable
P00818,aadhaar,marksheet_12,name,Sundar Saravanan,SUNDAR S,initial,acceptable
P00819,aadhaar,pan,name,Komal Singh,KOMAL SINGH,case_spacing,acceptable
P00820,aadhaar,pan,name,Sowmya Ramesh,SOWMYA RAMESH,case_spacing,acceptable
P00820,aadhaar,marksheet_10,name,Sowmya Ramesh,SOWMYA R,initial,acceptable
P00820,aadhaar,marksheet_12,name,Sowmya Ramesh,SOWMYA R,initial,acceptable
P00821,aadhaar,pan,name,Sagar Desai,SAGAR DESAI,case_spacing,acceptable
P00822,aadhaar,pan,name,Arnab Ghosh,ARNAB GHOSH,case_spacing,acceptable
P00822,aadhaar,pan,dob,1998-06-05,1999-06-05,year_shift,critical
P00823,aadhaar,pan,name,Sanjay Tiwari,SANJAY TIWARI,case_spacing,acceptable
P00823,aadhaar,marksheet_12,name,Sanjay Tiwari,Sannjay Tiwari,spelling_variant,risky
P00824,aadhaar,pan,name,Farhan Sheikh,FARHAN SHEIKH,case_spacing,acceptable
P00824,aadhaar,marksheet_10,name,Farhan Sheikh,Farhann Sheikh,spelling_variant,risky
P00825,aadhaar,pan,name,Sameer Sheikh,SAMEER SHEIKH,case_spacing,acceptable
P00826,aadhaar,pan,name,Vishnu Pillai,Vihnu Pillai,spelling_variant,risky
P00827,aadhaar,pan,name,Pradeep Agarwal,PRADEEP AGARWAL,case_spacing,acceptable
P00828,aadhaar,pan,name,Swathi Rao,SWATHI RAO,case_spacing,acceptable
P00829,aadhaar,pan,name,Jithin Varghese,JITHIN VARGHESE,case_spacing,acceptable
P00829,aadhaar,marksheet_10,dob,1999-04-27,1999-04-25,day_shift,critical
P00829,aadhaar,passport,address,"No. 222, Station Road, Malviya Nagar, Mumbai, Maharashtra - 400197","No. 222, Gandhi Road, Saket, Mumbai, Maharashtra - 400826",different_address,risky
P00830,aadhaar,pan,name,Elango Prakash,ELANGO PRAKASH,case_spacing,acceptable
P00830,aadhaar,marksheet_10,name,Elango Prakash,ELANGO P,initial,acceptable
P00830,aadhaar,marksheet_12,name,Elango Prakash,Elano Prakash,spelling_variant,risky
P00831,aadhaar,pan,name,Rohit Pandey,ROHIT PANDEY,case_spacing,acceptable
P00831,aadhaar,passport,address,"No. 46, Station Road, Indiranagar, Thiruvananthapuram, Kerala - 695190","No. 21, Nehru Street, Salt Lake, Mysuru, Karnataka - 570395",different_address,risky
P00832,aadhaar,pan,name,Gopika Varghese,GOPIKA VARGHESE,case_spacing,acceptable
P00833,aadhaar,pan,name,Deepak Chauhan,DEEPAK CHAUHAN,case_spacing,acceptable
P00834,aadhaar,pan,name,Rashmi Gowda,RASHMI GOWDA,case_spacing,acceptable
P00834,aadhaar,birth_certificate,name,Rashmi Gowda,Rasumi Gowda,spelling_variant,risky
P00835,aadhaar,pan,name,Girish Shetty,GIRISH SHETTY,case_spacing,acceptable
P00836,aadhaar,pan,name,Rahul Sharma,RAHUL SHARMA,case_spacing,acceptable
P00837,aadhaar,pan,name,Jennifer Mathew,JENNIFER MATHEW,case_spacing,acceptable
P00837,aadhaar,passport,address,"No. 68, 4th Cross, Banjara Hills, Pune, Maharashtra - 411703","No. 132, Temple Street, T Nagar, Bengaluru, Karnataka - 560607",different_address,risky
P00838,aadhaar,pan,name,Omkar Patil,OMKAR PATIL,case_spacing,acceptable
P00838,aadhaar,marksheet_10,name,Omkar Patil,Omkaar Patil,spelling_variant,risky
P00838,aadhaar,marksheet_10,dob,2004-02-02,2004-02-01,day_shift,critical
P00839,aadhaar,pan,name,Payel Roy,PAYEL ROY,case_spacing,acceptable
P00840,aadhaar,pan,name,Sreejith Pillai,Sagar Patel,different_person,critical
P00841,aadhaar,pan,name,Nandini Hegde,NANDINI HEGDE,case_spacing,acceptable
P00841,aadhaar,passport,name,Nandini Hegde,Nandhini Hegde,spelling_variant,risky
P00842,aadhaar,pan,name,Revathi Selvam,REVATHI SELVAM,case_spacing,acceptable
P00842,aadhaar,marksheet_10,name,Revathi Selvam,REVATHI S,initial,acceptable
P00842,aadhaar,marksheet_12,name,Revathi Selvam,REVATHI S,initial,acceptable
P00843,aadhaar,pan,name,Sandeep Singh,SANDEEP SINGH,case_spacing,acceptable
P00844,aadhaar,pan,name,Kalaiselvi Balaji,KALAISELVI BALAJI,case_spacing,acceptable
P00844,aadhaar,marksheet_10,name,Kalaiselvi Balaji,KALAISELVI B,initial,acceptable
P00844,aadhaar,marksheet_12,name,Kalaiselvi Balaji,KALAISELVI B,initial,acceptable
P00845,aadhaar,pan,name,Sagar Patil,SAGAR PATIL,case_spacing,acceptable
P00845,aadhaar,marksheet_10,name,Sagar Patil,Sagaar Patil,spelling_variant,risky
P00845,aadhaar,passport,address,"No. 9, Park Avenue, Anna Nagar, Coimbatore, Tamil Nadu - 641618","No. 74, Lake View Road, Saket, Noida, Uttar Pradesh - 201742",different_address,risky
P00846,aadhaar,pan,name,Anjali Sharma,ANJALI SHARMA,case_spacing,acceptable
P00846,aadhaar,marksheet_10,name,Anjali Sharma,Annjali Sharma,spelling_variant,risky
P00847,aadhaar,pan,name,Sushma Verma,SUSHMA VERMA,case_spacing,acceptable
P00847,aadhaar,marksheet_10,dob,2001-10-07,2002-10-07,year_shift,critical
P00848,aadhaar,pan,name,Malathi Kannan,Maalathi Kannan,spelling_variant,risky
P00848,aadhaar,marksheet_10,name,Malathi Kannan,MALATHI K,initial,acceptable
P00848,aadhaar,marksheet_12,name,Malathi Kannan,MALATHI K,initial,acceptable
P00849,aadhaar,pan,name,Bhavani Naidu,BHAVANI NAIDU,case_spacing,acceptable
P00849,aadhaar,passport,dob,2003-04-04,2003-04-05,day_shift,critical
P00850,aadhaar,pan,name,Priyanka Gupta,PRIYANKA GUPTA,case_spacing,acceptable
P00851,aadhaar,pan,name,Archana Pandey,ARCHANA PANDEY,case_spacing,acceptable
P00852,aadhaar,pan,name,Rajib Mukherjee,RAJIB MUKHERJEE,case_spacing,acceptable
P00852,aadhaar,passport,name,Rajib Mukherjee,Rajeeb Mukherjee,spelling_variant,risky
P00853,aadhaar,pan,name,Vishnu Menon,VISHNU MENON,case_spacing,acceptable
P00853,aadhaar,marksheet_12,father_name,Jithin Menon,Jitin Menon,spelling_variant,risky
P00854,aadhaar,pan,name,Sharon D'Souza,SHARON D'SOUZA,case_spacing,acceptable
P00855,aadhaar,pan,name,Aniket Mehta,ANIKET MEHTA,case_spacing,acceptable
P00855,aadhaar,passport,dob,2003-04-29,2003-05-01,day_shift,critical
P00856,aadhaar,pan,name,Haritha Varma,Harithha Varma,spelling_variant,risky
P00857,aadhaar,pan,name,Shreya Mishra,SHREYA MISHRA,case_spacing,acceptable
P00858,aadhaar,pan,name,Naveen Rao,NAVEEN RAO,case_spacing,acceptable
P00859,aadhaar,pan,name,Salman Syed,SALMAN SYED,case_spacing,acceptable
P00859,aadhaar,marksheet_10,dob,2005-04-19,2004-04-19,year_shift,critical
P00859,aadhaar,marksheet_12,name,Salman Syed,Shalman Syed,spelling_variant,risky
P00860,aadhaar,pan,name,Sneha Mishra,SNEHA MISHRA,case_spacing,acceptable
P00861,aadhaar,pan,name,Archana Chauhan,ARCHANA CHAUHAN,case_spacing,acceptable
P00861,aadhaar,marksheet_10,name,Archana Chauhan,Arrchana Chauhan,spelling_variant,risky
P00862,aadhaar,pan,name,Farhan Qureshi,FARHAN QURESHI,case_spacing,acceptable
P00862,aadhaar,marksheet_12,name,Farhan Qureshi,Faarhan Qureshi,spelling_variant,risky
P00863,aadhaar,pan,name,Ishita Chatterjee,ISHITA CHATTERJEE,case_spacing,acceptable
P00864,aadhaar,pan,name,Archana Chauhan,ARCHANA CHAUHAN,case_spacing,acceptable
P00865,aadhaar,pan,name,Payel Bose,PAYEL BOSE,case_spacing,acceptable
P00865,aadhaar,marksheet_10,dob,2000-05-28,1999-05-28,year_shift,critical
P00866,aadhaar,pan,name,Sundar Elango,SUNDAR ELANGO,case_spacing,acceptable
P00866,aadhaar,marksheet_10,name,Sundar Elango,SUNDAR E,initial,acceptable
P00866,aadhaar,marksheet_10,dob,2000-03-20,2000-03-21,day_shift,critical
P00866,aadhaar,marksheet_12,name,Sundar Elango,SUNDAR E,initial,acceptable
P00867,aadhaar,pan,name,Sanjay Pandey,SANJAY PANDEY,case_spacing,acceptable
P00867,aadhaar,marksheet_10,name,Sanjay Pandey,Prashanth Hegde,different_person,critical
P00868,aadhaar,pan,name,Rutuja Joshi,RUTUJA JOSHI,case_spacing,acceptable
P00869,aadhaar,pan,name,Pradeep Tiwari,PRADEEP TIWARI,case_spacing,acceptable
P00869,aadhaar,marksheet_10,name,Pradeep Tiwari,Pradheep Tiwari,spelling_variant,risky
P00870,aadhaar,pan,name,Rahul Panicker,RAHUL PANICKER,case_spacing,acceptable
P00870,aadhaar,marksheet_10,name,Rahul Panicker,Rahull Panicker,spelling_variant,risky
P00870,aadhaar,marksheet_10,father_name,Anand Panicker,Annand Panicker,spelling_variant,risky
P00871,aadhaar,pan,name,Naveen Shetty,NAVEEN SHETTY,case_spacing,acceptable
P00872,aadhaar,pan,name,Moumita Mukherjee,MOUMITA MUKHERJEE,case_spacing,acceptable
P00872,aadhaar,marksheet_10,name,Moumita Mukherjee,Anjali Mishra,different_person,critical
P00873,aadhaar,pan,name,Mohammed Ansari,MOHAMMED ANSARI,case_spacing,acceptable
P00873,aadhaar,birth_certificate,father_name,Farhan Ansari,Farhann Ansari,spelling_variant,risky
P00874,aadhaar,pan,name,Meena Siva,MEENA SIVA,case_spacing,acceptable
P00874,aadhaar,marksheet_10,name,Meena Siva,MEENA S,initial,acceptable
P00874,aadhaar,marksheet_12,name,Meena Siva,MEENA S,initial,acceptable
P00875,aadhaar,pan,name,Murugan Madhavan,MURUGAN MADHAVAN,case_spacing,acceptable
P00875,aadhaar,marksheet_10,name,Murugan Madhavan,MURUGAN M,initial,acceptable
P00875,aadhaar,marksheet_12,name,Murugan Madhavan,MURUGAN M,initial,acceptable
P00875,aadhaar,birth_certificate,name,Murugan Madhavan,M. Murugan,initial,acceptable
P00876,aadhaar,pan,name,Debashis Das,DEBASHIS DAS,case_spacing,acceptable
P00876,aadhaar,birth_certificate,father_name,Rajib Das,Rajeeb Das,spelling_variant,risky
P00877,aadhaar,pan,name,Raghavendra Hegde,RAGHAVENDRA HEGDE,case_spacing,acceptable
P00877,aadhaar,marksheet_10,dob,2004-08-12,2004-12-08,day_month_swap,critical
P00878,aadhaar,pan,name,Vishnu Pillai,Viishnu Pillai,spelling_variant,risky
P00879,aadhaar,pan,name,Nikhil Deshpande,NIKHIL DESHPANDE,case_spacing,acceptable
P00880,aadhaar,pan,name,Snehal Shah,SNEHAL SHAH,case_spacing,acceptable
P00880,aadhaar,marksheet_12,name,Snehal Shah,Snhal Shah,spelling_variant,risky
P00881,aadhaar,pan,name,Omkar Shah,OMKAR SHAH,case_spacing,acceptable
P00882,aadhaar,pan,name,Rahul Verma,RAHUL VERMA,case_spacing,acceptable
P00883,aadhaar,pan,name,Balaji Selvam,BALAJI SELVAM,case_spacing,acceptable
P00883,aadhaar,marksheet_10,name,Balaji Selvam,BALAJI S,initial,acceptable
P00883,aadhaar,marksheet_10,father_name,Selvam,Sellvam,spelling_variant,risky
P00883,aadhaar,marksheet_12,name,Balaji Selvam,Blaji Selvam,spelling_variant,risky
P00884,aadhaar,pan,name,Priyanka Sharma,PRIYANKA SHARMA,case_spacing,acceptable
P00884,aadhaar,marksheet_12,father_name,Rahul Sharma,Rahool Sharma,spelling_variant,risky
P00885,aadhaar,pan,name,Kiran Naidu,KIRAN NAIDU,case_spacing,acceptable
P00886,aadhaar,pan,name,Divya Pillai,DIVYA PILLAI,case_spacing,acceptable
P00887,aadhaar,pan,name,Divya Pillai,DIVYA PILLAI,case_spacing,acceptable
P00888,aadhaar,pan,name,Bhoomika Kulkarni,BHOOMIKA KULKARNI,case_spacing,acceptable
P00889,aadhaar,pan,name,Madhuri Shah,MADHURI SHAH,case_spacing,acceptable
P00889,aadhaar,passport,address,"No. 76, MG Road, Sector 62, Bengaluru, Karnataka - 560457","No. 148, Temple Street, Indiranagar, Mumbai, Maharashtra - 400612",different_address,risky
P00890,aadhaar,pan,name,Indhu Sundar,INDHU SUNDAR,case_spacing,acceptable
P00890,aadhaar,marksheet_10,name,Indhu Sundar,INDHU S,initial,acceptable
P00890,aadhaar,marksheet_12,name,Indhu Sundar,INDHU S,initial,acceptable
P00890,aadhaar,birth_certificate,name,Indhu Sundar,S. Indhu,initial,acceptable
P00890,aadhaar,birth_certificate,father_name,Sundar,Sundaar,spelling_variant,risky
P00891,aadhaar,pan,name,Riya Mishra,RIYA MISHRA,case_spacing,acceptable
P00892,aadhaar,pan,name,Sumit Singh,SUMIT SINGH,case_spacing,acceptable
P00893,aadhaar,pan,name,Ankit Sharma,ANKIT SHARMA,case_spacing,acceptable
P00893,aadhaar,marksheet_12,name,Ankit Sharma,Annkit Sharma,spelling_variant,risky
P00894,aadhaar,pan,name,John Fernandes,JOHN FERNANDES,case_spacing,acceptable
P00895,aadhaar,pan,name,Dhwani Patel,DHWANI PATEL,case_spacing,acceptable
P00895,aadhaar,marksheet_12,name,Dhwani Patel,Dhhwani Patel,spelling_variant,risky
P00896,aadhaar,pan,name,Komal Yadav,KOMAL YADAV,case_spacing,acceptable
P00896,aadhaar,marksheet_10,father_name,Amit Yadav,Ameet Yadav,spelling_variant,risky
P00896,aadhaar,marksheet_10,dob,2002-05-06,2002-06-05,day_month_swap,critical
P00897,aadhaar,pan,name,Archana Verma,ARCHANA VERMA,case_spacing,acceptable
P00898,aadhaar,pan,name,Sunitha Rao,SUNITHA RAO,case_spacing,acceptable
P00899,aadhaar,pan,name,Gopika Panicker,GOPIKA PANICKER,case_spacing,acceptable
P00899,aadhaar,pan,dob,1998-12-23,1998-12-22,day_shift,critical
P00900,aadhaar,pan,name,Harini Selvam,HARINI SELVAM,case_spacing,acceptable
P00900,aadhaar,marksheet_10,name,Harini Selvam,HARINI S,initial,acceptable
P00900,aadhaar,marksheet_12,name,Harini Selvam,HARINI S,initial,acceptable
P00901,aadhaar,pan,name,Murugan Elango,MURUGAN ELANGO,case_spacing,acceptable
P00901,aadhaar,marksheet_10,name,Murugan Elango,MURUGAN E,initial,acceptable
P00901,aadhaar,marksheet_10,dob,2001-12-17,2001-12-15,day_shift,critical
P00901,aadhaar,marksheet_12,name,Murugan Elango,MURUGAN E,initial,acceptable
P00902,aadhaar,pan,name,Rahul Varghese,RAHUL VARGHESE,case_spacing,acceptable
P00903,aadhaar,pan,name,Raghavendra Shetty,RAGHAVENDRA SHETTY,case_spacing,acceptable
P00904,aadhaar,pan,name,Naveen Rao,NAVEEN RAO,case_spacing,acceptable
P00905,aadhaar,pan,name,Sanjay Tiwari,SANJAY TIWARI,case_spacing,acceptable
P00906,aadhaar,pan,name,Naveen Gowda,NAVEEN GOWDA,case_spacing,acceptable
P00907,aadhaar,pan,name,Madhuri Varma,MADHURI VARMA,case_spacing,acceptable
P00908,aadhaar,pan,name,Abirami Karthik,ABIRAMI KARTHIK,case_spacing,acceptable
P00908,aadhaar,marksheet_10,name,Abirami Karthik,ABIRAMI K,initial,acceptable
P00908,aadhaar,marksheet_12,name,Abirami Karthik,ABIRAMI K,initial,acceptable
P00909,aadhaar,pan,name,Bhavani Naidu,BHAVANI NAIDU,case_spacing,acceptable
P00910,aadhaar,pan,name,Snehal Patil,SNEHAL PATIL,case_spacing,acceptable
P00911,aadhaar,pan,name,Arun Sundar,ARUN SUNDAR,case_spacing,acceptable
P00911,aadhaar,marksheet_10,name,Arun Sundar,ARUN S,initial,acceptable
P00911,aadhaar,marksheet_12,name,Arun Sundar,ARUN S,initial,acceptable
P00912,aadhaar,pan,name,Meena Vignesh,MEENA VIGNESH,case_spacing,acceptable
P00912,aadhaar,marksheet_10,name,Meena Vignesh,MEENA V,initial,acceptable
P00912,aadhaar,marksheet_12,name,Meena Vignesh,MEENA V,initial,acceptable
P00912,aadhaar,birth_certificate,name,Meena Vignesh,V. Meena,initial,acceptable
P00913,aadhaar,pan,name,Sravani Reddy,SRAVANI REDDY,case_spacing,acceptable
P00913,aadhaar,birth_certificate,name,Sravani Reddy,Sraavani Reddy,spelling_variant,risky
P00914,aadhaar,pan,name,Pradeep Singh,PRADEEP SINGH,case_spacing,acceptable
P00914,aadhaar,marksheet_10,dob,1998-03-25,1999-03-25,year_shift,critical
P00915,aadhaar,pan,name,Irfan Ansari,IRFAN ANSARI,case_spacing,acceptable
P00916,aadhaar,pan,name,Ankit Mishra,ANKIT MISHRA,case_spacing,acceptable
P00917,aadhaar,pan,name,Ishita Ghosh,ISHITA GHOSH,case_spacing,acceptable
P00918,aadhaar,pan,name,Reshma Pillai,RESHMA PILLAI,case_spacing,acceptable
P00919,aadhaar,pan,name,Prachi Joshi,PRACHI JOSHI,case_spacing,acceptable
P00920,aadhaar,pan,name,Aswathy Menon,Aswtthy Menon,spelling_variant,risky
P00920,aadhaar,marksheet_10,name,Aswathy Menon,John Joseph,different_person,critical
P00921,aadhaar,pan,name,Teresa Pereira,TERESA PEREIRA,case_spacing,acceptable
P00922,aadhaar,pan,name,Sayali Kulkarni,SAYALI KULKARNI,case_spacing,acceptable
P00923,aadhaar,pan,name,Farhan Pathan,FARHAN PATHAN,case_spacing,acceptable
P00924,aadhaar,pan,name,Shreya Verma,SHREYA VERMA,case_spacing,acceptable
P00925,aadhaar,pan,name,Sowmya Arun,SOWMYA ARUN,case_spacing,acceptable
P00925,aadhaar,marksheet_10,name,Sowmya Arun,SOWMYA A,initial,acceptable
P00925,aadhaar,marksheet_12,name,Sowmya Arun,Swmya Arun,spelling_variant,risky
P00926,aadhaar,pan,name,Archana Gupta,ARCHANA GUPTA,case_spacing,acceptable
P00927,aadhaar,pan,name,Ayesha Syed,AYESHA SYED,case_spacing,acceptable
P00927,aadhaar,pan,father_name,Farhan Syed,Farhann Syed,spelling_variant,risky
P00928,aadhaar,pan,name,Reshma Panicker,RESHMA PANICKER,case_spacing,acceptable
P00929,aadhaar,pan,name,Girish Rao,GIRISH RAO,case_spacing,acceptable
P00930,aadhaar,pan,name,Sundar Velu,SUNDAR VELU,case_spacing,acceptable
P00930,aadhaar,marksheet_10,name,Sundar Velu,SUNDAR V,initial,acceptable
P00930,aadhaar,marksheet_12,name,Sundar Velu,SUNDAR V,initial,acceptable
P00931,aadhaar,pan,name,Nazia Qureshi,NAZIA QURESHI,case_spacing,acceptable
P00932,aadhaar,pan,name,Joseph Joseph,JOSEPH JOSEPH,case_spacing,acceptable
P00932,aadhaar,marksheet_10,dob,2005-10-29,2006-10-28,year_shift,critical
P00933,aadhaar,pan,name,Madhuri Chowdary,MADHURI CHOWDARY,case_spacing,acceptable
P00934,aadhaar,pan,name,Vaishnavi Arun,VAISHNAVI ARUN,case_spacing,acceptable
P00934,aadhaar,marksheet_10,name,Vaishnavi Arun,VAISHNAVI A,initial,acceptable
P00934,aadhaar,marksheet_12,name,Vaishnavi Arun,VAISHNAVI A,initial,acceptable
P00934,aadhaar,birth_certificate,name,Vaishnavi Arun,A. Vaishnavi,initial,acceptable
P00935,aadhaar,pan,name,Ravi Varma,RAVI VARMA,case_spacing,acceptable
P00935,aadhaar,marksheet_12,name,Ravi Varma,Rawi Varma,spelling_variant,risky
P00936,aadhaar,pan,name,Sangeetha Velu,SANGEETHA VELU,case_spacing,acceptable
P00936,aadhaar,marksheet_10,name,Sangeetha Velu,SANGEETHA V,initial,acceptable
P00936,aadhaar,marksheet_10,dob,1998-10-04,1998-10-05,day_shift,critical
P00936,aadhaar,marksheet_12,name,Sangeetha Velu,SANGEETHA V,initial,acceptable
P00937,aadhaar,pan,name,Lakshmi Vignesh,LAKSHMI VIGNESH,case_spacing,acceptable
P00937,aadhaar,marksheet_10,name,Lakshmi Vignesh,LAKSHMI V,initial,acceptable
P00937,aadhaar,marksheet_12,name,Lakshmi Vignesh,LAKSHMI V,initial,acceptable
P00938,aadhaar,pan,name,Lavanya Raju,LAVANYA RAJU,case_spacing,acceptable
P00938,aadhaar,pan,dob,2004-03-24,2004-03-25,day_shift,critical
P00939,aadhaar,pan,name,Balaji Kumar,BALAJI KUMAR,case_spacing,acceptable
P00939,aadhaar,marksheet_10,name,Balaji Kumar,BALAJI K,initial,acceptable
P00939,aadhaar,marksheet_12,name,Balaji Kumar,BALAJI K,initial,acceptable
P00940,aadhaar,pan,name,Senthil Arun,SENTHIL ARUN,case_spacing,acceptable
P00940,aadhaar,pan,father_name,Arun,Aroon,spelling_variant,risky
P00940,aadhaar,marksheet_10,name,Senthil Arun,SENTHIL A,initial,acceptable
P00940,aadhaar,marksheet_12,name,Senthil Arun,SENTHIL A,initial,acceptable
P00941,aadhaar,pan,name,Asha Shetty,ASHA SHETTY,case_spacing,acceptable
P00942,aadhaar,pan,name,Arif Khan,ARIF KHAN,case_spacing,acceptable
P00943,aadhaar,pan,name,Sreya Mukherjee,SREYA MUKHERJEE,case_spacing,acceptable
P00943,aadhaar,pan,dob,2000-06-30,2000-07-01,day_shift,critical
P00943,aadhaar,marksheet_12,name,Sreya Mukherjee,Merlin Fernandes,different_person,critical
P00944,aadhaar,pan,name,Anirban Banerjee,ANIRBAN BANERJEE,case_spacing,acceptable
P00945,aadhaar,pan,name,Madhuri Raju,MADHURI RAJU,case_spacing,acceptable
P00946,aadhaar,pan,name,Abdul Ansari,ABDUL ANSARI,case_spacing,acceptable
P00947,aadhaar,pan,name,Archana Sharma,ARCHANA SHARMA,case_spacing,acceptable
P00947,aadhaar,passport,name,Archana Sharma,Archtna Sharma,spelling_variant,risky
P00948,aadhaar,pan,name,Lakshmi Kumar,LAKSHMI KUMAR,case_spacing,acceptable
P00948,aadhaar,marksheet_10,name,Lakshmi Kumar,LAKSHMI K,initial,acceptable
P00948,aadhaar,marksheet_12,name,Lakshmi Kumar,LAKSHMI K,initial,acceptable
P00949,aadhaar,pan,name,Rahul Nair,RAHUL NAIR,case_spacing,acceptable
P00949,aadhaar,passport,address,"No. 45, Main Road, Sector 62, Hyderabad, Telangana - 500394","No. 190, 2nd Main, Koramangala, Madurai, Tamil Nadu - 625024",different_address,risky
P00950,aadhaar,pan,name,Angel Mathew,ANGEL MATHEW,case_spacing,acceptable
P00951,aadhaar,pan,name,Sravani Raju,SRAVANI RAJU,case_spacing,acceptable
P00951,aadhaar,marksheet_12,name,Sravani Raju,Srawani Raju,spelling_variant,risky
P00952,aadhaar,pan,name,Sayan Sen,SAYAN SEN,case_spacing,acceptable
P00953,aadhaar,pan,name,Gaurav Verma,GAURAV VERMA,case_spacing,acceptable
P00954,aadhaar,pan,name,Anand Varghese,ANAND VARGHESE,case_spacing,acceptable
P00954,aadhaar,marksheet_10,dob,2002-06-05,2003-06-05,year_shift,critical
P00955,aadhaar,pan,name,Ananya Bose,ANANYA BOSE,case_spacing,acceptable
P00956,aadhaar,pan,name,Tamilselvi Elango,TAMILSELVI ELANGO,case_spacing,acceptable
P00956,aadhaar,marksheet_10,name,Tamilselvi Elango,TAMILSELVI E,initial,acceptable
P00956,aadhaar,marksheet_12,name,Tamilselvi Elango,TAMILSELVI E,initial,acceptable
P00957,aadhaar,pan,name,Elango Kumar,ELANGO KUMAR,case_spacing,acceptable
P00957,aadhaar,marksheet_10,name,Elango Kumar,ELANGO K,initial,acceptable
P00957,aadhaar,marksheet_12,name,Elango Kumar,ELANGO K,initial,acceptable
P00958,aadhaar,pan,name,Omkar Kulkarni,OMKAR KULKARNI,case_spacing,acceptable
P00959,aadhaar,pan,name,Darshan Gowda,DARSHAN GOWDA,case_spacing,acceptable
P00960,aadhaar,pan,name,Rashmi Shetty,RASHMI SHETTY,case_spacing,acceptable
P00961,aadhaar,pan,name,Sandeep Pandey,SANDEEP PANDEY,case_spacing,acceptable
P00961,aadhaar,marksheet_12,father_name,Ankit Pandey,Ankith Pandey,spelling_variant,risky
P00962,aadhaar,pan,name,Puneeth Gowda,PUNEETH GOWDA,case_spacing,acceptable
P00963,aadhaar,pan,name,Haritha Varma,HARITHA VARMA,case_spacing,acceptable
P00963,aadhaar,passport,name,Haritha Varma,Haaritha Varma,spelling_variant,risky
P00964,aadhaar,pan,name,Moumita Mukherjee,MOUMITA MUKHERJEE,case_spacing,acceptable
P00965,aadhaar,pan,name,Sayali Patel,Sayalee Patel,spelling_variant,risky
P00966,aadhaar,pan,name,Ravi Chowdary,RAVI CHOWDARY,case_spacing,acceptable
P00966,aadhaar,passport,address,"No. 242, MG Road, Koramangala, Kolkata, West Bengal - 700844","No. 176, Park Avenue, Jayanagar, Jaipur, Rajasthan - 302630",different_address,risky
P00967,aadhaar,pan,name,Velu Vignesh,VELU VIGNESH,case_spacing,acceptable
P00967,aadhaar,marksheet_10,name,Velu Vignesh,VELU V,initial,acceptable
P00967,aadhaar,marksheet_12,name,Velu Vignesh,VELU V,initial,acceptable
P00967,aadhaar,birth_certificate,name,Velu Vignesh,Ravi Reddy,different_person,critical
P00968,aadhaar,pan,name,Swathi Varma,SWATHI VARMA,case_spacing,acceptable
P00969,aadhaar,pan,name,Neha Mishra,NEHA MISHRA,case_spacing,acceptable
P00969,aadhaar,pan,dob,2000-06-07,2000-06-06,day_shift,critical
P00969,aadhaar,marksheet_10,name,Neha Mishra,Nehaa Mishra,spelling_variant,risky
P00970,aadhaar,pan,name,Shabana Pathan,SHABANA PATHAN,case_spacing,acceptable
P00970,aadhaar,marksheet_12,father_name,Salman Pathan,Sallman Pathan,spelling_variant,risky
P00971,aadhaar,pan,name,Priya Kumar,PRIYA KUMAR,case_spacing,acceptable
P00971,aadhaar,marksheet_10,name,Priya Kumar,Priiya Kumar,spelling_variant,risky
P00971,aadhaar,marksheet_12,name,Priya Kumar,PRIYA K,initial,acceptable
P00972,aadhaar,pan,name,Chaitanya Chowdary,CHAITANYA CHOWDARY,case_spacing,acceptable
P00972,aadhaar,marksheet_10,name,Chaitanya Chowdary,Chaeetanya Chowdary,spelling_variant,risky
P00973,aadhaar,pan,name,Rahul Mishra,RAHUL MISHRA,case_spacing,acceptable
P00973,aadhaar,passport,address,"No. 29, MG Road, Velachery, Kolkata, West Bengal - 700638","No. 171, 4th Cross, Kakkanad, Kochi, Kerala - 682152",different_address,risky
P00974,aadhaar,pan,name,Anand Panicker,ANAND PANICKER,case_spacing,acceptable
P00974,aadhaar,marksheet_10,name,Anand Panicker,Neha Agarwal,different_person,critical
P00975,aadhaar,pan,name,Harini Madhavan,HARINI MADHAVAN,case_spacing,acceptable
P00975,aadhaar,marksheet_10,name,Harini Madhavan,HARINI M,initial,acceptable
P00975,aadhaar,marksheet_12,name,Harini Madhavan,Haarini Madhavan,spelling_variant,risky
P00976,aadhaar,pan,name,Snehal Deshpande,Senhal Deshpande,spelling_variant,risky
P00977,aadhaar,pan,name,Revathi Sundar,REVATHI SUNDAR,case_spacing,acceptable
P00977,aadhaar,marksheet_10,name,Revathi Sundar,REVATHI S,initial,acceptable
P00977,aadhaar,marksheet_10,dob,2002-06-20,2001-06-20,year_shift,critical
P00977,aadhaar,marksheet_12,name,Revathi Sundar,REVATHI S,initial,acceptable
P00977,aadhaar,marksheet_12,father_name,Sundar,Sunndar,spelling_variant,risky
P00978,aadhaar,pan,name,Nazia Ansari,NAZIA ANSARI,case_spacing,acceptable
P00978,aadhaar,marksheet_10,name,Nazia Ansari,Najia Ansari,spelling_variant,risky
P00979,aadhaar,pan,name,Jyothi Raju,JYOTHI RAJU,case_spacing,acceptable
P00979,aadhaar,marksheet_12,name,Jyothi Raju,Jyohti Raju,spelling_variant,risky
P00980,aadhaar,pan,name,Sruthi Varghese,SRUTHI VARGHESE,case_spacing,acceptable
P00981,aadhaar,pan,name,Mohammed Syed,MOHAMMED SYED,case_spacing,acceptable
P00982,aadhaar,pan,name,Nikhil Desai,NIKHIL DESAI,case_spacing,acceptable
P00983,aadhaar,pan,name,Vignesh Selvam,VIGNESH SELVAM,case_spacing,acceptable
P00983,aadhaar,marksheet_10,name,Vignesh Selvam,VIGNESH S,initial,acceptable
P00983,aadhaar,marksheet_12,name,Vignesh Selvam,VIGNESH S,initial,acceptable
P00984,aadhaar,pan,name,Kannan Ramesh,KANNAN RAMESH,case_spacing,acceptable
P00984,aadhaar,marksheet_10,name,Kannan Ramesh,KANNAN R,initial,acceptable
P00984,aadhaar,marksheet_12,name,Kannan Ramesh,KANNAN R,initial,acceptable
P00985,aadhaar,pan,name,Rohit Verma,Rohith Verma,spelling_variant,risky
P00985,aadhaar,birth_certificate,dob,2005-04-02,2004-04-02,year_shift,critical
P00986,aadhaar,pan,name,Prakash Siva,PRAKASH SIVA,case_spacing,acceptable
P00986,aadhaar,marksheet_10,name,Prakash Siva,PRAKASH S,initial,acceptable
P00986,aadhaar,marksheet_12,name,Prakash Siva,PRAKASH S,initial,acceptable
P00986,aadhaar,passport,address,"No. 145, Main Road, Banjara Hills, Mumbai, Maharashtra - 400560","No. 245, Lake View Road, Sector 62, Kolkata, West Bengal - 700462",different_address,risky
P00987,aadhaar,pan,name,Pooja Mishra,POOJA MISHRA,case_spacing,acceptable
P00988,aadhaar,pan,name,Salman Khan,SALMAN KHAN,case_spacing,acceptable
P00988,aadhaar,marksheet_12,father_name,Farhan Khan,Faarhan Khan,spelling_variant,risky
P00989,aadhaar,pan,name,Angel Joseph,ANGEL JOSEPH,case_spacing,acceptable
P00989,aadhaar,marksheet_12,name,Angel Joseph,Anegl Joseph,spelling_variant,risky
P00990,aadhaar,pan,name,Keerthana Senthil,KEERTHANA SENTHIL,case_spacing,acceptable
P00990,aadhaar,marksheet_10,name,Keerthana Senthil,KEERTHANA S,initial,acceptable
P00990,aadhaar,marksheet_12,name,Keerthana Senthil,KEERTHANA S,initial,acceptable
P00991,aadhaar,pan,name,Divya Nair,DIVYA NAIR,case_spacing,acceptable
P00992,aadhaar,pan,name,Velu Vignesh,VELU VIGNESH,case_spacing,acceptable
P00992,aadhaar,marksheet_10,name,Velu Vignesh,VELU V,initial,acceptable
P00992,aadhaar,marksheet_12,name,Velu Vignesh,VELU V,initial,acceptable
P00993,aadhaar,pan,name,Sangeetha Kannan,Sangeetha Kannan,spelling_variant,risky
P00993,aadhaar,marksheet_10,name,Sangeetha Kannan,SANGEETHA K,initial,acceptable
P00993,aadhaar,marksheet_12,name,Sangeetha Kannan,SANGEETHA K,initial,acceptable
P00994,aadhaar,pan,name,Harini Arun,Kalaiselvi Saravanan,different_person,critical
P00994,aadhaar,marksheet_10,name,Harini Arun,HARINI A,initial,acceptable
P00994,aadhaar,marksheet_12,name,Harini Arun,HARINI A,initial,acceptable
P00995,aadhaar,pan,name,Murugan Karthik,MURUGAN KARTHIK,case_spacing,acceptable
P00995,aadhaar,marksheet_10,name,Murugan Karthik,MURUGAN K,initial,acceptable
P00995,aadhaar,marksheet_12,name,Murugan Karthik,MURUGAN K,initial,acceptable
P00995,aadhaar,birth_certificate,name,Murugan Karthik,Msrugan Karthik,spelling_variant,risky
P00996,aadhaar,pan,name,Madhavan Selvam,MADHAVAN SELVAM,case_spacing,acceptable
P00996,aadhaar,marksheet_10,name,Madhavan Selvam,MADHAVAN S,initial,acceptable
P00996,aadhaar,marksheet_12,name,Madhavan Selvam,MADHAVAN S,initial,acceptable
P00997,aadhaar,pan,name,Kiran Chowdary,KIRAN CHOWDARY,case_spacing,acceptable
P00998,aadhaar,pan,name,Vikram Singh,VIKRAM SINGH,case_spacing,acceptable
P00998,aadhaar,marksheet_12,father_name,Deepak Singh,Dheepak Singh,spelling_variant,risky
P00999,aadhaar,pan,name,Krishna Raju,KRISHNA RAJU,case_spacing,acceptable
P01000,aadhaar,pan,name,Dhwani Deshpande,DHWANI DESHPANDE,case_spacing,acceptable
P01001,aadhaar,pan,name,Rukhsar Qureshi,RUKHSAR QURESHI,case_spacing,acceptable
P01002,aadhaar,pan,name,Parth Desai,PARTH DESAI,case_spacing,acceptable
P01003,aadhaar,pan,name,Archana Gupta,ARCHANA GUPTA,case_spacing,acceptable
P01004,aadhaar,pan,name,Arjun Panicker,ARJUN PANICKER,case_spacing,acceptable
P01005,aadhaar,pan,name,Archana Agarwal,ARCHANA AGARWAL,case_spacing,acceptable
P01006,aadhaar,pan,name,Moumita Ghosh,MOUMITA GHOSH,case_spacing,acceptable
P01007,aadhaar,pan,name,Anirban Banerjee,ANIRBAN BANERJEE,case_spacing,acceptable
P01007,aadhaar,marksheet_10,dob,2000-10-23,2000-10-21,day_shift,critical
P01008,aadhaar,pan,name,Gaurav Sharma,GAURAV SHARMA,case_spacing,acceptable
P01008,aadhaar,passport,name,Gaurav Sharma,Gaaurav Sharma,spelling_variant,risky
P01009,aadhaar,pan,name,Arun Madhavan,ARUN MADHAVAN,case_spacing,acceptable
P01009,aadhaar,marksheet_10,name,Arun Madhavan,ARUN M,initial,acceptable
P01009,aadhaar,marksheet_12,name,Arun Madhavan,ARUN M,initial,acceptable
P01010,aadhaar,pan,name,Yamini Selvam,YAMINI SELVAM,case_spacing,acceptable
P01010,aadhaar,marksheet_10,name,Yamini Selvam,YAMINI S,initial,acceptable
P01010,aadhaar,marksheet_12,name,Yamini Selvam,YAMINI S,initial,acceptable
P01011,aadhaar,pan,name,Sangeetha Madhavan,SANGEETHA MADHAVAN,case_spacing,acceptable
P01011,aadhaar,marksheet_10,name,Sangeetha Madhavan,SANGEETHA M,initial,acceptable
P01011,aadhaar,marksheet_12,name,Sangeetha Madhavan,SANGEETHA M,initial,acceptable
P01011,aadhaar,birth_certificate,name,Sangeetha Madhavan,M. Sangeetha,initial,acceptable
P01012,aadhaar,pan,name,Sana Khan,SANA KHAN,case_spacing,acceptable
P01012,aadhaar,birth_certificate,dob,2002-06-20,2002-06-21,day_shift,critical
P01013,aadhaar,pan,name,Sagar Patel,SAGAR PATEL,case_spacing,acceptable
P01013,aadhaar,passport,address,"No. 3, Temple Street, Koramangala, Ahmedabad, Gujarat - 380623","No. 50, Market Street, Anna Nagar, Coimbatore, Tamil Nadu - 641655",different_address,risky
P01014,aadhaar,pan,name,Nazia Khan,NAZIA KHAN,case_spacing,acceptable
P01015,aadhaar,pan,name,Divya Rao,DIVYA RAO,case_spacing,acceptable
P01016,aadhaar,pan,name,Nithya Babu,NITHYA BABU,case_spacing,acceptable
P01016,aadhaar,marksheet_10,name,Nithya Babu,NITHYA B,initial,acceptable
P01016,aadhaar,marksheet_12,name,Nithya Babu,NITHYA B,initial,acceptable
P01017,aadhaar,pan,name,Satish Bhat,SATISH BHAT,case_spacing,acceptable
P01017,aadhaar,marksheet_12,father_name,Harish Bhat,Haarish Bhat,spelling_variant,risky
P01018,aadhaar,pan,name,Nithya Arun,NITHYA ARUN,case_spacing,acceptable
P01018,aadhaar,marksheet_10,name,Nithya Arun,NITHYA A,initial,acceptable
P01018,aadhaar,marksheet_12,name,Nithya Arun,NITHYA A,initial,acceptable
P01019,aadhaar,pan,name,Pradeep Verma,PRADEEP VERMA,case_spacing,acceptable
P01020,aadhaar,pan,name,Shreya Verma,SHREYA VERMA,case_spacing,acceptable
P01020,aadhaar,marksheet_12,father_name,Ankit Verma,Ankeet Verma,spelling_variant,risky
P01021,aadhaar,pan,name,Dhwani Kulkarni,DHWANI KULKARNI,case_spacing,acceptable
P01022,aadhaar,pan,name,Pooja Sharma,POOJA SHARMA,case_spacing,acceptable
P01023,aadhaar,pan,name,Simran Mishra,SIMRAN MISHRA,case_spacing,acceptable
P01024,aadhaar,pan,name,Kannan Saravanan,KANNAN SARAVANAN,case_spacing,acceptable
P01024,aadhaar,marksheet_10,name,Kannan Saravanan,KANNAN S,initial,acceptable
P01024,aadhaar,marksheet_12,name,Kannan Saravanan,KANNAN S,initial,acceptable
P01025,aadhaar,pan,name,Prachi Shah,PRACHI SHAH,case_spacing,acceptable
P01025,aadhaar,passport,dob,1999-04-15,2000-04-15,year_shift,critical
P01026,aadhaar,pan,name,Pallavi Hegde,PALLAVI HEGDE,case_spacing,acceptable
P01027,aadhaar,pan,name,Debashis Das,DEBASHIS DAS,case_spacing,acceptable
P01028,aadhaar,pan,name,Heena Khan,HEENA KHAN,case_spacing,acceptable
P01029,aadhaar,pan,name,Riya Pandey,RIYA PANDEY,case_spacing,acceptable
P01030,aadhaar,pan,name,Jyothi Varma,JYOTHI VARMA,case_spacing,acceptable
P01031,aadhaar,pan,name,Sunitha Raju,SUNITHA RAJU,case_spacing,acceptable
P01032,aadhaar,pan,name,Priya Kannan,PRIYA KANNAN,case_spacing,acceptable
P01032,aadhaar,marksheet_10,name,Priya Kannan,PRIYA K,initial,acceptable
P01032,aadhaar,marksheet_12,name,Priya Kannan,PRIYA K,initial,acceptable
P01032,aadhaar,birth_certificate,name,Priya Kannan,Priiya Kannan,spelling_variant,risky
P01033,aadhaar,pan,name,Elango Kumar,ELANGO KUMAR,case_spacing,acceptable
P01033,aadhaar,marksheet_10,name,Elango Kumar,ELANGO K,initial,acceptable
P01033,aadhaar,marksheet_12,name,Elango Kumar,ELANGO K,initial,acceptable
P01034,aadhaar,pan,name,Saravanan Elango,SARAVANAN ELANGO,case_spacing,acceptable
P01034,aadhaar,marksheet_10,name,Saravanan Elango,SARAVANAN E,initial,acceptable
P01034,aadhaar,marksheet_12,name,Saravanan Elango,SARAVANAN E,initial,acceptable
P01034,aadhaar,birth_certificate,name,Saravanan Elango,E. Saravanan,initial,acceptable
P01035,aadhaar,pan,name,Sneha Sharma,SNEHA SHARMA,case_spacing,acceptable
P01036,aadhaar,pan,name,Vishnu Varghese,VISHNU VARGHESE,case_spacing,acceptable
P01037,aadhaar,pan,name,Sumit Sharma,SUMIT SHARMA,case_spacing,acceptable
P01038,aadhaar,pan,name,Satish Gowda,SATISH GOWDA,case_spacing,acceptable
P01039,aadhaar,pan,name,Deepak Verma,DEEPAK VERMA,case_spacing,acceptable
P01039,aadhaar,marksheet_10,father_name,Pradeep Verma,Pradheep Verma,spelling_variant,risky
P01040,aadhaar,pan,name,Moumita Chatterjee,MOUMITA CHATTERJEE,case_spacing,acceptable
P01040,aadhaar,marksheet_10,name,Moumita Chatterjee,Moumitha Chatterjee,spelling_variant,risky
P01041,aadhaar,pan,name,Fathima Syed,FATHIMA SYED,case_spacing,acceptable
P01041,aadhaar,pan,father_name,Abdul Syed,Abdhul Syed,spelling_variant,risky
P01041,aadhaar,passport,name,Fathima Syed,Grace D'Souza,different_person,critical
P01042,aadhaar,pan,name,Moumita Sen,MOUMITA SEN,case_spacing,acceptable
P01043,aadhaar,pan,name,Jithin Pillai,JITHIN PILLAI,case_spacing,acceptable
P01044,aadhaar,pan,name,Puneeth Shetty,PUNEETH SHETTY,case_spacing,acceptable
P01044,aadhaar,marksheet_10,dob,2002-12-25,2001-12-25,year_shift,critical
P01044,aadhaar,passport,gender,M,F,flipped,critical
P01045,aadhaar,pan,name,Sandeep Singh,SANDEEP SINGH,case_spacing,acceptable
P01045,aadhaar,marksheet_12,name,Sandeep Singh,Amit Pandey,different_person,critical
P01046,aadhaar,pan,name,Lekshmi Panicker,LEKSHMI PANICKER,case_spacing,acceptable
P01046,aadhaar,marksheet_12,name,Lekshmi Panicker,Lexmi Panicker,spelling_variant,risky
P01047,aadhaar,pan,name,Gaurav Sharma,GAURAV SHARMA,case_spacing,acceptable
P01048,aadhaar,pan,name,Venkatesh Naidu,VENKATESH NAIDU,case_spacing,acceptable
P01049,aadhaar,pan,name,Naveen Bhat,NAVEEN BHAT,case_spacing,acceptable
P01050,aadhaar,pan,name,Padma Raju,PADMA RAJU,case_spacing,acceptable
P01051,aadhaar,pan,name,Girish Kulkarni,GIRISH KULKARNI,case_spacing,acceptable
P01051,aadhaar,pan,dob,1998-01-10,1998-10-01,day_month_swap,critical
P01052,aadhaar,pan,name,Amit Mishra,AMIT MISHRA,case_spacing,acceptable
P01053,aadhaar,pan,name,Naveen Gowda,Girish Hegde,different_person,critical
P01053,aadhaar,marksheet_12,father_name,Shashank Gowda,Shaashank Gowda,spelling_variant,risky
P01054,aadhaar,pan,name,Daniel Joseph,DANIEL JOSEPH,case_spacing,acceptable
P01055,aadhaar,pan,name,Teresa D'Souza,TERESA D'SOUZA,case_spacing,acceptable
P01056,aadhaar,pan,name,Neethu Nair,NEETHU NAIR,case_spacing,acceptable
P01057,aadhaar,pan,name,Harish Rao,HARISH RAO,case_spacing,acceptable
P01057,aadhaar,passport,dob,2000-10-15,2000-10-17,day_shift,critical
P01058,aadhaar,pan,name,Shabana Ansari,SHABANA ANSARI,case_spacing,acceptable
P01058,aadhaar,marksheet_12,name,Shabana Ansari,Shaabana Ansari,spelling_variant,risky
P01059,aadhaar,pan,name,Priya Karthik,PRIYA KARTHIK,case_spacing,acceptable
P01059,aadhaar,marksheet_10,name,Priya Karthik,PRIYA K,initial,acceptable
P01059,aadhaar,marksheet_12,name,Priya Karthik,PRIYA K,initial,acceptable
P01059,aadhaar,birth_certificate,name,Priya Karthik,K. Priya,initial,acceptable
P01059,aadhaar,birth_certificate,dob,2001-01-12,2001-01-14,day_shift,critical
P01060,aadhaar,pan,name,Darshan Shetty,DARSHAN SHETTY,case_spacing,acceptable
P01060,aadhaar,passport,name,Darshan Shetty,Drshan Shetty,spelling_variant,risky
P01061,aadhaar,pan,name,Debjani Sen,DEBJANI SEN,case_spacing,acceptable
P01062,aadhaar,pan,name,Jyothi Naidu,JYOTHI NAIDU,case_spacing,acceptable
P01063,aadhaar,pan,name,Pradeep Singh,PRADEEP SINGH,case_spacing,acceptable
P01064,aadhaar,pan,name,Lakshmi Balaji,LAKSHMI BALAJI,case_spacing,acceptable
P01064,aadhaar,marksheet_10,name,Lakshmi Balaji,Lakhmi Balaji,spelling_variant,risky
P01064,aadhaar,marksheet_12,name,Lakshmi Balaji,LAKSHMI B,initial,acceptable
P01065,aadhaar,pan,name,Sourav Mukherjee,SOURAV MUKHERJEE,case_spacing,acceptable
P01065,aadhaar,passport,address,"No. 92, Lake View Road, Sector 62, Noida, Uttar Pradesh - 201876","No. 170, MG Road, Koramangala, Madurai, Tamil Nadu - 625370",different_address,risky
P01066,aadhaar,pan,name,Shabana Sheikh,SHABANA SHEIKH,case_spacing,acceptable
P01067,aadhaar,pan,name,Divya Varghese,DIVYA VARGHESE,case_spacing,acceptable
P01068,aadhaar,pan,name,Sanju Varghese,SANJU VARGHESE,case_spacing,acceptable
P01068,aadhaar,pan,dob,1998-09-01,1999-09-01,year_shift,critical
P01069,aadhaar,pan,name,Snehal Joshi,SNEHAL JOSHI,case_spacing,acceptable
P01070,aadhaar,pan,name,Shilpa Rao,SHILPA RAO,case_spacing,acceptable
P01071,aadhaar,pan,name,Prachi Patil,PRACHI PATIL,case_spacing,acceptable
P01072,aadhaar,pan,name,Divya Rao,DIVYA RAO,case_spacing,acceptable
P01073,aadhaar,pan,name,Riya Yadav,RIYA YADAV,case_spacing,acceptable
P01074,aadhaar,pan,name,Reshma Pillai,RESHMA PILLAI,case_spacing,acceptable
P01074,aadhaar,pan,father_name,Nikhil Pillai,Neekhil Pillai,spelling_variant,risky
P01075,aadhaar,pan,name,Pooja Pandey,POOJA PANDEY,case_spacing,acceptable
P01075,aadhaar,passport,name,Pooja Pandey,Puja Pandey,spelling_variant,risky
P01075,aadhaar,passport,address,"No. 197, 4th Cross, Anna Nagar, Bengaluru, Karnataka - 560339","No. 130, Market Street, Malviya Nagar, Delhi, Delhi - 110094",different_address,risky
P01076,aadhaar,pan,name,Aniket Patil,ANIKET PATIL,case_spacing,acceptable
P01077,aadhaar,pan,name,Omkar Kulkarni,OMKAR KULKARNI,case_spacing,acceptable
P01078,aadhaar,pan,name,John Fernandes,JOHN FERNANDES,case_spacing,acceptable
P01079,aadhaar,pan,name,Ritu Sharma,RITU SHARMA,case_spacing,acceptable
P01080,aadhaar,pan,name,Kannan Siva,KANNAN SIVA,case_spacing,acceptable
P01080,aadhaar,marksheet_10,name,Kannan Siva,KANNAN S,initial,acceptable
P01080,aadhaar,marksheet_12,name,Kannan Siva,KANNAN S,initial,acceptable
P01081,aadhaar,pan,name,Kiran Naidu,KIRAN NAIDU,case_spacing,acceptable
P01082,aadhaar,pan,name,Sreejith Pillai,SREEJITH PILLAI,case_spacing,acceptable
P01082,aadhaar,marksheet_10,father_name,Jithin Pillai,Jeethin Pillai,spelling_variant,risky
P01083,aadhaar,pan,name,Moumita Ghosh,MOUMITA GHOSH,case_spacing,acceptable
P01083,aadhaar,pan,dob,1998-10-21,1999-10-21,year_shift,critical
P01084,aadhaar,pan,name,Darshan Hegde,DARSHAN HEGDE,case_spacing,acceptable
P01085,aadhaar,pan,name,Vignesh Manikandan,VIGNESH MANIKANDAN,case_spacing,acceptable
P01085,aadhaar,marksheet_10,name,Vignesh Manikandan,VIGNESH M,initial,acceptable
P01085,aadhaar,marksheet_12,name,Vignesh Manikandan,VIGNESH M,initial,acceptable
P01086,aadhaar,pan,name,Puneeth Shetty,PUNEETH SHETTY,case_spacing,acceptable
P01086,aadhaar,marksheet_10,father_name,Darshan Shetty,Darsan Shetty,spelling_variant,risky
P01086,aadhaar,marksheet_10,dob,1998-10-13,1999-10-13,year_shift,critical
P01087,aadhaar,pan,name,Salman Sheikh,SALMAN SHEIKH,case_spacing,acceptable
P01088,aadhaar,pan,name,Snehal Desai,Snnehal Desai,spelling_variant,risky
P01088,aadhaar,pan,father_name,Sagar Desai,Saagar Desai,spelling_variant,risky
P01089,aadhaar,pan,name,Simran Tiwari,SIMRAN TIWARI,case_spacing,acceptable
P01089,aadhaar,passport,address,"No. 24, Nehru Street, Andheri, Coimbatore, Tamil Nadu - 641188","No. 108, Gandhi Road, Kothrud, Kolkata, West Bengal - 700236",different_address,risky
P01090,aadhaar,pan,name,Deepak Agarwal,DEEPAK AGARWAL,case_spacing,acceptable
P01090,aadhaar,pan,father_name,Sumit Agarwal,Sumeet Agarwal,spelling_variant,risky
P01091,aadhaar,pan,name,Karthik Babu,KARTHIK BABU,case_spacing,acceptable
P01091,aadhaar,marksheet_10,name,Karthik Babu,KARTHIK B,initial,acceptable
P01091,aadhaar,marksheet_12,name,Karthik Babu,Kartik Babu,spelling_variant,risky
P01091,aadhaar,birth_certificate,dob,2005-07-12,2005-07-11,day_shift,critical
P01092,aadhaar,pan,name,Samuel Joseph,SAMUEL JOSEPH,case_spacing,acceptable
P01092,aadhaar,pan,dob,1998-12-02,1999-12-02,year_shift,critical
P01093,aadhaar,pan,name,Hari Pillai,HARI PILLAI,case_spacing,acceptable
P01094,aadhaar,pan,name,Komal Pandey,KOMAL PANDEY,case_spacing,acceptable
P01095,aadhaar,pan,name,Kumar Siva,KUMAR SIVA,case_spacing,acceptable
P01095,aadhaar,marksheet_10,name,Kumar Siva,KUMAR S,initial,acceptable
P01095,aadhaar,marksheet_12,name,Kumar Siva,KUMAR S,initial,acceptable
P01096,aadhaar,pan,name,Ramesh Babu,RAMESH BABU,case_spacing,acceptable
P01096,aadhaar,marksheet_10,name,Ramesh Babu,RAMESH B,initial,acceptable
P01096,aadhaar,marksheet_12,name,Ramesh Babu,RAMESH B,initial,acceptable
P01097,aadhaar,pan,name,Samuel Mathew,SAMUEL MATHEW,case_spacing,acceptable
P01097,aadhaar,marksheet_10,father_name,George Mathew,George Mathew,spelling_variant,risky
P01098,aadhaar,pan,name,Rohit Sharma,ROHIT SHARMA,case_spacing,acceptable
P01098,aadhaar,marksheet_10,name,Rohit Sharma,Rohith Sharma,spelling_variant,risky
P01099,aadhaar,pan,name,Sameer Ansari,SAMEER ANSARI,case_spacing,acceptable
P01100,aadhaar,pan,name,Imran Khan,IMRAN KHAN,case_spacing,acceptable
P01100,aadhaar,marksheet_10,dob,2001-01-14,2000-01-14,year_shift,critical
P01101,aadhaar,pan,name,Harish Rao,HARISH RAO,case_spacing,acceptable
P01101,aadhaar,marksheet_12,name,Harish Rao,Harishh Rao,spelling_variant,risky
P01102,aadhaar,pan,name,Lavanya Raju,Snehal Joshi,different_person,critical
P01103,aadhaar,pan,name,Fathima Khan,FATHIMA KHAN,case_spacing,acceptable
P01104,aadhaar,pan,name,Shabana Ansari,SHABANA ANSARI,case_spacing,acceptable
P01105,aadhaar,pan,name,Rashmi Bhat,RASHMI BHAT,case_spacing,acceptable
P01106,aadhaar,pan,name,Anand Varghese,ANAND VARGHESE,case_spacing,acceptable
P01107,aadhaar,pan,name,Nikhil Nair,Neekhil Nair,spelling_variant,risky
P01108,aadhaar,pan,name,Neethu Nair,NEETHU NAIR,case_spacing,acceptable
P01109,aadhaar,pan,name,Lekshmi Pillai,LEKSHMI PILLAI,case_spacing,acceptable
P01110,aadhaar,pan,name,Madhavan Kumar,MADHAVAN KUMAR,case_spacing,acceptable
P01110,aadhaar,marksheet_10,name,Madhavan Kumar,MADHAVAN K,initial,acceptable
P01110,aadhaar,marksheet_12,name,Madhavan Kumar,MADHAVAN K,initial,acceptable
P01111,aadhaar,pan,name,Nazia Sheikh,NAZIA SHEIKH,case_spacing,acceptable
P01111,aadhaar,birth_certificate,father_name,Imran Sheikh,Imrann Sheikh,spelling_variant,risky
P01112,aadhaar,pan,name,Sandeep Mishra,Sandep Mishra,spelling_variant,risky
P01112,aadhaar,pan,dob,2004-12-01,2004-01-12,day_month_swap,critical
P01113,aadhaar,pan,name,Aswathy Pillai,ASWATHY PILLAI,case_spacing,acceptable
P01113,aadhaar,passport,gender,F,M,flipped,critical
P01114,aadhaar,pan,name,Debashis Chatterjee,DEBASHIS CHATTERJEE,case_spacing,acceptable
P01114,aadhaar,marksheet_12,name,Debashis Chatterjee,Debaashis Chatterjee,spelling_variant,risky
P01115,aadhaar,pan,name,Neha Pandey,NEHA PANDEY,case_spacing,acceptable
P01116,aadhaar,pan,name,Neha Singh,Naha Singh,spelling_variant,risky
P01117,aadhaar,pan,name,Neha Tiwari,NEHA TIWARI,case_spacing,acceptable
P01118,aadhaar,pan,name,Teresa Joseph,TERESA JOSEPH,case_spacing,acceptable
P01119,aadhaar,pan,name,Mohammed Pathan,MOHAMMED PATHAN,case_spacing,acceptable
P01120,aadhaar,pan,name,Priyanka Chauhan,PRIYANKA CHAUHAN,case_spacing,acceptable
P01121,aadhaar,pan,name,Naveen Kulkarni,NAVEEN KULKARNI,case_spacing,acceptable
P01122,aadhaar,pan,name,Moumita Roy,MOUMITA ROY,case_spacing,acceptable
P01123,aadhaar,pan,name,Malathi Manikandan,MALATHI MANIKANDAN,case_spacing,acceptable
P01123,aadhaar,marksheet_10,name,Malathi Manikandan,MALATHI M,initial,acceptable
P01123,aadhaar,marksheet_12,name,Malathi Manikandan,MALATHI M,initial,acceptable
P01123,aadhaar,birth_certificate,name,Malathi Manikandan,M. Malathi,initial,acceptable
P01124,aadhaar,pan,name,Jessica Mathew,JESSICA MATHEW,case_spacing,acceptable
P01125,aadhaar,pan,name,Pradeep Agarwal,PRADEEP AGARWAL,case_spacing,acceptable
P01125,aadhaar,marksheet_10,father_name,Rahul Agarwal,Raahul Agarwal,spelling_variant,risky
P01125,aadhaar,marksheet_12,name,Pradeep Agarwal,Praadeep Agarwal,spelling_variant,risky
P01126,aadhaar,pan,name,Vishnu Nair,VISHNU NAIR,case_spacing,acceptable
P01127,aadhaar,pan,name,Vikram Yadav,VIKRAM YADAV,case_spacing,acceptable
P01128,aadhaar,pan,name,Imran Pathan,IMRAN PATHAN,case_spacing,acceptable
P01129,aadhaar,pan,name,Rohit Tiwari,ROHIT TIWARI,case_spacing,acceptable
P01129,aadhaar,marksheet_10,name,Rohit Tiwari,Sameer Qureshi,different_person,critical
P01130,aadhaar,pan,name,Suresh Varma,Shuresh Varma,spelling_variant,risky
P01131,aadhaar,pan,name,Pooja Pandey,POOJA PANDEY,case_spacing,acceptable
P01132,aadhaar,pan,name,Abdul Ansari,ABDUL ANSARI,case_spacing,acceptable
P01133,aadhaar,pan,name,Rahul Sharma,RAHUL SHARMA,case_spacing,acceptable
P01133,aadhaar,marksheet_10,name,Rahul Sharma,Rhaul Sharma,spelling_variant,risky
P01134,aadhaar,pan,name,Dhwani Desai,DHWANI DESAI,case_spacing,acceptable
P01135,aadhaar,pan,name,Ankit Gupta,ANKIT GUPTA,case_spacing,acceptable
P01136,aadhaar,pan,name,Keerthana Prakash,KEERTHANA PRAKASH,case_spacing,acceptable
P01136,aadhaar,marksheet_10,name,Keerthana Prakash,KEERTHANA P,initial,acceptable
P01136,aadhaar,marksheet_12,name,Keerthana Prakash,KEERTHANA P,initial,acceptable
P01137,aadhaar,pan,name,Subhajit Banerjee,SUBHAJIT BANERJEE,case_spacing,acceptable
P01138,aadhaar,pan,name,David Joseph,DAVID JOSEPH,case_spacing,acceptable
P01138,aadhaar,pan,dob,1998-09-14,1998-09-12,day_shift,critical
P01139,aadhaar,pan,name,Sneha Singh,SNEHA SINGH,case_spacing,acceptable
P01139,aadhaar,marksheet_10,dob,2000-05-17,2000-05-19,day_shift,critical
P01140,aadhaar,pan,name,Ritu Mishra,RITU MISHRA,case_spacing,acceptable
P01141,aadhaar,pan,name,Gayathri Sundar,GAYATHRI SUNDAR,case_spacing,acceptable
P01141,aadhaar,marksheet_10,name,Gayathri Sundar,GAYATHRI S,initial,acceptable
P01141,aadhaar,marksheet_12,name,Gayathri Sundar,GAYATHRI S,initial,acceptable
P01142,aadhaar,pan,name,Karthik Sundar,KARTHIK SUNDAR,case_spacing,acceptable
P01142,aadhaar,marksheet_10,name,Karthik Sundar,KARTHIK S,initial,acceptable
P01142,aadhaar,marksheet_12,name,Karthik Sundar,KARTHIK S,initial,acceptable
P01143,aadhaar,pan,name,Satish Gowda,SATISH GOWDA,case_spacing,acceptable
P01144,aadhaar,pan,name,Krupa Joshi,Kroopa Joshi,spelling_variant,risky
P01144,aadhaar,passport,address,"No. 201, Lake View Road, Banjara Hills, Delhi, Delhi - 110538","No. 145, Church Street, Jayanagar, Madurai, Tamil Nadu - 625057",different_address,risky
P01144,aadhaar,birth_certificate,father_name,Nikhil Joshi,Neekhil Joshi,spelling_variant,risky
P01145,aadhaar,pan,name,Anjali Mishra,ANJALI MISHRA,case_spacing,acceptable
P01146,aadhaar,pan,name,Venkatesh Raju,VENKATESH RAJU,case_spacing,acceptable
P01147,aadhaar,pan,name,Riya Sharma,RIYA SHARMA,case_spacing,acceptable
P01148,aadhaar,pan,name,Ayesha Pathan,AYESHA PATHAN,case_spacing,acceptable
P01149,aadhaar,pan,name,Asha Kulkarni,ASHA KULKARNI,case_spacing,acceptable
P01149,aadhaar,birth_certificate,name,Asha Kulkarni,Ashha Kulkarni,spelling_variant,risky
P01150,aadhaar,pan,name,Sowmya Manikandan,SOWMYA MANIKANDAN,case_spacing,acceptable
P01150,aadhaar,marksheet_10,name,Sowmya Manikandan,SOWMYA M,initial,acceptable
P01150,aadhaar,marksheet_12,name,Sowmya Manikandan,SOWMYA M,initial,acceptable
P01150,aadhaar,passport,address,"No. 45, 4th Cross, Malviya Nagar, Jaipur, Rajasthan - 302159","No. 229, Main Road, Navrangpura, Hyderabad, Telangana - 500785",different_address,risky
P01150,aadhaar,birth_certificate,name,Sowmya Manikandan,M. Sowmya,initial,acceptable
P01151,aadhaar,pan,name,Kalaiselvi Balaji,KALAISELVI BALAJI,case_spacing,acceptable
P01151,aadhaar,marksheet_10,name,Kalaiselvi Balaji,KALAISELVI B,initial,acceptable
P01151,aadhaar,marksheet_12,name,Kalaiselvi Balaji,KALAISELVI B,initial,acceptable
P01152,aadhaar,pan,name,Nazia Pathan,NAZIA PATHAN,case_spacing,acceptable
P01153,aadhaar,pan,name,Ankit Verma,ANKIT VERMA,case_spacing,acceptable
P01153,aadhaar,marksheet_10,name,Ankit Verma,Aknit Verma,spelling_variant,risky
P01153,aadhaar,birth_certificate,gender,M,F,flipped,critical
P01154,aadhaar,pan,name,Payel Chatterjee,PAYEL CHATTERJEE,case_spacing,acceptable
P01154,aadhaar,marksheet_10,name,Payel Chatterjee,Paiel Chatterjee,spelling_variant,risky
P01155,aadhaar,pan,name,Velu Babu,VELU BABU,case_spacing,acceptable
P01155,aadhaar,marksheet_10,name,Velu Babu,VELU B,initial,acceptable
P01155,aadhaar,marksheet_10,father_name,Babu,Baabu,spelling_variant,risky
P01155,aadhaar,marksheet_12,name,Velu Babu,VELU B,initial,acceptable
P01156,aadhaar,pan,name,Ankit Tiwari,ANKIT TIWARI,case_spacing,acceptable
P01157,aadhaar,pan,name,Prasad Naidu,PRASAD NAIDU,case_spacing,acceptable
P01157,aadhaar,birth_certificate,name,Prasad Naidu,Prasadh Naidu,spelling_variant,risky
P01158,aadhaar,pan,name,Revathi Velu,REVATHI VELU,case_spacing,acceptable
P01158,aadhaar,marksheet_10,name,Revathi Velu,REVATHI V,initial,acceptable
P01158,aadhaar,marksheet_12,name,Revathi Velu,REVATHI V,initial,acceptable
P01159,aadhaar,pan,name,Ramesh Manikandan,RAMESH MANIKANDAN,case_spacing,acceptable
P01159,aadhaar,marksheet_10,name,Ramesh Manikandan,RAMESH M,initial,acceptable
P01159,aadhaar,marksheet_12,name,Ramesh Manikandan,RAMESH M,initial,acceptable
P01160,aadhaar,pan,name,Jay Joshi,JAY JOSHI,case_spacing,acceptable
P01161,aadhaar,pan,name,Anirban Sen,ANIRBAN SEN,case_spacing,acceptable
P01161,aadhaar,marksheet_10,father_name,Sourav Sen,Sooorav Sen,spelling_variant,risky
P01162,aadhaar,pan,name,Chaitanya Reddy,CHAITANYA REDDY,case_spacing,acceptable
P01163,aadhaar,pan,name,Heena Ansari,HEENA ANSARI,case_spacing,acceptable
P01163,aadhaar,birth_certificate,name,Heena Ansari,Hina Ansari,spelling_variant,risky
P01164,aadhaar,pan,name,Ayesha Sheikh,AYESHA SHEIKH,case_spacing,acceptable
P01164,aadhaar,marksheet_10,name,Ayesha Sheikh,Simran Yadav,different_person,critical
P01165,aadhaar,pan,name,Sruthi Kurup,SRUTHI KURUP,case_spacing,acceptable
P01165,aadhaar,marksheet_12,name,Sruthi Kurup,Sruthi Kurup,spelling_variant,risky
P01166,aadhaar,pan,name,Malathi Kannan,MALATHI KANNAN,case_spacing,acceptable
P01166,aadhaar,marksheet_10,name,Malathi Kannan,MALATHI K,initial,acceptable
P01166,aadhaar,marksheet_12,name,Malathi Kannan,Malati Kannan,spelling_variant,risky
P01167,aadhaar,pan,name,Madhuri Desai,MADHURI DESAI,case_spacing,acceptable
P01168,aadhaar,pan,name,Madhuri Patil,MADHURI PATIL,case_spacing,acceptable
P01168,aadhaar,pan,father_name,Jay Patil,Jaay Patil,spelling_variant,risky
P01169,aadhaar,pan,name,Kavitha Shetty,KAVITHA SHETTY,case_spacing,acceptable
P01169,aadhaar,marksheet_12,father_name,Puneeth Shetty,Pooneeth Shetty,spelling_variant,risky
P01170,aadhaar,pan,name,Meena Kannan,MEENA KANNAN,case_spacing,acceptable
P01170,aadhaar,marksheet_10,name,Meena Kannan,MEENA K,initial,acceptable
P01170,aadhaar,marksheet_12,name,Meena Kannan,MEENA K,initial,acceptable
P01171,aadhaar,pan,name,Raghavendra Gowda,RAGHAVENDRA GOWDA,case_spacing,acceptable
P01171,aadhaar,marksheet_12,name,Raghavendra Gowda,Raahavendra Gowda,spelling_variant,risky
P01172,aadhaar,pan,name,Pallavi Hegde,PALLAVI HEGDE,case_spacing,acceptable
P01172,aadhaar,passport,name,Pallavi Hegde,Pallawi Hegde,spelling_variant,risky
P01173,aadhaar,pan,name,Suresh Naidu,SURESH NAIDU,case_spacing,acceptable
P01174,aadhaar,pan,name,Akhil Nair,AKHIL NAIR,case_spacing,acceptable
P01174,aadhaar,passport,dob,2005-12-22,2005-12-21,day_shift,critical
P01175,aadhaar,pan,name,Geetha Bhat,GEETHA BHAT,case_spacing,acceptable
P01175,aadhaar,marksheet_10,dob,2005-07-19,2005-07-21,day_shift,critical
P01175,aadhaar,birth_certificate,name,Geetha Bhat,Getha Bhat,spelling_variant,risky
P01176,aadhaar,pan,name,Divya Reddy,DIVYA REDDY,case_spacing,acceptable
P01176,aadhaar,passport,address,"No. 132, Market Street, Indiranagar, Mumbai, Maharashtra - 400050","No. 64, MG Road, Kothrud, Noida, Uttar Pradesh - 201444",different_address,risky
P01177,aadhaar,pan,name,Riya Agarwal,RIYA AGARWAL,case_spacing,acceptable
P01177,aadhaar,marksheet_10,name,Riya Agarwal,Riay Agarwal,spelling_variant,risky
P01178,aadhaar,pan,name,Hetal Deshpande,HETAL DESHPANDE,case_spacing,acceptable
P01179,aadhaar,pan,name,Naresh Varma,NARESH VARMA,case_spacing,acceptable
P01180,aadhaar,pan,name,Pooja Singh,Poora Singh,spelling_variant,risky
P01180,aadhaar,passport,address,"No. 112, Market Street, Banjara Hills, Bengaluru, Karnataka - 560544","No. 198, Cross Road, Koramangala, Mysuru, Karnataka - 570477",different_address,risky
P01181,aadhaar,pan,name,Tanushree Mukherjee,TANUSHREE MUKHERJEE,case_spacing,acceptable
P01182,aadhaar,pan,name,Subhajit Roy,SUBHAJIT ROY,case_spacing,acceptable
P01182,aadhaar,pan,dob,1998-12-07,1998-12-05,day_shift,critical
P01183,aadhaar,pan,name,Sayali Kulkarni,SAYALI KULKARNI,case_spacing,acceptable
P01183,aadhaar,pan,dob,2002-07-29,2001-07-28,year_shift,critical
P01184,aadhaar,pan,name,Komal Agarwal,KOMAL AGARWAL,case_spacing,acceptable
P01185,aadhaar,pan,name,Moumita Banerjee,MOUMITA BANERJEE,case_spacing,acceptable
P01186,aadhaar,pan,name,Madhuri Kulkarni,MADHURI KULKARNI,case_spacing,acceptable
P01187,aadhaar,pan,name,Sourav Chatterjee,SOURAV CHATTERJEE,case_spacing,acceptable
P01188,aadhaar,pan,name,Komal Verma,KOMAL VERMA,case_spacing,acceptable
P01189,aadhaar,pan,name,Sandeep Gupta,SANDEEP GUPTA,case_spacing,acceptable
P01190,aadhaar,pan,name,Suresh Chowdary,SURESH CHOWDARY,case_spacing,acceptable
P01190,aadhaar,birth_certificate,father_name,Venkatesh Chowdary,Venkaatesh Chowdary,spelling_variant,risky
P01191,aadhaar,pan,name,Vishnu Nair,VISHNU NAIR,case_spacing,acceptable
P01192,aadhaar,pan,name,Harish Kulkarni,HARISH KULKARNI,case_spacing,acceptable
P01193,aadhaar,pan,name,Ritu Chauhan,RITU CHAUHAN,case_spacing,acceptable
P01194,aadhaar,pan,name,Vignesh Selvam,VIGNESH SELVAM,case_spacing,acceptable
P01194,aadhaar,marksheet_10,name,Vignesh Selvam,VIGNESH S,initial,acceptable
P01194,aadhaar,marksheet_12,name,Vignesh Selvam,VIGNESH S,initial,acceptable
P01195,aadhaar,pan,name,Rukhsar Sheikh,RUKHSAR SHEIKH,case_spacing,acceptable
P01196,aadhaar,pan,name,Swathi Raju,SWATHI RAJU,case_spacing,acceptable
P01197,aadhaar,pan,name,Rukhsar Khan,RUKHSAR KHAN,case_spacing,acceptable
P01198,aadhaar,pan,name,Prachi Patel,PRACHI PATEL,case_spacing,acceptable
P01198,aadhaar,birth_certificate,name,Prachi Patel,Puachi Patel,spelling_variant,risky
P01199,aadhaar,pan,name,Harini Babu,Sushma Chauhan,different_person,critical
P01199,aadhaar,marksheet_10,name,Harini Babu,HARINI B,initial,acceptable
P01199,aadhaar,marksheet_12,name,Harini Babu,Hareeni Babu,spelling_variant,risky
P01200,aadhaar,pan,name,Manjunath Shetty,MANJUNATH SHETTY,case_spacing,acceptable
P01201,aadhaar,pan,name,Riya Roy,RIYA ROY,case_spacing,acceptable
P01201,aadhaar,marksheet_12,father_name,Debashis Roy,Dhebashis Roy,spelling_variant,risky
P01202,aadhaar,pan,name,Priyanka Verma,PRIYANKA VERMA,case_spacing,acceptable
P01203,aadhaar,pan,name,Irfan Khan,IRFAN KHAN,case_spacing,acceptable
P01204,aadhaar,pan,name,Divya Varghese,DIVYA VARGHESE,case_spacing,acceptable
P01205,aadhaar,pan,name,Sravani Raju,SRAVANI RAJU,case_spacing,acceptable
P01206,aadhaar,pan,name,Pradeep Sharma,PRADEEP SHARMA,case_spacing,acceptable
P01207,aadhaar,pan,name,Puneeth Shetty,PUNEETH SHETTY,case_spacing,acceptable
P01207,aadhaar,marksheet_10,name,Puneeth Shetty,Punith Shetty,spelling_variant,risky
P01207,aadhaar,marksheet_10,father_name,Girish Shetty,Geerish Shetty,spelling_variant,risky
P01208,aadhaar,pan,name,Saravanan Senthil,SARAVANAN SENTHIL,case_spacing,acceptable
P01208,aadhaar,marksheet_10,name,Saravanan Senthil,SARAVANAN S,initial,acceptable
P01208,aadhaar,marksheet_12,name,Saravanan Senthil,SARAVANAN S,initial,acceptable
P01209,aadhaar,pan,name,Akhil Panicker,AKHIL PANICKER,case_spacing,acceptable
P01210,aadhaar,pan,name,Riya Chauhan,RIYA CHAUHAN,case_spacing,acceptable
P01211,aadhaar,pan,name,Shabana Khan,SHABANA KHAN,case_spacing,acceptable
P01212,aadhaar,pan,name,Sunitha Raju,SUNITHA RAJU,case_spacing,acceptable
P01213,aadhaar,pan,name,Kavitha Hegde,KAVITHA HEGDE,case_spacing,acceptable
P01214,aadhaar,pan,name,Rahul Menon,RAHUL MENON,case_spacing,acceptable
P01215,aadhaar,pan,name,Babu Siva,BABU SIVA,case_spacing,acceptable
P01215,aadhaar,marksheet_10,name,Babu Siva,BABU S,initial,acceptable
P01215,aadhaar,marksheet_12,name,Babu Siva,BABU S,initial,acceptable
P01215,aadhaar,marksheet_12,father_name,Siva,Sivaa,spelling_variant,risky
P01216,aadhaar,pan,name,Sneha Pandey,SNEHA PANDEY,case_spacing,acceptable
P01216,aadhaar,marksheet_12,father_name,Deepak Pandey,Deepaak Pandey,spelling_variant,risky
P01217,aadhaar,pan,name,Sushma Mishra,SUSHMA MISHRA,case_spacing,acceptable
P01217,aadhaar,passport,address,"No. 211, Station Road, Sector 62, Hyderabad, Telangana - 500812","No. 68, 2nd Main, Kakkanad, Mysuru, Karnataka - 570657",different_address,risky
P01218,aadhaar,pan,name,Rashmi Kulkarni,RASHMI KULKARNI,case_spacing,acceptable
P01219,aadhaar,pan,name,Prasad Raju,PRASAD RAJU,case_spacing,acceptable
P01219,aadhaar,passport,name,Prasad Raju,Praasad Raju,spelling_variant,risky
P01220,aadhaar,pan,name,Mary Pereira,MARY PEREIRA,case_spacing,acceptable
P01220,aadhaar,marksheet_12,name,Mary Pereira,Maary Pereira,spelling_variant,risky
P01221,aadhaar,pan,name,Lakshmi Ramesh,LAKSHMI RAMESH,case_spacing,acceptable
P01221,aadhaar,marksheet_10,name,Lakshmi Ramesh,LAKSHMI R,initial,acceptable
P01221,aadhaar,marksheet_12,name,Lakshmi Ramesh,LAKSHMI R,initial,acceptable
P01222,aadhaar,pan,name,Harini Selvam,HARINI SELVAM,case_spacing,acceptable
P01222,aadhaar,marksheet_10,name,Harini Selvam,HARINI S,initial,acceptable
P01222,aadhaar,marksheet_10,father_name,Selvam,Sellvam,spelling_variant,risky
P01222,aadhaar,marksheet_12,name,Harini Selvam,HARINI S,initial,acceptable
P01222,aadhaar,birth_certificate,dob,2005-06-14,2004-06-14,year_shift,critical
P01223,aadhaar,pan,name,Arif Pathan,ARIF PATHAN,case_spacing,acceptable
P01224,aadhaar,pan,name,Naveen Rao,NAVEEN RAO,case_spacing,acceptable
P01224,aadhaar,passport,address,"No. 59, Main Road, Velachery, Mumbai, Maharashtra - 400127","No. 120, Lake View Road, T Nagar, Noida, Uttar Pradesh - 201568",different_address,risky
P01225,aadhaar,pan,name,Sneha Verma,SNEHA VERMA,case_spacing,acceptable
P01225,aadhaar,marksheet_12,name,Sneha Verma,Sundar Elango,different_person,critical
P01226,aadhaar,pan,name,Ajay Yadav,AJAY YADAV,case_spacing,acceptable
P01227,aadhaar,pan,name,Arnab Chatterjee,ARNAB CHATTERJEE,case_spacing,acceptable
P01228,aadhaar,pan,name,Hetal Desai,HETAL DESAI,case_spacing,acceptable
P01229,aadhaar,pan,name,Sameer Ansari,SAMEER ANSARI,case_spacing,acceptable
P01230,aadhaar,pan,name,Revathi Senthil,Revaathi Senthil,spelling_variant,risky
P01230,aadhaar,marksheet_10,name,Revathi Senthil,REVATHI S,initial,acceptable
P01230,aadhaar,marksheet_12,name,Revathi Senthil,REVATHI S,initial,acceptable
P01231,aadhaar,pan,name,Sneha Chauhan,SNEHA CHAUHAN,case_spacing,acceptable
P01232,aadhaar,pan,name,Revathi Prakash,REVATHI PRAKASH,case_spacing,acceptable
P01232,aadhaar,marksheet_10,name,Revathi Prakash,REVATHI P,initial,acceptable
P01232,aadhaar,marksheet_12,name,Revathi Prakash,REVATHI P,initial,acceptable
P01233,aadhaar,pan,name,Ajay Verma,AJAY VERMA,case_spacing,acceptable
P01233,aadhaar,marksheet_12,name,Ajay Verma,Ajai Verma,spelling_variant,risky
P01233,aadhaar,birth_certificate,dob,2005-02-10,2006-02-10,year_shift,critical
P01234,aadhaar,pan,name,Srinivas Reddy,SRINIVAS REDDY,case_spacing,acceptable
P01235,aadhaar,pan,name,Sushma Mishra,SUSHMA MISHRA,case_spacing,acceptable
P01236,aadhaar,pan,name,Akhil Panicker,AKHIL PANICKER,case_spacing,acceptable
P01236,aadhaar,marksheet_10,dob,2004-11-21,2003-11-21,year_shift,critical
P01236,aadhaar,marksheet_12,father_name,Rahul Panicker,Rahool Panicker,spelling_variant,risky
P01237,aadhaar,pan,name,Raju Madhavan,RAJU MADHAVAN,case_spacing,acceptable
P01237,aadhaar,pan,father_name,Madhavan,Madavan,spelling_variant,risky
P01237,aadhaar,marksheet_10,name,Raju Madhavan,RAJU M,initial,acceptable
P01237,aadhaar,marksheet_12,name,Raju Madhavan,RAJU M,initial,acceptable
P01238,aadhaar,pan,name,Sowmya Madhavan,SOWMYA MADHAVAN,case_spacing,acceptable
P01238,aadhaar,marksheet_10,name,Sowmya Madhavan,SOWMYA M,initial,acceptable
P01238,aadhaar,marksheet_12,name,Sowmya Madhavan,Sowmyaa Madhavan,spelling_variant,risky
P01239,aadhaar,pan,name,Venkatesh Naidu,VENKATESH NAIDU,case_spacing,acceptable
P01239,aadhaar,passport,name,Venkatesh Naidu,Venkaatesh Naidu,spelling_variant,risky
P01240,aadhaar,pan,name,Nandini Rao,NANDINI RAO,case_spacing,acceptable
P01241,aadhaar,pan,name,Thomas Pereira,THOMAS PEREIRA,case_spacing,acceptable
P01241,aadhaar,marksheet_10,father_name,Samuel Pereira,Shamuel Pereira,spelling_variant,risky
P01242,aadhaar,pan,name,Pradeep Mishra,PRADEEP MISHRA,case_spacing,acceptable
P01243,aadhaar,pan,name,Srinivas Reddy,SRINIVAS REDDY,case_spacing,acceptable
P01244,aadhaar,pan,name,Gaurav Chauhan,GAURAV CHAUHAN,case_spacing,acceptable
P01245,aadhaar,pan,name,Harish Shetty,HARISH SHETTY,case_spacing,acceptable
P01246,aadhaar,pan,name,Pooja Mishra,POOJA MISHRA,case_spacing,acceptable
P01246,aadhaar,pan,dob,1999-12-22,1999-12-23,day_shift,critical
P01247,aadhaar,pan,name,Tejas Deshpande,TEJAS DESHPANDE,case_spacing,acceptable
P01247,aadhaar,passport,address,"No. 204, Market Street, Kakkanad, Hyderabad, Telangana - 500519","No. 225, Gandhi Road, Kothrud, Madurai, Tamil Nadu - 625778",different_address,risky
P01248,aadhaar,pan,name,Shabana Khan,SHABANA KHAN,case_spacing,acceptable
P01249,aadhaar,pan,name,Ritu Pandey,RITU PANDEY,case_spacing,acceptable
P01250,aadhaar,pan,name,Indhu Selvam,INDHU SELVAM,case_spacing,acceptable
P01250,aadhaar,marksheet_10,name,Indhu Selvam,INDHU S,initial,acceptable
P01250,aadhaar,marksheet_12,name,Indhu Selvam,INDHU S,initial,acceptable
P01251,aadhaar,pan,name,Aniket Deshpande,ANIKET DESHPANDE,case_spacing,acceptable
P01251,aadhaar,marksheet_10,father_name,Jay Deshpande,Jaay Deshpande,spelling_variant,risky
P01252,aadhaar,pan,name,Naresh Reddy,NARESH REDDY,case_spacing,acceptable
P01252,aadhaar,marksheet_10,father_name,Mahesh Reddy,Mahes Reddy,spelling_variant,risky
P01253,aadhaar,pan,name,Mohammed Ansari,MOHAMMED ANSARI,case_spacing,acceptable
P01254,aadhaar,pan,name,Ritu Pandey,RITU PANDEY,case_spacing,acceptable
P01255,aadhaar,pan,name,Sana Pathan,SANA PATHAN,case_spacing,acceptable
P01256,aadhaar,pan,name,Amit Gupta,AMIT GUPTA,case_spacing,acceptable
P01257,aadhaar,pan,name,Rahul Mishra,RAHUL MISHRA,case_spacing,acceptable
P01258,aadhaar,pan,name,Swathi Rao,SWATHI RAO,case_spacing,acceptable
P01258,aadhaar,pan,father_name,Krishna Rao,Kreeshna Rao,spelling_variant,risky
P01259,aadhaar,pan,name,Sanjay Chauhan,SANJAY CHAUHAN,case_spacing,acceptable
P01260,aadhaar,pan,name,Sanjay Tiwari,SANJAY TIWARI,case_spacing,acceptable
P01261,aadhaar,pan,name,Sravani Chowdary,SRAVANI CHOWDARY,case_spacing,acceptable
P01261,aadhaar,pan,dob,2002-10-25,2002-10-23,day_shift,critical
P01262,aadhaar,pan,name,Abhijit Mukherjee,ABHIJIT MUKHERJEE,case_spacing,acceptable
P01263,aadhaar,pan,name,Raghavendra Kulkarni,RAGHAVENDRA KULKARNI,case_spacing,acceptable
P01264,aadhaar,pan,name,Divya Varghese,DIVYA VARGHESE,case_spacing,acceptable
P01265,aadhaar,pan,name,Rutuja Patel,RUTUJA PATEL,case_spacing,acceptable
P01266,aadhaar,pan,name,Debashis Das,DEBASHIS DAS,case_spacing,acceptable
P01267,aadhaar,pan,name,Harish Hegde,HARISH HEGDE,case_spacing,acceptable
P01267,aadhaar,marksheet_10,dob,2002-07-02,2002-02-07,day_month_swap,critical
P01268,aadhaar,pan,name,Harish Bhat,HARISH BHAT,case_spacing,acceptable
P01269,aadhaar,pan,name,Sumit Chauhan,SUMIT CHAUHAN,case_spacing,acceptable
P01269,aadhaar,passport,address,"No. 141, Church Street, Malviya Nagar, Noida, Uttar Pradesh - 201904","No. 96, Main Road, Indiranagar, Pune, Maharashtra - 411896",different_address,risky
P01270,aadhaar,pan,name,Sunitha Reddy,SUNITHA REDDY,case_spacing,acceptable
P01270,aadhaar,pan,father_name,Prasad Reddy,Prasadh Reddy,spelling_variant,risky
P01270,aadhaar,passport,name,Sunitha Reddy,Suneetha Reddy,spelling_variant,risky
P01271,aadhaar,pan,name,Siva Selvam,SIVA SELVAM,case_spacing,acceptable
P01271,aadhaar,marksheet_10,name,Siva Selvam,SIVA S,initial,acceptable
P01271,aadhaar,marksheet_12,name,Siva Selvam,Seeva Selvam,spelling_variant,risky
P01272,aadhaar,pan,name,Simran Chauhan,SIMRAN CHAUHAN,case_spacing,acceptable
P01273,aadhaar,pan,name,Riya Tiwari,RIYA TIWARI,case_spacing,acceptable
P01274,aadhaar,pan,name,Ajay Agarwal,AJAY AGARWAL,case_spacing,acceptable
P01275,aadhaar,pan,name,Gopika Menon,GOPIKA MENON,case_spacing,acceptable
P01276,aadhaar,pan,name,Ritu Chauhan,RITU CHAUHAN,case_spacing,acceptable
P01277,aadhaar,pan,name,Malathi Kannan,MALATHI KANNAN,case_spacing,acceptable
P01277,aadhaar,marksheet_10,name,Malathi Kannan,MALATHI K,initial,acceptable
P01277,aadhaar,marksheet_10,father_name,Kannan,Kannnan,spelling_variant,risky
P01277,aadhaar,marksheet_12,name,Malathi Kannan,MALATHI K,initial,acceptable
P01278,aadhaar,pan,name,Sowmya Kumar,SOWMYA KUMAR,case_spacing,acceptable
P01278,aadhaar,marksheet_10,name,Sowmya Kumar,SOWMYA K,initial,acceptable
P01278,aadhaar,marksheet_12,name,Sowmya Kumar,SOWMYA K,initial,acceptable
P01279,aadhaar,pan,name,Priyanka Verma,PRIYANKA VERMA,case_spacing,acceptable
P01279,aadhaar,birth_certificate,dob,1998-11-13,1998-11-12,day_shift,critical
P01280,aadhaar,pan,name,Reshma Varghese,RESHMA VARGHESE,case_spacing,acceptable
P01281,aadhaar,pan,name,Omkar Kulkarni,OMKAR KULKARNI,case_spacing,acceptable
P01282,aadhaar,pan,name,Nandini Gowda,NANDINI GOWDA,case_spacing,acceptable
P01283,aadhaar,pan,name,Pradeep Sharma,PRADEEP SHARMA,case_spacing,acceptable
P01284,aadhaar,pan,name,Sravani Raju,SRAVANI RAJU,case_spacing,acceptable
P01285,aadhaar,pan,name,Lakshmi Madhavan,LAKSHMI MADHAVAN,case_spacing,acceptable
P01285,aadhaar,marksheet_10,name,Lakshmi Madhavan,LAKSHMI M,initial,acceptable
P01285,aadhaar,marksheet_12,name,Lakshmi Madhavan,Lkashmi Madhavan,spelling_variant,risky
P01285,aadhaar,birth_certificate,name,Lakshmi Madhavan,M. Lakshmi,initial,acceptable
P01286,aadhaar,pan,name,Abdul Khan,ABDUL KHAN,case_spacing,acceptable
P01287,aadhaar,pan,name,Venkatesh Raju,Venkaetsh Raju,spelling_variant,risky
P01288,aadhaar,pan,name,Sruthi Nair,SRUTHI NAIR,case_spacing,acceptable
P01288,aadhaar,marksheet_12,name,Sruthi Nair,Sroothi Nair,spelling_variant,risky
P01289,aadhaar,pan,name,Rahul Nair,RAHUL NAIR,case_spacing,acceptable
P01289,aadhaar,passport,gender,M,F,flipped,critical
P01290,aadhaar,pan,name,Subhajit Ghosh,SUBHAJIT GHOSH,case_spacing,acceptable
P01290,aadhaar,pan,dob,2005-09-13,2006-09-13,year_shift,critical
P01291,aadhaar,pan,name,Rahul Varghese,Raahul Varghese,spelling_variant,risky
P01291,aadhaar,passport,gender,M,F,flipped,critical
P01291,aadhaar,passport,address,"No. 171, 2nd Main, Indiranagar, Bengaluru, Karnataka - 560384","No. 62, Church Street, Sector 62, Hyderabad, Telangana - 500546",different_address,risky
P01292,aadhaar,pan,name,Murugan Karthik,MURUGAN KARTHIK,case_spacing,acceptable
P01292,aadhaar,marksheet_10,name,Murugan Karthik,MURUGAN K,initial,acceptable
P01292,aadhaar,marksheet_12,name,Murugan Karthik,MURUGAN K,initial,acceptable
P01293,aadhaar,pan,name,Rohit Sharma,ROHIT SHARMA,case_spacing,acceptable
P01294,aadhaar,pan,name,Neha Tiwari,NEHA TIWARI,case_spacing,acceptable
P01294,aadhaar,birth_certificate,name,Neha Tiwari,Neah Tiwari,spelling_variant,risky
P01295,aadhaar,pan,name,Merlin Thomas,MERLIN THOMAS,case_spacing,acceptable
P01296,aadhaar,pan,name,Debashis Sen,DEBASHIS SEN,case_spacing,acceptable
P01297,aadhaar,pan,name,Sumit Chauhan,SUMIT CHAUHAN,case_spacing,acceptable
P01297,aadhaar,birth_certificate,father_name,Ankit Chauhan,Ankeet Chauhan,spelling_variant,risky
P01298,aadhaar,pan,name,Debashis Das,DEBASHIS DAS,case_spacing,acceptable
P01299,aadhaar,pan,name,Haritha Raju,HARITHA RAJU,case_spacing,acceptable
P01300,aadhaar,pan,name,Rohit Yadav,ROHIT YADAV,case_spacing,acceptable
P01301,aadhaar,pan,name,Reshma Pillai,RESHMA PILLAI,case_spacing,acceptable
P01302,aadhaar,pan,name,Lavanya Rao,LAVANYA RAO,case_spacing,acceptable
P01303,aadhaar,pan,name,Riya Singh,RIYA SINGH,case_spacing,acceptable
P01303,aadhaar,passport,address,"No. 154, MG Road, Kothrud, Madurai, Tamil Nadu - 625756","No. 130, Station Road, Kothrud, Bengaluru, Karnataka - 560271",different_address,risky
P01304,aadhaar,pan,name,Geetha Gowda,GEETHA GOWDA,case_spacing,acceptable
P01305,aadhaar,pan,name,Ritu Verma,RITU VERMA,case_spacing,acceptable
P01306,aadhaar,pan,name,Sanjay Sharma,SANJAY SHARMA,case_spacing,acceptable
P01307,aadhaar,pan,name,Anirban Banerjee,ANIRBAN BANERJEE,case_spacing,acceptable
P01307,aadhaar,pan,father_name,Abhijit Banerjee,Abheejit Banerjee,spelling_variant,risky
P01308,aadhaar,pan,name,Vikram Pandey,VIKRAM PANDEY,case_spacing,acceptable
P01309,aadhaar,pan,name,Raju Sundar,RAJU SUNDAR,case_spacing,acceptable
P01309,aadhaar,marksheet_10,name,Raju Sundar,RAJU S,initial,acceptable
P01309,aadhaar,marksheet_12,name,Raju Sundar,RAJU S,initial,acceptable
P01310,aadhaar,pan,name,Pooja Pandey,POOJA PANDEY,case_spacing,acceptable
P01310,aadhaar,birth_certificate,dob,2000-01-19,2000-01-18,day_shift,critical
P01311,aadhaar,pan,name,Irfan Ansari,IRFAN ANSARI,case_spacing,acceptable
P01311,aadhaar,marksheet_10,father_name,Salman Ansari,Salmann Ansari,spelling_variant,risky
P01312,aadhaar,pan,name,Jyothi Chowdary,JYOTHI CHOWDARY,case_spacing,acceptable
P01313,aadhaar,pan,name,Abhijit Bose,ABHIJIT BOSE,case_spacing,acceptable
P01314,aadhaar,pan,name,Shreya Tiwari,SHREYA TIWARI,case_spacing,acceptable
P01315,aadhaar,pan,name,Gayathri Manikandan,GAYATHRI MANIKANDAN,case_spacing,acceptable
P01315,aadhaar,marksheet_10,name,Gayathri Manikandan,GAYATHRI M,initial,acceptable
P01315,aadhaar,marksheet_12,name,Gayathri Manikandan,GAYATHRI M,initial,acceptable
P01316,aadhaar,pan,name,Kavya Vignesh,KAVYA VIGNESH,case_spacing,acceptable
P01316,aadhaar,marksheet_10,name,Kavya Vignesh,KAVYA V,initial,acceptable
P01316,aadhaar,marksheet_10,father_name,Vignesh,Vignnesh,spelling_variant,risky
P01316,aadhaar,marksheet_12,name,Kavya Vignesh,KAVYA V,initial,acceptable
P01316,aadhaar,birth_certificate,name,Kavya Vignesh,V. Kavya,initial,acceptable
P01317,aadhaar,pan,name,Akhil Nair,AKHIL NAIR,case_spacing,acceptable
P01318,aadhaar,pan,name,Manjunath Rao,MANJUNATH RAO,case_spacing,acceptable
P01318,aadhaar,marksheet_10,name,Manjunath Rao,Manjunathh Rao,spelling_variant,risky
P01319,aadhaar,pan,name,Jyothi Raju,JYOTHI RAJU,case_spacing,acceptable
P01319,aadhaar,birth_certificate,name,Jyothi Raju,Jyohti Raju,spelling_variant,risky
P01319,aadhaar,birth_certificate,father_name,Naresh Raju,Nareshh Raju,spelling_variant,risky
P01320,aadhaar,pan,name,Anjali Pandey,ANJALI PANDEY,case_spacing,acceptable
P01321,aadhaar,pan,name,Yamini Ramesh,YAMINI RAMESH,case_spacing,acceptable
P01321,aadhaar,marksheet_10,name,Yamini Ramesh,YAMINI R,initial,acceptable
P01321,aadhaar,marksheet_12,name,Yamini Ramesh,YAMINI R,initial,acceptable
P01322,aadhaar,pan,name,Sagar Patel,SAGAR PATEL,case_spacing,acceptable
P01323,aadhaar,pan,name,Venkatesh Varma,VENKATESH VARMA,case_spacing,acceptable
P01324,aadhaar,pan,name,Girish Shetty,GIRISH SHETTY,case_spacing,acceptable
P01325,aadhaar,pan,name,Shashank Kulkarni,SHASHANK KULKARNI,case_spacing,acceptable
P01325,aadhaar,marksheet_10,name,Shashank Kulkarni,Madhuri Rao,different_person,critical
P01325,aadhaar,passport,gender,M,F,flipped,critical
P01326,aadhaar,pan,name,Mahesh Rao,Maheshh Rao,spelling_variant,risky
P01327,aadhaar,pan,name,Harish Hegde,HARISH HEGDE,case_spacing,acceptable
P01328,aadhaar,pan,name,Sayali Patil,SAYALI PATIL,case_spacing,acceptable
P01328,aadhaar,passport,address,"No. 114, Market Street, Anna Nagar, Mumbai, Maharashtra - 400906","No. 235, MG Road, Malviya Nagar, Coimbatore, Tamil Nadu - 641359",different_address,risky
P01328,aadhaar,birth_certificate,dob,1998-01-06,1999-01-06,year_shift,critical
P01329,aadhaar,pan,name,Sahana Hegde,SAHANA HEGDE,case_spacing,acceptable
P01330,aadhaar,pan,name,Reshma Pillai,RESHMA PILLAI,case_spacing,acceptable
P01331,aadhaar,pan,name,Sagar Patel,SAGAR PATEL,case_spacing,acceptable
P01331,aadhaar,marksheet_12,name,Sagar Patel,Saagar Patel,spelling_variant,risky
P01331,aadhaar,passport,dob,2002-12-03,2001-12-03,year_shift,critical
P01332,aadhaar,pan,name,Vignesh Senthil,VIGNESH SENTHIL,case_spacing,acceptable
P01332,aadhaar,marksheet_10,name,Vignesh Senthil,VIGNESH S,initial,acceptable
P01332,aadhaar,marksheet_12,name,Vignesh Senthil,VIGNESH S,initial,acceptable
P01332,aadhaar,birth_certificate,name,Vignesh Senthil,S. Vignesh,initial,acceptable
P01333,aadhaar,pan,name,Reshma Kurup,RESHMA KURUP,case_spacing,acceptable
P01333,aadhaar,pan,dob,2003-09-24,2003-09-25,day_shift,critical
P01334,aadhaar,pan,name,Sameer Pathan,SAMEER PATHAN,case_spacing,acceptable
P01335,aadhaar,pan,name,Tamilselvi Ramesh,Tamillselvi Ramesh,spelling_variant,risky
P01335,aadhaar,marksheet_10,name,Tamilselvi Ramesh,TAMILSELVI R,initial,acceptable
P01335,aadhaar,marksheet_12,name,Tamilselvi Ramesh,TAMILSELVI R,initial,acceptable
P01336,aadhaar,pan,name,Deepak Yadav,DEEPAK YADAV,case_spacing,acceptable
P01336,aadhaar,marksheet_10,father_name,Pradeep Yadav,Pradheep Yadav,spelling_variant,risky
P01337,aadhaar,pan,name,Abdul Khan,ABDUL KHAN,case_spacing,acceptable
P01337,aadhaar,marksheet_10,father_name,Farhan Khan,Faarhan Khan,spelling_variant,risky
P01338,aadhaar,pan,name,Shabana Qureshi,SHABANA QURESHI,case_spacing,acceptable
P01339,aadhaar,pan,name,Riya Agarwal,RIYA AGARWAL,case_spacing,acceptable
P01339,aadhaar,birth_certificate,father_name,Rahul Agarwal,Rahull Agarwal,spelling_variant,risky
P01339,aadhaar,birth_certificate,dob,2004-08-24,2004-08-23,day_shift,critical
P01340,aadhaar,pan,name,Omkar Deshpande,OMKAR DESHPANDE,case_spacing,acceptable
P01340,aadhaar,marksheet_10,name,Omkar Deshpande,Omkra Deshpande,spelling_variant,risky
P01341,aadhaar,pan,name,Abdul Ansari,ABDUL ANSARI,case_spacing,acceptable
P01342,aadhaar,pan,name,Sandeep Pandey,SANDEEP PANDEY,case_spacing,acceptable
P01343,aadhaar,pan,name,Manjunath Bhat,MANJUNATH BHAT,case_spacing,acceptable
P01344,aadhaar,pan,name,Priyanka Gupta,PRIYANKA GUPTA,case_spacing,acceptable
P01345,aadhaar,pan,name,Arnab Chatterjee,ARNAB CHATTERJEE,case_spacing,acceptable
P01346,aadhaar,pan,name,Prasad Raju,PRASAD RAJU,case_spacing,acceptable
P01347,aadhaar,pan,name,Gayathri Saravanan,GAYATHRI SARAVANAN,case_spacing,acceptable
P01347,aadhaar,marksheet_10,name,Gayathri Saravanan,GAYATHRI S,initial,acceptable
P01347,aadhaar,marksheet_12,name,Gayathri Saravanan,GAYATHRI S,initial,acceptable
P01348,aadhaar,pan,name,Gaurav Yadav,GAURAV YADAV,case_spacing,acceptable
P01349,aadhaar,pan,name,Lavanya Rao,LAVANYA RAO,case_spacing,acceptable
P01350,aadhaar,pan,name,Neha Tiwari,NEHA TIWARI,case_spacing,acceptable
P01351,aadhaar,pan,name,Tamilselvi Siva,TAMILSELVI SIVA,case_spacing,acceptable
P01351,aadhaar,marksheet_10,name,Tamilselvi Siva,TAMILSELVI S,initial,acceptable
P01351,aadhaar,marksheet_12,name,Tamilselvi Siva,TAMILSELVI S,initial,acceptable
P01351,aadhaar,marksheet_12,father_name,Siva,Seeva,spelling_variant,risky
P01351,aadhaar,birth_certificate,name,Tamilselvi Siva,S. Tamilselvi,initial,acceptable
P01352,aadhaar,pan,name,Darshan Kulkarni,DARSHAN KULKARNI,case_spacing,acceptable
P01352,aadhaar,pan,father_name,Puneeth Kulkarni,Pooneeth Kulkarni,spelling_variant,risky
P01352,aadhaar,marksheet_12,name,Darshan Kulkarni,Darshaan Kulkarni,spelling_variant,risky
P01353,aadhaar,pan,name,Kiran Raju,KIRAN RAJU,case_spacing,acceptable
P01353,aadhaar,marksheet_10,dob,2002-08-19,2002-08-20,day_shift,critical
P01354,aadhaar,pan,name,Sangeetha Vignesh,SANGEETHA VIGNESH,case_spacing,acceptable
P01354,aadhaar,marksheet_10,name,Sangeetha Vignesh,Sageetha Vignesh,spelling_variant,risky
P01354,aadhaar,marksheet_12,name,Sangeetha Vignesh,SANGEETHA V,initial,acceptable
P01354,aadhaar,passport,address,"No. 63, MG Road, Navrangpura, Kochi, Kerala - 682986","No. 85, Gandhi Road, Jayanagar, Mysuru, Karnataka - 570516",different_address,risky
P01355,aadhaar,pan,name,Pooja Pandey,Poojaa Pandey,spelling_variant,risky
P01356,aadhaar,pan,name,Naveen Kulkarni,NAVEEN KULKARNI,case_spacing,acceptable
P01357,aadhaar,pan,name,Rahul Gupta,RAHUL GUPTA,case_spacing,acceptable
P01358,aadhaar,pan,name,Harish Bhat,HARISH BHAT,case_spacing,acceptable
P01359,aadhaar,pan,name,Ankit Verma,ANKIT VERMA,case_spacing,acceptable
P01360,aadhaar,pan,name,Puneeth Hegde,PUNEETH HEGDE,case_spacing,acceptable
P01361,aadhaar,pan,name,Arif Khan,ARIF KHAN,case_spacing,acceptable
P01361,aadhaar,marksheet_12,name,Arif Khan,Arnf Khan,spelling_variant,risky
P01362,aadhaar,pan,name,Abhijit Sen,ABHIJIT SEN,case_spacing,acceptable
P01363,aadhaar,pan,name,Balaji Madhavan,BALAJI MADHAVAN,case_spacing,acceptable
P01363,aadhaar,marksheet_10,name,Balaji Madhavan,BALAJI M,initial,acceptable
P01363,aadhaar,marksheet_12,name,Balaji Madhavan,BALAJI M,initial,acceptable
P01364,aadhaar,pan,name,Velu Elango,VELU ELANGO,case_spacing,acceptable
P01364,aadhaar,marksheet_10,name,Velu Elango,VELU E,initial,acceptable
P01364,aadhaar,marksheet_12,name,Velu Elango,VELU E,initial,acceptable
P01364,aadhaar,birth_certificate,name,Velu Elango,E. Velu,initial,acceptable
P01365,aadhaar,pan,name,Ananya Bose,ANANYA BOSE,case_spacing,acceptable
P01365,aadhaar,marksheet_10,name,Ananya Bose,Annanya Bose,spelling_variant,risky
P01366,aadhaar,pan,name,Heena Qureshi,HEENA QURESHI,case_spacing,acceptable
P01367,aadhaar,pan,name,Indhu Raju,INDHU RAJU,case_spacing,acceptable
P01367,aadhaar,marksheet_10,name,Indhu Raju,INDHU R,initial,acceptable
P01367,aadhaar,marksheet_12,name,Indhu Raju,INDHU R,initial,acceptable
P01368,aadhaar,pan,name,Ishita Roy,ISHITA ROY,case_spacing,acceptable
P01369,aadhaar,pan,name,Bhoomika Bhat,BHOOMIKA BHAT,case_spacing,acceptable
P01369,aadhaar,passport,dob,2005-03-01,2006-03-01,year_shift,critical
P01370,aadhaar,pan,name,George Mathew,GEORGE MATHEW,case_spacing,acceptable
P01370,aadhaar,marksheet_12,name,George Mathew,George Mathew,spelling_variant,risky
P01371,aadhaar,pan,name,Anagha Menon,ANAGHA MENON,case_spacing,acceptable
P01371,aadhaar,marksheet_10,dob,2000-09-19,2001-09-19,year_shift,critical
P01372,aadhaar,pan,name,Meena Karthik,MEENA KARTHIK,case_spacing,acceptable
P01372,aadhaar,marksheet_10,name,Meena Karthik,MEENA K,initial,acceptable
P01372,aadhaar,marksheet_12,name,Meena Karthik,MEENA K,initial,acceptable
P01372,aadhaar,birth_certificate,dob,2005-08-03,2005-03-08,day_month_swap,critical
P01373,aadhaar,pan,name,Jyothi Reddy,JYOTHI REDDY,case_spacing,acceptable
P01373,aadhaar,passport,dob,2003-06-25,2003-06-26,day_shift,critical
P01374,aadhaar,pan,name,Sana Khan,SANA KHAN,case_spacing,acceptable
P01375,aadhaar,pan,name,Madhuri Kulkarni,MADHURI KULKARNI,case_spacing,acceptable
P01375,aadhaar,pan,dob,2001-02-08,2001-02-10,day_shift,critical
P01376,aadhaar,pan,name,Revathi Karthik,REVATHI KARTHIK,case_spacing,acceptable
P01376,aadhaar,pan,dob,2000-11-29,2000-12-01,day_shift,critical
P01376,aadhaar,marksheet_10,name,Revathi Karthik,REVATHI K,initial,acceptable
P01376,aadhaar,marksheet_12,name,Revathi Karthik,REVATHI K,initial,acceptable
P01377,aadhaar,pan,name,Deepak Yadav,DEEPAK YADAV,case_spacing,acceptable
P01378,aadhaar,pan,name,Nandini Hegde,NANDINI HEGDE,case_spacing,acceptable
P01379,aadhaar,pan,name,Nikhil Varghese,NIKHIL VARGHESE,case_spacing,acceptable
P01380,aadhaar,pan,name,Sumit Pandey,SUMIT PANDEY,case_spacing,acceptable
P01381,aadhaar,pan,name,Tanushree Sen,TANUSHREE SEN,case_spacing,acceptable
P01382,aadhaar,pan,name,Suresh Chowdary,SURESH CHOWDARY,case_spacing,acceptable
P01382,aadhaar,pan,dob,2002-10-04,2002-04-10,day_month_swap,critical
P01382,aadhaar,marksheet_12,name,Suresh Chowdary,Sooresh Chowdary,spelling_variant,risky
P01383,aadhaar,pan,name,Kumar Saravanan,KUMAR SARAVANAN,case_spacing,acceptable
P01383,aadhaar,marksheet_10,name,Kumar Saravanan,KUMAR S,initial,acceptable
P01383,aadhaar,marksheet_12,name,Kumar Saravanan,KUMAR S,initial,acceptable
P01383,aadhaar,marksheet_12,father_name,Saravanan,Sharavanan,spelling_variant,risky
P01384,aadhaar,pan,name,Padma Varma,PADMA VARMA,case_spacing,acceptable
P01384,aadhaar,pan,dob,2001-07-12,2001-12-07,day_month_swap,critical
P01385,aadhaar,pan,name,Yamini Murugan,YAMINI MURUGAN,case_spacing,acceptable
P01385,aadhaar,marksheet_10,name,Yamini Murugan,YAMINI M,initial,acceptable
P01385,aadhaar,marksheet_12,name,Yamini Murugan,YAMINI M,initial,acceptable
P01385,aadhaar,birth_certificate,name,Yamini Murugan,M. Yamini,initial,acceptable
P01385,aadhaar,birth_certificate,father_name,Murugan,Murugann,spelling_variant,risky
P01386,aadhaar,pan,name,Neha Mishra,NEHA MISHRA,case_spacing,acceptable
P01387,aadhaar,pan,name,Shreya Tiwari,SHREYA TIWARI,case_spacing,acceptable
P01388,aadhaar,pan,name,Archana Agarwal,ARCHANA AGARWAL,case_spacing,acceptable
P01389,aadhaar,pan,name,Irfan Syed,Irfaan Syed,spelling_variant,risky
P01390,aadhaar,pan,name,Krishna Varma,KRISHNA VARMA,case_spacing,acceptable
P01391,aadhaar,pan,name,Ajay Tiwari,AJAY TIWARI,case_spacing,acceptable
P01392,aadhaar,pan,name,Akhil Nair,AKHIL NAIR,case_spacing,acceptable
P01392,aadhaar,passport,dob,2000-10-28,2000-10-27,day_shift,critical
P01393,aadhaar,pan,name,Srinivas Varma,Srinnivas Varma,spelling_variant,risky
P01394,aadhaar,pan,name,Aswathy Kurup,ASWATHY KURUP,case_spacing,acceptable
P01395,aadhaar,pan,name,Sravani Varma,SRAVANI VARMA,case_spacing,acceptable
P01396,aadhaar,pan,name,Parth Kulkarni,Parthh Kulkarni,spelling_variant,risky
P01397,aadhaar,pan,name,Shilpa Rao,SHILPA RAO,case_spacing,acceptable
P01398,aadhaar,pan,name,Sunitha Chowdary,SUNITHA CHOWDARY,case_spacing,acceptable
P01398,aadhaar,marksheet_10,dob,2002-03-10,2002-03-12,day_shift,critical
P01399,aadhaar,pan,name,Irfan Syed,IRFAN SYED,case_spacing,acceptable
P01400,aadhaar,pan,name,Spoorthi Rao,SPOORTHI RAO,case_spacing,acceptable
P01400,aadhaar,marksheet_10,father_name,Girish Rao,Geerish Rao,spelling_variant,risky
P01401,aadhaar,pan,name,Ananya Bose,ANANYA BOSE,case_spacing,acceptable
P01402,aadhaar,pan,name,Shilpa Bhat,SHILPA BHAT,case_spacing,acceptable
P01402,aadhaar,marksheet_12,name,Shilpa Bhat,Shillpa Bhat,spelling_variant,risky
P01403,aadhaar,pan,name,Hari Menon,HARI MENON,case_spacing,acceptable
P01403,aadhaar,pan,father_name,Arjun Menon,Arjoon Menon,spelling_variant,risky
P01404,aadhaar,pan,name,Neha Verma,NEHA VERMA,case_spacing,acceptable
P01405,aadhaar,pan,name,Nikhil Joshi,Nnkhil Joshi,spelling_variant,risky
P01406,aadhaar,pan,name,Sreya Banerjee,SREYA BANERJEE,case_spacing,acceptable
P01407,aadhaar,pan,name,Velu Murugan,VELU MURUGAN,case_spacing,acceptable
P01407,aadhaar,marksheet_10,name,Velu Murugan,VELU M,initial,acceptable
P01407,aadhaar,marksheet_12,name,Velu Murugan,VELU M,initial,acceptable
P01408,aadhaar,pan,name,Deepak Tiwari,Deepaak Tiwari,spelling_variant,risky
P01409,aadhaar,pan,name,Rukhsar Khan,RUKHSAR KHAN,case_spacing,acceptable
P01410,aadhaar,pan,name,Venkatesh Naidu,VENKATESH NAIDU,case_spacing,acceptable
P01411,aadhaar,pan,name,Lakshmi Raju,LAKSHMI RAJU,case_spacing,acceptable
P01411,aadhaar,marksheet_10,name,Lakshmi Raju,LAKSHMI R,initial,acceptable
P01411,aadhaar,marksheet_12,name,Lakshmi Raju,LAKSHMI R,initial,acceptable
P01412,aadhaar,pan,name,Vikram Singh,VIKRAM SINGH,case_spacing,acceptable
P01413,aadhaar,pan,name,Kiran Chowdary,KIRAN CHOWDARY,case_spacing,acceptable
P01414,aadhaar,pan,name,Darshan Bhat,DARSHAN BHAT,case_spacing,acceptable
P01414,aadhaar,pan,father_name,Naveen Bhat,Navin Bhat,spelling_variant,risky
P01415,aadhaar,pan,name,Athira Varghese,ATHIRA VARGHESE,case_spacing,acceptable
P01416,aadhaar,pan,name,Nikhil Patel,NIKHIL PATEL,case_spacing,acceptable
P01417,aadhaar,pan,name,Omkar Shah,OMKAR SHAH,case_spacing,acceptable
P01418,aadhaar,pan,name,Harish Hegde,HARISH HEGDE,case_spacing,acceptable
P01419,aadhaar,pan,name,Revathi Raju,REVATHI RAJU,case_spacing,acceptable
P01419,aadhaar,marksheet_10,name,Revathi Raju,REVATHI R,initial,acceptable
P01419,aadhaar,marksheet_12,name,Revathi Raju,REVATHI R,initial,acceptable
P01420,aadhaar,pan,name,Jithin Nair,JITHIN NAIR,case_spacing,acceptable
P01420,aadhaar,passport,name,Jithin Nair,Jithhin Nair,spelling_variant,risky
P01420,aadhaar,passport,dob,1998-09-26,1998-09-24,day_shift,critical
P01421,aadhaar,pan,name,Irfan Sheikh,IRFAN SHEIKH,case_spacing,acceptable
P01422,aadhaar,pan,name,Bhavani Raju,BHAVANI RAJU,case_spacing,acceptable
P01423,aadhaar,pan,name,Tejas Patel,TEJAS PATEL,case_spacing,acceptable
P01423,aadhaar,marksheet_10,name,Tejas Patel,Tejaas Patel,spelling_variant,risky
P01424,aadhaar,pan,name,Anjali Verma,ANJALI VERMA,case_spacing,acceptable
P01424,aadhaar,marksheet_12,name,Anjali Verma,Anali Verma,spelling_variant,risky
P01424,aadhaar,marksheet_12,father_name,Pradeep Verma,Pradheep Verma,spelling_variant,risky
P01425,aadhaar,pan,name,Vishnu Nair,VISHNU NAIR,case_spacing,acceptable
P01425,aadhaar,birth_certificate,father_name,Jithin Nair,Jitin Nair,spelling_variant,risky
P01425,aadhaar,birth_certificate,dob,2000-08-03,2000-03-08,day_month_swap,critical
P01426,aadhaar,pan,name,Sahana Rao,SAHANA RAO,case_spacing,acceptable
P01426,aadhaar,marksheet_10,name,Sahana Rao,Sahanna Rao,spelling_variant,risky
P01426,aadhaar,marksheet_10,dob,1998-01-07,1998-07-01,day_month_swap,critical
P01427,aadhaar,pan,name,Pooja Tiwari,POOJA TIWARI,case_spacing,acceptable
P01427,aadhaar,passport,dob,2002-11-15,2003-11-15,year_shift,critical
P01428,aadhaar,pan,name,Deepak Agarwal,DEEPAK AGARWAL,case_spacing,acceptable
P01428,aadhaar,marksheet_12,name,Deepak Agarwal,Dipak Agarwal,spelling_variant,risky
P01428,aadhaar,marksheet_12,father_name,Sandeep Agarwal,Sandip Agarwal,spelling_variant,risky
P01429,aadhaar,pan,name,Simran Pandey,SIMRAN PANDEY,case_spacing,acceptable
P01430,aadhaar,pan,name,Indhu Balaji,INDHU BALAJI,case_spacing,acceptable
P01430,aadhaar,marksheet_10,name,Indhu Balaji,INDHU B,initial,acceptable
P01430,aadhaar,marksheet_12,name,Indhu Balaji,Inndhu Balaji,spelling_variant,risky
P01430,aadhaar,passport,address,"No. 196, Market Street, Saket, Kochi, Kerala - 682260","No. 79, Park Avenue, Saket, Mumbai, Maharashtra - 400830",different_address,risky
P01431,aadhaar,pan,name,Karthik Velu,KARTHIK VELU,case_spacing,acceptable
P01431,aadhaar,marksheet_10,name,Karthik Velu,KARTHIK V,initial,acceptable
P01431,aadhaar,marksheet_12,name,Karthik Velu,KARTHIK V,initial,acceptable
P01432,aadhaar,pan,name,Ankit Sharma,ANKIT SHARMA,case_spacing,acceptable
P01432,aadhaar,marksheet_10,name,Ankit Sharma,Divya Rao,different_person,critical
P01433,aadhaar,pan,name,Indhu Ramesh,INDHU RAMESH,case_spacing,acceptable
P01433,aadhaar,marksheet_10,name,Indhu Ramesh,INDHU R,initial,acceptable
P01433,aadhaar,marksheet_12,name,Indhu Ramesh,INDHU R,initial,acceptable
P01433,aadhaar,passport,name,Indhu Ramesh,Indhhu Ramesh,spelling_variant,risky
P01434,aadhaar,pan,name,Kumar Selvam,KUMAR SELVAM,case_spacing,acceptable
P01434,aadhaar,marksheet_10,name,Kumar Selvam,Kumaar Selvam,spelling_variant,risky
P01434,aadhaar,marksheet_12,name,Kumar Selvam,KUMAR S,initial,acceptable
P01434,aadhaar,birth_certificate,dob,2004-09-11,2004-11-09,day_month_swap,critical
P01435,aadhaar,pan,name,Athira Kurup,ATHIRA KURUP,case_spacing,acceptable
P01436,aadhaar,pan,name,Kavitha Gowda,KAVITHA GOWDA,case_spacing,acceptable
P01437,aadhaar,pan,name,Revathi Karthik,REVATHI KARTHIK,case_spacing,acceptable
P01437,aadhaar,marksheet_10,name,Revathi Karthik,REVATHI K,initial,acceptable
P01437,aadhaar,marksheet_12,name,Revathi Karthik,REVATHI K,initial,acceptable
P01438,aadhaar,pan,name,Zainab Khan,ZAINAB KHAN,case_spacing,acceptable
P01438,aadhaar,marksheet_12,name,Zainab Khan,Zaainab Khan,spelling_variant,risky
P01439,aadhaar,pan,name,Naresh Naidu,NARESH NAIDU,case_spacing,acceptable
P01439,aadhaar,pan,father_name,Kiran Naidu,Kiraan Naidu,spelling_variant,risky
P01440,aadhaar,pan,name,Ramesh Kumar,RAMESH KUMAR,case_spacing,acceptable
P01440,aadhaar,marksheet_10,name,Ramesh Kumar,RAMESH K,initial,acceptable
P01440,aadhaar,marksheet_12,name,Ramesh Kumar,RAMESH K,initial,acceptable
P01440,aadhaar,passport,dob,2003-01-12,2004-01-12,year_shift,critical
P01441,aadhaar,pan,name,Sneha Agarwal,SNEHA AGARWAL,case_spacing,acceptable
P01441,aadhaar,passport,address,"No. 97, Lake View Road, T Nagar, Mysuru, Karnataka - 570175","No. 173, Lake View Road, Indiranagar, Kolkata, West Bengal - 700515",different_address,risky
P01442,aadhaar,pan,name,Reshma Nair,RESHMA NAIR,case_spacing,acceptable
P01442,aadhaar,pan,dob,1999-01-18,1999-01-19,day_shift,critical
P01442,aadhaar,passport,address,"No. 105, Nehru Street, Kakkanad, Thiruvananthapuram, Kerala - 695440","No. 223, Station Road, T Nagar, Kolkata, West Bengal - 700402",different_address,risky
P01443,aadhaar,pan,name,Sushma Singh,SUSHMA SINGH,case_spacing,acceptable
P01444,aadhaar,pan,name,Bhavani Reddy,BHAVANI REDDY,case_spacing,acceptable
P01445,aadhaar,pan,name,Sameer Syed,SAMEER SYED,case_spacing,acceptable
P01445,aadhaar,birth_certificate,gender,M,F,flipped,critical
P01446,aadhaar,pan,name,Neha Agarwal,NEHA AGARWAL,case_spacing,acceptable
P01447,aadhaar,pan,name,Vaishnavi Siva,VAISHNAVI SIVA,case_spacing,acceptable
P01447,aadhaar,marksheet_10,name,Vaishnavi Siva,VAISHNAVI S,initial,acceptable
P01447,aadhaar,marksheet_12,name,Vaishnavi Siva,VAISHNAVI S,initial,acceptable
P01448,aadhaar,pan,name,Riya Yadav,RIYA YADAV,case_spacing,acceptable
P01449,aadhaar,pan,name,Tamilselvi Kumar,Tamillselvi Kumar,spelling_variant,risky
P01449,aadhaar,marksheet_10,name,Tamilselvi Kumar,TAMILSELVI K,initial,acceptable
P01449,aadhaar,marksheet_12,name,Tamilselvi Kumar,TAMILSELVI K,initial,acceptable
P01450,aadhaar,pan,name,Rahul Menon,RAHUL MENON,case_spacing,acceptable
P01451,aadhaar,pan,name,Amit Pandey,AMIT PANDEY,case_spacing,acceptable
P01451,aadhaar,pan,dob,1999-07-01,1999-01-07,day_month_swap,critical
P01452,aadhaar,pan,name,Sumit Agarwal,SUMIT AGARWAL,case_spacing,acceptable
P01453,aadhaar,pan,name,Gopika Menon,GOPIKA MENON,case_spacing,acceptable
P01454,aadhaar,pan,name,Bhoomika Gowda,BHOOMIKA GOWDA,case_spacing,acceptable
P01455,aadhaar,pan,name,Debashis Banerjee,DEBASHIS BANERJEE,case_spacing,acceptable
P01456,aadhaar,pan,name,Babu Balaji,BABU BALAJI,case_spacing,acceptable
P01456,aadhaar,marksheet_10,name,Babu Balaji,BABU B,initial,acceptable
P01456,aadhaar,marksheet_12,name,Babu Balaji,BABU B,initial,acceptable
P01457,aadhaar,pan,name,Neha Singh,NEHA SINGH,case_spacing,acceptable
P01458,aadhaar,pan,name,Abhijit Roy,ABHIJIT ROY,case_spacing,acceptable
P01459,aadhaar,pan,name,Jyothi Rao,JYOTHI RAO,case_spacing,acceptable
P01460,aadhaar,pan,name,Sushma Yadav,SUSHMA YADAV,case_spacing,acceptable
P01461,aadhaar,pan,name,Raghavendra Kulkarni,RAGHAVENDRA KULKARNI,case_spacing,acceptable
P01461,aadhaar,passport,address,"No. 92, Main Road, Salt Lake, Thiruvananthapuram, Kerala - 695324","No. 112, Church Street, Jayanagar, Ahmedabad, Gujarat - 380946",different_address,risky
P01462,aadhaar,pan,name,Simran Pandey,SIMRAN PANDEY,case_spacing,acceptable
P01463,aadhaar,pan,name,Rahul Singh,RAHUL SINGH,case_spacing,acceptable
P01464,aadhaar,pan,name,Pallavi Shetty,PALLAVI SHETTY,case_spacing,acceptable
P01465,aadhaar,pan,name,Thomas Thomas,THOMAS THOMAS,case_spacing,acceptable
P01466,aadhaar,pan,name,Shilpa Bhat,SHILPA BHAT,case_spacing,acceptable
P01466,aadhaar,birth_certificate,dob,2001-12-20,2001-12-22,day_shift,critical
P01467,aadhaar,pan,name,Shreya Mishra,SHREYA MISHRA,case_spacing,acceptable
P01467,aadhaar,passport,address,"No. 37, Market Street, Banjara Hills, Ahmedabad, Gujarat - 380524","No. 56, 4th Cross, Banjara Hills, Ahmedabad, Gujarat - 380602",different_address,risky
P01467,aadhaar,birth_certificate,name,Shreya Mishra,Sheya Mishra,spelling_variant,risky
P01468,aadhaar,pan,name,Jay Joshi,Jay Joshi,spelling_variant,risky
P01469,aadhaar,pan,name,Sravani Rao,SRAVANI RAO,case_spacing,acceptable
P01470,aadhaar,pan,name,Snehal Mehta,SNEHAL MEHTA,case_spacing,acceptable
P01471,aadhaar,pan,name,Anjali Panicker,ANJALI PANICKER,case_spacing,acceptable
P01471,aadhaar,marksheet_12,name,Anjali Panicker,Anjalli Panicker,spelling_variant,risky
P01472,aadhaar,pan,name,Rukhsar Sheikh,RUKHSAR SHEIKH,case_spacing,acceptable
P01472,aadhaar,marksheet_12,name,Rukhsar Sheikh,Rakhsar Sheikh,spelling_variant,risky
P01473,aadhaar,pan,name,Archana Singh,ARCHANA SINGH,case_spacing,acceptable
P01474,aadhaar,pan,name,Arnab Roy,ARNAB ROY,case_spacing,acceptable
P01475,aadhaar,pan,name,Tejas Mehta,TEJAS MEHTA,case_spacing,acceptable
P01476,aadhaar,pan,name,Raghavendra Bhat,RAGHAVENDRA BHAT,case_spacing,acceptable
P01477,aadhaar,pan,name,Senthil Prakash,SENTHIL PRAKASH,case_spacing,acceptable
P01477,aadhaar,marksheet_10,name,Senthil Prakash,SENTHIL P,initial,acceptable
P01477,aadhaar,marksheet_10,father_name,Prakash,Prakas,spelling_variant,risky
P01477,aadhaar,marksheet_12,name,Senthil Prakash,SENTHIL P,initial,acceptable
P01478,aadhaar,pan,name,Vignesh Sundar,VIGNESH SUNDAR,case_spacing,acceptable
P01478,aadhaar,marksheet_10,name,Vignesh Sundar,VIGNESH S,initial,acceptable
P01478,aadhaar,marksheet_12,name,Vignesh Sundar,Vignnesh Sundar,spelling_variant,risky
P01479,aadhaar,pan,name,Siva Vignesh,SIVA VIGNESH,case_spacing,acceptable
P01479,aadhaar,marksheet_10,name,Siva Vignesh,SIVA V,initial,acceptable
P01479,aadhaar,marksheet_12,name,Siva Vignesh,SIVA V,initial,acceptable
P01480,aadhaar,pan,name,Sneha Pandey,SNEHA PANDEY,case_spacing,acceptable
P01481,aadhaar,pan,name,Heena Pathan,HEENA PATHAN,case_spacing,acceptable
P01482,aadhaar,pan,name,Saranya Elango,SARANYA ELANGO,case_spacing,acceptable
P01482,aadhaar,marksheet_10,name,Saranya Elango,SARANYA E,initial,acceptable
P01482,aadhaar,marksheet_12,name,Saranya Elango,SARANYA E,initial,acceptable
P01483,aadhaar,pan,name,Madhavan Manikandan,MADHAVAN MANIKANDAN,case_spacing,acceptable
P01483,aadhaar,marksheet_10,name,Madhavan Manikandan,MADHAVAN M,initial,acceptable
P01483,aadhaar,marksheet_12,name,Madhavan Manikandan,Madhvan Manikandan,spelling_variant,risky
P01483,aadhaar,birth_certificate,name,Madhavan Manikandan,M. Madhavan,initial,acceptable
P01484,aadhaar,pan,name,George Fernandes,GEORGE FERNANDES,case_spacing,acceptable
P01484,aadhaar,passport,dob,2004-10-21,2004-10-22,day_shift,critical
P01485,aadhaar,pan,name,Abirami Kannan,ABIRAMI KANNAN,case_spacing,acceptable
P01485,aadhaar,marksheet_10,name,Abirami Kannan,ABIRAMI K,initial,acceptable
P01485,aadhaar,marksheet_12,name,Abirami Kannan,ABIRAMI K,initial,acceptable
P01486,aadhaar,pan,name,Angel Fernandes,ANGEL FERNANDES,case_spacing,acceptable
P01487,aadhaar,pan,name,Venkatesh Naidu,VENKATESH NAIDU,case_spacing,acceptable
P01488,aadhaar,pan,name,Heena Khan,HEENA KHAN,case_spacing,acceptable
P01488,aadhaar,passport,address,"No. 197, 4th Cross, Jayanagar, Pune, Maharashtra - 411300","No. 27, Market Street, Jayanagar, Madurai, Tamil Nadu - 625745",different_address,risky
P01489,aadhaar,pan,name,Rukhsar Pathan,RUKHSAR PATHAN,case_spacing,acceptable
P01490,aadhaar,pan,name,Prachi Patil,PRACHI PATIL,case_spacing,acceptable
P01490,aadhaar,pan,dob,2005-06-13,2005-06-12,day_shift,critical
P01491,aadhaar,pan,name,Sourav Sen,SOURAV SEN,case_spacing,acceptable
P01491,aadhaar,marksheet_10,father_name,Arnab Sen,Arnnab Sen,spelling_variant,risky
P01492,aadhaar,pan,name,Zainab Sheikh,ZAINAB SHEIKH,case_spacing,acceptable
P01493,aadhaar,pan,name,Komal Mishra,KOMAL MISHRA,case_spacing,acceptable
P01494,aadhaar,pan,name,Shilpa Rao,Silpa Rao,spelling_variant,risky
P01495,aadhaar,pan,name,Komal Yadav,KOMAL YADAV,case_spacing,acceptable
P01495,aadhaar,pan,dob,2004-09-04,2005-09-04,year_shift,critical
P01496,aadhaar,pan,name,Abhijit Sen,ABHIJIT SEN,case_spacing,acceptable
P01497,aadhaar,pan,name,Deepak Pandey,DEEPAK PANDEY,case_spacing,acceptable
P01498,aadhaar,pan,name,Darshan Shetty,DARSHAN SHETTY,case_spacing,acceptable
P01499,aadhaar,pan,name,Amit Sharma,AMIT SHARMA,case_spacing,acceptable
P01500,aadhaar,pan,name,Bhavani Reddy,BHAVANI REDDY,case_spacing,acceptable
P01501,aadhaar,pan,name,Komal Mishra,KOMAL MISHRA,case_spacing,acceptable
P01501,aadhaar,passport,name,Komal Mishra,Komaal Mishra,spelling_variant,risky
P01501,aadhaar,passport,address,"No. 70, Cross Road, Koramangala, Madurai, Tamil Nadu - 625361","No. 199, Church Street, Salt Lake, Mysuru, Karnataka - 570803",different_address,risky
P01501,aadhaar,birth_certificate,name,Komal Mishra,Reshma Menon,different_person,critical
P01502,aadhaar,pan,name,Ritu Agarwal,RITU AGARWAL,case_spacing,acceptable
P01502,aadhaar,marksheet_10,dob,2002-07-19,2003-07-19,year_shift,critical
P01503,aadhaar,pan,name,Subhajit Das,SUBHAJIT DAS,case_spacing,acceptable
P01504,aadhaar,pan,name,Swathi Chowdary,SWATHI CHOWDARY,case_spacing,acceptable
P01505,aadhaar,pan,name,Reshma Nair,RESHMA NAIR,case_spacing,acceptable
P01506,aadhaar,pan,name,Fathima Qureshi,FATHIMA QURESHI,case_spacing,acceptable
P01507,aadhaar,pan,name,Lakshmi Kannan,LAKSHMI KANNAN,case_spacing,acceptable
P01507,aadhaar,marksheet_10,name,Lakshmi Kannan,LAKSHMI K,initial,acceptable
P01507,aadhaar,marksheet_12,name,Lakshmi Kannan,LAKSHMI K,initial,acceptable
P01508,aadhaar,pan,name,Velu Siva,VELU SIVA,case_spacing,acceptable
P01508,aadhaar,marksheet_10,name,Velu Siva,Vellu Siva,spelling_variant,risky
P01508,aadhaar,marksheet_10,dob,2002-12-04,2002-04-12,day_month_swap,critical
P01508,aadhaar,marksheet_12,name,Velu Siva,VELU S,initial,acceptable
P01509,aadhaar,pan,name,Keerthana Karthik,KEERTHANA KARTHIK,case_spacing,acceptable
P01509,aadhaar,pan,father_name,Karthik,Kartheek,spelling_variant,risky
P01509,aadhaar,marksheet_10,name,Keerthana Karthik,KEERTHANA K,initial,acceptable
P01509,aadhaar,marksheet_12,name,Keerthana Karthik,KEERTHANA K,initial,acceptable
P01510,aadhaar,pan,name,Yamini Arun,YAMINI ARUN,case_spacing,acceptable
P01510,aadhaar,marksheet_10,name,Yamini Arun,YAMINI A,initial,acceptable
P01510,aadhaar,marksheet_12,name,Yamini Arun,YAMINI A,initial,acceptable
P01511,aadhaar,pan,name,Nandini Shetty,NANDINI SHETTY,case_spacing,acceptable
P01512,aadhaar,pan,name,Madhavan Elango,MADHAVAN ELANGO,case_spacing,acceptable
P01512,aadhaar,marksheet_10,name,Madhavan Elango,MADHAVAN E,initial,acceptable
P01512,aadhaar,marksheet_12,name,Madhavan Elango,MADHAVAN E,initial,acceptable
P01513,aadhaar,pan,name,Harish Gowda,HARISH GOWDA,case_spacing,acceptable
P01514,aadhaar,pan,name,Jay Kulkarni,JAY KULKARNI,case_spacing,acceptable
P01514,aadhaar,pan,dob,2001-12-26,2001-12-24,day_shift,critical
P01515,aadhaar,pan,name,Sameer Khan,SAMEER KHAN,case_spacing,acceptable
P01516,aadhaar,pan,name,Mahesh Varma,MAHESH VARMA,case_spacing,acceptable
P01516,aadhaar,passport,address,"No. 132, Cross Road, Kakkanad, Thiruvananthapuram, Kerala - 695577","No. 166, MG Road, Indiranagar, Chennai, Tamil Nadu - 600964",different_address,risky
P01517,aadhaar,pan,name,Deepak Agarwal,DEEPAK AGARWAL,case_spacing,acceptable
P01517,aadhaar,passport,address,"No. 177, Market Street, Koramangala, Madurai, Tamil Nadu - 625006","No. 130, Nehru Street, Velachery, Delhi, Delhi - 110663",different_address,risky
P01518,aadhaar,pan,name,Naveen Kulkarni,NAVEEN KULKARNI,case_spacing,acceptable
P01519,aadhaar,pan,name,Sunitha Raju,SUNITHA RAJU,case_spacing,acceptable
P01519,aadhaar,pan,dob,2005-01-13,2004-01-13,year_shift,critical
P01520,aadhaar,pan,name,Moumita Mukherjee,MOUMITA MUKHERJEE,case_spacing,acceptable
P01521,aadhaar,pan,name,Aniket Desai,Aneeket Desai,spelling_variant,risky
P01522,aadhaar,pan,name,Salman Ansari,SALMAN ANSARI,case_spacing,acceptable
P01522,aadhaar,pan,dob,1999-04-30,2000-04-28,year_shift,critical
P01523,aadhaar,pan,name,Subhajit Das,SUBHAJIT DAS,case_spacing,acceptable
P01523,aadhaar,marksheet_12,name,Subhajit Das,Subhazit Das,spelling_variant,risky
P01524,aadhaar,pan,name,Satish Bhat,SATISH BHAT,case_spacing,acceptable
P01525,aadhaar,pan,name,Anjali Sharma,ANJALI SHARMA,case_spacing,acceptable
P01526,aadhaar,pan,name,Elango Manikandan,ELANGO MANIKANDAN,case_spacing,acceptable
P01526,aadhaar,marksheet_10,name,Elango Manikandan,ELANGO M,initial,acceptable
P01526,aadhaar,marksheet_12,name,Elango Manikandan,ELANGO M,initial,acceptable
P01527,aadhaar,pan,name,Prakash Velu,PRAKASH VELU,case_spacing,acceptable
P01527,aadhaar,marksheet_10,name,Prakash Velu,PRAKASH V,initial,acceptable
P01527,aadhaar,marksheet_12,name,Prakash Velu,PRAKASH V,initial,acceptable
P01528,aadhaar,pan,name,Sana Sheikh,SANA SHEIKH,case_spacing,acceptable
P01529,aadhaar,pan,name,Ishita Bose,Ishtia Bose,spelling_variant,risky
P01530,aadhaar,pan,name,Rahul Chauhan,RAHUL CHAUHAN,case_spacing,acceptable
P01531,aadhaar,pan,name,Senthil Babu,SENTHIL BABU,case_spacing,acceptable
P01531,aadhaar,marksheet_10,name,Senthil Babu,SENTHIL B,initial,acceptable
P01531,aadhaar,marksheet_12,name,Senthil Babu,SENTHIL B,initial,acceptable
P01532,aadhaar,pan,name,Lekshmi Panicker,LEKSHMI PANICKER,case_spacing,acceptable
P01532,aadhaar,passport,name,Lekshmi Panicker,Leekshmi Panicker,spelling_variant,risky
P01533,aadhaar,pan,name,Anjali Tiwari,ANJALI TIWARI,case_spacing,acceptable
P01534,aadhaar,pan,name,Prashanth Hegde,PRASHANTH HEGDE,case_spacing,acceptable
P01534,aadhaar,marksheet_10,name,Prashanth Hegde,Peashanth Hegde,spelling_variant,risky
P01534,aadhaar,marksheet_10,dob,2000-10-09,2000-10-11,day_shift,critical
P01535,aadhaar,pan,name,John Thomas,JOHN THOMAS,case_spacing,acceptable
P01535,aadhaar,pan,dob,1998-02-08,1997-02-08,year_shift,critical
P01536,aadhaar,pan,name,Riya Mishra,RIYA MISHRA,case_spacing,acceptable
P01537,aadhaar,pan,name,Prasad Rao,PRASAD RAO,case_spacing,acceptable
P01538,aadhaar,pan,name,Sravani Raju,SRAVANI RAJU,case_spacing,acceptable
P01539,aadhaar,pan,name,Sumit Sharma,SUMIT SHARMA,case_spacing,acceptable
P01540,aadhaar,pan,name,Nikhil Desai,NIKHIL DESAI,case_spacing,acceptable
P01541,aadhaar,pan,name,Sushma Verma,SUSHMA VERMA,case_spacing,acceptable
P01542,aadhaar,pan,name,Harish Rao,HARISH RAO,case_spacing,acceptable
P01543,aadhaar,pan,name,Bhavani Reddy,Bhawani Reddy,spelling_variant,risky
P01544,aadhaar,pan,name,Riya Roy,RIYA ROY,case_spacing,acceptable
P01545,aadhaar,pan,name,Sayali Joshi,SAYALI JOSHI,case_spacing,acceptable
P01546,aadhaar,pan,name,Saravanan Ramesh,SARAVANAN RAMESH,case_spacing,acceptable
P01546,aadhaar,marksheet_10,name,Saravanan Ramesh,SARAVANAN R,initial,acceptable
P01546,aadhaar,marksheet_12,name,Saravanan Ramesh,SARAVANAN R,initial,acceptable
P01546,aadhaar,birth_certificate,father_name,Ramesh,Raamesh,spelling_variant,risky
P01547,aadhaar,pan,name,Nandini Gowda,NANDINI GOWDA,case_spacing,acceptable
P01548,aadhaar,pan,name,Neha Verma,NEHA VERMA,case_spacing,acceptable
P01549,aadhaar,pan,name,Indhu Senthil,INDHU SENTHIL,case_spacing,acceptable
P01549,aadhaar,marksheet_10,name,Indhu Senthil,INDHU S,initial,acceptable
P01549,aadhaar,marksheet_12,name,Indhu Senthil,INDHU S,initial,acceptable
P01550,aadhaar,pan,name,Sangeetha Senthil,SANGEETHA SENTHIL,case_spacing,acceptable
P01550,aadhaar,pan,dob,2002-07-02,2001-07-02,year_shift,critical
P01550,aadhaar,marksheet_10,name,Sangeetha Senthil,Sangeetah Senthil,spelling_variant,risky
P01550,aadhaar,marksheet_12,name,Sangeetha Senthil,SANGEETHA S,initial,acceptable
P01551,aadhaar,pan,name,Riya Mishra,RIYA MISHRA,case_spacing,acceptable
P01552,aadhaar,pan,name,Arif Khan,ARIF KHAN,case_spacing,acceptable
P01553,aadhaar,pan,name,Malathi Elango,MALATHI ELANGO,case_spacing,acceptable
P01553,aadhaar,marksheet_10,name,Malathi Elango,MALATHI E,initial,acceptable
P01553,aadhaar,marksheet_12,name,Malathi Elango,MALATHI E,initial,acceptable
P01554,aadhaar,pan,name,Manikandan Prakash,MANIKANDAN PRAKASH,case_spacing,acceptable
P01554,aadhaar,marksheet_10,name,Manikandan Prakash,MANIKANDAN P,initial,acceptable
P01554,aadhaar,marksheet_12,name,Manikandan Prakash,MANIKANDAN P,initial,acceptable
P01555,aadhaar,pan,name,Farhan Qureshi,FARHAN QURESHI,case_spacing,acceptable
P01556,aadhaar,pan,name,Spoorthi Gowda,SPOORTHI GOWDA,case_spacing,acceptable
P01556,aadhaar,marksheet_10,name,Spoorthi Gowda,Sayali Patel,different_person,critical
P01557,aadhaar,pan,name,Ritu Mishra,RITU MISHRA,case_spacing,acceptable
P01557,aadhaar,marksheet_12,father_name,Rohit Mishra,Roheet Mishra,spelling_variant,risky
P01558,aadhaar,pan,name,Madhuri Varma,MADHURI VARMA,case_spacing,acceptable
P01559,aadhaar,pan,name,Riya Pandey,RIYA PANDEY,case_spacing,acceptable
P01559,aadhaar,passport,address,"No. 181, Cross Road, Koramangala, Ahmedabad, Gujarat - 380890","No. 3, MG Road, Indiranagar, Kochi, Kerala - 682933",different_address,risky
P01560,aadhaar,pan,name,Puneeth Shetty,PUNEETH SHETTY,case_spacing,acceptable
P01561,aadhaar,pan,name,Venkatesh Raju,VENKATESH RAJU,case_spacing,acceptable
P01561,aadhaar,marksheet_10,father_name,Suresh Raju,Shuresh Raju,spelling_variant,risky
P01562,aadhaar,pan,name,Elango Balaji,ELANGO BALAJI,case_spacing,acceptable
P01562,aadhaar,marksheet_10,name,Elango Balaji,ELANGO B,initial,acceptable
P01562,aadhaar,marksheet_12,name,Elango Balaji,ELANGO B,initial,acceptable
P01562,aadhaar,birth_certificate,name,Elango Balaji,B. Elango,initial,acceptable
P01563,aadhaar,pan,name,Selvam Murugan,SELVAM MURUGAN,case_spacing,acceptable
P01563,aadhaar,marksheet_10,name,Selvam Murugan,SELVAM M,initial,acceptable
P01563,aadhaar,marksheet_12,name,Selvam Murugan,SELVAM M,initial,acceptable
P01564,aadhaar,pan,name,Revathi Saravanan,Revatih Saravanan,spelling_variant,risky
P01564,aadhaar,marksheet_10,name,Revathi Saravanan,REVATHI S,initial,acceptable
P01564,aadhaar,marksheet_12,name,Revathi Saravanan,REVATHI S,initial,acceptable
P01565,aadhaar,pan,name,Imran Qureshi,IMRAN QURESHI,case_spacing,acceptable
P01565,aadhaar,marksheet_10,father_name,Abdul Qureshi,Abdool Qureshi,spelling_variant,risky
P01566,aadhaar,pan,name,Pooja Chauhan,POOJA CHAUHAN,case_spacing,acceptable
P01567,aadhaar,pan,name,Vaishnavi Babu,VAISHNAVI BABU,case_spacing,acceptable
P01567,aadhaar,marksheet_10,name,Vaishnavi Babu,VAISHNAVI B,initial,acceptable
P01567,aadhaar,marksheet_12,name,Vaishnavi Babu,VAISHNAVI B,initial,acceptable
P01568,aadhaar,pan,name,Siva Madhavan,SIVA MADHAVAN,case_spacing,acceptable
P01568,aadhaar,marksheet_10,name,Siva Madhavan,SIVA M,initial,acceptable
P01568,aadhaar,marksheet_12,name,Siva Madhavan,SIVA M,initial,acceptable
P01568,aadhaar,passport,address,"No. 31, 4th Cross, Indiranagar, Chennai, Tamil Nadu - 600541","No. 201, Market Street, Jayanagar, Thiruvananthapuram, Kerala - 695282",different_address,risky
P01569,aadhaar,pan,name,Sushma Pandey,SUSHMA PANDEY,case_spacing,acceptable
P01570,aadhaar,pan,name,Riya Mishra,RIYA MISHRA,case_spacing,acceptable
P01571,aadhaar,pan,name,Jessica Mathew,JESSICA MATHEW,case_spacing,acceptable
P01571,aadhaar,pan,dob,2005-10-10,2005-10-11,day_shift,critical
P01571,aadhaar,marksheet_12,name,Jessica Mathew,Jessicaa Mathew,spelling_variant,risky
P01572,aadhaar,pan,name,Naresh Chowdary,Nareesh Chowdary,spelling_variant,risky
P01572,aadhaar,birth_certificate,father_name,Venkatesh Chowdary,Venkaatesh Chowdary,spelling_variant,risky
P01572,aadhaar,birth_certificate,dob,2004-01-07,2004-01-09,day_shift,critical
P01573,aadhaar,pan,name,Deepak Singh,DEEPAK SINGH,case_spacing,acceptable
P01574,aadhaar,pan,name,Fathima Pathan,FATHIMA PATHAN,case_spacing,acceptable
P01574,aadhaar,passport,dob,2001-09-20,2001-09-19,day_shift,critical
P01575,aadhaar,pan,name,Irfan Qureshi,IRFAN QURESHI,case_spacing,acceptable
P01576,aadhaar,pan,name,Anand Varghese,ANAND VARGHESE,case_spacing,acceptable
P01577,aadhaar,pan,name,Malathi Kumar,MALATHI KUMAR,case_spacing,acceptable
P01577,aadhaar,pan,father_name,Kumar,Kumaar,spelling_variant,risky
P01577,aadhaar,marksheet_10,name,Malathi Kumar,MALATHI K,initial,acceptable
P01577,aadhaar,marksheet_12,name,Malathi Kumar,MALATHI K,initial,acceptable
P01577,aadhaar,birth_certificate,name,Malathi Kumar,K. Malathi,initial,acceptable
P01578,aadhaar,pan,name,Pooja Pandey,POOJA PANDEY,case_spacing,acceptable
P01579,aadhaar,pan,name,Farhan Khan,FARHAN KHAN,case_spacing,acceptable
P01580,aadhaar,pan,name,Kumar Velu,KUMAR VELU,case_spacing,acceptable
P01580,aadhaar,marksheet_10,name,Kumar Velu,KUMAR V,initial,acceptable
P01580,aadhaar,marksheet_12,name,Kumar Velu,KUMAR V,initial,acceptable
P01580,aadhaar,birth_certificate,name,Kumar Velu,V. Kumar,initial,acceptable
P01581,aadhaar,pan,name,Saranya Murugan,SARANYA MURUGAN,case_spacing,acceptable
P01581,aadhaar,marksheet_10,name,Saranya Murugan,SARANYA M,initial,acceptable
P01581,aadhaar,marksheet_12,name,Saranya Murugan,SARANYA M,initial,acceptable
P01582,aadhaar,pan,name,Gopika Menon,GOPIKA MENON,case_spacing,acceptable
P01583,aadhaar,pan,name,Arjun Menon,ARJUN MENON,case_spacing,acceptable
P01584,aadhaar,pan,name,Farhan Pathan,FARHAN PATHAN,case_spacing,acceptable
P01585,aadhaar,pan,name,Kavitha Shetty,KAVITHA SHETTY,case_spacing,acceptable
P01585,aadhaar,marksheet_10,dob,2000-02-15,2000-02-16,day_shift,critical
P01586,aadhaar,pan,name,Saranya Kannan,SARANYA KANNAN,case_spacing,acceptable
P01586,aadhaar,marksheet_10,name,Saranya Kannan,SARANYA K,initial,acceptable
P01586,aadhaar,marksheet_12,name,Saranya Kannan,SARANYA K,initial,acceptable
P01587,aadhaar,pan,name,Venkatesh Naidu,VENKATESH NAIDU,case_spacing,acceptable
P01587,aadhaar,birth_certificate,dob,2002-12-31,2003-01-02,day_shift,critical
P01588,aadhaar,pan,name,Krishna Varma,KRISHNA VARMA,case_spacing,acceptable
P01589,aadhaar,pan,name,Pallavi Shetty,PALLAVI SHETTY,case_spacing,acceptable
P01590,aadhaar,pan,name,Manjunath Kulkarni,MANJUNATH KULKARNI,case_spacing,acceptable
P01591,aadhaar,pan,name,Pradeep Agarwal,PRADEEP AGARWAL,case_spacing,acceptable
P01591,aadhaar,marksheet_10,dob,2002-11-07,2002-07-11,day_month_swap,critical
P01592,aadhaar,pan,name,Vikram Sharma,VIKRAM SHARMA,case_spacing,acceptable
P01593,aadhaar,pan,name,Abirami Manikandan,ABIRAMI MANIKANDAN,case_spacing,acceptable
P01593,aadhaar,marksheet_10,name,Abirami Manikandan,ABIRAMI M,initial,acceptable
P01593,aadhaar,marksheet_12,name,Abirami Manikandan,ABIRAMI M,initial,acceptable
P01593,aadhaar,birth_certificate,name,Abirami Manikandan,M. Abirami,initial,acceptable
P01594,aadhaar,pan,name,Sanjay Verma,SANJAY VERMA,case_spacing,acceptable
P01595,aadhaar,pan,name,Nikhil Nair,NIKHIL NAIR,case_spacing,acceptable
P01595,aadhaar,marksheet_10,name,Nikhil Nair,Nikhill Nair,spelling_variant,risky
P01596,aadhaar,pan,name,Elango Karthik,ELANGO KARTHIK,case_spacing,acceptable
P01596,aadhaar,marksheet_10,name,Elango Karthik,ELANGO K,initial,acceptable
P01596,aadhaar,marksheet_12,name,Elango Karthik,ELANGO K,initial,acceptable
P01597,aadhaar,pan,name,Abhijit Sen,ABHIJIT SEN,case_spacing,acceptable
P01598,aadhaar,pan,name,Joseph Pereira,JOSEPH PEREIRA,case_spacing,acceptable
P01598,aadhaar,pan,dob,2002-11-21,2002-11-19,day_shift,critical
P01599,aadhaar,pan,name,Sangeetha Vignesh,SANGEETHA VIGNESH,case_spacing,acceptable
P01599,aadhaar,marksheet_10,name,Sangeetha Vignesh,SANGEETHA V,initial,acceptable
P01599,aadhaar,marksheet_12,name,Sangeetha Vignesh,SANGEETHA V,initial,acceptable
P01600,aadhaar,pan,name,Daniel D'Souza,DANIEL D'SOUZA,case_spacing,acceptable
P01601,aadhaar,pan,name,Ankit Chauhan,ANKIT CHAUHAN,case_spacing,acceptable
P01601,aadhaar,passport,address,"No. 2, Temple Street, T Nagar, Noida, Uttar Pradesh - 201012","No. 56, Lake View Road, Navrangpura, Chennai, Tamil Nadu - 600856",different_address,risky
P01602,aadhaar,pan,name,Arun Madhavan,ARUN MADHAVAN,case_spacing,acceptable
P01602,aadhaar,marksheet_10,name,Arun Madhavan,ARUN M,initial,acceptable
P01602,aadhaar,marksheet_12,name,Arun Madhavan,ARUN M,initial,acceptable
P01603,aadhaar,pan,name,Prakash Vignesh,PRAKASH VIGNESH,case_spacing,acceptable
P01603,aadhaar,pan,dob,2000-05-08,2000-05-10,day_shift,critical
P01603,aadhaar,marksheet_10,name,Prakash Vignesh,PRAKASH V,initial,acceptable
P01603,aadhaar,marksheet_12,name,Prakash Vignesh,PRAKASH V,initial,acceptable
P01604,aadhaar,pan,name,Amit Mishra,AMIT MISHRA,case_spacing,acceptable
P01604,aadhaar,pan,dob,2001-07-20,2001-07-19,day_shift,critical
P01605,aadhaar,pan,name,Komal Tiwari,KOMAL TIWARI,case_spacing,acceptable
P01605,aadhaar,marksheet_10,father_name,Gaurav Tiwari,Gaaurav Tiwari,spelling_variant,risky
P01606,aadhaar,pan,name,Rukhsar Ansari,RUKHSAR ANSARI,case_spacing,acceptable
P01606,aadhaar,marksheet_10,name,Rukhsar Ansari,Jyothi Reddy,different_person,critical
P01607,aadhaar,pan,name,Abdul Ansari,ABDUL ANSARI,case_spacing,acceptable
P01608,aadhaar,pan,name,Yamini Kannan,YAMINI KANNAN,case_spacing,acceptable
P01608,aadhaar,marksheet_10,name,Yamini Kannan,YAMINI K,initial,acceptable
P01608,aadhaar,marksheet_12,name,Yamini Kannan,YAMINI K,initial,acceptable
P01609,aadhaar,pan,name,Rahul Verma,RAHUL VERMA,case_spacing,acceptable
P01610,aadhaar,pan,name,Harini Kumar,HARINI KUMAR,case_spacing,acceptable
P01610,aadhaar,marksheet_10,name,Harini Kumar,HARINI K,initial,acceptable
P01610,aadhaar,marksheet_12,name,Harini Kumar,Haarini Kumar,spelling_variant,risky
P01611,aadhaar,pan,name,Geetha Kulkarni,GEETHA KULKARNI,case_spacing,acceptable
P01611,aadhaar,birth_certificate,dob,2002-02-16,2002-02-17,day_shift,critical
P01612,aadhaar,pan,name,Komal Yadav,KOMAL YADAV,case_spacing,acceptable
P01612,aadhaar,birth_certificate,name,Komal Yadav,Komall Yadav,spelling_variant,risky
P01613,aadhaar,pan,name,Omkar Shah,OMKAR SHAH,case_spacing,acceptable
P01613,aadhaar,marksheet_12,name,Omkar Shah,Omkaar Shah,spelling_variant,risky
P01614,aadhaar,pan,name,Sumit Verma,SUMIT VERMA,case_spacing,acceptable
P01614,aadhaar,passport,name,Sumit Verma,Soomit Verma,spelling_variant,risky
P01615,aadhaar,pan,name,Rahul Nair,RAHUL NAIR,case_spacing,acceptable
P01616,aadhaar,pan,name,Tanushree Ghosh,TANUSHREE GHOSH,case_spacing,acceptable
P01616,aadhaar,marksheet_12,name,Tanushree Ghosh,Tanushroe Ghosh,spelling_variant,risky
P01617,aadhaar,pan,name,Sandeep Tiwari,SANDEEP TIWARI,case_spacing,acceptable
P01618,aadhaar,pan,name,Chaitanya Chowdary,CHAITANYA CHOWDARY,case_spacing,acceptable
P01619,aadhaar,pan,name,Bhavani Varma,BHAVANI VARMA,case_spacing,acceptable
P01620,aadhaar,pan,name,Neethu Varghese,NEETHU VARGHESE,case_spacing,acceptable
P01620,aadhaar,pan,dob,2003-11-03,2004-11-03,year_shift,critical
P01621,aadhaar,pan,name,Arjun Kurup,ARJUN KURUP,case_spacing,acceptable
P01622,aadhaar,pan,name,Girish Hegde,GIRISH HEGDE,case_spacing,acceptable
P01623,aadhaar,pan,name,Hetal Mehta,HETAL MEHTA,case_spacing,acceptable
P01623,aadhaar,marksheet_12,name,Hetal Mehta,Hethal Mehta,spelling_variant,risky
P01624,aadhaar,pan,name,Madhuri Naidu,MADHURI NAIDU,case_spacing,acceptable
P01625,aadhaar,pan,name,Pallavi Gowda,Ajay Mishra,different_person,critical
P01626,aadhaar,pan,name,Ayesha Ansari,AYESHA ANSARI,case_spacing,acceptable
P01626,aadhaar,birth_certificate,dob,2005-08-27,2005-08-29,day_shift,critical
P01627,aadhaar,pan,name,Ayesha Qureshi,AYESHA QURESHI,case_spacing,acceptable
P01628,aadhaar,pan,name,Pradeep Yadav,PRADEEP YADAV,case_spacing,acceptable
P01629,aadhaar,pan,name,Mohammed Khan,MOHAMMED KHAN,case_spacing,acceptable
P01630,aadhaar,pan,name,Sravani Naidu,SRAVANI NAIDU,case_spacing,acceptable
P01631,aadhaar,pan,name,Arif Khan,ARIF KHAN,case_spacing,acceptable
P01631,aadhaar,marksheet_10,dob,2001-05-04,2002-05-04,year_shift,critical
P01632,aadhaar,pan,name,Neha Yadav,NEHA YADAV,case_spacing,acceptable
P01632,aadhaar,birth_certificate,dob,2005-08-01,2005-08-03,day_shift,critical
P01633,aadhaar,pan,name,Kumar Murugan,KUMAR MURUGAN,case_spacing,acceptable
P01633,aadhaar,marksheet_10,name,Kumar Murugan,KUMAR M,initial,acceptable
P01633,aadhaar,marksheet_12,name,Kumar Murugan,KUMAR M,initial,acceptable
P01634,aadhaar,pan,name,Anjali Agarwal,ANJALI AGARWAL,case_spacing,acceptable
P01634,aadhaar,marksheet_12,father_name,Ankit Agarwal,Ankeet Agarwal,spelling_variant,risky
P01635,aadhaar,pan,name,Chaitanya Chowdary,CHAITANYA CHOWDARY,case_spacing,acceptable
P01636,aadhaar,pan,name,Nazia Qureshi,NAZIA QURESHI,case_spacing,acceptable
P01636,aadhaar,marksheet_10,father_name,Imran Qureshi,Imrann Qureshi,spelling_variant,risky
P01637,aadhaar,pan,name,Kavitha Gowda,KAVITHA GOWDA,case_spacing,acceptable
P01637,aadhaar,passport,address,"No. 14, Nehru Street, Malviya Nagar, Delhi, Delhi - 110297","No. 177, Station Road, Koramangala, Mumbai, Maharashtra - 400148",different_address,risky
P01638,aadhaar,pan,name,Geetha Shetty,GEETHA SHETTY,case_spacing,acceptable
P01638,aadhaar,pan,dob,2005-06-29,2005-07-01,day_shift,critical
P01639,aadhaar,pan,name,Sana Pathan,SANA PATHAN,case_spacing,acceptable
P01640,aadhaar,pan,name,Gopika Kurup,GOPIKA KURUP,case_spacing,acceptable
P01640,aadhaar,marksheet_12,father_name,Anand Kurup,Annand Kurup,spelling_variant,risky
P01641,aadhaar,pan,name,Arun Elango,ARUN ELANGO,case_spacing,acceptable
P01641,aadhaar,marksheet_10,name,Arun Elango,ARUN E,initial,acceptable
P01641,aadhaar,marksheet_12,name,Arun Elango,ARUN E,initial,acceptable
P01642,aadhaar,pan,name,Malathi Prakash,MALATHI PRAKASH,case_spacing,acceptable
P01642,aadhaar,marksheet_10,name,Malathi Prakash,MALATHI P,initial,acceptable
P01642,aadhaar,marksheet_12,name,Malathi Prakash,MALATHI P,initial,acceptable
P01643,aadhaar,pan,name,Satish Kulkarni,Satis Kulkarni,spelling_variant,risky
P01644,aadhaar,pan,name,Joel Thomas,JOEL THOMAS,case_spacing,acceptable
P01644,aadhaar,birth_certificate,dob,2000-04-22,2000-04-21,day_shift,critical
P01645,aadhaar,pan,name,Murugan Elango,MURUGAN ELANGO,case_spacing,acceptable
P01645,aadhaar,marksheet_10,name,Murugan Elango,MURUGAN E,initial,acceptable
P01645,aadhaar,marksheet_10,father_name,Elango,Elanngo,spelling_variant,risky
P01645,aadhaar,marksheet_12,name,Murugan Elango,MURUGAN E,initial,acceptable
P01645,aadhaar,birth_certificate,name,Murugan Elango,E. Murugan,initial,acceptable
P01646,aadhaar,pan,name,Nithya Prakash,NITHYA PRAKASH,case_spacing,acceptable
P01646,aadhaar,marksheet_10,name,Nithya Prakash,NITHYA P,initial,acceptable
P01646,aadhaar,marksheet_12,name,Nithya Prakash,NITHYA P,initial,acceptable
P01647,aadhaar,pan,name,John D'Souza,JOHN D'SOUZA,case_spacing,acceptable
P01648,aadhaar,pan,name,Abirami Raju,ABIRAMI RAJU,case_spacing,acceptable
P01648,aadhaar,marksheet_10,name,Abirami Raju,ABIRAMI R,initial,acceptable
P01648,aadhaar,marksheet_12,name,Abirami Raju,ABIRAMI R,initial,acceptable
P01649,aadhaar,pan,name,Haritha Raju,HARITHA RAJU,case_spacing,acceptable
P01649,aadhaar,passport,address,"No. 209, Lake View Road, Indiranagar, Delhi, Delhi - 110765","No. 1, MG Road, Indiranagar, Bengaluru, Karnataka - 560198",different_address,risky
P01650,aadhaar,pan,name,Archana Singh,ARCHANA SINGH,case_spacing,acceptable
P01651,aadhaar,pan,name,Prakash Velu,PRAKASH VELU,case_spacing,acceptable
P01651,aadhaar,marksheet_10,name,Prakash Velu,PRAKASH V,initial,acceptable
P01651,aadhaar,marksheet_12,name,Prakash Velu,PRAKASH V,initial,acceptable
P01651,aadhaar,birth_certificate,name,Prakash Velu,V. Prakash,initial,acceptable
P01652,aadhaar,pan,name,Komal Gupta,KOMAL GUPTA,case_spacing,acceptable
P01653,aadhaar,pan,name,Irfan Qureshi,IRFAN QURESHI,case_spacing,acceptable
P01654,aadhaar,pan,name,Vaishnavi Raju,VAISHNAVI RAJU,case_spacing,acceptable
P01654,aadhaar,marksheet_10,name,Vaishnavi Raju,VAISHNAVI R,initial,acceptable
P01654,aadhaar,marksheet_12,name,Vaishnavi Raju,VAISHNAVI R,initial,acceptable
P01655,aadhaar,pan,name,Murugan Prakash,MURUGAN PRAKASH,case_spacing,acceptable
P01655,aadhaar,marksheet_10,name,Murugan Prakash,MURUGAN P,initial,acceptable
P01655,aadhaar,marksheet_12,name,Murugan Prakash,MURUGAN P,initial,acceptable
P01656,aadhaar,pan,name,Kiran Reddy,KIRAN REDDY,case_spacing,acceptable
P01657,aadhaar,pan,name,Saranya Murugan,SARANYA MURUGAN,case_spacing,acceptable
P01657,aadhaar,marksheet_10,name,Saranya Murugan,SARANYA M,initial,acceptable
P01657,aadhaar,marksheet_12,name,Saranya Murugan,Saranra Murugan,spelling_variant,risky
P01658,aadhaar,pan,name,Sumit Mishra,SUMIT MISHRA,case_spacing,acceptable
P01659,aadhaar,pan,name,Tanushree Roy,TANUSHREE ROY,case_spacing,acceptable
P01660,aadhaar,pan,name,Arnab Mukherjee,ARNAB MUKHERJEE,case_spacing,acceptable
P01660,aadhaar,marksheet_12,name,Arnab Mukherjee,Arab Mukherjee,spelling_variant,risky
P01661,aadhaar,pan,name,Joel Thomas,JOEL THOMAS,case_spacing,acceptable
P01662,aadhaar,pan,name,Madhuri Reddy,MADHURI REDDY,case_spacing,acceptable
P01663,aadhaar,pan,name,Farhan Khan,FARHAN KHAN,case_spacing,acceptable
P01663,aadhaar,marksheet_12,name,Farhan Khan,Faarhan Khan,spelling_variant,risky
P01664,aadhaar,pan,name,Aswathy Menon,ASWATHY MENON,case_spacing,acceptable
P01665,aadhaar,pan,name,Sunitha Varma,SUNITHA VARMA,case_spacing,acceptable
P01666,aadhaar,pan,name,Ankit Gupta,ANKIT GUPTA,case_spacing,acceptable
P01667,aadhaar,pan,name,Merlin Joseph,MERLIN JOSEPH,case_spacing,acceptable
P01668,aadhaar,pan,name,Sagar Desai,SAGAR DESAI,case_spacing,acceptable
P01669,aadhaar,pan,name,Hetal Mehta,HETAL MEHTA,case_spacing,acceptable
P01670,aadhaar,pan,name,Sahana Hegde,SAHANA HEGDE,case_spacing,acceptable
P01670,aadhaar,marksheet_12,name,Sahana Hegde,Shahana Hegde,spelling_variant,risky
P01671,aadhaar,pan,name,Shreya Mishra,SHREYA MISHRA,case_spacing,acceptable
P01672,aadhaar,pan,name,Janani Kannan,JANANI KANNAN,case_spacing,acceptable
P01672,aadhaar,marksheet_10,name,Janani Kannan,JANANI K,initial,acceptable
P01672,aadhaar,marksheet_12,name,Janani Kannan,JANANI K,initial,acceptable
P01672,aadhaar,birth_certificate,name,Janani Kannan,K. Janani,initial,acceptable
P01672,aadhaar,birth_certificate,dob,2002-12-19,2001-12-19,year_shift,critical
P01673,aadhaar,pan,name,Prasad Varma,PRASAD VARMA,case_spacing,acceptable
P01673,aadhaar,birth_certificate,dob,1999-01-19,1998-01-19,year_shift,critical
P01674,aadhaar,pan,name,Samuel D'Souza,SAMUEL D'SOUZA,case_spacing,acceptable
P01675,aadhaar,pan,name,Yamini Kumar,YAMINI KUMAR,case_spacing,acceptable
P01675,aadhaar,marksheet_10,name,Yamini Kumar,YAMINI K,initial,acceptable
P01675,aadhaar,marksheet_12,name,Yamini Kumar,YAMINI K,initial,acceptable
P01676,aadhaar,pan,name,Kiran Chowdary,KIRAN CHOWDARY,case_spacing,acceptable
P01677,aadhaar,pan,name,Sana Qureshi,SANA QURESHI,case_spacing,acceptable
P01677,aadhaar,marksheet_10,dob,2000-12-06,1999-12-06,year_shift,critical
P01678,aadhaar,pan,name,Naresh Rao,NARESH RAO,case_spacing,acceptable
P01678,aadhaar,birth_certificate,name,Naresh Rao,Nraesh Rao,spelling_variant,risky
P01679,aadhaar,pan,name,Rukhsar Qureshi,Rurhsar Qureshi,spelling_variant,risky
P01680,aadhaar,pan,name,Irfan Khan,IRFAN KHAN,case_spacing,acceptable
P01680,aadhaar,marksheet_10,name,Irfan Khan,Irfaan Khan,spelling_variant,risky
P01681,aadhaar,pan,name,Kiran Varma,KIRAN VARMA,case_spacing,acceptable
P01682,aadhaar,pan,name,Komal Gupta,KOMAL GUPTA,case_spacing,acceptable
P01683,aadhaar,pan,name,Reshma Nair,RESHMA NAIR,case_spacing,acceptable
P01684,aadhaar,pan,name,Swathi Rao,SWATHI RAO,case_spacing,acceptable
P01685,aadhaar,pan,name,Riya Singh,RIYA SINGH,case_spacing,acceptable
P01686,aadhaar,pan,name,Kavya Prakash,KAVYA PRAKASH,case_spacing,acceptable
P01686,aadhaar,marksheet_10,name,Kavya Prakash,Raju Siva,different_person,critical
P01686,aadhaar,marksheet_12,name,Kavya Prakash,KAVYA P,initial,acceptable
P01686,aadhaar,birth_certificate,name,Kavya Prakash,P. Kavya,initial,acceptable
P01686,aadhaar,birth_certificate,dob,2005-06-07,2005-07-06,day_month_swap,critical
P01687,aadhaar,pan,name,Ritu Chauhan,RITU CHAUHAN,case_spacing,acceptable
P01688,aadhaar,pan,name,Siva Ramesh,SIVA RAMESH,case_spacing,acceptable
P01688,aadhaar,marksheet_10,name,Siva Ramesh,SIVA R,initial,acceptable
P01688,aadhaar,marksheet_12,name,Siva Ramesh,SIVA R,initial,acceptable
P01688,aadhaar,birth_certificate,name,Siva Ramesh,R. Siva,initial,acceptable
P01689,aadhaar,pan,name,Sruthi Nair,SRUTHI NAIR,case_spacing,acceptable
P01689,aadhaar,pan,dob,2001-04-26,2002-04-26,year_shift,critical
P01690,aadhaar,pan,name,Arif Sheikh,ARIF SHEIKH,case_spacing,acceptable
P01690,aadhaar,marksheet_10,name,Arif Sheikh,Areef Sheikh,spelling_variant,risky
P01691,aadhaar,pan,name,Revathi Madhavan,REVATHI MADHAVAN,case_spacing,acceptable
P01691,aadhaar,marksheet_10,name,Revathi Madhavan,REVATHI M,initial,acceptable
P01691,aadhaar,marksheet_12,name,Revathi Madhavan,REVATHI M,initial,acceptable
P01692,aadhaar,pan,name,Ankit Tiwari,ANKIT TIWARI,case_spacing,acceptable
P01693,aadhaar,pan,name,Malathi Saravanan,MALATHI SARAVANAN,case_spacing,acceptable
P01693,aadhaar,marksheet_10,name,Malathi Saravanan,MALATHI S,initial,acceptable
P01693,aadhaar,marksheet_12,name,Malathi Saravanan,MALATHI S,initial,acceptable
P01694,aadhaar,pan,name,Rohit Mishra,ROHIT MISHRA,case_spacing,acceptable
P01695,aadhaar,pan,name,Rahul Sharma,RAHUL SHARMA,case_spacing,acceptable
P01696,aadhaar,pan,name,Anand Kurup,ANAND KURUP,case_spacing,acceptable
P01697,aadhaar,pan,name,Ravi Reddy,RAVI REDDY,case_spacing,acceptable
P01698,aadhaar,pan,name,Sandeep Mishra,SANDEEP MISHRA,case_spacing,acceptable
P01699,aadhaar,pan,name,Arnab Das,ARNAB DAS,case_spacing,acceptable
P01699,aadhaar,marksheet_10,father_name,Debashis Das,Debashees Das,spelling_variant,risky
P01700,aadhaar,pan,name,Lakshmi Elango,LAKSHMI ELANGO,case_spacing,acceptable
P01700,aadhaar,marksheet_10,name,Lakshmi Elango,LAKSHMI E,initial,acceptable
P01700,aadhaar,marksheet_12,name,Lakshmi Elango,LAKSHMI E,initial,acceptable
P01701,aadhaar,pan,name,Komal Sharma,KOMAL SHARMA,case_spacing,acceptable
P01702,aadhaar,pan,name,Sayan Das,SAYAN DAS,case_spacing,acceptable
P01703,aadhaar,pan,name,Sandeep Sharma,SANDEEP SHARMA,case_spacing,acceptable
P01703,aadhaar,marksheet_12,father_name,Sanjay Sharma,Sanjai Sharma,spelling_variant,risky
P01703,aadhaar,passport,address,"No. 22, MG Road, Velachery, Coimbatore, Tamil Nadu - 641701","No. 152, Temple Street, Navrangpura, Mysuru, Karnataka - 570368",different_address,risky
P01704,aadhaar,pan,name,Debashis Das,DEBASHIS DAS,case_spacing,acceptable
P01704,aadhaar,pan,father_name,Sayan Das,Saayan Das,spelling_variant,risky
P01704,aadhaar,marksheet_10,name,Debashis Das,Debashees Das,spelling_variant,risky
P01705,aadhaar,pan,name,Nikhil Desai,NIKHIL DESAI,case_spacing,acceptable
P01705,aadhaar,marksheet_10,name,Nikhil Desai,Nikhl Desai,spelling_variant,risky
P01706,aadhaar,pan,name,Sameer Pathan,SAMEER PATHAN,case_spacing,acceptable
P01707,aadhaar,pan,name,Hetal Desai,HETAL DESAI,case_spacing,acceptable
P01708,aadhaar,pan,name,Zainab Pathan,ZAINAB PATHAN,case_spacing,acceptable
P01709,aadhaar,pan,name,Rukhsar Pathan,RUKHSAR PATHAN,case_spacing,acceptable
P01709,aadhaar,marksheet_12,name,Rukhsar Pathan,Rukhsaar Pathan,spelling_variant,risky
P01710,aadhaar,pan,name,Jay Patel,JAY PATEL,case_spacing,acceptable
P01711,aadhaar,pan,name,Ishita Mukherjee,ISHITA MUKHERJEE,case_spacing,acceptable
P01712,aadhaar,pan,name,Kavya Saravanan,KAVYA SARAVANAN,case_spacing,acceptable
P01712,aadhaar,marksheet_10,name,Kavya Saravanan,Kaavya Saravanan,spelling_variant,risky
P01712,aadhaar,marksheet_12,name,Kavya Saravanan,KAVYA S,initial,acceptable
P01713,aadhaar,pan,name,Rahul Yadav,RAHUL YADAV,case_spacing,acceptable
P01713,aadhaar,marksheet_10,name,Rahul Yadav,Rahull Yadav,spelling_variant,risky
P01714,aadhaar,pan,name,Neha Gupta,NEHA GUPTA,case_spacing,acceptable
P01715,aadhaar,pan,name,Riya Pandey,RIYA PANDEY,case_spacing,acceptable
P01715,aadhaar,marksheet_10,name,Riya Pandey,Riyaa Pandey,spelling_variant,risky
P01716,aadhaar,pan,name,Simran Verma,SIMRAN VERMA,case_spacing,acceptable
P01716,aadhaar,marksheet_12,name,Simran Verma,Priya Prakash,different_person,critical
P01717,aadhaar,pan,name,Pallavi Shetty,PALLAVI SHETTY,case_spacing,acceptable
P01718,aadhaar,pan,name,Harsh Patil,HARSH PATIL,case_spacing,acceptable
P01718,aadhaar,pan,dob,2005-10-30,2005-10-28,day_shift,critical
P01718,aadhaar,marksheet_10,name,Harsh Patil,Harshh Patil,spelling_variant,risky
P01719,aadhaar,pan,name,Vignesh Elango,VIGNESH ELANGO,case_spacing,acceptable
P01719,aadhaar,marksheet_10,name,Vignesh Elango,VIGNESH E,initial,acceptable
P01719,aadhaar,marksheet_12,name,Vignesh Elango,VIGNESH E,initial,acceptable
P01720,aadhaar,pan,name,Samuel Thomas,SAMUEL THOMAS,case_spacing,acceptable
P01720,aadhaar,passport,name,Samuel Thomas,Sushma Gupta,different_person,critical
P01721,aadhaar,pan,name,Prakash Selvam,PRAKASH SELVAM,case_spacing,acceptable
P01721,aadhaar,marksheet_10,name,Prakash Selvam,PRAKASH S,initial,acceptable
P01721,aadhaar,marksheet_12,name,Prakash Selvam,PRAKASH S,initial,acceptable
P01721,aadhaar,birth_certificate,name,Prakash Selvam,Rutuja Mehta,different_person,critical
P01722,aadhaar,pan,name,Abirami Ramesh,ABIRAMI RAMESH,case_spacing,acceptable
P01722,aadhaar,marksheet_10,name,Abirami Ramesh,ABIRAMI R,initial,acceptable
P01722,aadhaar,marksheet_12,name,Abirami Ramesh,ABIRAMI R,initial,acceptable
P01723,aadhaar,pan,name,Rohit Pandey,ROHIT PANDEY,case_spacing,acceptable
P01724,aadhaar,pan,name,Nikhil Mehta,NIKHIL MEHTA,case_spacing,acceptable
P01725,aadhaar,pan,name,Sowmya Kannan,SOWMYA KANNAN,case_spacing,acceptable
P01725,aadhaar,marksheet_10,name,Sowmya Kannan,SOWMYA K,initial,acceptable
P01725,aadhaar,marksheet_12,name,Sowmya Kannan,SOWMYA K,initial,acceptable
P01726,aadhaar,pan,name,Riya Mukherjee,RIYA MUKHERJEE,case_spacing,acceptable
P01727,aadhaar,pan,name,Kannan Madhavan,KANNAN MADHAVAN,case_spacing,acceptable
P01727,aadhaar,marksheet_10,name,Kannan Madhavan,KANNAN M,initial,acceptable
P01727,aadhaar,marksheet_12,name,Kannan Madhavan,KANNAN M,initial,acceptable
P01728,aadhaar,pan,name,Fathima Syed,FATHIMA SYED,case_spacing,acceptable
P01728,aadhaar,passport,address,"No. 60, Station Road, Velachery, Noida, Uttar Pradesh - 201358","No. 36, Park Avenue, T Nagar, Mysuru, Karnataka - 570564",different_address,risky
P01728,aadhaar,birth_certificate,name,Fathima Syed,Rahul Singh,different_person,critical
P01729,aadhaar,pan,name,Salman Qureshi,SALMAN QURESHI,case_spacing,acceptable
P01730,aadhaar,pan,name,Prakash Elango,PRAKASH ELANGO,case_spacing,acceptable
P01730,aadhaar,marksheet_10,name,Prakash Elango,PRAKASH E,initial,acceptable
P01730,aadhaar,marksheet_10,dob,1998-08-31,1999-08-28,year_shift,critical
P01730,aadhaar,marksheet_12,name,Prakash Elango,Prakas Elango,spelling_variant,risky
P01731,aadhaar,pan,name,Kannan Madhavan,KANNAN MADHAVAN,case_spacing,acceptable
P01731,aadhaar,marksheet_10,name,Kannan Madhavan,KANNAN M,initial,acceptable
P01731,aadhaar,marksheet_12,name,Kannan Madhavan,KANNAN M,initial,acceptable
P01732,aadhaar,pan,name,John Joseph,JOHN JOSEPH,case_spacing,acceptable
P01733,aadhaar,pan,name,Madhavan Murugan,MADHAVAN MURUGAN,case_spacing,acceptable
P01733,aadhaar,marksheet_10,name,Madhavan Murugan,Madhhavan Murugan,spelling_variant,risky
P01733,aadhaar,marksheet_10,dob,1999-10-11,1999-10-12,day_shift,critical
P01733,aadhaar,marksheet_12,name,Madhavan Murugan,MADHAVAN M,initial,acceptable
P01733,aadhaar,passport,address,"No. 171, 2nd Main, Banjara Hills, Hyderabad, Telangana - 500193","No. 190, MG Road, Anna Nagar, Kolkata, West Bengal - 700861",different_address,risky
P01734,aadhaar,pan,name,Sruthi Nair,SRUTHI NAIR,case_spacing,acceptable
P01735,aadhaar,pan,name,Ritu Sharma,RITU SHARMA,case_spacing,acceptable
P01736,aadhaar,pan,name,Ravi Chowdary,RAVI CHOWDARY,case_spacing,acceptable
P01737,aadhaar,pan,name,Mohammed Qureshi,MOHAMMED QURESHI,case_spacing,acceptable
P01738,aadhaar,pan,name,Pradeep Yadav,Pradheep Yadav,spelling_variant,risky
P01739,aadhaar,pan,name,Shashank Rao,SHASHANK RAO,case_spacing,acceptable
P01740,aadhaar,pan,name,Tejas Deshpande,TEJAS DESHPANDE,case_spacing,acceptable
P01741,aadhaar,pan,name,Neha Yadav,NEHA YADAV,case_spacing,acceptable
P01742,aadhaar,pan,name,Simran Singh,SIMRAN SINGH,case_spacing,acceptable
P01742,aadhaar,marksheet_10,dob,2000-05-26,2000-05-27,day_shift,critical
P01743,aadhaar,pan,name,Archana Agarwal,ARCHANA AGARWAL,case_spacing,acceptable
P01744,aadhaar,pan,name,Krishna Chowdary,KRISHNA CHOWDARY,case_spacing,acceptable
P01744,aadhaar,passport,dob,2000-05-10,2000-10-05,day_month_swap,critical
P01745,aadhaar,pan,name,Ramesh Manikandan,RAMESH MANIKANDAN,case_spacing,acceptable
P01745,aadhaar,marksheet_10,name,Ramesh Manikandan,RAMESH M,initial,acceptable
P01745,aadhaar,marksheet_12,name,Ramesh Manikandan,RAMESH M,initial,acceptable
P01745,aadhaar,marksheet_12,father_name,Manikandan,Maanikandan,spelling_variant,risky
P01746,aadhaar,pan,name,Divya Varma,DIVYA VARMA,case_spacing,acceptable
P01747,aadhaar,pan,name,Priya Vignesh,PRIYA VIGNESH,case_spacing,acceptable
P01747,aadhaar,marksheet_10,name,Priya Vignesh,PRIYA V,initial,acceptable
P01747,aadhaar,marksheet_12,name,Priya Vignesh,PRIYA V,initial,acceptable
P01748,aadhaar,pan,name,Rutuja Shah,RUTUJA SHAH,case_spacing,acceptable
P01748,aadhaar,birth_certificate,name,Rutuja Shah,Ruthuja Shah,spelling_variant,risky
P01749,aadhaar,pan,name,Nithya Elango,NITHYA ELANGO,case_spacing,acceptable
P01749,aadhaar,marksheet_10,name,Nithya Elango,Nnithya Elango,spelling_variant,risky
P01749,aadhaar,marksheet_12,name,Nithya Elango,NITHYA E,initial,acceptable
P01749,aadhaar,birth_certificate,name,Nithya Elango,E. Nithya,initial,acceptable
P01750,aadhaar,pan,name,Ankit Sharma,ANKIT SHARMA,case_spacing,acceptable
P01751,aadhaar,pan,name,Pradeep Gupta,PRADEEP GUPTA,case_spacing,acceptable
P01751,aadhaar,marksheet_10,name,Pradeep Gupta,Pradip Gupta,spelling_variant,risky
P01752,aadhaar,pan,name,Riya Yadav,RIYA YADAV,case_spacing,acceptable
P01753,aadhaar,pan,name,Arjun Varghese,ARJUN VARGHESE,case_spacing,acceptable
P01754,aadhaar,pan,name,Ajay Chauhan,AJAY CHAUHAN,case_spacing,acceptable
P01755,aadhaar,pan,name,Sushma Agarwal,SUSHMA AGARWAL,case_spacing,acceptable
P01755,aadhaar,passport,address,"No. 159, 4th Cross, Indiranagar, Bengaluru, Karnataka - 560248","No. 136, MG Road, Sector 62, Chennai, Tamil Nadu - 600923",different_address,risky
P01756,aadhaar,pan,name,Abhijit Ghosh,ABHIJIT GHOSH,case_spacing,acceptable
P01756,aadhaar,marksheet_10,dob,1999-01-24,1999-01-22,day_shift,critical
P01757,aadhaar,pan,name,Nazia Khan,NAZIA KHAN,case_spacing,acceptable
P01758,aadhaar,pan,name,Sanjay Mishra,SANJAY MISHRA,case_spacing,acceptable
P01759,aadhaar,pan,name,Kalaiselvi Selvam,KALAISELVI SELVAM,case_spacing,acceptable
P01759,aadhaar,marksheet_10,name,Kalaiselvi Selvam,KALAISELVI S,initial,acceptable
P01759,aadhaar,marksheet_12,name,Kalaiselvi Selvam,KALAISELVI S,initial,acceptable
P01760,aadhaar,pan,name,Pooja Yadav,POOJA YADAV,case_spacing,acceptable
P01760,aadhaar,marksheet_10,name,Pooja Yadav,Pooza Yadav,spelling_variant,risky
P01761,aadhaar,pan,name,Raghavendra Hegde,RAGHAVENDRA HEGDE,case_spacing,acceptable
P01762,aadhaar,pan,name,Chaitanya Rao,CHAITANYA RAO,case_spacing,acceptable
P01763,aadhaar,pan,name,Sundar Madhavan,SUNDAR MADHAVAN,case_spacing,acceptable
P01763,aadhaar,pan,father_name,Madhavan,Madhavann,spelling_variant,risky
P01763,aadhaar,marksheet_10,name,Sundar Madhavan,SUNDAR M,initial,acceptable
P01763,aadhaar,marksheet_12,name,Sundar Madhavan,SUNDAR M,initial,acceptable
P01764,aadhaar,pan,name,Sravani Raju,SRAVANI RAJU,case_spacing,acceptable
P01765,aadhaar,pan,name,Arjun Panicker,Arzun Panicker,spelling_variant,risky
P01766,aadhaar,pan,name,Saranya Siva,SARANYA SIVA,case_spacing,acceptable
P01766,aadhaar,marksheet_10,name,Saranya Siva,SARANYA S,initial,acceptable
P01766,aadhaar,marksheet_12,name,Saranya Siva,Sarania Siva,spelling_variant,risky
P01767,aadhaar,pan,name,Haritha Raju,HARITHA RAJU,case_spacing,acceptable
P01768,aadhaar,pan,name,Gaurav Chauhan,GAURAV CHAUHAN,case_spacing,acceptable
P01768,aadhaar,birth_certificate,dob,1998-06-24,1999-06-24,year_shift,critical
P01769,aadhaar,pan,name,Satish Rao,SATISH RAO,case_spacing,acceptable
P01770,aadhaar,pan,name,Ankit Chauhan,ANKIT CHAUHAN,case_spacing,acceptable
P01771,aadhaar,pan,name,Shreya Yadav,SHREYA YADAV,case_spacing,acceptable
P01771,aadhaar,passport,name,Shreya Yadav,Shrreya Yadav,spelling_variant,risky
P01772,aadhaar,pan,name,Srinivas Reddy,SRINIVAS REDDY,case_spacing,acceptable
P01773,aadhaar,pan,name,Shabana Syed,SHABANA SYED,case_spacing,acceptable
P01774,aadhaar,pan,name,Mohammed Khan,MOHAMMED KHAN,case_spacing,acceptable
P01775,aadhaar,pan,name,Joseph Joseph,JOSEPH JOSEPH,case_spacing,acceptable
P01776,aadhaar,pan,name,Abirami Kumar,ABIRAMI KUMAR,case_spacing,acceptable
P01776,aadhaar,marksheet_10,name,Abirami Kumar,ABIRAMI K,initial,acceptable
P01776,aadhaar,marksheet_12,name,Abirami Kumar,ABIRAMI K,initial,acceptable
P01777,aadhaar,pan,name,Revathi Manikandan,REVATHI MANIKANDAN,case_spacing,acceptable
P01777,aadhaar,marksheet_10,name,Revathi Manikandan,REVATHI M,initial,acceptable
P01777,aadhaar,marksheet_12,name,Revathi Manikandan,REVATHI M,initial,acceptable
P01778,aadhaar,pan,name,Srinivas Rao,SRINIVAS RAO,case_spacing,acceptable
P01778,aadhaar,birth_certificate,gender,M,F,flipped,critical
P01779,aadhaar,pan,name,Vishnu Varghese,VISHNU VARGHESE,case_spacing,acceptable
P01780,aadhaar,pan,name,Lavanya Reddy,LAVANYA REDDY,case_spacing,acceptable
P01780,aadhaar,marksheet_10,dob,2000-09-20,2000-09-19,day_shift,critical
P01781,aadhaar,pan,name,Sundar Ramesh,Sunndar Ramesh,spelling_variant,risky
P01781,aadhaar,marksheet_10,name,Sundar Ramesh,SUNDAR R,initial,acceptable
P01781,aadhaar,marksheet_12,name,Sundar Ramesh,SUNDAR R,initial,acceptable
P01781,aadhaar,birth_certificate,name,Sundar Ramesh,R. Sundar,initial,acceptable
P01782,aadhaar,pan,name,Krishna Naidu,KRISHNA NAIDU,case_spacing,acceptable
P01783,aadhaar,pan,name,Thomas Fernandes,THOMAS FERNANDES,case_spacing,acceptable
P01784,aadhaar,pan,name,Snehal Deshpande,SNEHAL DESHPANDE,case_spacing,acceptable
P01785,aadhaar,pan,name,Kumar Vignesh,KUMAR VIGNESH,case_spacing,acceptable
P01785,aadhaar,marksheet_10,name,Kumar Vignesh,KUMAR V,initial,acceptable
P01785,aadhaar,marksheet_12,name,Kumar Vignesh,KUMAR V,initial,acceptable
P01786,aadhaar,pan,name,Vikram Sharma,VIKRAM SHARMA,case_spacing,acceptable
P01787,aadhaar,pan,name,Meena Raju,MEENA RAJU,case_spacing,acceptable
P01787,aadhaar,marksheet_10,name,Meena Raju,MEENA R,initial,acceptable
P01787,aadhaar,marksheet_12,name,Meena Raju,MEENA R,initial,acceptable
P01788,aadhaar,pan,name,Akhil Menon,AKHIL MENON,case_spacing,acceptable
P01788,aadhaar,marksheet_10,father_name,Sanju Menon,Sannju Menon,spelling_variant,risky
P01789,aadhaar,pan,name,Mahesh Varma,MAHESH VARMA,case_spacing,acceptable
P01789,aadhaar,passport,address,"No. 249, Nehru Street, Koramangala, Mumbai, Maharashtra - 400631","No. 61, MG Road, Kakkanad, Delhi, Delhi - 110800",different_address,risky
P01790,aadhaar,pan,name,Moumita Das,MOUMITA DAS,case_spacing,acceptable
P01791,aadhaar,pan,name,Sagar Mehta,SAGAR MEHTA,case_spacing,acceptable
P01791,aadhaar,marksheet_10,name,Sagar Mehta,Yamini Raju,different_person,critical
P01791,aadhaar,marksheet_12,name,Sagar Mehta,Saagar Mehta,spelling_variant,risky
P01792,aadhaar,pan,name,Teresa Fernandes,TERESA FERNANDES,case_spacing,acceptable
P01793,aadhaar,pan,name,Neethu Varghese,NEETHU VARGHESE,case_spacing,acceptable
P01794,aadhaar,pan,name,Akhil Menon,AKHIL MENON,case_spacing,acceptable
P01794,aadhaar,marksheet_10,father_name,Rahul Menon,Raahul Menon,spelling_variant,risky
P01794,aadhaar,marksheet_10,dob,2001-04-24,2000-04-24,year_shift,critical
P01795,aadhaar,pan,name,Vignesh Arun,VIGNESH ARUN,case_spacing,acceptable
P01795,aadhaar,marksheet_10,name,Vignesh Arun,VIGNESH A,initial,acceptable
P01795,aadhaar,marksheet_12,name,Vignesh Arun,VIGNESH A,initial,acceptable
P01796,aadhaar,pan,name,Prachi Kulkarni,Praachi Kulkarni,spelling_variant,risky
P01797,aadhaar,pan,name,Rahul Gupta,RAHUL GUPTA,case_spacing,acceptable
P01798,aadhaar,pan,name,Archana Pandey,ARCHANA PANDEY,case_spacing,acceptable
P01799,aadhaar,pan,name,Ramesh Elango,RAMESH ELANGO,case_spacing,acceptable
P01799,aadhaar,marksheet_10,name,Ramesh Elango,RAMESH E,initial,acceptable
P01799,aadhaar,marksheet_12,name,Ramesh Elango,RAMESH E,initial,acceptable
P01800,aadhaar,pan,name,Revathi Raju,REVATHI RAJU,case_spacing,acceptable
P01800,aadhaar,marksheet_10,name,Revathi Raju,REVATHI R,initial,acceptable
P01800,aadhaar,marksheet_12,name,Revathi Raju,REVATHI R,initial,acceptable
P01801,aadhaar,pan,name,Zainab Syed,ZAINAB SYED,case_spacing,acceptable
P01801,aadhaar,passport,address,"No. 82, 4th Cross, Indiranagar, Delhi, Delhi - 110502","No. 94, 4th Cross, Salt Lake, Hyderabad, Telangana - 500333",different_address,risky
P01802,aadhaar,pan,name,Parth Shah,PARTH SHAH,case_spacing,acceptable
P01802,aadhaar,marksheet_10,dob,2001-08-30,2001-08-31,day_shift,critical
P01802,aadhaar,marksheet_12,name,Parth Shah,Part Shah,spelling_variant,risky
P01803,aadhaar,pan,name,Abdul Sheikh,ABDUL SHEIKH,case_spacing,acceptable
P01804,aadhaar,pan,name,Raju Karthik,RAJU KARTHIK,case_spacing,acceptable
P01804,aadhaar,marksheet_10,name,Raju Karthik,RAJU K,initial,acceptable
P01804,aadhaar,marksheet_12,name,Raju Karthik,RAJU K,initial,acceptable
P01805,aadhaar,pan,name,Padma Reddy,PADMA REDDY,case_spacing,acceptable
P01805,aadhaar,marksheet_12,name,Padma Reddy,Paadma Reddy,spelling_variant,risky
P01806,aadhaar,pan,name,Subhajit Mukherjee,SUBHAJIT MUKHERJEE,case_spacing,acceptable
P01806,aadhaar,marksheet_12,father_name,Debashis Mukherjee,Debashees Mukherjee,spelling_variant,risky
P01807,aadhaar,pan,name,Gayathri Kannan,GAYATHRI KANNAN,case_spacing,acceptable
P01807,aadhaar,marksheet_10,name,Gayathri Kannan,GAYATHRI K,initial,acceptable
P01807,aadhaar,marksheet_12,name,Gayathri Kannan,GAYATHRI K,initial,acceptable
P01808,aadhaar,pan,name,Harish Hegde,HARISH HEGDE,case_spacing,acceptable
P01809,aadhaar,pan,name,Haritha Naidu,HARITHA NAIDU,case_spacing,acceptable
P01810,aadhaar,pan,name,Velu Ramesh,VELU RAMESH,case_spacing,acceptable
P01810,aadhaar,marksheet_10,name,Velu Ramesh,VELU R,initial,acceptable
P01810,aadhaar,marksheet_12,name,Velu Ramesh,VELU R,initial,acceptable
P01811,aadhaar,pan,name,Sana Ansari,SANA ANSARI,case_spacing,acceptable
P01811,aadhaar,pan,dob,2003-05-29,2003-05-27,day_shift,critical
P01812,aadhaar,pan,name,Rahul Tiwari,RAHUL TIWARI,case_spacing,acceptable
P01813,aadhaar,pan,name,Sruthi Menon,SRUTHI MENON,case_spacing,acceptable
P01814,aadhaar,pan,name,Madhavan Prakash,MADHAVAN PRAKASH,case_spacing,acceptable
P01814,aadhaar,marksheet_10,name,Madhavan Prakash,MADHAVAN P,initial,acceptable
P01814,aadhaar,marksheet_12,name,Madhavan Prakash,MADHAVAN P,initial,acceptable
P01815,aadhaar,pan,name,Ravi Chowdary,RAVI CHOWDARY,case_spacing,acceptable
P01816,aadhaar,pan,name,Zainab Sheikh,ZAINAB SHEIKH,case_spacing,acceptable
P01817,aadhaar,pan,name,Sagar Patel,SAGAR PATEL,case_spacing,acceptable
P01818,aadhaar,pan,name,Athira Pillai,ATHIRA PILLAI,case_spacing,acceptable
P01818,aadhaar,marksheet_10,name,Athira Pillai,Atheera Pillai,spelling_variant,risky
P01819,aadhaar,pan,name,Raghavendra Hegde,RAGHAVENDRA HEGDE,case_spacing,acceptable
P01820,aadhaar,pan,name,Teresa Pereira,TERESA PEREIRA,case_spacing,acceptable
P01820,aadhaar,passport,address,"No. 41, Lake View Road, Saket, Delhi, Delhi - 110155","No. 5, 2nd Main, Anna Nagar, Madurai, Tamil Nadu - 625077",different_address,risky
P01821,aadhaar,pan,name,Tanushree Ghosh,TANUSHREE GHOSH,case_spacing,acceptable
P01822,aadhaar,pan,name,Ayesha Qureshi,AYESHA QURESHI,case_spacing,acceptable
P01823,aadhaar,pan,name,Harish Rao,HARISH RAO,case_spacing,acceptable
P01823,aadhaar,marksheet_12,father_name,Manjunath Rao,Manzunath Rao,spelling_variant,risky
P01824,aadhaar,pan,name,Asha Hegde,ASHA HEGDE,case_spacing,acceptable
P01825,aadhaar,pan,name,Thomas Mathew,THOMAS MATHEW,case_spacing,acceptable
P01826,aadhaar,pan,name,Saranya Kannan,SARANYA KANNAN,case_spacing,acceptable
P01826,aadhaar,marksheet_10,name,Saranya Kannan,SARANYA K,initial,acceptable
P01826,aadhaar,marksheet_12,name,Saranya Kannan,SARANYA K,initial,acceptable
P01827,aadhaar,pan,name,Kalaiselvi Karthik,KALAISELVI KARTHIK,case_spacing,acceptable
P01827,aadhaar,marksheet_10,name,Kalaiselvi Karthik,KALAISELVI K,initial,acceptable
P01827,aadhaar,marksheet_12,name,Kalaiselvi Karthik,KALAISELVI K,initial,acceptable
P01828,aadhaar,pan,name,Sana Ansari,SANA ANSARI,case_spacing,acceptable
P01828,aadhaar,marksheet_12,name,Sana Ansari,Shana Ansari,spelling_variant,risky
P01829,aadhaar,pan,name,Swathi Naidu,SWATHI NAIDU,case_spacing,acceptable
P01830,aadhaar,pan,name,John Joseph,JOHN JOSEPH,case_spacing,acceptable
P01831,aadhaar,pan,name,Sayan Sen,SAYAN SEN,case_spacing,acceptable
P01832,aadhaar,pan,name,Sumit Tiwari,SUMIT TIWARI,case_spacing,acceptable
P01833,aadhaar,pan,name,Anjali Chauhan,ANJALI CHAUHAN,case_spacing,acceptable
P01834,aadhaar,pan,name,Merlin D'Souza,MERLIN D'SOUZA,case_spacing,acceptable
P01835,aadhaar,pan,name,Chaitanya Reddy,CHAITANYA REDDY,case_spacing,acceptable
P01836,aadhaar,pan,name,Sanju Nair,SANJU NAIR,case_spacing,acceptable
P01837,aadhaar,pan,name,Manjunath Bhat,MANJUNATH BHAT,case_spacing,acceptable
P01837,aadhaar,pan,father_name,Girish Bhat,Giris Bhat,spelling_variant,risky
P01838,aadhaar,pan,name,Sanjay Singh,SANJAY SINGH,case_spacing,acceptable
P01839,aadhaar,pan,name,Sharon Joseph,SHARON JOSEPH,case_spacing,acceptable
P01840,aadhaar,pan,name,Anjali Panicker,ANJALI PANICKER,case_spacing,acceptable
P01840,aadhaar,passport,address,"No. 194, Lake View Road, Sector 62, Kochi, Kerala - 682055","No. 187, 2nd Main, Andheri, Thiruvananthapuram, Kerala - 695021",different_address,risky
P01841,aadhaar,pan,name,Meena Kumar,MEENA KUMAR,case_spacing,acceptable
P01841,aadhaar,marksheet_10,name,Meena Kumar,MEENA K,initial,acceptable
P01841,aadhaar,marksheet_12,name,Meena Kumar,MEENA K,initial,acceptable
P01841,aadhaar,passport,name,Meena Kumar,Mina Kumar,spelling_variant,risky
P01842,aadhaar,pan,name,Snehal Shah,SNEHAL SHAH,case_spacing,acceptable
P01843,aadhaar,pan,name,Jay Joshi,JAY JOSHI,case_spacing,acceptable
P01843,aadhaar,marksheet_10,name,Jay Joshi,Jai Joshi,spelling_variant,risky
P01844,aadhaar,pan,name,Girish Bhat,GIRISH BHAT,case_spacing,acceptable
P01845,aadhaar,pan,name,Nazia Syed,NAZIA SYED,case_spacing,acceptable
P01846,aadhaar,pan,name,Divya Raju,DIVYA RAJU,case_spacing,acceptable
P01847,aadhaar,pan,name,Sangeetha Manikandan,SANGEETHA MANIKANDAN,case_spacing,acceptable
P01847,aadhaar,marksheet_10,name,Sangeetha Manikandan,SANGEETHA M,initial,acceptable
P01847,aadhaar,marksheet_12,name,Sangeetha Manikandan,SANGEETHA M,initial,acceptable
P01847,aadhaar,birth_certificate,name,Sangeetha Manikandan,M. Sangeetha,initial,acceptable
P01848,aadhaar,pan,name,Madhuri Chowdary,MADHURI CHOWDARY,case_spacing,acceptable
P01848,aadhaar,pan,father_name,Venkatesh Chowdary,Vennkatesh Chowdary,spelling_variant,risky
P01849,aadhaar,pan,name,Zainab Khan,ZAINAB KHAN,case_spacing,acceptable
P01850,aadhaar,pan,name,Arif Sheikh,ARIF SHEIKH,case_spacing,acceptable
P01851,aadhaar,pan,name,Meena Prakash,MEENA PRAKASH,case_spacing,acceptable
P01851,aadhaar,marksheet_10,name,Meena Prakash,MEENA P,initial,acceptable
P01851,aadhaar,marksheet_12,name,Meena Prakash,MEENA P,initial,acceptable
P01852,aadhaar,pan,name,Naresh Naidu,NARESH NAIDU,case_spacing,acceptable
P01853,aadhaar,pan,name,Neha Gupta,NEHA GUPTA,case_spacing,acceptable
P01854,aadhaar,pan,name,Omkar Deshpande,OMKAR DESHPANDE,case_spacing,acceptable
P01855,aadhaar,pan,name,Kavitha Rao,KAVITHA RAO,case_spacing,acceptable
P01855,aadhaar,passport,name,Kavitha Rao,Kavithha Rao,spelling_variant,risky
P01856,aadhaar,pan,name,Saravanan Siva,SARAVANAN SIVA,case_spacing,acceptable
P01856,aadhaar,marksheet_10,name,Saravanan Siva,SARAVANAN S,initial,acceptable
P01856,aadhaar,marksheet_12,name,Saravanan Siva,SARAVANAN S,initial,acceptable
P01857,aadhaar,pan,name,Sana Qureshi,SANA QURESHI,case_spacing,acceptable
P01858,aadhaar,pan,name,Ajay Singh,AJAY SINGH,case_spacing,acceptable
P01859,aadhaar,pan,name,Prasad Rao,PRASAD RAO,case_spacing,acceptable
P01859,aadhaar,passport,address,"No. 81, Station Road, Banjara Hills, Thiruvananthapuram, Kerala - 695824","No. 67, Cross Road, Kakkanad, Chennai, Tamil Nadu - 600489",different_address,risky
P01860,aadhaar,pan,name,Haritha Raju,HARITHA RAJU,case_spacing,acceptable
P01861,aadhaar,pan,name,Spoorthi Gowda,SPOORTHI GOWDA,case_spacing,acceptable
P01861,aadhaar,marksheet_10,dob,2000-04-24,2000-04-25,day_shift,critical
P01862,aadhaar,pan,name,Prakash Velu,PRAKASH VELU,case_spacing,acceptable
P01862,aadhaar,marksheet_10,name,Prakash Velu,PRAKASH V,initial,acceptable
P01862,aadhaar,marksheet_12,name,Prakash Velu,PRAKASH V,initial,acceptable
P01863,aadhaar,pan,name,Prashanth Gowda,PRASHANTH GOWDA,case_spacing,acceptable
P01864,aadhaar,pan,name,Krupa Deshpande,KRUPA DESHPANDE,case_spacing,acceptable
P01864,aadhaar,pan,dob,2001-04-19,2002-04-19,year_shift,critical
P01865,aadhaar,pan,name,Daniel Joseph,DANIEL JOSEPH,case_spacing,acceptable
P01865,aadhaar,marksheet_10,name,Daniel Joseph,Danniel Joseph,spelling_variant,risky
P01866,aadhaar,pan,name,Nikhil Nair,NIKHIL NAIR,case_spacing,acceptable
P01866,aadhaar,marksheet_12,name,Nikhil Nair,Nokhil Nair,spelling_variant,risky
P01867,aadhaar,pan,name,Shreya Yadav,SHREYA YADAV,case_spacing,acceptable
P01867,aadhaar,marksheet_12,name,Shreya Yadav,Shreyaa Yadav,spelling_variant,risky
P01867,aadhaar,passport,address,"No. 215, Gandhi Road, Saket, Mysuru, Karnataka - 570908","No. 38, Nehru Street, T Nagar, Noida, Uttar Pradesh - 201958",different_address,risky
P01868,aadhaar,pan,name,Padma Naidu,PADMA NAIDU,case_spacing,acceptable
P01869,aadhaar,pan,name,Priya Murugan,PRIYA MURUGAN,case_spacing,acceptable
P01869,aadhaar,marksheet_10,name,Priya Murugan,PRIYA M,initial,acceptable
P01869,aadhaar,marksheet_12,name,Priya Murugan,PRIYA M,initial,acceptable
P01870,aadhaar,pan,name,Sushma Agarwal,SUSHMA AGARWAL,case_spacing,acceptable
P01871,aadhaar,pan,name,Imran Qureshi,IMRAN QURESHI,case_spacing,acceptable
P01871,aadhaar,pan,dob,2003-02-05,2003-02-03,day_shift,critical
P01872,aadhaar,pan,name,Sneha Pandey,SNEHA PANDEY,case_spacing,acceptable
P01873,aadhaar,pan,name,Manikandan Sundar,MANIKANDAN SUNDAR,case_spacing,acceptable
P01873,aadhaar,marksheet_10,name,Manikandan Sundar,MANIKANDAN S,initial,acceptable
P01873,aadhaar,marksheet_12,name,Manikandan Sundar,Mnikandan Sundar,spelling_variant,risky
P01874,aadhaar,pan,name,Debashis Mukherjee,DEBASHIS MUKHERJEE,case_spacing,acceptable
P01874,aadhaar,marksheet_10,dob,2003-12-29,2002-12-28,year_shift,critical
P01875,aadhaar,pan,name,Sreejith Panicker,SREEJITH PANICKER,case_spacing,acceptable
P01875,aadhaar,pan,dob,2000-12-12,2000-12-11,day_shift,critical
P01875,aadhaar,marksheet_10,name,Sreejith Panicker,Srreejith Panicker,spelling_variant,risky
P01876,aadhaar,pan,name,Lavanya Raju,LAVANYA RAJU,case_spacing,acceptable
P01877,aadhaar,pan,name,Krishna Raju,Krishhna Raju,spelling_variant,risky
P01878,aadhaar,pan,name,Lekshmi Nair,LEKSHMI NAIR,case_spacing,acceptable
P01878,aadhaar,passport,address,"No. 195, 4th Cross, Velachery, Noida, Uttar Pradesh - 201306","No. 55, 4th Cross, Jayanagar, Kochi, Kerala - 682424",different_address,risky
P01879,aadhaar,pan,name,Kalaiselvi Selvam,KALAISELVI SELVAM,case_spacing,acceptable
P01879,aadhaar,marksheet_10,name,Kalaiselvi Selvam,KALAISELVI S,initial,acceptable
P01879,aadhaar,marksheet_12,name,Kalaiselvi Selvam,Kalaiseliv Selvam,spelling_variant,risky
P01880,aadhaar,pan,name,Vishnu Kurup,VISHNU KURUP,case_spacing,acceptable
P01881,aadhaar,pan,name,Srinivas Reddy,SRINIVAS REDDY,case_spacing,acceptable
P01882,aadhaar,pan,name,Teresa Thomas,TERESA THOMAS,case_spacing,acceptable
P01883,aadhaar,pan,name,Lavanya Raju,LAVANYA RAJU,case_spacing,acceptable
P01884,aadhaar,pan,name,Irfan Qureshi,IRFAN QURESHI,case_spacing,acceptable
P01884,aadhaar,marksheet_12,name,Irfan Qureshi,Irfaan Qureshi,spelling_variant,risky
P01885,aadhaar,pan,name,Kumar Elango,KUMAR ELANGO,case_spacing,acceptable
P01885,aadhaar,marksheet_10,name,Kumar Elango,KUMAR E,initial,acceptable
P01885,aadhaar,marksheet_12,name,Kumar Elango,KUMAR E,initial,acceptable
P01885,aadhaar,birth_certificate,name,Kumar Elango,E. Kumar,initial,acceptable
P01886,aadhaar,pan,name,Sreya Roy,SREYA ROY,case_spacing,acceptable
P01887,aadhaar,pan,name,Archana Singh,ARCHANA SINGH,case_spacing,acceptable
P01887,aadhaar,pan,dob,1999-04-27,2000-04-27,year_shift,critical
P01888,aadhaar,pan,name,Rukhsar Pathan,RUKHSAR PATHAN,case_spacing,acceptable
P01888,aadhaar,marksheet_10,dob,2004-07-05,2003-07-05,year_shift,critical
P01889,aadhaar,pan,name,Debjani Chatterjee,DEBJANI CHATTERJEE,case_spacing,acceptable
P01890,aadhaar,pan,name,Mahesh Raju,MAHESH RAJU,case_spacing,acceptable
P01890,aadhaar,marksheet_12,name,Mahesh Raju,Mhesh Raju,spelling_variant,risky
P01891,aadhaar,pan,name,Ankit Yadav,ANKIT YADAV,case_spacing,acceptable
P01891,aadhaar,marksheet_12,father_name,Rahul Yadav,Rahull Yadav,spelling_variant,risky
P01891,aadhaar,birth_certificate,name,Ankit Yadav,Anit Yadav,spelling_variant,risky
P01892,aadhaar,pan,name,Hari Panicker,Haari Panicker,spelling_variant,risky
P01893,aadhaar,pan,name,Ritu Agarwal,RITU AGARWAL,case_spacing,acceptable
P01894,aadhaar,pan,name,Velu Vignesh,VELU VIGNESH,case_spacing,acceptable
P01894,aadhaar,marksheet_10,name,Velu Vignesh,VELU V,initial,acceptable
P01894,aadhaar,marksheet_12,name,Velu Vignesh,VELU V,initial,acceptable
P01895,aadhaar,pan,name,Nithya Velu,NITHYA VELU,case_spacing,acceptable
P01895,aadhaar,marksheet_10,name,Nithya Velu,NITHYA V,initial,acceptable
P01895,aadhaar,marksheet_12,name,Nithya Velu,NITHYA V,initial,acceptable
P01896,aadhaar,pan,name,Pallavi Gowda,PALLAVI GOWDA,case_spacing,acceptable
P01897,aadhaar,pan,name,Lavanya Raju,LAVANYA RAJU,case_spacing,acceptable
P01898,aadhaar,pan,name,Akhil Pillai,AKHIL PILLAI,case_spacing,acceptable
P01899,aadhaar,pan,name,Shabana Khan,SHABANA KHAN,case_spacing,acceptable
P01900,aadhaar,pan,name,Darshan Shetty,DARSHAN SHETTY,case_spacing,acceptable
P01900,aadhaar,marksheet_12,father_name,Shashank Shetty,Sashank Shetty,spelling_variant,risky
P01901,aadhaar,pan,name,Abhijit Sen,ABHIJIT SEN,case_spacing,acceptable
P01902,aadhaar,pan,name,Athira Pillai,ATHIRA PILLAI,case_spacing,acceptable
P01903,aadhaar,pan,name,Vaishnavi Raju,VAISHNAVI RAJU,case_spacing,acceptable
P01903,aadhaar,marksheet_10,name,Vaishnavi Raju,VAISHNAVI R,initial,acceptable
P01903,aadhaar,marksheet_12,name,Vaishnavi Raju,VAISHNAVI R,initial,acceptable
P01904,aadhaar,pan,name,Abhijit Banerjee,ABHIJIT BANERJEE,case_spacing,acceptable
P01905,aadhaar,pan,name,Sayali Mehta,SAYALI MEHTA,case_spacing,acceptable
P01906,aadhaar,pan,name,Madhavan Velu,MADHAVAN VELU,case_spacing,acceptable
P01906,aadhaar,marksheet_10,name,Madhavan Velu,MADHAVAN V,initial,acceptable
P01906,aadhaar,marksheet_12,name,Madhavan Velu,MADHAVAN V,initial,acceptable
P01907,aadhaar,pan,name,Krishna Chowdary,KRISHNA CHOWDARY,case_spacing,acceptable
P01908,aadhaar,pan,name,Saranya Balaji,SARANYA BALAJI,case_spacing,acceptable
P01908,aadhaar,marksheet_10,name,Saranya Balaji,Saaranya Balaji,spelling_variant,risky
P01908,aadhaar,marksheet_12,name,Saranya Balaji,SARANYA B,initial,acceptable
P01908,aadhaar,passport,dob,2005-02-08,2005-08-02,day_month_swap,critical
P01909,aadhaar,pan,name,Neha Chauhan,NEHA CHAUHAN,case_spacing,acceptable
P01910,aadhaar,pan,name,Krishna Chowdary,KRISHNA CHOWDARY,case_spacing,acceptable
P01911,aadhaar,pan,name,Nandini Rao,NANDINI RAO,case_spacing,acceptable
P01912,aadhaar,pan,name,Balaji Selvam,BALAJI SELVAM,case_spacing,acceptable
P01912,aadhaar,marksheet_10,name,Balaji Selvam,BALAJI S,initial,acceptable
P01912,aadhaar,marksheet_12,name,Balaji Selvam,BALAJI S,initial,acceptable
P01913,aadhaar,pan,name,Dhwani Shah,DHWANI SHAH,case_spacing,acceptable
P01914,aadhaar,pan,name,Sneha Sharma,SNEHA SHARMA,case_spacing,acceptable
P01915,aadhaar,pan,name,Sundar Ramesh,SUNDAR RAMESH,case_spacing,acceptable
P01915,aadhaar,marksheet_10,name,Sundar Ramesh,SUNDAR R,initial,acceptable
P01915,aadhaar,marksheet_12,name,Sundar Ramesh,SUNDAR R,initial,acceptable
P01916,aadhaar,pan,name,Anjali Pandey,ANJALI PANDEY,case_spacing,acceptable
P01916,aadhaar,birth_certificate,gender,F,M,flipped,critical
P01917,aadhaar,pan,name,Ritu Yadav,RITU YADAV,case_spacing,acceptable
P01918,aadhaar,pan,name,Rahul Panicker,RAHUL PANICKER,case_spacing,acceptable
P01919,aadhaar,pan,name,Simran Gupta,SIMRAN GUPTA,case_spacing,acceptable
P01920,aadhaar,pan,name,Saravanan Karthik,SARAVANAN KARTHIK,case_spacing,acceptable
P01920,aadhaar,marksheet_10,name,Saravanan Karthik,SARAVANAN K,initial,acceptable
P01920,aadhaar,marksheet_12,name,Saravanan Karthik,SARAVANAN K,initial,acceptable
P01920,aadhaar,birth_certificate,name,Saravanan Karthik,K. Saravanan,initial,acceptable
P01921,aadhaar,pan,name,Anand Varghese,ANAND VARGHESE,case_spacing,acceptable
P01921,aadhaar,passport,address,"No. 38, 4th Cross, Velachery, Chennai, Tamil Nadu - 600788","No. 15, 2nd Main, Banjara Hills, Hyderabad, Telangana - 500096",different_address,risky
P01922,aadhaar,pan,name,Krupa Desai,KRUPA DESAI,case_spacing,acceptable
P01923,aadhaar,pan,name,Sayali Patil,SAYALI PATIL,case_spacing,acceptable
P01924,aadhaar,pan,name,Salman Syed,SALMAN SYED,case_spacing,acceptable
P01925,aadhaar,pan,name,Meena Sundar,MEENA SUNDAR,case_spacing,acceptable
P01925,aadhaar,pan,dob,2005-04-12,2005-04-11,day_shift,critical
P01925,aadhaar,marksheet_10,name,Meena Sundar,MEENA S,initial,acceptable
P01925,aadhaar,marksheet_12,name,Meena Sundar,MEENA S,initial,acceptable
P01926,aadhaar,pan,name,Sayan Banerjee,SAYAN BANERJEE,case_spacing,acceptable
P01927,aadhaar,pan,name,Pallavi Gowda,PALLAVI GOWDA,case_spacing,acceptable
P01928,aadhaar,pan,name,Rutuja Shah,RUTUJA SHAH,case_spacing,acceptable
P01929,aadhaar,pan,name,Debashis Chatterjee,DEBASHIS CHATTERJEE,case_spacing,acceptable
P01929,aadhaar,birth_certificate,dob,2004-06-28,2004-06-27,day_shift,critical
P01930,aadhaar,pan,name,Divya Panicker,DIVYA PANICKER,case_spacing,acceptable
P01931,aadhaar,pan,name,Riya Yadav,RIYA YADAV,case_spacing,acceptable
P01931,aadhaar,passport,gender,F,M,flipped,critical
P01931,aadhaar,passport,address,"No. 182, MG Road, T Nagar, Hyderabad, Telangana - 500459","No. 188, 2nd Main, T Nagar, Delhi, Delhi - 110496",different_address,risky
P01932,aadhaar,pan,name,Ananya Bose,Anania Bose,spelling_variant,risky
P01933,aadhaar,pan,name,Snehal Patel,SNEHAL PATEL,case_spacing,acceptable
P01934,aadhaar,pan,name,Puneeth Hegde,PUNEETH HEGDE,case_spacing,acceptable
P01935,aadhaar,pan,name,Kumar Senthil,Kuamr Senthil,spelling_variant,risky
P01935,aadhaar,marksheet_10,name,Kumar Senthil,KUMAR S,initial,acceptable
P01935,aadhaar,marksheet_12,name,Kumar Senthil,KUMAR S,initial,acceptable
P01936,aadhaar,pan,name,Rohit Mishra,ROHIT MISHRA,case_spacing,acceptable
P01936,aadhaar,passport,address,"No. 236, Market Street, Saket, Noida, Uttar Pradesh - 201968","No. 239, Station Road, Jayanagar, Madurai, Tamil Nadu - 625323",different_address,risky
P01937,aadhaar,pan,name,Mohammed Pathan,MOHAMMED PATHAN,case_spacing,acceptable
P01937,aadhaar,birth_certificate,name,Mohammed Pathan,Mohaammed Pathan,spelling_variant,risky
P01938,aadhaar,pan,name,Gayathri Karthik,GAYATHRI KARTHIK,case_spacing,acceptable
P01938,aadhaar,marksheet_10,name,Gayathri Karthik,GAYATHRI K,initial,acceptable
P01938,aadhaar,marksheet_12,name,Gayathri Karthik,GAYATHRI K,initial,acceptable
P01939,aadhaar,pan,name,Akhil Pillai,AKHIL PILLAI,case_spacing,acceptable
P01940,aadhaar,pan,name,Irfan Khan,IRFAN KHAN,case_spacing,acceptable
P01940,aadhaar,marksheet_10,name,Irfan Khan,Krishna Reddy,different_person,critical
P01941,aadhaar,pan,name,Vikram Tiwari,VIKRAM TIWARI,case_spacing,acceptable
P01941,aadhaar,marksheet_12,name,Vikram Tiwari,Vikraam Tiwari,spelling_variant,risky
P01942,aadhaar,pan,name,Prachi Kulkarni,PRACHI KULKARNI,case_spacing,acceptable
P01943,aadhaar,pan,name,Indhu Kumar,INDHU KUMAR,case_spacing,acceptable
P01943,aadhaar,marksheet_10,name,Indhu Kumar,INDHU K,initial,acceptable
P01943,aadhaar,marksheet_12,name,Indhu Kumar,INDHU K,initial,acceptable
P01944,aadhaar,pan,name,Kiran Rao,KIRAN RAO,case_spacing,acceptable
P01944,aadhaar,marksheet_10,name,Kiran Rao,Sumit Mishra,different_person,critical
P01945,aadhaar,pan,name,Moumita Sen,MOUMITA SEN,case_spacing,acceptable
P01946,aadhaar,pan,name,Nazia Khan,NAZIA KHAN,case_spacing,acceptable
P01947,aadhaar,pan,name,Aniket Shah,ANIKET SHAH,case_spacing,acceptable
P01948,aadhaar,pan,name,Gayathri Raju,GAYATHRI RAJU,case_spacing,acceptable
P01948,aadhaar,marksheet_10,name,Gayathri Raju,GAYATHRI R,initial,acceptable
P01948,aadhaar,marksheet_12,name,Gayathri Raju,GAYATHRI R,initial,acceptable
P01949,aadhaar,pan,name,Rahul Sharma,RAHUL SHARMA,case_spacing,acceptable
P01949,aadhaar,pan,father_name,Ankit Sharma,Annkit Sharma,spelling_variant,risky
P01949,aadhaar,marksheet_10,name,Rahul Sharma,Rohit Tiwari,different_person,critical
P01950,aadhaar,pan,name,Angel Thomas,ANGEL THOMAS,case_spacing,acceptable
P01951,aadhaar,pan,name,Sruthi Nair,SRUTHI NAIR,case_spacing,acceptable
P01952,aadhaar,pan,name,Neha Sharma,NEHA SHARMA,case_spacing,acceptable
P01952,aadhaar,marksheet_12,father_name,Sandeep Sharma,Sandheep Sharma,spelling_variant,risky
P01952,aadhaar,passport,dob,2002-06-29,2002-06-28,day_shift,critical
P01953,aadhaar,pan,name,Divya Nair,DIVYA NAIR,case_spacing,acceptable
P01953,aadhaar,passport,address,"No. 113, MG Road, Kakkanad, Ahmedabad, Gujarat - 380305","No. 160, Lake View Road, Saket, Thiruvananthapuram, Kerala - 695589",different_address,risky
P01954,aadhaar,pan,name,Neha Gupta,NEHA GUPTA,case_spacing,acceptable
P01955,aadhaar,pan,name,Raghavendra Gowda,RAGHAVENDRA GOWDA,case_spacing,acceptable
P01956,aadhaar,pan,name,Lakshmi Murugan,LAKSHMI MURUGAN,case_spacing,acceptable
P01956,aadhaar,marksheet_10,name,Lakshmi Murugan,LAKSHMI M,initial,acceptable
P01956,aadhaar,marksheet_10,dob,2002-08-21,2002-08-22,day_shift,critical
P01956,aadhaar,marksheet_12,name,Lakshmi Murugan,LAKSHMI M,initial,acceptable
P01957,aadhaar,pan,name,Pradeep Gupta,PRADEEP GUPTA,case_spacing,acceptable
P01957,aadhaar,passport,name,Pradeep Gupta,Pradheep Gupta,spelling_variant,risky
P01958,aadhaar,pan,name,Nithya Karthik,NITHYA KARTHIK,case_spacing,acceptable
P01958,aadhaar,marksheet_10,name,Nithya Karthik,NITHYA K,initial,acceptable
P01958,aadhaar,marksheet_12,name,Nithya Karthik,NITHYA K,initial,acceptable
P01959,aadhaar,pan,name,Swathi Varma,Swati Varma,spelling_variant,risky
P01960,aadhaar,pan,name,Jyothi Reddy,JYOTHI REDDY,case_spacing,acceptable
P01960,aadhaar,marksheet_12,father_name,Prasad Reddy,Praasad Reddy,spelling_variant,risky
P01961,aadhaar,pan,name,Karthik Saravanan,KARTHIK SARAVANAN,case_spacing,acceptable
P01961,aadhaar,marksheet_10,name,Karthik Saravanan,KARTHIK S,initial,acceptable
P01961,aadhaar,marksheet_12,name,Karthik Saravanan,KARTHIK S,initial,acceptable
P01961,aadhaar,birth_certificate,name,Karthik Saravanan,Karthhik Saravanan,spelling_variant,risky
P01961,aadhaar,birth_certificate,dob,2001-04-22,2002-04-22,year_shift,critical
P01962,aadhaar,pan,name,Asha Bhat,ASHA BHAT,case_spacing,acceptable
P01963,aadhaar,pan,name,Anjali Agarwal,ANJALI AGARWAL,case_spacing,acceptable
P01964,aadhaar,pan,name,Snehal Shah,SNEHAL SHAH,case_spacing,acceptable
P01964,aadhaar,passport,name,Snehal Shah,Snehaal Shah,spelling_variant,risky
P01965,aadhaar,pan,name,Velu Selvam,VELU SELVAM,case_spacing,acceptable
P01965,aadhaar,pan,dob,2004-05-06,2004-05-07,day_shift,critical
P01965,aadhaar,marksheet_10,name,Velu Selvam,VELU S,initial,acceptable
P01965,aadhaar,marksheet_12,name,Velu Selvam,VELU S,initial,acceptable
P01966,aadhaar,pan,name,Haritha Naidu,HARITHA NAIDU,case_spacing,acceptable
P01966,aadhaar,passport,address,"No. 32, Temple Street, Saket, Ahmedabad, Gujarat - 380758","No. 48, Temple Street, T Nagar, Noida, Uttar Pradesh - 201683",different_address,risky
P01967,aadhaar,pan,name,Hetal Mehta,HETAL MEHTA,case_spacing,acceptable
P01967,aadhaar,marksheet_10,name,Hetal Mehta,Heetal Mehta,spelling_variant,risky
P01968,aadhaar,pan,name,Anand Nair,ANAND NAIR,case_spacing,acceptable
P01969,aadhaar,pan,name,Dhwani Patil,DHWANI PATIL,case_spacing,acceptable
P01969,aadhaar,marksheet_10,name,Dhwani Patil,Dhwanni Patil,spelling_variant,risky
P01970,aadhaar,pan,name,Sneha Tiwari,SNEHA TIWARI,case_spacing,acceptable
P01970,aadhaar,pan,dob,1998-10-30,1998-10-31,day_shift,critical
P01970,aadhaar,marksheet_10,father_name,Sandeep Tiwari,Sanndeep Tiwari,spelling_variant,risky
P01971,aadhaar,pan,name,Puneeth Rao,PUNEETH RAO,case_spacing,acceptable
P01972,aadhaar,pan,name,Jyothi Rao,JYOTHI RAO,case_spacing,acceptable
P01973,aadhaar,pan,name,Archana Agarwal,ARCHANA AGARWAL,case_spacing,acceptable
P01973,aadhaar,marksheet_10,name,Archana Agarwal,Archanna Agarwal,spelling_variant,risky
P01974,aadhaar,pan,name,Neha Sharma,NEHA SHARMA,case_spacing,acceptable
P01975,aadhaar,pan,name,Spoorthi Kulkarni,SPOORTHI KULKARNI,case_spacing,acceptable
P01976,aadhaar,pan,name,Ramesh Kumar,RAMESH KUMAR,case_spacing,acceptable
P01976,aadhaar,marksheet_10,name,Ramesh Kumar,RAMESH K,initial,acceptable
P01976,aadhaar,marksheet_12,name,Ramesh Kumar,RAMESH K,initial,acceptable
P01977,aadhaar,pan,name,Indhu Ramesh,INDHU RAMESH,case_spacing,acceptable
P01977,aadhaar,marksheet_10,name,Indhu Ramesh,INDHU R,initial,acceptable
P01977,aadhaar,marksheet_12,name,Indhu Ramesh,INDHU R,initial,acceptable
P01977,aadhaar,birth_certificate,name,Indhu Ramesh,R. Indhu,initial,acceptable
P01978,aadhaar,pan,name,Vikram Singh,VIKRAM SINGH,case_spacing,acceptable
P01979,aadhaar,pan,name,Abhijit Sen,ABHIJIT SEN,case_spacing,acceptable
P01980,aadhaar,pan,name,Hari Panicker,HARI PANICKER,case_spacing,acceptable
P01980,aadhaar,marksheet_10,dob,2001-07-07,2002-07-07,year_shift,critical
P01981,aadhaar,pan,name,Debashis Bose,DEBASHIS BOSE,case_spacing,acceptable
P01982,aadhaar,pan,name,Ayesha Sheikh,AYESHA SHEIKH,case_spacing,acceptable
P01983,aadhaar,pan,name,Priya Elango,PRIYA ELANGO,case_spacing,acceptable
P01983,aadhaar,marksheet_10,name,Priya Elango,PRIYA E,initial,acceptable
P01983,aadhaar,marksheet_10,father_name,Elango,Elanngo,spelling_variant,risky
P01983,aadhaar,marksheet_12,name,Priya Elango,PRIYA E,initial,acceptable
P01983,aadhaar,birth_certificate,name,Priya Elango,E. Priya,initial,acceptable
P01984,aadhaar,pan,name,Akhil Varghese,AKHIL VARGHESE,case_spacing,acceptable
P01985,aadhaar,pan,name,Arif Ansari,ARIF ANSARI,case_spacing,acceptable
P01986,aadhaar,pan,name,Rutuja Shah,RUTUJA SHAH,case_spacing,acceptable
P01987,aadhaar,pan,name,Akhil Panicker,AKHIL PANICKER,case_spacing,acceptable
P01988,aadhaar,pan,name,Sanjay Singh,SANJAY SINGH,case_spacing,acceptable
P01989,aadhaar,pan,name,Raju Vignesh,RAJU VIGNESH,case_spacing,acceptable
P01989,aadhaar,marksheet_10,name,Raju Vignesh,RAJU V,initial,acceptable
P01989,aadhaar,marksheet_12,name,Raju Vignesh,Razu Vignesh,spelling_variant,risky
P01989,aadhaar,birth_certificate,name,Raju Vignesh,V. Raju,initial,acceptable
P01990,aadhaar,pan,name,Akhil Nair,AKHIL NAIR,case_spacing,acceptable
P01990,aadhaar,passport,address,"No. 135, MG Road, Andheri, Ahmedabad, Gujarat - 380248","No. 35, Main Road, Navrangpura, Thiruvananthapuram, Kerala - 695922",different_address,risky
P01991,aadhaar,pan,name,Pooja Pandey,POOJA PANDEY,case_spacing,acceptable
P01992,aadhaar,pan,name,Grace Mathew,Graace Mathew,spelling_variant,risky
P01993,aadhaar,pan,name,Hetal Shah,Hethal Shah,spelling_variant,risky
P01994,aadhaar,pan,name,Hari Panicker,HARI PANICKER,case_spacing,acceptable
P01995,aadhaar,pan,name,Nikhil Patel,NIKHIL PATEL,case_spacing,acceptable
P01995,aadhaar,pan,dob,1998-06-06,1997-06-06,year_shift,critical
P01996,aadhaar,pan,name,Salman Syed,SALMAN SYED,case_spacing,acceptable
P01996,aadhaar,marksheet_10,dob,2002-03-03,2001-03-03,year_shift,critical
P01996,aadhaar,marksheet_12,father_name,Mohammed Syed,Mohaammed Syed,spelling_variant,risky
P01997,aadhaar,pan,name,Fathima Qureshi,FATHIMA QURESHI,case_spacing,acceptable
P01998,aadhaar,pan,name,Vaishnavi Karthik,VAISHNAVI KARTHIK,case_spacing,acceptable
P01998,aadhaar,marksheet_10,name,Vaishnavi Karthik,VAISHNAVI K,initial,acceptable
P01998,aadhaar,marksheet_12,name,Vaishnavi Karthik,VAISHNAVI K,initial,acceptable
P01999,aadhaar,pan,name,Satish Rao,SATISH RAO,case_spacing,acceptable
P01999,aadhaar,marksheet_12,name,Satish Rao,Sateesh Rao,spelling_variant,risky
P02000,aadhaar,pan,name,Sandeep Agarwal,SANDEEP AGARWAL,case_spacing,acceptable
P02001,aadhaar,pan,name,Kannan Kumar,KANNAN KUMAR,case_spacing,acceptable
P02001,aadhaar,marksheet_10,name,Kannan Kumar,KANNAN K,initial,acceptable
P02001,aadhaar,marksheet_10,father_name,Kumar,Koomar,spelling_variant,risky
P02001,aadhaar,marksheet_12,name,Kannan Kumar,KANNAN K,initial,acceptable
P02002,aadhaar,pan,name,Ritu Tiwari,RITU TIWARI,case_spacing,acceptable
P02002,aadhaar,pan,father_name,Rohit Tiwari,Roheet Tiwari,spelling_variant,risky
P02002,aadhaar,marksheet_12,name,Ritu Tiwari,Anjali Pandey,different_person,critical
P02003,aadhaar,pan,name,Sunitha Raju,SUNITHA RAJU,case_spacing,acceptable
P02003,aadhaar,marksheet_10,father_name,Krishna Raju,Krishhna Raju,spelling_variant,risky
P02003,aadhaar,marksheet_12,name,Sunitha Raju,Divya Rao,different_person,critical
P02004,aadhaar,pan,name,Keerthana Madhavan,KEERTHANA MADHAVAN,case_spacing,acceptable
P02004,aadhaar,marksheet_10,name,Keerthana Madhavan,KEERTHANA M,initial,acceptable
P02004,aadhaar,marksheet_12,name,Keerthana Madhavan,KEERTHANA M,initial,acceptable
P02005,aadhaar,pan,name,Tejas Patil,TEJAS PATIL,case_spacing,acceptable
P02006,aadhaar,pan,name,Fathima Qureshi,FATHIMA QURESHI,case_spacing,acceptable
P02007,aadhaar,pan,name,Madhavan Karthik,MADHAVAN KARTHIK,case_spacing,acceptable
P02007,aadhaar,marksheet_10,name,Madhavan Karthik,MADHAVAN K,initial,acceptable
P02007,aadhaar,marksheet_12,name,Madhavan Karthik,MADHAVAN K,initial,acceptable
P02008,aadhaar,pan,name,Malathi Selvam,MALATHI SELVAM,case_spacing,acceptable
P02008,aadhaar,marksheet_10,name,Malathi Selvam,MALATHI S,initial,acceptable
P02008,aadhaar,marksheet_12,name,Malathi Selvam,MALATHI S,initial,acceptable
P02009,aadhaar,pan,name,Priyanka Gupta,PRIYANKA GUPTA,case_spacing,acceptable
P02010,aadhaar,pan,name,Ajay Chauhan,AJAY CHAUHAN,case_spacing,acceptable
P02011,aadhaar,pan,name,Archana Gupta,ARCHANA GUPTA,case_spacing,acceptable
P02012,aadhaar,pan,name,Ishita Sen,ISHITA SEN,case_spacing,acceptable
P02013,aadhaar,pan,name,Nikhil Varghese,NIKHIL VARGHESE,case_spacing,acceptable
P02013,aadhaar,birth_certificate,name,Nikhil Varghese,Nnikhil Varghese,spelling_variant,risky
P02014,aadhaar,pan,name,Ramesh Babu,RAMESH BABU,case_spacing,acceptable
P02014,aadhaar,marksheet_10,name,Ramesh Babu,RAMESH B,initial,acceptable
P02014,aadhaar,marksheet_12,name,Ramesh Babu,RAMESH B,initial,acceptable
P02015,aadhaar,pan,name,Sreya Sen,SREYA SEN,case_spacing,acceptable
P02016,aadhaar,pan,name,Jessica Pereira,JESSICA PEREIRA,case_spacing,acceptable
P02016,aadhaar,pan,dob,1998-09-29,1998-09-30,day_shift,critical
P02017,aadhaar,pan,name,Tanushree Mukherjee,TANUSHREE MUKHERJEE,case_spacing,acceptable
P02018,aadhaar,pan,name,Senthil Sundar,SENTHIL SUNDAR,case_spacing,acceptable
P02018,aadhaar,marksheet_10,name,Senthil Sundar,SENTHIL S,initial,acceptable
P02018,aadhaar,marksheet_12,name,Senthil Sundar,SENTHIL S,initial,acceptable
P02019,aadhaar,pan,name,Mary D'Souza,MARY D'SOUZA,case_spacing,acceptable
P02020,aadhaar,pan,name,Grace Pereira,GRACE PEREIRA,case_spacing,acceptable
P02021,aadhaar,pan,name,Nikhil Mehta,NIKHIL MEHTA,case_spacing,acceptable
P02022,aadhaar,pan,name,Hari Kurup,HARI KURUP,case_spacing,acceptable
P02023,aadhaar,pan,name,Harini Prakash,HARINI PRAKASH,case_spacing,acceptable
P02023,aadhaar,marksheet_10,name,Harini Prakash,HARINI P,initial,acceptable
P02023,aadhaar,marksheet_12,name,Harini Prakash,HARINI P,initial,acceptable
P02024,aadhaar,pan,name,Spoorthi Shetty,SPOORTHI SHETTY,case_spacing,acceptable
P02025,aadhaar,pan,name,Sahana Gowda,SAHANA GOWDA,case_spacing,acceptable
P02025,aadhaar,birth_certificate,name,Sahana Gowda,Saahna Gowda,spelling_variant,risky
P02026,aadhaar,pan,name,Simran Verma,SIMRAN VERMA,case_spacing,acceptable
P02027,aadhaar,pan,name,Venkatesh Varma,VENKATESH VARMA,case_spacing,acceptable
P02027,aadhaar,pan,father_name,Suresh Varma,Shuresh Varma,spelling_variant,risky
P02027,aadhaar,pan,dob,2000-11-21,2000-11-19,day_shift,critical
P02028,aadhaar,pan,name,Neha Tiwari,NEHA TIWARI,case_spacing,acceptable
P02029,aadhaar,pan,name,Dhwani Patil,DHWANI PATIL,case_spacing,acceptable
P02030,aadhaar,pan,name,Jessica Joseph,JESSICA JOSEPH,case_spacing,acceptable
P02031,aadhaar,pan,name,Sneha Tiwari,SNEHA TIWARI,case_spacing,acceptable
P02031,aadhaar,marksheet_10,dob,1999-07-04,2000-07-04,year_shift,critical
P02032,aadhaar,pan,name,Rahul Gupta,RAHUL GUPTA,case_spacing,acceptable
P02032,aadhaar,pan,dob,2004-05-09,2003-05-09,year_shift,critical
P02032,aadhaar,marksheet_12,name,Rahul Gupta,Rhaul Gupta,spelling_variant,risky
P02033,aadhaar,pan,name,Simran Yadav,SIMRAN YADAV,case_spacing,acceptable
P02034,aadhaar,pan,name,Vikram Sharma,VIKRAM SHARMA,case_spacing,acceptable
P02035,aadhaar,pan,name,Teresa Joseph,TERESA JOSEPH,case_spacing,acceptable
P02036,aadhaar,pan,name,Janani Siva,JANANI SIVA,case_spacing,acceptable
P02036,aadhaar,marksheet_10,name,Janani Siva,JANANI S,initial,acceptable
P02036,aadhaar,marksheet_12,name,Janani Siva,JANANI S,initial,acceptable
P02036,aadhaar,birth_certificate,name,Janani Siva,S. Janani,initial,acceptable
P02037,aadhaar,pan,name,Bhoomika Rao,BHOOMIKA RAO,case_spacing,acceptable
P02038,aadhaar,pan,name,Selvam Murugan,SELVAM MURUGAN,case_spacing,acceptable
P02038,aadhaar,marksheet_10,name,Selvam Murugan,SELVAM M,initial,acceptable
P02038,aadhaar,marksheet_12,name,Selvam Murugan,SELVAM M,initial,acceptable
P02039,aadhaar,pan,name,Rutuja Deshpande,RUTUJA DESHPANDE,case_spacing,acceptable
P02039,aadhaar,marksheet_12,name,Rutuja Deshpande,Shreya Chauhan,different_person,critical
P02040,aadhaar,pan,name,Grace Pereira,GRACE PEREIRA,case_spacing,acceptable
P02041,aadhaar,pan,name,David Mathew,DAVID MATHEW,case_spacing,acceptable
P02042,aadhaar,pan,name,Ritu Agarwal,RITU AGARWAL,case_spacing,acceptable
P02043,aadhaar,pan,name,Sana Sheikh,SANA SHEIKH,case_spacing,acceptable
P02044,aadhaar,pan,name,Manjunath Bhat,MANJUNATH BHAT,case_spacing,acceptable
P02045,aadhaar,pan,name,Sowmya Siva,SOWMYA SIVA,case_spacing,acceptable
P02045,aadhaar,pan,father_name,Siva,Sivaa,spelling_variant,risky
P02045,aadhaar,marksheet_10,name,Sowmya Siva,SOWMYA S,initial,acceptable
P02045,aadhaar,marksheet_12,name,Sowmya Siva,SOWMYA S,initial,acceptable
P02045,aadhaar,birth_certificate,name,Sowmya Siva,S. Sowmya,initial,acceptable
P02046,aadhaar,pan,name,Teresa Pereira,TERESA PEREIRA,case_spacing,acceptable
P02047,aadhaar,pan,name,Aniket Patil,ANIKET PATIL,case_spacing,acceptable
P02048,aadhaar,pan,name,Jithin Menon,JITHIN MENON,case_spacing,acceptable
P02048,aadhaar,marksheet_10,dob,2005-06-15,2005-06-13,day_shift,critical
P02048,aadhaar,marksheet_12,name,Jithin Menon,Jithhin Menon,spelling_variant,risky
P02049,aadhaar,pan,name,Sana Syed,SANA SYED,case_spacing,acceptable
P02050,aadhaar,pan,name,Pradeep Agarwal,PRADEEP AGARWAL,case_spacing,acceptable
P02051,aadhaar,pan,name,Sowmya Babu,SOWMYA BABU,case_spacing,acceptable
P02051,aadhaar,marksheet_10,name,Sowmya Babu,SOWMYA B,initial,acceptable
P02051,aadhaar,marksheet_12,name,Sowmya Babu,SOWMYA B,initial,acceptable
P02052,aadhaar,pan,name,Harsh Deshpande,HARSH DESHPANDE,case_spacing,acceptable
P02053,aadhaar,pan,name,Abirami Kumar,ABIRAMI KUMAR,case_spacing,acceptable
P02053,aadhaar,marksheet_10,name,Abirami Kumar,Abirimi Kumar,spelling_variant,risky
P02053,aadhaar,marksheet_12,name,Abirami Kumar,ABIRAMI K,initial,acceptable
P02054,aadhaar,pan,name,Sanju Menon,SANJU MENON,case_spacing,acceptable
P02055,aadhaar,pan,name,Vikram Sharma,VIKRAM SHARMA,case_spacing,acceptable
P02056,aadhaar,pan,name,Riya Das,Riyaa Das,spelling_variant,risky
P02057,aadhaar,pan,name,Shashank Gowda,SHASHANK GOWDA,case_spacing,acceptable
P02057,aadhaar,marksheet_12,name,Shashank Gowda,Shhashank Gowda,spelling_variant,risky
P02058,aadhaar,pan,name,Vikram Mishra,VIKRAM MISHRA,case_spacing,acceptable
P02059,aadhaar,pan,name,Priyanka Verma,PRIYANKA VERMA,case_spacing,acceptable
P02060,aadhaar,pan,name,Murugan Manikandan,MURUGAN MANIKANDAN,case_spacing,acceptable
P02060,aadhaar,pan,dob,2004-07-02,2004-02-07,day_month_swap,critical
P02060,aadhaar,marksheet_10,name,Murugan Manikandan,Murgan Manikandan,spelling_variant,risky
P02060,aadhaar,marksheet_12,name,Murugan Manikandan,MURUGAN M,initial,acceptable
P02061,aadhaar,pan,name,Anjali Mishra,ANJALI MISHRA,case_spacing,acceptable
P02062,aadhaar,pan,name,Krishna Raju,KRISHNA RAJU,case_spacing,acceptable
P02062,aadhaar,birth_certificate,dob,2001-03-20,2000-03-20,year_shift,critical
P02063,aadhaar,pan,name,Vikram Mishra,VIKRAM MISHRA,case_spacing,acceptable
P02064,aadhaar,pan,name,Prachi Patel,PRACHI PATEL,case_spacing,acceptable
P02065,aadhaar,pan,name,Ishita Chatterjee,ISHITA CHATTERJEE,case_spacing,acceptable
P02066,aadhaar,pan,name,Divya Panicker,DIVYA PANICKER,case_spacing,acceptable
P02066,aadhaar,marksheet_12,name,Divya Panicker,Divia Panicker,spelling_variant,risky
P02067,aadhaar,pan,name,Salman Syed,SALMAN SYED,case_spacing,acceptable
P02068,aadhaar,pan,name,Amit Pandey,Amith Pandey,spelling_variant,risky
P02069,aadhaar,pan,name,Sayan Bose,SAYAN BOSE,case_spacing,acceptable
P02070,aadhaar,pan,name,Rutuja Desai,RUTUJA DESAI,case_spacing,acceptable
P02070,aadhaar,passport,address,"No. 136, Park Avenue, Velachery, Thiruvananthapuram, Kerala - 695744","No. 131, 4th Cross, Indiranagar, Mysuru, Karnataka - 570549",different_address,risky
P02071,aadhaar,pan,name,Vaishnavi Velu,VAISHNAVI VELU,case_spacing,acceptable
P02071,aadhaar,marksheet_10,name,Vaishnavi Velu,Vaaishnavi Velu,spelling_variant,risky
P02071,aadhaar,marksheet_12,name,Vaishnavi Velu,Ramesh Sundar,different_person,critical
P02072,aadhaar,pan,name,Sanjay Singh,SANJAY SINGH,case_spacing,acceptable
P02073,aadhaar,pan,name,Priyanka Mishra,PRIYANKA MISHRA,case_spacing,acceptable
P02074,aadhaar,pan,name,Balaji Madhavan,BALAJI MADHAVAN,case_spacing,acceptable
P02074,aadhaar,marksheet_10,name,Balaji Madhavan,BALAJI M,initial,acceptable
P02074,aadhaar,marksheet_12,name,Balaji Madhavan,BALAJI M,initial,acceptable
P02075,aadhaar,pan,name,Madhavan Sundar,MADHAVAN SUNDAR,case_spacing,acceptable
P02075,aadhaar,marksheet_10,name,Madhavan Sundar,Mdhavan Sundar,spelling_variant,risky
P02075,aadhaar,marksheet_12,name,Madhavan Sundar,MADHAVAN S,initial,acceptable
P02075,aadhaar,birth_certificate,name,Madhavan Sundar,S. Madhavan,initial,acceptable
P02076,aadhaar,pan,name,David Fernandes,DAVID FERNANDES,case_spacing,acceptable
P02076,aadhaar,marksheet_10,father_name,Thomas Fernandes,Thhomas Fernandes,spelling_variant,risky
P02077,aadhaar,pan,name,Sreejith Pillai,SREEJITH PILLAI,case_spacing,acceptable
P02077,aadhaar,pan,father_name,Nikhil Pillai,Neekhil Pillai,spelling_variant,risky
P02078,aadhaar,pan,name,Ananya Bose,ANANYA BOSE,case_spacing,acceptable
P02079,aadhaar,pan,name,Vignesh Murugan,VIGNESH MURUGAN,case_spacing,acceptable
P02079,aadhaar,marksheet_10,name,Vignesh Murugan,VIGNESH M,initial,acceptable
P02079,aadhaar,marksheet_12,name,Vignesh Murugan,VIGNESH M,initial,acceptable
P02080,aadhaar,pan,name,Shreya Sharma,SHREYA SHARMA,case_spacing,acceptable
P02081,aadhaar,pan,name,Moumita Ghosh,MOUMITA GHOSH,case_spacing,acceptable
P02082,aadhaar,pan,name,David Joseph,DAVID JOSEPH,case_spacing,acceptable
P02083,aadhaar,pan,name,Shreya Chauhan,SHREYA CHAUHAN,case_spacing,acceptable
P02083,aadhaar,marksheet_12,name,Shreya Chauhan,Shreyaa Chauhan,spelling_variant,risky
P02084,aadhaar,pan,name,Angel Fernandes,ANGEL FERNANDES,case_spacing,acceptable
P02085,aadhaar,pan,name,Rukhsar Ansari,RUKHSAR ANSARI,case_spacing,acceptable
P02085,aadhaar,marksheet_10,name,Rukhsar Ansari,Rukhsaar Ansari,spelling_variant,risky
P02086,aadhaar,pan,name,Sahana Kulkarni,SAHANA KULKARNI,case_spacing,acceptable
P02086,aadhaar,birth_certificate,dob,2001-06-20,2001-06-19,day_shift,critical
P02087,aadhaar,pan,name,Ankit Agarwal,ANKIT AGARWAL,case_spacing,acceptable
P02087,aadhaar,marksheet_10,father_name,Sumit Agarwal,Soomit Agarwal,spelling_variant,risky
P02088,aadhaar,pan,name,Irfan Qureshi,IRFAN QURESHI,case_spacing,acceptable
P02089,aadhaar,pan,name,Sravani Reddy,SRAVANI REDDY,case_spacing,acceptable
P02090,aadhaar,pan,name,Sana Sheikh,Sanna Sheikh,spelling_variant,risky
P02091,aadhaar,pan,name,Asha Bhat,ASHA BHAT,case_spacing,acceptable
P02092,aadhaar,pan,name,Subhajit Bose,SUBHAJIT BOSE,case_spacing,acceptable
P02092,aadhaar,passport,name,Subhajit Bose,Subhajti Bose,spelling_variant,risky
P02092,aadhaar,passport,address,"No. 9, Park Avenue, Malviya Nagar, Jaipur, Rajasthan - 302337","No. 6, 4th Cross, Kothrud, Ahmedabad, Gujarat - 380307",different_address,risky
P02093,aadhaar,pan,name,Prasad Reddy,PRASAD REDDY,case_spacing,acceptable
P02094,aadhaar,pan,name,Kavitha Hegde,KAVITHA HEGDE,case_spacing,acceptable
P02095,aadhaar,pan,name,Tanushree Mukherjee,TANUSHREE MUKHERJEE,case_spacing,acceptable
P02096,aadhaar,pan,name,Shabana Pathan,Shbana Pathan,spelling_variant,risky
P02097,aadhaar,pan,name,Abirami Murugan,Abeerami Murugan,spelling_variant,risky
P02097,aadhaar,marksheet_10,name,Abirami Murugan,ABIRAMI M,initial,acceptable
P02097,aadhaar,marksheet_12,name,Abirami Murugan,ABIRAMI M,initial,acceptable
P02098,aadhaar,pan,name,Abirami Kumar,ABIRAMI KUMAR,case_spacing,acceptable
P02098,aadhaar,marksheet_10,name,Abirami Kumar,ABIRAMI K,initial,acceptable
P02098,aadhaar,marksheet_12,name,Abirami Kumar,ABIRAMI K,initial,acceptable
P02099,aadhaar,pan,name,Madhavan Senthil,MADHAVAN SENTHIL,case_spacing,acceptable
P02099,aadhaar,marksheet_10,name,Madhavan Senthil,MADHAVAN S,initial,acceptable
P02099,aadhaar,marksheet_12,name,Madhavan Senthil,MADHAVAN S,initial,acceptable
P02100,aadhaar,pan,name,Sravani Naidu,SRAVANI NAIDU,case_spacing,acceptable
P02101,aadhaar,pan,name,Rohit Singh,ROHIT SINGH,case_spacing,acceptable
P02101,aadhaar,passport,address,"No. 162, 2nd Main, Anna Nagar, Chennai, Tamil Nadu - 600037","No. 37, MG Road, Salt Lake, Pune, Maharashtra - 411965",different_address,risky
P02102,aadhaar,pan,name,Rashmi Kulkarni,RASHMI KULKARNI,case_spacing,acceptable
P02103,aadhaar,pan,name,Shashank Bhat,SHASHANK BHAT,case_spacing,acceptable
P02104,aadhaar,pan,name,Rahul Sharma,RAHUL SHARMA,case_spacing,acceptable
P02104,aadhaar,marksheet_12,name,Rahul Sharma,Rahull Sharma,spelling_variant,risky
P02105,aadhaar,pan,name,Sandeep Sharma,SANDEEP SHARMA,case_spacing,acceptable
P02106,aadhaar,pan,name,Velu Kannan,VELU KANNAN,case_spacing,acceptable
P02106,aadhaar,marksheet_10,name,Velu Kannan,VELU K,initial,acceptable
P02106,aadhaar,marksheet_12,name,Velu Kannan,VELU K,initial,acceptable
P02107,aadhaar,pan,name,Tanushree Chatterjee,TANUSHREE CHATTERJEE,case_spacing,acceptable
P02108,aadhaar,pan,name,Sowmya Kannan,SOWMYA KANNAN,case_spacing,acceptable
P02108,aadhaar,marksheet_10,name,Sowmya Kannan,SOWMYA K,initial,acceptable
P02108,aadhaar,marksheet_12,name,Sowmya Kannan,SOWMYA K,initial,acceptable
P02109,aadhaar,pan,name,Riya Agarwal,RIYA AGARWAL,case_spacing,acceptable
P02110,aadhaar,pan,name,Ayesha Ansari,AYESHA ANSARI,case_spacing,acceptable
P02111,aadhaar,pan,name,Sangeetha Karthik,SANGEETHA KARTHIK,case_spacing,acceptable
P02111,aadhaar,marksheet_10,name,Sangeetha Karthik,SANGEETHA K,initial,acceptable
P02111,aadhaar,marksheet_12,name,Sangeetha Karthik,SANGEETHA K,initial,acceptable
P02112,aadhaar,pan,name,Geetha Bhat,GEETHA BHAT,case_spacing,acceptable
P02113,aadhaar,pan,name,Gayathri Babu,GAYATHRI BABU,case_spacing,acceptable
P02113,aadhaar,marksheet_10,name,Gayathri Babu,GAYATHRI B,initial,acceptable
P02113,aadhaar,marksheet_12,name,Gayathri Babu,GAYATHRI B,initial,acceptable
P02114,aadhaar,pan,name,Arjun Nair,ARJUN NAIR,case_spacing,acceptable
P02115,aadhaar,pan,name,Omkar Patel,OMKAR PATEL,case_spacing,acceptable
P02116,aadhaar,pan,name,Meena Manikandan,MEENA MANIKANDAN,case_spacing,acceptable
P02116,aadhaar,marksheet_10,name,Meena Manikandan,MEENA M,initial,acceptable
P02116,aadhaar,marksheet_12,name,Meena Manikandan,MEENA M,initial,acceptable
P02116,aadhaar,birth_certificate,name,Meena Manikandan,M. Meena,initial,acceptable
P02117,aadhaar,pan,name,Fathima Sheikh,FATHIMA SHEIKH,case_spacing,acceptable
P02118,aadhaar,pan,name,Sameer Qureshi,SAMEER QURESHI,case_spacing,acceptable
P02119,aadhaar,pan,name,Vignesh Kannan,VIGNESH KANNAN,case_spacing,acceptable
P02119,aadhaar,marksheet_10,name,Vignesh Kannan,VIGNESH K,initial,acceptable
P02119,aadhaar,marksheet_12,name,Vignesh Kannan,VIGNESH K,initial,acceptable
P02120,aadhaar,pan,name,Revathi Prakash,REVATHI PRAKASH,case_spacing,acceptable
P02120,aadhaar,marksheet_10,name,Revathi Prakash,REVATHI P,initial,acceptable
P02120,aadhaar,marksheet_12,name,Revathi Prakash,REVATHI P,initial,acceptable
P02121,aadhaar,pan,name,Keerthana Selvam,KEERTHANA SELVAM,case_spacing,acceptable
P02121,aadhaar,marksheet_10,name,Keerthana Selvam,KEERTHANA S,initial,acceptable
P02121,aadhaar,marksheet_12,name,Keerthana Selvam,KEERTHANA S,initial,acceptable
P02122,aadhaar,pan,name,Ritu Yadav,RITU YADAV,case_spacing,acceptable
P02123,aadhaar,pan,name,Hetal Desai,HETAL DESAI,case_spacing,acceptable
P02124,aadhaar,pan,name,Lekshmi Kurup,LEKSHMI KURUP,case_spacing,acceptable
P02124,aadhaar,marksheet_12,father_name,Vishnu Kurup,Veeshnu Kurup,spelling_variant,risky
P02125,aadhaar,pan,name,Priyanka Agarwal,PRIYANKA AGARWAL,case_spacing,acceptable
P02126,aadhaar,pan,name,Padma Raju,PADMA RAJU,case_spacing,acceptable
P02127,aadhaar,pan,name,Heena Qureshi,HEENA QURESHI,case_spacing,acceptable
P02127,aadhaar,passport,dob,1999-10-16,2000-10-16,year_shift,critical
P02128,aadhaar,pan,name,Sayan Bose,SAYAN BOSE,case_spacing,acceptable
P02129,aadhaar,pan,name,Meena Madhavan,MEENA MADHAVAN,case_spacing,acceptable
P02129,aadhaar,marksheet_10,name,Meena Madhavan,MEENA M,initial,acceptable
P02129,aadhaar,marksheet_12,name,Meena Madhavan,MEENA M,initial,acceptable
P02129,aadhaar,passport,address,"No. 141, Church Street, Saket, Ahmedabad, Gujarat - 380933","No. 118, Gandhi Road, Malviya Nagar, Thiruvananthapuram, Kerala - 695793",different_address,risky
P02130,aadhaar,pan,name,Imran Khan,IMRAN KHAN,case_spacing,acceptable
P02131,aadhaar,pan,name,Madhuri Shah,MADHURI SHAH,case_spacing,acceptable
P02132,aadhaar,pan,name,Prashanth Hegde,PRASHANTH HEGDE,case_spacing,acceptable
P02133,aadhaar,pan,name,Heena Ansari,HEENA ANSARI,case_spacing,acceptable
P02133,aadhaar,marksheet_10,name,Heena Ansari,Heeena Ansari,spelling_variant,risky
P02133,aadhaar,birth_certificate,gender,F,M,flipped,critical
P02134,aadhaar,pan,name,Sameer Khan,SAMEER KHAN,case_spacing,acceptable
P02134,aadhaar,marksheet_10,name,Sameer Khan,Samer Khan,spelling_variant,risky
P02135,aadhaar,pan,name,Jyothi Reddy,JYOTHI REDDY,case_spacing,acceptable
P02136,aadhaar,pan,name,Karthik Kannan,KARTHIK KANNAN,case_spacing,acceptable
P02136,aadhaar,marksheet_10,name,Karthik Kannan,KARTHIK K,initial,acceptable
P02136,aadhaar,marksheet_12,name,Karthik Kannan,KARTHIK K,initial,acceptable
P02137,aadhaar,pan,name,Sayali Shah,SAYALI SHAH,case_spacing,acceptable
P02137,aadhaar,marksheet_10,father_name,Harsh Shah,Hars Shah,spelling_variant,risky
P02138,aadhaar,pan,name,Vaishnavi Madhavan,VAISHNAVI MADHAVAN,case_spacing,acceptable
P02138,aadhaar,marksheet_10,name,Vaishnavi Madhavan,VAISHNAVI M,initial,acceptable
P02138,aadhaar,marksheet_12,name,Vaishnavi Madhavan,VAISHNAVI M,initial,acceptable
P02139,aadhaar,pan,name,Manjunath Hegde,MANJUNATH HEGDE,case_spacing,acceptable
P02139,aadhaar,pan,dob,2004-06-16,2004-06-17,day_shift,critical
P02140,aadhaar,pan,name,Revathi Velu,REVATHI VELU,case_spacing,acceptable
P02140,aadhaar,marksheet_10,name,Revathi Velu,REVATHI V,initial,acceptable
P02140,aadhaar,marksheet_12,name,Revathi Velu,REVATHI V,initial,acceptable
P02141,aadhaar,pan,name,Ravi Varma,RAVI VARMA,case_spacing,acceptable
P02142,aadhaar,pan,name,Naresh Varma,NARESH VARMA,case_spacing,acceptable
P02143,aadhaar,pan,name,Manikandan Arun,MANIKANDAN ARUN,case_spacing,acceptable
P02143,aadhaar,marksheet_10,name,Manikandan Arun,MANIKANDAN A,initial,acceptable
P02143,aadhaar,marksheet_12,name,Manikandan Arun,MANIKANDAN A,initial,acceptable
P02144,aadhaar,pan,name,Satish Hegde,SATISH HEGDE,case_spacing,acceptable
P02145,aadhaar,pan,name,Sanjay Gupta,SANJAY GUPTA,case_spacing,acceptable
P02146,aadhaar,pan,name,Arif Sheikh,ARIF SHEIKH,case_spacing,acceptable
P02147,aadhaar,pan,name,Sowmya Sundar,SOWMYA SUNDAR,case_spacing,acceptable
P02147,aadhaar,marksheet_10,name,Sowmya Sundar,SOWMYA S,initial,acceptable
P02147,aadhaar,marksheet_12,name,Sowmya Sundar,SOWMYA S,initial,acceptable
P02148,aadhaar,pan,name,Anand Nair,ANAND NAIR,case_spacing,acceptable
P02149,aadhaar,pan,name,Sneha Mishra,SNEHA MISHRA,case_spacing,acceptable
P02150,aadhaar,pan,name,Indhu Senthil,INDHU SENTHIL,case_spacing,acceptable
P02150,aadhaar,marksheet_10,name,Indhu Senthil,INDHU S,initial,acceptable
P02150,aadhaar,marksheet_12,name,Indhu Senthil,INDHU S,initial,acceptable
P02150,aadhaar,marksheet_12,father_name,Senthil,Senthhil,spelling_variant,risky
P02151,aadhaar,pan,name,Madhavan Selvam,MADHAVAN SELVAM,case_spacing,acceptable
P02151,aadhaar,marksheet_10,name,Madhavan Selvam,MADHAVAN S,initial,acceptable
P02151,aadhaar,marksheet_12,name,Madhavan Selvam,MADHAVAN S,initial,acceptable
P02152,aadhaar,pan,name,Ramesh Selvam,RAMESH SELVAM,case_spacing,acceptable
P02152,aadhaar,marksheet_10,name,Ramesh Selvam,RAMESH S,initial,acceptable
P02152,aadhaar,marksheet_12,name,Ramesh Selvam,RAMESH S,initial,acceptable
P02153,aadhaar,pan,name,Lavanya Raju,LAVANYA RAJU,case_spacing,acceptable
P02154,aadhaar,pan,name,Deepak Agarwal,DEEPAK AGARWAL,case_spacing,acceptable
P02155,aadhaar,pan,name,Abirami Murugan,ABIRAMI MURUGAN,case_spacing,acceptable
P02155,aadhaar,marksheet_10,name,Abirami Murugan,ABIRAMI M,initial,acceptable
P02155,aadhaar,marksheet_12,name,Abirami Murugan,ABIRAMI M,initial,acceptable
P02156,aadhaar,pan,name,Ankit Agarwal,Aknit Agarwal,spelling_variant,risky
P02157,aadhaar,pan,name,Rohit Yadav,ROHIT YADAV,case_spacing,acceptable
P02157,aadhaar,marksheet_10,dob,2005-06-20,2004-06-20,year_shift,critical
P02158,aadhaar,pan,name,Debjani Banerjee,DEBJANI BANERJEE,case_spacing,acceptable
P02159,aadhaar,pan,name,Pradeep Sharma,PRADEEP SHARMA,case_spacing,acceptable
P02160,aadhaar,pan,name,Amit Singh,AMIT SINGH,case_spacing,acceptable
P02161,aadhaar,pan,name,Riya Sharma,RIYA SHARMA,case_spacing,acceptable
P02162,aadhaar,pan,name,Simran Yadav,SIMRAN YADAV,case_spacing,acceptable
P02163,aadhaar,pan,name,Geetha Rao,GEETHA RAO,case_spacing,acceptable
P02164,aadhaar,pan,name,Rohit Tiwari,ROHIT TIWARI,case_spacing,acceptable
P02164,aadhaar,passport,address,"No. 51, Station Road, Sector 62, Kochi, Kerala - 682533","No. 42, 2nd Main, Kothrud, Thiruvananthapuram, Kerala - 695523",different_address,risky
P02165,aadhaar,pan,name,Prashanth Hegde,PRASHANTH HEGDE,case_spacing,acceptable
P02166,aadhaar,pan,name,Salman Qureshi,SALMAN QURESHI,case_spacing,acceptable
P02166,aadhaar,birth_certificate,gender,M,F,flipped,critical
P02167,aadhaar,pan,name,Komal Agarwal,KOMAL AGARWAL,case_spacing,acceptable
P02168,aadhaar,pan,name,Revathi Balaji,REVATHI BALAJI,case_spacing,acceptable
P02168,aadhaar,marksheet_10,name,Revathi Balaji,REVATHI B,initial,acceptable
P02168,aadhaar,marksheet_12,name,Revathi Balaji,REVATHI B,initial,acceptable
P02169,aadhaar,pan,name,Anand Nair,ANAND NAIR,case_spacing,acceptable
P02170,aadhaar,pan,name,Babu Selvam,BABU SELVAM,case_spacing,acceptable
P02170,aadhaar,marksheet_10,name,Babu Selvam,BABU S,initial,acceptable
P02170,aadhaar,marksheet_12,name,Babu Selvam,BABU S,initial,acceptable
P02170,aadhaar,birth_certificate,name,Babu Selvam,S. Babu,initial,acceptable
P02171,aadhaar,pan,name,Divya Raju,DIVYA RAJU,case_spacing,acceptable
P02172,aadhaar,pan,name,Madhavan Babu,MADHAVAN BABU,case_spacing,acceptable
P02172,aadhaar,marksheet_10,name,Madhavan Babu,MADHAVAN B,initial,acceptable
P02172,aadhaar,marksheet_12,name,Madhavan Babu,MADHAVAN B,initial,acceptable
P02173,aadhaar,pan,name,Haritha Varma,HARITHA VARMA,case_spacing,acceptable
P02173,aadhaar,marksheet_10,dob,2004-05-30,2004-05-28,day_shift,critical
P02173,aadhaar,passport,address,"No. 248, Station Road, Malviya Nagar, Coimbatore, Tamil Nadu - 641304","No. 68, Gandhi Road, Kakkanad, Chennai, Tamil Nadu - 600641",different_address,risky
P02174,aadhaar,pan,name,Sruthi Menon,Srithi Menon,spelling_variant,risky
P02175,aadhaar,pan,name,Anjali Verma,ANJALI VERMA,case_spacing,acceptable
P02176,aadhaar,pan,name,Yamini Selvam,YAMINI SELVAM,case_spacing,acceptable
P02176,aadhaar,marksheet_10,name,Yamini Selvam,YAMINI S,initial,acceptable
P02176,aadhaar,marksheet_12,name,Yamini Selvam,YAMINI S,initial,acceptable
P02177,aadhaar,pan,name,Bhoomika Hegde,BHOOMIKA HEGDE,case_spacing,acceptable
P02178,aadhaar,pan,name,Komal Tiwari,KOMAL TIWARI,case_spacing,acceptable
P02179,aadhaar,pan,name,Gayathri Karthik,Gaiathri Karthik,spelling_variant,risky
P02179,aadhaar,marksheet_10,name,Gayathri Karthik,GAYATHRI K,initial,acceptable
P02179,aadhaar,marksheet_12,name,Gayathri Karthik,GAYATHRI K,initial,acceptable
P02180,aadhaar,pan,name,Sneha Mishra,SNEHA MISHRA,case_spacing,acceptable
P02181,aadhaar,pan,name,Sandeep Tiwari,SANDEEP TIWARI,case_spacing,acceptable
P02182,aadhaar,pan,name,Sumit Tiwari,SUMIT TIWARI,case_spacing,acceptable
P02182,aadhaar,marksheet_10,dob,1999-08-16,1999-08-15,day_shift,critical
P02183,aadhaar,pan,name,Bhavani Raju,BHAVANI RAJU,case_spacing,acceptable
P02184,aadhaar,pan,name,Swathi Varma,SWATHI VARMA,case_spacing,acceptable
P02184,aadhaar,marksheet_10,name,Swathi Varma,Swathee Varma,spelling_variant,risky
P02185,aadhaar,pan,name,Chaitanya Reddy,CHAITANYA REDDY,case_spacing,acceptable
P02186,aadhaar,pan,name,Chaitanya Rao,CHAITANYA RAO,case_spacing,acceptable
P02187,aadhaar,pan,name,Karthik Elango,KARTHIK ELANGO,case_spacing,acceptable
P02187,aadhaar,marksheet_10,name,Karthik Elango,KARTHIK E,initial,acceptable
P02187,aadhaar,marksheet_12,name,Karthik Elango,Karthhik Elango,spelling_variant,risky
P02187,aadhaar,birth_certificate,name,Karthik Elango,Sreejith Menon,different_person,critical
P02188,aadhaar,pan,name,Abirami Kannan,Abiami Kannan,spelling_variant,risky
P02188,aadhaar,pan,dob,2003-02-28,2003-02-27,day_shift,critical
P02188,aadhaar,marksheet_10,name,Abirami Kannan,ABIRAMI K,initial,acceptable
P02188,aadhaar,marksheet_12,name,Abirami Kannan,ABIRAMI K,initial,acceptable
P02189,aadhaar,pan,name,Shabana Sheikh,SHABANA SHEIKH,case_spacing,acceptable
P02190,aadhaar,pan,name,Sangeetha Murugan,Snageetha Murugan,spelling_variant,risky
P02190,aadhaar,marksheet_10,name,Sangeetha Murugan,SANGEETHA M,initial,acceptable
P02190,aadhaar,marksheet_12,name,Sangeetha Murugan,SANGEETHA M,initial,acceptable
P02190,aadhaar,birth_certificate,name,Sangeetha Murugan,M. Sangeetha,initial,acceptable
P02191,aadhaar,pan,name,Shreya Agarwal,Shreyaa Agarwal,spelling_variant,risky
P02192,aadhaar,pan,name,Madhuri Chowdary,MADHURI CHOWDARY,case_spacing,acceptable
P02193,aadhaar,pan,name,Pallavi Bhat,PALLAVI BHAT,case_spacing,acceptable
P02194,aadhaar,pan,name,Prachi Joshi,PRACHI JOSHI,case_spacing,acceptable
P02195,aadhaar,pan,name,Abirami Kumar,ABIRAMI KUMAR,case_spacing,acceptable
P02195,aadhaar,marksheet_10,name,Abirami Kumar,ABIRAMI K,initial,acceptable
P02195,aadhaar,marksheet_12,name,Abirami Kumar,ABIRAMI K,initial,acceptable
P02196,aadhaar,pan,name,Raghavendra Hegde,RAGHAVENDRA HEGDE,case_spacing,acceptable
P02197,aadhaar,pan,name,Thomas Mathew,THOMAS MATHEW,case_spacing,acceptable
P02197,aadhaar,pan,father_name,David Mathew,Daveed Mathew,spelling_variant,risky
P02197,aadhaar,passport,name,Thomas Mathew,Thommas Mathew,spelling_variant,risky
P02198,aadhaar,pan,name,Divya Rao,DIVYA RAO,case_spacing,acceptable
P02199,aadhaar,pan,name,Ravi Varma,RAVI VARMA,case_spacing,acceptable
P02200,aadhaar,pan,name,Anjali Pandey,ANJALI PANDEY,case_spacing,acceptable
P02201,aadhaar,pan,name,Saranya Sundar,SARANYA SUNDAR,case_spacing,acceptable
P02201,aadhaar,marksheet_10,name,Saranya Sundar,SARANYA S,initial,acceptable
P02201,aadhaar,marksheet_12,name,Saranya Sundar,SARANYA S,initial,acceptable
P02202,aadhaar,pan,name,Harini Madhavan,HARINI MADHAVAN,case_spacing,acceptable
P02202,aadhaar,marksheet_10,name,Harini Madhavan,HARINI M,initial,acceptable
P02202,aadhaar,marksheet_12,name,Harini Madhavan,HARINI M,initial,acceptable
P02203,aadhaar,pan,name,Gaurav Sharma,GAURAV SHARMA,case_spacing,acceptable
P02204,aadhaar,pan,name,Shreya Sharma,SHREYA SHARMA,case_spacing,acceptable
P02204,aadhaar,marksheet_12,father_name,Sandeep Sharma,Saandeep Sharma,spelling_variant,risky
P02205,aadhaar,pan,name,Ankit Sharma,ANKIT SHARMA,case_spacing,acceptable
P02205,aadhaar,pan,father_name,Sandeep Sharma,Sanndeep Sharma,spelling_variant,risky
P02206,aadhaar,pan,name,Kalaiselvi Saravanan,KALAISELVI SARAVANAN,case_spacing,acceptable
P02206,aadhaar,marksheet_10,name,Kalaiselvi Saravanan,KALAISELVI S,initial,acceptable
P02206,aadhaar,marksheet_12,name,Kalaiselvi Saravanan,KALAISELVI S,initial,acceptable
P02206,aadhaar,birth_certificate,name,Kalaiselvi Saravanan,S. Kalaiselvi,initial,acceptable
P02207,aadhaar,pan,name,Jay Joshi,Zay Joshi,spelling_variant,risky
P02207,aadhaar,marksheet_12,father_name,Sagar Joshi,Saagar Joshi,spelling_variant,risky
P02208,aadhaar,pan,name,Debjani Chatterjee,DEBJANI CHATTERJEE,case_spacing,acceptable
P02209,aadhaar,pan,name,Vikram Singh,VIKRAM SINGH,case_spacing,acceptable
P02209,aadhaar,marksheet_12,father_name,Gaurav Singh,Gaoorav Singh,spelling_variant,risky
P02210,aadhaar,pan,name,Nazia Qureshi,NAZIA QURESHI,case_spacing,acceptable
P02210,aadhaar,marksheet_12,name,Nazia Qureshi,Nnazia Qureshi,spelling_variant,risky
P02211,aadhaar,pan,name,Venkatesh Reddy,VENKATESH REDDY,case_spacing,acceptable
P02211,aadhaar,birth_certificate,gender,M,F,flipped,critical
P02212,aadhaar,pan,name,Anand Panicker,ANAND PANICKER,case_spacing,acceptable
P02212,aadhaar,marksheet_10,father_name,Arjun Panicker,Arzun Panicker,spelling_variant,risky
P02212,aadhaar,passport,address,"No. 234, Cross Road, Saket, Thiruvananthapuram, Kerala - 695825","No. 104, 2nd Main, Kothrud, Kolkata, West Bengal - 700738",different_address,risky
P02213,aadhaar,pan,name,Sana Syed,SANA SYED,case_spacing,acceptable
P02214,aadhaar,pan,name,Sravani Naidu,SRAVANI NAIDU,case_spacing,acceptable
P02215,aadhaar,pan,name,Haritha Reddy,HARITHA REDDY,case_spacing,acceptable
P02216,aadhaar,pan,name,Rohit Yadav,ROHIT YADAV,case_spacing,acceptable
P02217,aadhaar,pan,name,Prachi Patel,PRACHI PATEL,case_spacing,acceptable
P02218,aadhaar,pan,name,Bhoomika Bhat,BHOOMIKA BHAT,case_spacing,acceptable
P02219,aadhaar,pan,name,Spoorthi Hegde,SPOORTHI HEGDE,case_spacing,acceptable
P02220,aadhaar,pan,name,Priyanka Tiwari,PRIYANKA TIWARI,case_spacing,acceptable
P02221,aadhaar,pan,name,Grace Thomas,GRACE THOMAS,case_spacing,acceptable
P02222,aadhaar,pan,name,Sandeep Tiwari,SANDEEP TIWARI,case_spacing,acceptable
P02222,aadhaar,marksheet_10,name,Sandeep Tiwari,Sandip Tiwari,spelling_variant,risky
P02222,aadhaar,marksheet_10,dob,2000-09-18,2000-09-20,day_shift,critical
P02223,aadhaar,pan,name,Merlin Joseph,Merleen Joseph,spelling_variant,risky
P02224,aadhaar,pan,name,Vaishnavi Saravanan,VAISHNAVI SARAVANAN,case_spacing,acceptable
P02224,aadhaar,marksheet_10,name,Vaishnavi Saravanan,Vaishhnavi Saravanan,spelling_variant,risky
P02224,aadhaar,marksheet_12,name,Vaishnavi Saravanan,VAISHNAVI S,initial,acceptable
P02225,aadhaar,pan,name,Haritha Rao,HARITHA RAO,case_spacing,acceptable
P02226,aadhaar,pan,name,Shreya Sharma,SHREYA SHARMA,case_spacing,acceptable
P02227,aadhaar,pan,name,Madhuri Naidu,MADHURI NAIDU,case_spacing,acceptable
P02227,aadhaar,marksheet_10,name,Madhuri Naidu,Maadhuri Naidu,spelling_variant,risky
P02228,aadhaar,pan,name,Ajay Verma,AJAY VERMA,case_spacing,acceptable
P02228,aadhaar,pan,dob,2000-01-20,2000-01-19,day_shift,critical
P02229,aadhaar,pan,name,Naresh Naidu,Nareshh Naidu,spelling_variant,risky
P02230,aadhaar,pan,name,Sushma Agarwal,SUSHMA AGARWAL,case_spacing,acceptable
P02230,aadhaar,marksheet_12,name,Sushma Agarwal,Ssuhma Agarwal,spelling_variant,risky
P02231,aadhaar,pan,name,Babu Senthil,BABU SENTHIL,case_spacing,acceptable
P02231,aadhaar,marksheet_10,name,Babu Senthil,BABU S,initial,acceptable
P02231,aadhaar,marksheet_12,name,Babu Senthil,BABU S,initial,acceptable
P02232,aadhaar,pan,name,Prachi Patil,PRACHI PATIL,case_spacing,acceptable
P02233,aadhaar,pan,name,Jay Mehta,JAY MEHTA,case_spacing,acceptable
P02233,aadhaar,passport,address,"No. 127, Market Street, T Nagar, Pune, Maharashtra - 411550","No. 26, Lake View Road, Kakkanad, Ahmedabad, Gujarat - 380210",different_address,risky
P02234,aadhaar,pan,name,Divya Nair,DIVYA NAIR,case_spacing,acceptable
P02235,aadhaar,pan,name,Sundar Selvam,SUNDAR SELVAM,case_spacing,acceptable
P02235,aadhaar,marksheet_10,name,Sundar Selvam,SUNDAR S,initial,acceptable
P02235,aadhaar,marksheet_12,name,Sundar Selvam,SUNDAR S,initial,acceptable
P02235,aadhaar,passport,address,"No. 73, MG Road, Andheri, Jaipur, Rajasthan - 302333","No. 219, 4th Cross, Andheri, Mysuru, Karnataka - 570647",different_address,risky
P02235,aadhaar,birth_certificate,name,Sundar Selvam,S. Sundar,initial,acceptable
P02236,aadhaar,pan,name,Ankit Verma,ANKIT VERMA,case_spacing,acceptable
P02237,aadhaar,pan,name,Shashank Hegde,SHASHANK HEGDE,case_spacing,acceptable
P02238,aadhaar,pan,name,Riya Chauhan,RIYA CHAUHAN,case_spacing,acceptable
P02239,aadhaar,pan,name,Nandini Kulkarni,NANDINI KULKARNI,case_spacing,acceptable
P02239,aadhaar,marksheet_10,dob,2005-02-02,2004-02-02,year_shift,critical
P02240,aadhaar,pan,name,Murugan Balaji,MURUGAN BALAJI,case_spacing,acceptable
P02240,aadhaar,marksheet_10,name,Murugan Balaji,MURUGAN B,initial,acceptable
P02240,aadhaar,marksheet_12,name,Murugan Balaji,MURUGAN B,initial,acceptable
P02241,aadhaar,pan,name,Gayathri Senthil,GAYATHRI SENTHIL,case_spacing,acceptable
P02241,aadhaar,marksheet_10,name,Gayathri Senthil,GAYATHRI S,initial,acceptable
P02241,aadhaar,marksheet_12,name,Gayathri Senthil,GAYATHRI S,initial,acceptable
P02241,aadhaar,passport,address,"No. 79, Park Avenue, T Nagar, Hyderabad, Telangana - 500928","No. 38, Lake View Road, Anna Nagar, Delhi, Delhi - 110778",different_address,risky
P02242,aadhaar,pan,name,Vaishnavi Arun,VAISHNAVI ARUN,case_spacing,acceptable
P02242,aadhaar,marksheet_10,name,Vaishnavi Arun,VAISHNAVI A,initial,acceptable
P02242,aadhaar,marksheet_12,name,Vaishnavi Arun,VAISHNAVI A,initial,acceptable
P02242,aadhaar,birth_certificate,name,Vaishnavi Arun,A. Vaishnavi,initial,acceptable
P02243,aadhaar,pan,name,Sumit Chauhan,SUMIT CHAUHAN,case_spacing,acceptable
P02244,aadhaar,pan,name,Priya Babu,PRIYA BABU,case_spacing,acceptable
P02244,aadhaar,marksheet_10,name,Priya Babu,PRIYA B,initial,acceptable
P02244,aadhaar,marksheet_12,name,Priya Babu,PRIYA B,initial,acceptable
P02244,aadhaar,birth_certificate,name,Priya Babu,B. Priya,initial,acceptable
P02245,aadhaar,pan,name,Jyothi Raju,JYOTHI RAJU,case_spacing,acceptable
P02246,aadhaar,pan,name,Sneha Tiwari,SNEHA TIWARI,case_spacing,acceptable
P02247,aadhaar,pan,name,Sourav Bose,SOURAV BOSE,case_spacing,acceptable
P02247,aadhaar,marksheet_12,father_name,Rajib Bose,Raajib Bose,spelling_variant,risky
P02248,aadhaar,pan,name,Tamilselvi Balaji,TAMILSELVI BALAJI,case_spacing,acceptable
P02248,aadhaar,marksheet_10,name,Tamilselvi Balaji,Tahilselvi Balaji,spelling_variant,risky
P02248,aadhaar,marksheet_12,name,Tamilselvi Balaji,TAMILSELVI B,initial,acceptable
P02249,aadhaar,pan,name,Madhavan Karthik,MADHAVAN KARTHIK,case_spacing,acceptable
P02249,aadhaar,marksheet_10,name,Madhavan Karthik,MADHAVAN K,initial,acceptable
P02249,aadhaar,marksheet_10,father_name,Karthik,Karthhik,spelling_variant,risky
P02249,aadhaar,marksheet_12,name,Madhavan Karthik,MADHAVAN K,initial,acceptable
P02250,aadhaar,pan,name,Sruthi Panicker,SRUTHI PANICKER,case_spacing,acceptable
P02250,aadhaar,marksheet_10,name,Sruthi Panicker,Sruti Panicker,spelling_variant,risky
P02251,aadhaar,pan,name,Shilpa Gowda,SHILPA GOWDA,case_spacing,acceptable
P02252,aadhaar,pan,name,Darshan Gowda,DARSHAN GOWDA,case_spacing,acceptable
P02252,aadhaar,pan,dob,1999-05-20,1998-05-20,year_shift,critical
P02252,aadhaar,passport,name,Darshan Gowda,Darhsan Gowda,spelling_variant,risky
P02253,aadhaar,pan,name,Swathi Varma,SWATHI VARMA,case_spacing,acceptable
P02254,aadhaar,pan,name,Prakash Vignesh,PRAKASH VIGNESH,case_spacing,acceptable
P02254,aadhaar,pan,dob,1999-11-01,1998-11-01,year_shift,critical
P02254,aadhaar,marksheet_10,name,Prakash Vignesh,Praakash Vignesh,spelling_variant,risky
P02254,aadhaar,marksheet_12,name,Prakash Vignesh,PRAKASH V,initial,acceptable
P02255,aadhaar,pan,name,Divya Rao,DIVYA RAO,case_spacing,acceptable
P02255,aadhaar,passport,address,"No. 45, 4th Cross, Velachery, Mysuru, Karnataka - 570913","No. 143, 2nd Main, Jayanagar, Mysuru, Karnataka - 570745",different_address,risky
P02256,aadhaar,pan,name,Tanushree Das,TANUSHREE DAS,case_spacing,acceptable
P02257,aadhaar,pan,name,Satish Gowda,SATISH GOWDA,case_spacing,acceptable
P02258,aadhaar,pan,name,Meena Prakash,MEENA PRAKASH,case_spacing,acceptable
P02258,aadhaar,marksheet_10,name,Meena Prakash,MEENA P,initial,acceptable
P02258,aadhaar,marksheet_10,father_name,Prakash,Prakas,spelling_variant,risky
P02258,aadhaar,marksheet_12,name,Meena Prakash,MEENA P,initial,acceptable
P02259,aadhaar,pan,name,Rohit Pandey,ROHIT PANDEY,case_spacing,acceptable
P02260,aadhaar,pan,name,Rohit Singh,ROHIT SINGH,case_spacing,acceptable
P02261,aadhaar,pan,name,Srinivas Raju,SRINIVAS RAJU,case_spacing,acceptable
P02261,aadhaar,passport,name,Srinivas Raju,Srinnivas Raju,spelling_variant,risky
P02262,aadhaar,pan,name,Janani Manikandan,JANANI MANIKANDAN,case_spacing,acceptable
P02262,aadhaar,marksheet_10,name,Janani Manikandan,JANANI M,initial,acceptable
P02262,aadhaar,marksheet_12,name,Janani Manikandan,JANANI M,initial,acceptable
P02263,aadhaar,pan,name,Vikram Gupta,VIKRAM GUPTA,case_spacing,acceptable
P02264,aadhaar,pan,name,Nithya Kumar,NITHYA KUMAR,case_spacing,acceptable
P02264,aadhaar,marksheet_10,name,Nithya Kumar,Rohit Gupta,different_person,critical
P02264,aadhaar,marksheet_12,name,Nithya Kumar,NITHYA K,initial,acceptable
P02265,aadhaar,pan,name,Sayan Ghosh,SAYAN GHOSH,case_spacing,acceptable
P02265,aadhaar,passport,dob,2001-10-04,2002-10-04,year_shift,critical
P02265,aadhaar,passport,address,"No. 205, 2nd Main, Navrangpura, Ahmedabad, Gujarat - 380312","No. 230, Park Avenue, Salt Lake, Thiruvananthapuram, Kerala - 695968",different_address,risky
P02266,aadhaar,pan,name,Snehal Shah,SNEHAL SHAH,case_spacing,acceptable
P02267,aadhaar,pan,name,Sayan Chatterjee,SAYAN CHATTERJEE,case_spacing,acceptable
P02267,aadhaar,marksheet_10,name,Sayan Chatterjee,Saian Chatterjee,spelling_variant,risky
P02268,aadhaar,pan,name,Merlin Fernandes,MERLIN FERNANDES,case_spacing,acceptable
P02269,aadhaar,pan,name,Subhajit Roy,SUBHAJIT ROY,case_spacing,acceptable
P02270,aadhaar,pan,name,Parth Joshi,PARTH JOSHI,case_spacing,acceptable
P02270,aadhaar,pan,dob,2002-10-19,2002-10-20,day_shift,critical
P02271,aadhaar,pan,name,Nazia Sheikh,NAZIA SHEIKH,case_spacing,acceptable
P02272,aadhaar,pan,name,Ayesha Syed,AYESHA SYED,case_spacing,acceptable
P02272,aadhaar,marksheet_12,name,Ayesha Syed,Malathi Elango,different_person,critical
P02273,aadhaar,pan,name,Indhu Madhavan,INDHU MADHAVAN,case_spacing,acceptable
P02273,aadhaar,marksheet_10,name,Indhu Madhavan,INDHU M,initial,acceptable
P02273,aadhaar,marksheet_12,name,Indhu Madhavan,INDHU M,initial,acceptable
P02273,aadhaar,passport,gender,F,M,flipped,critical
P02274,aadhaar,pan,name,Riya Singh,RIYA SINGH,case_spacing,acceptable
P02275,aadhaar,pan,name,Rohit Yadav,ROHIT YADAV,case_spacing,acceptable
P02276,aadhaar,pan,name,Prasad Varma,PRASAD VARMA,case_spacing,acceptable
P02277,aadhaar,pan,name,Reshma Panicker,RESHMA PANICKER,case_spacing,acceptable
P02277,aadhaar,marksheet_10,father_name,Sanju Panicker,Saanju Panicker,spelling_variant,risky
P02277,aadhaar,passport,dob,1998-08-02,1998-02-08,day_month_swap,critical
P02278,aadhaar,pan,name,Nikhil Shah,NIKHIL SHAH,case_spacing,acceptable
P02279,aadhaar,pan,name,Salman Sheikh,SALMAN SHEIKH,case_spacing,acceptable
P02279,aadhaar,pan,father_name,Irfan Sheikh,Irfann Sheikh,spelling_variant,risky
P02279,aadhaar,marksheet_10,dob,2000-09-15,2000-09-17,day_shift,critical
P02280,aadhaar,pan,name,Gaurav Yadav,GAURAV YADAV,case_spacing,acceptable
P02281,aadhaar,pan,name,Tanushree Banerjee,TANUSHREE BANERJEE,case_spacing,acceptable
P02282,aadhaar,pan,name,Zainab Ansari,ZAINAB ANSARI,case_spacing,acceptable
P02283,aadhaar,pan,name,Sunitha Chowdary,SUNITHA CHOWDARY,case_spacing,acceptable
P02284,aadhaar,pan,name,Mahesh Rao,MAHESH RAO,case_spacing,acceptable
P02284,aadhaar,birth_certificate,father_name,Venkatesh Rao,Venkateshh Rao,spelling_variant,risky
P02285,aadhaar,pan,name,Ramesh Balaji,RAMESH BALAJI,case_spacing,acceptable
P02285,aadhaar,marksheet_10,name,Ramesh Balaji,RAMESH B,initial,acceptable
P02285,aadhaar,marksheet_12,name,Ramesh Balaji,RAMESH B,initial,acceptable
P02285,aadhaar,passport,address,"No. 239, Main Road, Anna Nagar, Ahmedabad, Gujarat - 380963","No. 143, Station Road, Koramangala, Kolkata, West Bengal - 700242",different_address,risky
P02286,aadhaar,pan,name,Sangeetha Elango,SANGEETHA ELANGO,case_spacing,acceptable
P02286,aadhaar,marksheet_10,name,Sangeetha Elango,SANGEETHA E,initial,acceptable
P02286,aadhaar,marksheet_12,name,Sangeetha Elango,Thomas Joseph,different_person,critical
P02286,aadhaar,marksheet_12,father_name,Elango,Elanngo,spelling_variant,risky
P02287,aadhaar,pan,name,Farhan Khan,FARHAN KHAN,case_spacing,acceptable
P02288,aadhaar,pan,name,Nazia Khan,NAZIA KHAN,case_spacing,acceptable
P02288,aadhaar,birth_certificate,name,Nazia Khan,Najia Khan,spelling_variant,risky
P02289,aadhaar,pan,name,George Thomas,GEORGE THOMAS,case_spacing,acceptable
P02290,aadhaar,pan,name,Indhu Elango,INDHU ELANGO,case_spacing,acceptable
P02290,aadhaar,marksheet_10,name,Indhu Elango,INDHU E,initial,acceptable
P02290,aadhaar,marksheet_12,name,Indhu Elango,INDHU E,initial,acceptable
P02290,aadhaar,passport,name,Indhu Elango,Inehu Elango,spelling_variant,risky
P02290,aadhaar,passport,address,"No. 106, Park Avenue, Navrangpura, Kolkata, West Bengal - 700079","No. 39, Church Street, Banjara Hills, Mumbai, Maharashtra - 400878",different_address,risky
P02291,aadhaar,pan,name,Sumit Pandey,Riya Gupta,different_person,critical
P02291,aadhaar,marksheet_10,father_name,Pradeep Pandey,Pradheep Pandey,spelling_variant,risky
P02291,aadhaar,passport,dob,2000-05-08,2000-05-10,day_shift,critical
P02292,aadhaar,pan,name,Rohit Yadav,ROHIT YADAV,case_spacing,acceptable
P02293,aadhaar,pan,name,Prakash Siva,PRAKASH SIVA,case_spacing,acceptable
P02293,aadhaar,marksheet_10,name,Prakash Siva,PRAKASH S,initial,acceptable
P02293,aadhaar,marksheet_12,name,Prakash Siva,PRAKASH S,initial,acceptable
P02294,aadhaar,pan,name,Abirami Balaji,ABIRAMI BALAJI,case_spacing,acceptable
P02294,aadhaar,marksheet_10,name,Abirami Balaji,ABIRAMI B,initial,acceptable
P02294,aadhaar,marksheet_12,name,Abirami Balaji,ABIRAMI B,initial,acceptable
P02295,aadhaar,pan,name,Harini Senthil,HARINI SENTHIL,case_spacing,acceptable
P02295,aadhaar,marksheet_10,name,Harini Senthil,HARINI S,initial,acceptable
P02295,aadhaar,marksheet_12,name,Harini Senthil,HARINI S,initial,acceptable
P02296,aadhaar,pan,name,Gayathri Kannan,GAYATHRI KANNAN,case_spacing,acceptable
P02296,aadhaar,marksheet_10,name,Gayathri Kannan,GAYATHRI K,initial,acceptable
P02296,aadhaar,marksheet_12,name,Gayathri Kannan,GAYATHRI K,initial,acceptable
P02296,aadhaar,passport,name,Gayathri Kannan,Gayathhri Kannan,spelling_variant,risky
P02296,aadhaar,birth_certificate,name,Gayathri Kannan,K. Gayathri,initial,acceptable
P02297,aadhaar,pan,name,Sravani Naidu,SRAVANI NAIDU,case_spacing,acceptable
P02298,aadhaar,pan,name,Sana Ansari,SANA ANSARI,case_spacing,acceptable
P02299,aadhaar,pan,name,Grace D'Souza,GRACE D'SOUZA,case_spacing,acceptable
P02300,aadhaar,pan,name,Archana Pandey,ARCHANA PANDEY,case_spacing,acceptable
P02301,aadhaar,pan,name,Subhajit Roy,SUBHAJIT ROY,case_spacing,acceptable
P02302,aadhaar,pan,name,Anjali Verma,ANJALI VERMA,case_spacing,acceptable
P02302,aadhaar,pan,dob,2003-12-21,2003-12-22,day_shift,critical
P02303,aadhaar,pan,name,Chaitanya Raju,CHAITANYA RAJU,case_spacing,acceptable
P02304,aadhaar,pan,name,Puneeth Kulkarni,PUNEETH KULKARNI,case_spacing,acceptable
P02305,aadhaar,pan,name,Sumit Singh,SUMIT SINGH,case_spacing,acceptable
P02305,aadhaar,marksheet_12,name,Sumit Singh,Susit Singh,spelling_variant,risky
P02306,aadhaar,pan,name,Sanjay Mishra,SANJAY MISHRA,case_spacing,acceptable
P02307,aadhaar,pan,name,Padma Rao,PADMA RAO,case_spacing,acceptable
P02308,aadhaar,pan,name,Riya Singh,RIYA SINGH,case_spacing,acceptable
P02309,aadhaar,pan,name,Neha Gupta,NEHA GUPTA,case_spacing,acceptable
P02309,aadhaar,marksheet_10,name,Neha Gupta,Neeha Gupta,spelling_variant,risky
P02309,aadhaar,marksheet_10,father_name,Rahul Gupta,Rahool Gupta,spelling_variant,risky
P02310,aadhaar,pan,name,Heena Sheikh,HEENA SHEIKH,case_spacing,acceptable
P02310,aadhaar,pan,dob,1998-02-12,1999-02-12,year_shift,critical
P02311,aadhaar,pan,name,Suresh Naidu,SURESH NAIDU,case_spacing,acceptable
P02312,aadhaar,pan,name,Arif Qureshi,ARIF QURESHI,case_spacing,acceptable
P02313,aadhaar,pan,name,Neha Sharma,Nehaa Sharma,spelling_variant,risky
P02314,aadhaar,pan,name,Thomas Pereira,THOMAS PEREIRA,case_spacing,acceptable
P02315,aadhaar,pan,name,Heena Ansari,HEENA ANSARI,case_spacing,acceptable
P02315,aadhaar,birth_certificate,name,Heena Ansari,Sravani Chowdary,different_person,critical
P02316,aadhaar,pan,name,Dhwani Patil,Dhwanni Patil,spelling_variant,risky
P02316,aadhaar,marksheet_10,dob,2001-04-06,2001-04-04,day_shift,critical
P02317,aadhaar,pan,name,Manikandan Ramesh,MANIKANDAN RAMESH,case_spacing,acceptable
P02317,aadhaar,marksheet_10,name,Manikandan Ramesh,MANIKANDAN R,initial,acceptable
P02317,aadhaar,marksheet_12,name,Manikandan Ramesh,Maniakndan Ramesh,spelling_variant,risky
P02318,aadhaar,pan,name,Shabana Syed,SHABANA SYED,case_spacing,acceptable
P02319,aadhaar,pan,name,Sreya Bose,SREYA BOSE,case_spacing,acceptable
P02319,aadhaar,birth_certificate,dob,1998-02-26,1998-02-25,day_shift,critical
P02320,aadhaar,pan,name,Arjun Varghese,ARJUN VARGHESE,case_spacing,acceptable
P02320,aadhaar,passport,dob,2000-06-30,2000-07-02,day_shift,critical
P02321,aadhaar,pan,name,Deepak Verma,DEEPAK VERMA,case_spacing,acceptable
P02321,aadhaar,marksheet_10,father_name,Rahul Verma,Raahul Verma,spelling_variant,risky
P02322,aadhaar,pan,name,Vaishnavi Karthik,VAISHNAVI KARTHIK,case_spacing,acceptable
P02322,aadhaar,marksheet_10,name,Vaishnavi Karthik,VAISHNAVI K,initial,acceptable
P02322,aadhaar,marksheet_12,name,Vaishnavi Karthik,Vaisnavi Karthik,spelling_variant,risky
P02323,aadhaar,pan,name,Simran Yadav,Simrsn Yadav,spelling_variant,risky
P02324,aadhaar,pan,name,Anand Varghese,ANAND VARGHESE,case_spacing,acceptable
P02325,aadhaar,pan,name,Rutuja Mehta,RUTUJA MEHTA,case_spacing,acceptable
P02326,aadhaar,pan,name,David Mathew,DAVID MATHEW,case_spacing,acceptable
P02327,aadhaar,pan,name,Lavanya Varma,LAVANYA VARMA,case_spacing,acceptable
P02328,aadhaar,pan,name,Babu Arun,BABU ARUN,case_spacing,acceptable
P02328,aadhaar,marksheet_10,name,Babu Arun,BABU A,initial,acceptable
P02328,aadhaar,marksheet_12,name,Babu Arun,BABU A,initial,acceptable
P02329,aadhaar,pan,name,Hari Nair,HARI NAIR,case_spacing,acceptable
P02330,aadhaar,pan,name,Raghavendra Shetty,RAGHAVENDRA SHETTY,case_spacing,acceptable
P02330,aadhaar,marksheet_10,dob,2000-02-13,2000-02-14,day_shift,critical
P02331,aadhaar,pan,name,Venkatesh Rao,VENKATESH RAO,case_spacing,acceptable
P02331,aadhaar,marksheet_12,name,Venkatesh Rao,Venatesh Rao,spelling_variant,risky
P02332,aadhaar,pan,name,John Pereira,JOHN PEREIRA,case_spacing,acceptable
P02333,aadhaar,pan,name,Geetha Hegde,GEETHA HEGDE,case_spacing,acceptable
P02333,aadhaar,birth_certificate,name,Geetha Hegde,Gehtha Hegde,spelling_variant,risky
P02334,aadhaar,pan,name,Aniket Shah,ANIKET SHAH,case_spacing,acceptable
P02334,aadhaar,marksheet_10,father_name,Omkar Shah,Omkaar Shah,spelling_variant,risky
P02334,aadhaar,marksheet_12,name,Aniket Shah,Anitet Shah,spelling_variant,risky
P02335,aadhaar,pan,name,Nithya Raju,NITHYA RAJU,case_spacing,acceptable
P02335,aadhaar,marksheet_10,name,Nithya Raju,NITHYA R,initial,acceptable
P02335,aadhaar,marksheet_12,name,Nithya Raju,NITHYA R,initial,acceptable
P02336,aadhaar,pan,name,Sayali Patel,SAYALI PATEL,case_spacing,acceptable
P02336,aadhaar,marksheet_12,name,Sayali Patel,Shayali Patel,spelling_variant,risky
P02337,aadhaar,pan,name,Rukhsar Qureshi,RUKHSAR QURESHI,case_spacing,acceptable
P02338,aadhaar,pan,name,Sandeep Agarwal,SANDEEP AGARWAL,case_spacing,acceptable
P02339,aadhaar,pan,name,Amit Verma,AMIT VERMA,case_spacing,acceptable
P02339,aadhaar,birth_certificate,dob,2002-03-24,2002-03-25,day_shift,critical
P02340,aadhaar,pan,name,Rutuja Desai,RUTUJA DESAI,case_spacing,acceptable
P02341,aadhaar,pan,name,Sayali Joshi,Syaali Joshi,spelling_variant,risky
P02342,aadhaar,pan,name,Karthik Velu,KARTHIK VELU,case_spacing,acceptable
P02342,aadhaar,marksheet_10,name,Karthik Velu,KARTHIK V,initial,acceptable
P02342,aadhaar,marksheet_12,name,Karthik Velu,KARTHIK V,initial,acceptable
P02343,aadhaar,pan,name,Salman Khan,SALMAN KHAN,case_spacing,acceptable
P02344,aadhaar,pan,name,Kumar Murugan,KUMAR MURUGAN,case_spacing,acceptable
P02344,aadhaar,marksheet_10,name,Kumar Murugan,KUMAR M,initial,acceptable
P02344,aadhaar,marksheet_12,name,Kumar Murugan,KUMAR M,initial,acceptable
P02344,aadhaar,birth_certificate,name,Kumar Murugan,Kuhar Murugan,spelling_variant,risky
P02345,aadhaar,pan,name,Saravanan Kumar,SARAVANAN KUMAR,case_spacing,acceptable
P02345,aadhaar,marksheet_10,name,Saravanan Kumar,SARAVANAN K,initial,acceptable
P02345,aadhaar,marksheet_12,name,Saravanan Kumar,SARAVANAN K,initial,acceptable
P02346,aadhaar,pan,name,Arun Babu,ARUN BABU,case_spacing,acceptable
P02346,aadhaar,marksheet_10,name,Arun Babu,ARUN B,initial,acceptable
P02346,aadhaar,marksheet_12,name,Arun Babu,ARUN B,initial,acceptable
P02347,aadhaar,pan,name,Jyothi Varma,JYOTHI VARMA,case_spacing,acceptable
P02348,aadhaar,pan,name,Sumit Tiwari,SUMIT TIWARI,case_spacing,acceptable
P02349,aadhaar,pan,name,Priya Ramesh,PRIYA RAMESH,case_spacing,acceptable
P02349,aadhaar,marksheet_10,name,Priya Ramesh,PRIYA R,initial,acceptable
P02349,aadhaar,marksheet_12,name,Priya Ramesh,PRIYA R,initial,acceptable
P02350,aadhaar,pan,name,Balaji Siva,BALAJI SIVA,case_spacing,acceptable
P02350,aadhaar,marksheet_10,name,Balaji Siva,BALAJI S,initial,acceptable
P02350,aadhaar,marksheet_12,name,Balaji Siva,BALAJI S,initial,acceptable
P02351,aadhaar,pan,name,Dhwani Joshi,DHWANI JOSHI,case_spacing,acceptable
P02352,aadhaar,pan,name,Jithin Pillai,JITHIN PILLAI,case_spacing,acceptable
P02352,aadhaar,birth_certificate,name,Jithin Pillai,Zithin Pillai,spelling_variant,risky
P02353,aadhaar,pan,name,Shreya Gupta,SHREYA GUPTA,case_spacing,acceptable
P02354,aadhaar,pan,name,Nithya Manikandan,NITHYA MANIKANDAN,case_spacing,acceptable
P02354,aadhaar,marksheet_10,name,Nithya Manikandan,NITHYA M,initial,acceptable
P02354,aadhaar,marksheet_12,name,Nithya Manikandan,NITHYA M,initial,acceptable
P02355,aadhaar,pan,name,Bhoomika Gowda,BHOOMIKA GOWDA,case_spacing,acceptable
P02356,aadhaar,pan,name,Prasad Rao,PRASAD RAO,case_spacing,acceptable
P02357,aadhaar,pan,name,Divya Chowdary,DIVYA CHOWDARY,case_spacing,acceptable
P02358,aadhaar,pan,name,Komal Verma,KOMAL VERMA,case_spacing,acceptable
P02359,aadhaar,pan,name,Pradeep Chauhan,PRADEEP CHAUHAN,case_spacing,acceptable
P02360,aadhaar,pan,name,Murugan Babu,MURUGAN BABU,case_spacing,acceptable
P02360,aadhaar,marksheet_10,name,Murugan Babu,MURUGAN B,initial,acceptable
P02360,aadhaar,marksheet_12,name,Murugan Babu,MURUGAN B,initial,acceptable
P02361,aadhaar,pan,name,Arjun Panicker,ARJUN PANICKER,case_spacing,acceptable
P02362,aadhaar,pan,name,Kavya Prakash,KAVYA PRAKASH,case_spacing,acceptable
P02362,aadhaar,marksheet_10,name,Kavya Prakash,KAVYA P,initial,acceptable
P02362,aadhaar,marksheet_12,name,Kavya Prakash,KAVYA P,initial,acceptable
P02363,aadhaar,pan,name,Arif Syed,ARIF SYED,case_spacing,acceptable
P02364,aadhaar,pan,name,Sumit Chauhan,SUMIT CHAUHAN,case_spacing,acceptable
P02365,aadhaar,pan,name,Sharon Pereira,SHARON PEREIRA,case_spacing,acceptable
P02366,aadhaar,pan,name,Manjunath Shetty,MANJUNATH SHETTY,case_spacing,acceptable
P02367,aadhaar,pan,name,Rutuja Desai,RUTUJA DESAI,case_spacing,acceptable
P02367,aadhaar,pan,dob,1998-01-05,1999-01-05,year_shift,critical
P02368,aadhaar,pan,name,Raghavendra Gowda,RAGHAVENDRA GOWDA,case_spacing,acceptable
P02369,aadhaar,pan,name,Jyothi Rao,JYOTHI RAO,case_spacing,acceptable
P02370,aadhaar,pan,name,Vignesh Selvam,VIGNESH SELVAM,case_spacing,acceptable
P02370,aadhaar,marksheet_10,name,Vignesh Selvam,VIGNESH S,initial,acceptable
P02370,aadhaar,marksheet_10,father_name,Selvam,Sellvam,spelling_variant,risky
P02370,aadhaar,marksheet_12,name,Vignesh Selvam,VIGNESH S,initial,acceptable
P02370,aadhaar,passport,name,Vignesh Selvam,Wignesh Selvam,spelling_variant,risky
P02370,aadhaar,passport,gender,M,F,flipped,critical
P02371,aadhaar,pan,name,Venkatesh Varma,VENKATESH VARMA,case_spacing,acceptable
P02372,aadhaar,pan,name,Ayesha Qureshi,AYESHA QURESHI,case_spacing,acceptable
P02373,aadhaar,pan,name,Rahul Varghese,RAHUL VARGHESE,case_spacing,acceptable
P02374,aadhaar,pan,name,Sreya Banerjee,SREYA BANERJEE,case_spacing,acceptable
P02375,aadhaar,pan,name,Madhuri Joshi,MADHURI JOSHI,case_spacing,acceptable
P02376,aadhaar,pan,name,Fathima Khan,FATHIMA KHAN,case_spacing,acceptable
P02376,aadhaar,marksheet_10,father_name,Arif Khan,Areef Khan,spelling_variant,risky
P02377,aadhaar,pan,name,Tejas Patil,TEJAS PATIL,case_spacing,acceptable
P02377,aadhaar,marksheet_10,father_name,Harsh Patil,Hars Patil,spelling_variant,risky
P02378,aadhaar,pan,name,Thomas Pereira,THOMAS PEREIRA,case_spacing,acceptable
P02379,aadhaar,pan,name,David D'Souza,DAVID D'SOUZA,case_spacing,acceptable
P02380,aadhaar,pan,name,Priyanka Tiwari,PRIYANKA TIWARI,case_spacing,acceptable
P02381,aadhaar,pan,name,Pooja Agarwal,POOJA AGARWAL,case_spacing,acceptable
P02382,aadhaar,pan,name,Sowmya Senthil,SOWMYA SENTHIL,case_spacing,acceptable
P02382,aadhaar,marksheet_10,name,Sowmya Senthil,SOWMYA S,initial,acceptable
P02382,aadhaar,marksheet_12,name,Sowmya Senthil,SOWMYA S,initial,acceptable
P02382,aadhaar,birth_certificate,name,Sowmya Senthil,S. Sowmya,initial,acceptable
P02383,aadhaar,pan,name,Omkar Shah,OMKAR SHAH,case_spacing,acceptable
P02383,aadhaar,marksheet_12,father_name,Harsh Shah,Haarsh Shah,spelling_variant,risky
P02384,aadhaar,pan,name,Deepak Chauhan,DEEPAK CHAUHAN,case_spacing,acceptable
P02385,aadhaar,pan,name,Irfan Syed,Irfann Syed,spelling_variant,risky
P02386,aadhaar,pan,name,Madhavan Murugan,MADHAVAN MURUGAN,case_spacing,acceptable
P02386,aadhaar,marksheet_10,name,Madhavan Murugan,MADHAVAN M,initial,acceptable
P02386,aadhaar,marksheet_12,name,Madhavan Murugan,MADHAVAN M,initial,acceptable
P02387,aadhaar,pan,name,Keerthana Senthil,KEERTHANA SENTHIL,case_spacing,acceptable
P02387,aadhaar,marksheet_10,name,Keerthana Senthil,KEERTHANA S,initial,acceptable
P02387,aadhaar,marksheet_12,name,Keerthana Senthil,KEERTHANA S,initial,acceptable
P02388,aadhaar,pan,name,Jay Joshi,JAY JOSHI,case_spacing,acceptable
P02388,aadhaar,marksheet_10,name,Jay Joshi,Jaay Joshi,spelling_variant,risky
P02389,aadhaar,pan,name,Jithin Kurup,JITHIN KURUP,case_spacing,acceptable
P02390,aadhaar,pan,name,Akhil Varghese,AKHIL VARGHESE,case_spacing,acceptable
P02391,aadhaar,pan,name,Nandini Rao,NANDINI RAO,case_spacing,acceptable
P02391,aadhaar,marksheet_12,name,Nandini Rao,Naandini Rao,spelling_variant,risky
P02392,aadhaar,pan,name,Rutuja Deshpande,RUTUJA DESHPANDE,case_spacing,acceptable
P02392,aadhaar,pan,father_name,Tejas Deshpande,Tezas Deshpande,spelling_variant,risky
P02392,aadhaar,marksheet_10,name,Rutuja Deshpande,Rootuja Deshpande,spelling_variant,risky
P02393,aadhaar,pan,name,Arun Vignesh,ARUN VIGNESH,case_spacing,acceptable
P02393,aadhaar,marksheet_10,name,Arun Vignesh,ARUN V,initial,acceptable
P02393,aadhaar,marksheet_12,name,Arun Vignesh,ARUN V,initial,acceptable
P02394,aadhaar,pan,name,Sanju Kurup,SANJU KURUP,case_spacing,acceptable
P02395,aadhaar,pan,name,Arif Qureshi,ARIF QURESHI,case_spacing,acceptable
P02396,aadhaar,pan,name,Sumit Yadav,SUMIT YADAV,case_spacing,acceptable
P02397,aadhaar,pan,name,Sneha Singh,SNEHA SINGH,case_spacing,acceptable
P02398,aadhaar,pan,name,Revathi Siva,REVATHI SIVA,case_spacing,acceptable
P02398,aadhaar,marksheet_10,name,Revathi Siva,Hari Menon,different_person,critical
P02398,aadhaar,marksheet_12,name,Revathi Siva,REVATHI S,initial,acceptable
P02398,aadhaar,birth_certificate,name,Revathi Siva,S. Revathi,initial,acceptable
P02399,aadhaar,pan,name,Grace Joseph,GRACE JOSEPH,case_spacing,acceptable
P02399,aadhaar,passport,gender,F,M,flipped,critical
P02400,aadhaar,pan,name,Sowmya Ramesh,SOWMYA RAMESH,case_spacing,acceptable
P02400,aadhaar,marksheet_10,name,Sowmya Ramesh,SOWMYA R,initial,acceptable
P02400,aadhaar,marksheet_12,name,Sowmya Ramesh,SOWMYA R,initial,acceptable
P02401,aadhaar,pan,name,Darshan Gowda,DARSHAN GOWDA,case_spacing,acceptable
P02402,aadhaar,pan,name,Sravani Chowdary,SRAVANI CHOWDARY,case_spacing,acceptable
P02403,aadhaar,pan,name,Ravi Raju,RAVI RAJU,case_spacing,acceptable
P02404,aadhaar,pan,name,Pooja Sharma,POOJA SHARMA,case_spacing,acceptable
P02405,aadhaar,pan,name,Anand Kurup,ANAND KURUP,case_spacing,acceptable
P02406,aadhaar,pan,name,Arif Qureshi,ARIF QURESHI,case_spacing,acceptable
P02407,aadhaar,pan,name,Vikram Chauhan,VIKRAM CHAUHAN,case_spacing,acceptable
P02407,aadhaar,marksheet_10,father_name,Sumit Chauhan,Sumith Chauhan,spelling_variant,risky
P02408,aadhaar,pan,name,Malathi Sundar,MALATHI SUNDAR,case_spacing,acceptable
P02408,aadhaar,marksheet_10,name,Malathi Sundar,MALATHI S,initial,acceptable
P02408,aadhaar,marksheet_12,name,Malathi Sundar,MALATHI S,initial,acceptable
P02409,aadhaar,pan,name,Sanju Panicker,SANJU PANICKER,case_spacing,acceptable
P02410,aadhaar,pan,name,Debashis Mukherjee,DEBASHIS MUKHERJEE,case_spacing,acceptable
P02411,aadhaar,pan,name,Divya Kurup,DIVYA KURUP,case_spacing,acceptable
P02411,aadhaar,marksheet_10,dob,2001-06-01,2001-01-06,day_month_swap,critical
P02412,aadhaar,pan,name,Revathi Arun,REVATHI ARUN,case_spacing,acceptable
P02412,aadhaar,marksheet_10,name,Revathi Arun,REVATHI A,initial,acceptable
P02412,aadhaar,marksheet_12,name,Revathi Arun,REVATHI A,initial,acceptable
P02412,aadhaar,birth_certificate,name,Revathi Arun,A. Revathi,initial,acceptable
P02413,aadhaar,pan,name,Sourav Roy,SOURAV ROY,case_spacing,acceptable
P02414,aadhaar,pan,name,Shilpa Gowda,SHILPA GOWDA,case_spacing,acceptable
P02415,aadhaar,pan,name,Saranya Ramesh,SARANYA RAMESH,case_spacing,acceptable
P02415,aadhaar,marksheet_10,name,Saranya Ramesh,SARANYA R,initial,acceptable
P02415,aadhaar,marksheet_12,name,Saranya Ramesh,SARANYA R,initial,acceptable
P02416,aadhaar,pan,name,Girish Hegde,GIRISH HEGDE,case_spacing,acceptable
P02417,aadhaar,pan,name,Gayathri Elango,Gaytahri Elango,spelling_variant,risky
P02417,aadhaar,marksheet_10,name,Gayathri Elango,GAYATHRI E,initial,acceptable
P02417,aadhaar,marksheet_12,name,Gayathri Elango,GAYATHRI E,initial,acceptable
P02418,aadhaar,pan,name,Abirami Senthil,ABIRAMI SENTHIL,case_spacing,acceptable
P02418,aadhaar,marksheet_10,name,Abirami Senthil,ABIRAMI S,initial,acceptable
P02418,aadhaar,marksheet_12,name,Abirami Senthil,ABIRAMI S,initial,acceptable
P02418,aadhaar,birth_certificate,dob,2001-12-18,2001-12-17,day_shift,critical
P02419,aadhaar,pan,name,Sameer Ansari,SAMEER ANSARI,case_spacing,acceptable
P02420,aadhaar,pan,name,Malathi Vignesh,MALATHI VIGNESH,case_spacing,acceptable
P02420,aadhaar,marksheet_10,name,Malathi Vignesh,MALATHI V,initial,acceptable
P02420,aadhaar,marksheet_12,name,Malathi Vignesh,MALATHI V,initial,acceptable
P02421,aadhaar,pan,name,Bhoomika Hegde,BHOOMIKA HEGDE,case_spacing,acceptable
P02421,aadhaar,pan,dob,2001-01-01,2001-01-03,day_shift,critical
P02422,aadhaar,pan,name,Sowmya Siva,SOWMYA SIVA,case_spacing,acceptable
P02422,aadhaar,marksheet_10,name,Sowmya Siva,SOWMYA S,initial,acceptable
P02422,aadhaar,marksheet_12,name,Sowmya Siva,SOWMYA S,initial,acceptable
P02423,aadhaar,pan,name,Rukhsar Sheikh,RUKHSAR SHEIKH,case_spacing,acceptable
P02424,aadhaar,pan,name,Kavitha Hegde,KAVITHA HEGDE,case_spacing,acceptable
P02424,aadhaar,marksheet_10,name,Kavitha Hegde,Revathi Ramesh,different_person,critical
P02425,aadhaar,pan,name,Riya Ghosh,RIYA GHOSH,case_spacing,acceptable
P02426,aadhaar,pan,name,Chaitanya Varma,CHAITANYA VARMA,case_spacing,acceptable
P02427,aadhaar,pan,name,Rukhsar Pathan,RUKHSAR PATHAN,case_spacing,acceptable
P02428,aadhaar,pan,name,Naveen Kulkarni,NAVEEN KULKARNI,case_spacing,acceptable
P02428,aadhaar,marksheet_10,dob,2002-10-20,2001-10-20,year_shift,critical
P02428,aadhaar,passport,address,"No. 113, Gandhi Road, Saket, Coimbatore, Tamil Nadu - 641910","No. 98, Nehru Street, Koramangala, Noida, Uttar Pradesh - 201607",different_address,risky
P02429,aadhaar,pan,name,Krupa Patil,KRUPA PATIL,case_spacing,acceptable
P02430,aadhaar,pan,name,Ritu Sharma,RITU SHARMA,case_spacing,acceptable
P02430,aadhaar,marksheet_12,father_name,Rahul Sharma,Rahull Sharma,spelling_variant,risky
P02430,aadhaar,birth_certificate,dob,2005-08-25,2005-08-24,day_shift,critical
P02431,aadhaar,pan,name,Sana Sheikh,SANA SHEIKH,case_spacing,acceptable
P02431,aadhaar,marksheet_10,name,Sana Sheikh,Shana Sheikh,spelling_variant,risky
P02432,aadhaar,pan,name,Sayali Mehta,SAYALI MEHTA,case_spacing,acceptable
P02432,aadhaar,marksheet_10,name,Sayali Mehta,Haritha Raju,different_person,critical
P02433,aadhaar,pan,name,Sanjay Sharma,SANJAY SHARMA,case_spacing,acceptable
P02433,aadhaar,birth_certificate,dob,2004-01-15,2005-01-15,year_shift,critical
P02434,aadhaar,pan,name,Tamilselvi Raju,TAMILSELVI RAJU,case_spacing,acceptable
P02434,aadhaar,marksheet_10,name,Tamilselvi Raju,TAMILSELVI R,initial,acceptable
P02434,aadhaar,marksheet_12,name,Tamilselvi Raju,TAMILSELVI R,initial,acceptable
P02435,aadhaar,pan,name,Keerthana Ramesh,KEERTHANA RAMESH,case_spacing,acceptable
P02435,aadhaar,marksheet_10,name,Keerthana Ramesh,KEERTHANA R,initial,acceptable
P02435,aadhaar,marksheet_12,name,Keerthana Ramesh,KEERTHANA R,initial,acceptable
P02436,aadhaar,pan,name,Deepak Agarwal,DEEPAK AGARWAL,case_spacing,acceptable
P02437,aadhaar,pan,name,Deepak Gupta,DEEPAK GUPTA,case_spacing,acceptable
P02438,aadhaar,pan,name,Archana Singh,ARCHANA SINGH,case_spacing,acceptable
P02439,aadhaar,pan,name,Revathi Prakash,REVATHI PRAKASH,case_spacing,acceptable
P02439,aadhaar,marksheet_10,name,Revathi Prakash,REVATHI P,initial,acceptable
P02439,aadhaar,marksheet_12,name,Revathi Prakash,REVATHI P,initial,acceptable
P02440,aadhaar,pan,name,Lakshmi Saravanan,LAKSHMI SARAVANAN,case_spacing,acceptable
P02440,aadhaar,marksheet_10,name,Lakshmi Saravanan,Lakshmee Saravanan,spelling_variant,risky
P02440,aadhaar,marksheet_12,name,Lakshmi Saravanan,LAKSHMI S,initial,acceptable
P02441,aadhaar,pan,name,Sharon Thomas,SHARON THOMAS,case_spacing,acceptable
P02442,aadhaar,pan,name,Prashanth Shetty,PRASHANTH SHETTY,case_spacing,acceptable
P02442,aadhaar,marksheet_10,name,Prashanth Shetty,Akhil Nair,different_person,critical
P02443,aadhaar,pan,name,Harish Bhat,HARISH BHAT,case_spacing,acceptable
P02443,aadhaar,marksheet_12,name,Harish Bhat,Haris Bhat,spelling_variant,risky
P02444,aadhaar,pan,name,Karthik Kumar,KARTHIK KUMAR,case_spacing,acceptable
P02444,aadhaar,marksheet_10,name,Karthik Kumar,KARTHIK K,initial,acceptable
P02444,aadhaar,marksheet_12,name,Karthik Kumar,KARTHIK K,initial,acceptable
P02445,aadhaar,pan,name,Vignesh Prakash,VIGNESH PRAKASH,case_spacing,acceptable
P02445,aadhaar,marksheet_10,name,Vignesh Prakash,VIGNESH P,initial,acceptable
P02445,aadhaar,marksheet_10,dob,1999-09-11,1999-11-09,day_month_swap,critical
P02445,aadhaar,marksheet_12,name,Vignesh Prakash,VIGNESH P,initial,acceptable
P02446,aadhaar,pan,name,Lakshmi Babu,LAKSHMI BABU,case_spacing,acceptable
P02446,aadhaar,marksheet_10,name,Lakshmi Babu,LAKSHMI B,initial,acceptable
P02446,aadhaar,marksheet_12,name,Lakshmi Babu,LAKSHMI B,initial,acceptable
P02447,aadhaar,pan,name,Parth Patel,PARTH PATEL,case_spacing,acceptable
P02448,aadhaar,pan,name,Asha Hegde,ASHA HEGDE,case_spacing,acceptable
P02448,aadhaar,marksheet_10,father_name,Manjunath Hegde,Manjoonath Hegde,spelling_variant,risky
P02449,aadhaar,pan,name,Harini Kumar,HARINI KUMAR,case_spacing,acceptable
P02449,aadhaar,marksheet_10,name,Harini Kumar,HARINI K,initial,acceptable
P02449,aadhaar,marksheet_12,name,Harini Kumar,HARINI K,initial,acceptable
P02450,aadhaar,pan,name,Gaurav Mishra,GAURAV MISHRA,case_spacing,acceptable
P02451,aadhaar,pan,name,Pooja Agarwal,POOJA AGARWAL,case_spacing,acceptable
P02452,aadhaar,pan,name,Rohit Sharma,ROHIT SHARMA,case_spacing,acceptable
P02453,aadhaar,pan,name,Sushma Pandey,SUSHMA PANDEY,case_spacing,acceptable
P02454,aadhaar,pan,name,Rajib Chatterjee,RAJIB CHATTERJEE,case_spacing,acceptable
P02455,aadhaar,pan,name,Pradeep Yadav,PRADEEP YADAV,case_spacing,acceptable
P02455,aadhaar,marksheet_10,dob,2001-02-20,2001-02-21,day_shift,critical
P02456,aadhaar,pan,name,Sruthi Nair,SRUTHI NAIR,case_spacing,acceptable
P02457,aadhaar,pan,name,Jithin Kurup,JITHIN KURUP,case_spacing,acceptable
P02458,aadhaar,pan,name,Aswathy Kurup,ASWATHY KURUP,case_spacing,acceptable
P02458,aadhaar,birth_certificate,father_name,Hari Kurup,Haari Kurup,spelling_variant,risky
P02459,aadhaar,pan,name,Naresh Varma,NARESH VARMA,case_spacing,acceptable
P02459,aadhaar,passport,address,"No. 17, Gandhi Road, Salt Lake, Mysuru, Karnataka - 570547","No. 155, 2nd Main, Indiranagar, Delhi, Delhi - 110278",different_address,risky
P02460,aadhaar,pan,name,Debashis Chatterjee,Dhebashis Chatterjee,spelling_variant,risky
P02461,aadhaar,pan,name,Vignesh Kumar,VIGNESH KUMAR,case_spacing,acceptable
P02461,aadhaar,marksheet_10,name,Vignesh Kumar,VIGNESH K,initial,acceptable
P02461,aadhaar,marksheet_12,name,Vignesh Kumar,VIGNESH K,initial,acceptable
P02462,aadhaar,pan,name,Suresh Raju,SURESH RAJU,case_spacing,acceptable
P02463,aadhaar,pan,name,Krupa Shah,KRUPA SHAH,case_spacing,acceptable
P02464,aadhaar,pan,name,George D'Souza,GEORGE D'SOUZA,case_spacing,acceptable
P02465,aadhaar,pan,name,Sharon D'Souza,SHARON D'SOUZA,case_spacing,acceptable
P02466,aadhaar,pan,name,Kavitha Hegde,KAVITHA HEGDE,case_spacing,acceptable
P02467,aadhaar,pan,name,Bhavani Chowdary,BHAVANI CHOWDARY,case_spacing,acceptable
P02467,aadhaar,pan,father_name,Mahesh Chowdary,Maahesh Chowdary,spelling_variant,risky
P02468,aadhaar,pan,name,Sanju Varghese,SANJU VARGHESE,case_spacing,acceptable
P02468,aadhaar,passport,address,"No. 246, MG Road, Kothrud, Delhi, Delhi - 110933","No. 216, 2nd Main, Indiranagar, Mumbai, Maharashtra - 400038",different_address,risky
P02469,aadhaar,pan,name,Velu Saravanan,VELU SARAVANAN,case_spacing,acceptable
P02469,aadhaar,marksheet_10,name,Velu Saravanan,VELU S,initial,acceptable
P02469,aadhaar,marksheet_12,name,Velu Saravanan,VELU S,initial,acceptable
P02470,aadhaar,pan,name,Sowmya Murugan,SOWMYA MURUGAN,case_spacing,acceptable
P02470,aadhaar,marksheet_10,name,Sowmya Murugan,SOWMYA M,initial,acceptable
P02470,aadhaar,marksheet_12,name,Sowmya Murugan,SOWMYA M,initial,acceptable
P02471,aadhaar,pan,name,Simran Agarwal,SIMRAN AGARWAL,case_spacing,acceptable
P02472,aadhaar,pan,name,Anjali Gupta,ANJALI GUPTA,case_spacing,acceptable
P02473,aadhaar,pan,name,Prasad Chowdary,PRASAD CHOWDARY,case_spacing,acceptable
P02474,aadhaar,pan,name,Tamilselvi Kumar,TAMILSELVI KUMAR,case_spacing,acceptable
P02474,aadhaar,marksheet_10,name,Tamilselvi Kumar,TAMILSELVI K,initial,acceptable
P02474,aadhaar,marksheet_12,name,Tamilselvi Kumar,TAMILSELVI K,initial,acceptable
P02475,aadhaar,pan,name,Rahul Verma,RAHUL VERMA,case_spacing,acceptable
P02475,aadhaar,passport,dob,2004-02-24,2003-02-24,year_shift,critical
P02476,aadhaar,pan,name,Riya Gupta,RIYA GUPTA,case_spacing,acceptable
P02476,aadhaar,marksheet_10,dob,2005-05-13,2005-05-11,day_shift,critical
P02477,aadhaar,pan,name,Pooja Tiwari,POOJA TIWARI,case_spacing,acceptable
P02478,aadhaar,pan,name,Anand Pillai,ANAND PILLAI,case_spacing,acceptable
P02478,aadhaar,passport,dob,2005-01-19,2005-01-20,day_shift,critical
P02479,aadhaar,pan,name,Nandini Kulkarni,NANDINI KULKARNI,case_spacing,acceptable
P02480,aadhaar,pan,name,Arun Madhavan,ARUN MADHAVAN,case_spacing,acceptable
P02480,aadhaar,marksheet_10,name,Arun Madhavan,ARUN M,initial,acceptable
P02480,aadhaar,marksheet_12,name,Arun Madhavan,ARUN M,initial,acceptable
P02481,aadhaar,pan,name,Satish Kulkarni,SATISH KULKARNI,case_spacing,acceptable
P02481,aadhaar,marksheet_12,father_name,Naveen Kulkarni,Naaveen Kulkarni,spelling_variant,risky
P02482,aadhaar,pan,name,Harsh Joshi,HARSH JOSHI,case_spacing,acceptable
P02483,aadhaar,pan,name,Aswathy Nair,ASWATHY NAIR,case_spacing,acceptable
P02484,aadhaar,pan,name,Pradeep Singh,PRADEEP SINGH,case_spacing,acceptable
P02485,aadhaar,pan,name,Harini Karthik,HARINI KARTHIK,case_spacing,acceptable
P02485,aadhaar,pan,dob,1999-06-29,1999-06-30,day_shift,critical
P02485,aadhaar,marksheet_10,name,Harini Karthik,HARINI K,initial,acceptable
P02485,aadhaar,marksheet_12,name,Harini Karthik,Fathima Sheikh,different_person,critical
P02486,aadhaar,pan,name,Manjunath Kulkarni,MANJUNATH KULKARNI,case_spacing,acceptable
P02486,aadhaar,marksheet_10,dob,2000-05-25,2000-05-27,day_shift,critical
P02487,aadhaar,pan,name,Mahesh Chowdary,MAHESH CHOWDARY,case_spacing,acceptable
P02488,aadhaar,pan,name,Srinivas Varma,SRINIVAS VARMA,case_spacing,acceptable
P02489,aadhaar,pan,name,Pooja Verma,POOJA VERMA,case_spacing,acceptable
P02489,aadhaar,passport,name,Pooja Verma,Poooja Verma,spelling_variant,risky
P02490,aadhaar,pan,name,Siva Prakash,Sivaa Prakash,spelling_variant,risky
P02490,aadhaar,marksheet_10,name,Siva Prakash,SIVA P,initial,acceptable
P02490,aadhaar,marksheet_12,name,Siva Prakash,SIVA P,initial,acceptable
P02491,aadhaar,pan,name,Shabana Qureshi,SHABANA QURESHI,case_spacing,acceptable
P02491,aadhaar,pan,dob,1999-08-02,1999-08-01,day_shift,critical
P02491,aadhaar,marksheet_10,name,Shabana Qureshi,Krupa Desai,different_person,critical
P02492,aadhaar,pan,name,Swathi Naidu,SWATHI NAIDU,case_spacing,acceptable
P02492,aadhaar,marksheet_10,name,Swathi Naidu,Swathee Naidu,spelling_variant,risky
P02493,aadhaar,pan,name,Sahana Bhat,SAHANA BHAT,case_spacing,acceptable
P02494,aadhaar,pan,name,Kalaiselvi Selvam,KALAISELVI SELVAM,case_spacing,acceptable
P02494,aadhaar,marksheet_10,name,Kalaiselvi Selvam,KALAISELVI S,initial,acceptable
P02494,aadhaar,marksheet_12,name,Kalaiselvi Selvam,KALAISELVI S,initial,acceptable
P02494,aadhaar,birth_certificate,name,Kalaiselvi Selvam,Kalaiseliv Selvam,spelling_variant,risky
P02495,aadhaar,pan,name,Madhavan Vignesh,MADHAVAN VIGNESH,case_spacing,acceptable
P02495,aadhaar,marksheet_10,name,Madhavan Vignesh,MADHAVAN V,initial,acceptable
P02495,aadhaar,marksheet_12,name,Madhavan Vignesh,MADHAVAN V,initial,acceptable
P02495,aadhaar,birth_certificate,name,Madhavan Vignesh,V. Madhavan,initial,acceptable
P02496,aadhaar,pan,name,Darshan Kulkarni,DARSHAN KULKARNI,case_spacing,acceptable
P02497,aadhaar,pan,name,Arun Senthil,ARUN SENTHIL,case_spacing,acceptable
P02497,aadhaar,marksheet_10,name,Arun Senthil,ARUN S,initial,acceptable
P02497,aadhaar,marksheet_12,name,Arun Senthil,ARUN S,initial,acceptable
P02497,aadhaar,birth_certificate,name,Arun Senthil,S. Arun,initial,acceptable
P02497,aadhaar,birth_certificate,dob,2001-10-05,2000-10-05,year_shift,critical
P02498,aadhaar,pan,name,Bhoomika Hegde,Bhoomeeka Hegde,spelling_variant,risky
P02499,aadhaar,pan,name,Simran Tiwari,SIMRAN TIWARI,case_spacing,acceptable
P02499,aadhaar,marksheet_12,name,Simran Tiwari,Simrann Tiwari,spelling_variant,risky
P02500,aadhaar,pan,name,Sushma Tiwari,SUSHMA TIWARI,case_spacing,acceptable
P02501,aadhaar,pan,name,Bhoomika Shetty,BHOOMIKA SHETTY,case_spacing,acceptable
P02502,aadhaar,pan,name,Sana Ansari,SANA ANSARI,case_spacing,acceptable
P02502,aadhaar,pan,dob,2003-08-12,2003-08-10,day_shift,critical
P02503,aadhaar,pan,name,Sayali Shah,SAYALI SHAH,case_spacing,acceptable
P02503,aadhaar,marksheet_10,name,Sayali Shah,Rahul Kurup,different_person,critical
P02504,aadhaar,pan,name,Arnab Roy,ARNAB ROY,case_spacing,acceptable
P02505,aadhaar,pan,name,Arjun Varghese,ARJUN VARGHESE,case_spacing,acceptable
P02506,aadhaar,pan,name,Jyothi Reddy,JYOTHI REDDY,case_spacing,acceptable
P02506,aadhaar,pan,dob,2004-05-04,2005-05-04,year_shift,critical
P02507,aadhaar,pan,name,Samuel Mathew,Samuell Mathew,spelling_variant,risky
P02508,aadhaar,pan,name,Nazia Syed,NAZIA SYED,case_spacing,acceptable
P02509,aadhaar,pan,name,Arun Karthik,ARUN KARTHIK,case_spacing,acceptable
P02509,aadhaar,marksheet_10,name,Arun Karthik,ARUN K,initial,acceptable
P02509,aadhaar,marksheet_12,name,Arun Karthik,ARUN K,initial,acceptable
P02510,aadhaar,pan,name,Siva Karthik,SIVA KARTHIK,case_spacing,acceptable
P02510,aadhaar,marksheet_10,name,Siva Karthik,SIVA K,initial,acceptable
P02510,aadhaar,marksheet_12,name,Siva Karthik,SIVA K,initial,acceptable
P02511,aadhaar,pan,name,Teresa D'Souza,TERESA D'SOUZA,case_spacing,acceptable
P02511,aadhaar,marksheet_12,father_name,Samuel D'Souza,Saamuel D'Souza,spelling_variant,risky
P02512,aadhaar,pan,name,Abdul Qureshi,ABDUL QURESHI,case_spacing,acceptable
P02513,aadhaar,pan,name,Amit Mishra,AMIT MISHRA,case_spacing,acceptable
P02513,aadhaar,pan,dob,2005-11-16,2005-11-18,day_shift,critical
P02513,aadhaar,passport,name,Amit Mishra,Amith Mishra,spelling_variant,risky
P02514,aadhaar,pan,name,Geetha Shetty,GEETHA SHETTY,case_spacing,acceptable
P02515,aadhaar,pan,name,Lekshmi Pillai,LEKSHMI PILLAI,case_spacing,acceptable
P02516,aadhaar,pan,name,Abhijit Sen,ABHIJIT SEN,case_spacing,acceptable
P02517,aadhaar,pan,name,Nikhil Menon,NIKHIL MENON,case_spacing,acceptable
P02517,aadhaar,marksheet_10,name,Nikhil Menon,Nikil Menon,spelling_variant,risky
P02518,aadhaar,pan,name,Athira Panicker,ATHIRA PANICKER,case_spacing,acceptable
P02519,aadhaar,pan,name,Karthik Murugan,KARTHIK MURUGAN,case_spacing,acceptable
P02519,aadhaar,marksheet_10,name,Karthik Murugan,KARTHIK M,initial,acceptable
P02519,aadhaar,marksheet_12,name,Karthik Murugan,KARTHIK M,initial,acceptable
P02520,aadhaar,pan,name,Kalaiselvi Kumar,KALAISELVI KUMAR,case_spacing,acceptable
P02520,aadhaar,pan,father_name,Kumar,Kumaar,spelling_variant,risky
P02520,aadhaar,marksheet_10,name,Kalaiselvi Kumar,KALAISELVI K,initial,acceptable
P02520,aadhaar,marksheet_12,name,Kalaiselvi Kumar,KALAISELVI K,initial,acceptable
P02521,aadhaar,pan,name,Geetha Shetty,GEETHA SHETTY,case_spacing,acceptable
P02521,aadhaar,marksheet_10,name,Geetha Shetty,Geethaa Shetty,spelling_variant,risky
P02522,aadhaar,pan,name,Sunitha Raju,SUNITHA RAJU,case_spacing,acceptable
P02523,aadhaar,pan,name,Rahul Singh,Amit Gupta,different_person,critical
P02524,aadhaar,pan,name,Sneha Mishra,SNEHA MISHRA,case_spacing,acceptable
P02525,aadhaar,pan,name,Sushma Mishra,SUSHMA MISHRA,case_spacing,acceptable
P02526,aadhaar,pan,name,Malathi Raju,MALATHI RAJU,case_spacing,acceptable
P02526,aadhaar,pan,dob,2004-03-05,2004-05-03,day_month_swap,critical
P02526,aadhaar,marksheet_10,name,Malathi Raju,Mallathi Raju,spelling_variant,risky
P02526,aadhaar,marksheet_12,name,Malathi Raju,MALATHI R,initial,acceptable
P02527,aadhaar,pan,name,Prasad Reddy,PRASAD REDDY,case_spacing,acceptable
P02528,aadhaar,pan,name,Subhajit Das,SUBHAJIT DAS,case_spacing,acceptable
P02529,aadhaar,pan,name,Pooja Chauhan,POOJA CHAUHAN,case_spacing,acceptable
P02530,aadhaar,pan,name,Keerthana Sundar,KEERTHANA SUNDAR,case_spacing,acceptable
P02530,aadhaar,marksheet_10,name,Keerthana Sundar,KEERTHANA S,initial,acceptable
P02530,aadhaar,marksheet_12,name,Keerthana Sundar,Keerthaana Sundar,spelling_variant,risky
P02531,aadhaar,pan,name,Pradeep Mishra,PRADEEP MISHRA,case_spacing,acceptable
P02531,aadhaar,passport,dob,2004-12-12,2004-12-13,day_shift,critical
P02532,aadhaar,pan,name,Revathi Velu,REVATHI VELU,case_spacing,acceptable
P02532,aadhaar,marksheet_10,name,Revathi Velu,REVATHI V,initial,acceptable
P02532,aadhaar,marksheet_12,name,Revathi Velu,REVATHI V,initial,acceptable
P02533,aadhaar,pan,name,Nazia Pathan,NAZIA PATHAN,case_spacing,acceptable
P02534,aadhaar,pan,name,Sandeep Chauhan,SANDEEP CHAUHAN,case_spacing,acceptable
P02535,aadhaar,pan,name,Irfan Pathan,IRFAN PATHAN,case_spacing,acceptable
P02536,aadhaar,pan,name,Saranya Siva,SARANYA SIVA,case_spacing,acceptable
P02536,aadhaar,marksheet_10,name,Saranya Siva,SARANYA S,initial,acceptable
P02536,aadhaar,marksheet_12,name,Saranya Siva,SARANYA S,initial,acceptable
P02537,aadhaar,pan,name,Chaitanya Reddy,CHAITANYA REDDY,case_spacing,acceptable
P02538,aadhaar,pan,name,Vaishnavi Kumar,VAISHNAVI KUMAR,case_spacing,acceptable
P02538,aadhaar,marksheet_10,name,Vaishnavi Kumar,VAISHNAVI K,initial,acceptable
P02538,aadhaar,marksheet_12,name,Vaishnavi Kumar,VAISHNAVI K,initial,acceptable
P02539,aadhaar,pan,name,Divya Reddy,DIVYA REDDY,case_spacing,acceptable
P02539,aadhaar,pan,father_name,Srinivas Reddy,Sreenivas Reddy,spelling_variant,risky
P02540,aadhaar,pan,name,Ayesha Sheikh,AYESHA SHEIKH,case_spacing,acceptable
P02541,aadhaar,pan,name,Shabana Qureshi,SHABANA QURESHI,case_spacing,acceptable
P02542,aadhaar,pan,name,Madhuri Raju,MADHURI RAJU,case_spacing,acceptable
P02543,aadhaar,pan,name,Ayesha Ansari,AYESHA ANSARI,case_spacing,acceptable
P02544,aadhaar,pan,name,Ankit Agarwal,ANKIT AGARWAL,case_spacing,acceptable
P02545,aadhaar,pan,name,Rukhsar Khan,RUKHSAR KHAN,case_spacing,acceptable
P02545,aadhaar,birth_certificate,name,Rukhsar Khan,Naresh Reddy,different_person,critical
P02546,aadhaar,pan,name,Kavitha Gowda,KAVITHA GOWDA,case_spacing,acceptable
P02547,aadhaar,pan,name,Srinivas Reddy,SRINIVAS REDDY,case_spacing,acceptable
P02547,aadhaar,marksheet_10,name,Srinivas Reddy,Sriniwas Reddy,spelling_variant,risky
P02548,aadhaar,pan,name,Mohammed Ansari,MOHAMMED ANSARI,case_spacing,acceptable
P02549,aadhaar,pan,name,Vikram Singh,Viram Singh,spelling_variant,risky
P02550,aadhaar,pan,name,Moumita Das,MOUMITA DAS,case_spacing,acceptable
P02550,aadhaar,birth_certificate,name,Moumita Das,Moumsta Das,spelling_variant,risky
P02551,aadhaar,pan,name,Abdul Ansari,ABDUL ANSARI,case_spacing,acceptable
P02552,aadhaar,pan,name,Manikandan Balaji,MANIKANDAN BALAJI,case_spacing,acceptable
P02552,aadhaar,marksheet_10,name,Manikandan Balaji,MANIKANDAN B,initial,acceptable
P02552,aadhaar,marksheet_12,name,Manikandan Balaji,MANIKANDAN B,initial,acceptable
P02553,aadhaar,pan,name,Harish Rao,Harih Rao,spelling_variant,risky
P02554,aadhaar,pan,name,Madhuri Desai,MADHURI DESAI,case_spacing,acceptable
P02554,aadhaar,passport,name,Madhuri Desai,Maduri Desai,spelling_variant,risky
P02555,aadhaar,pan,name,Kannan Madhavan,KANNAN MADHAVAN,case_spacing,acceptable
P02555,aadhaar,marksheet_10,name,Kannan Madhavan,KANNAN M,initial,acceptable
P02555,aadhaar,marksheet_12,name,Kannan Madhavan,KANNAN M,initial,acceptable
P02555,aadhaar,birth_certificate,name,Kannan Madhavan,M. Kannan,initial,acceptable
P02556,aadhaar,pan,name,Revathi Karthik,REVATHI KARTHIK,case_spacing,acceptable
P02556,aadhaar,pan,dob,1999-10-29,1999-10-30,day_shift,critical
P02556,aadhaar,marksheet_10,name,Revathi Karthik,REVATHI K,initial,acceptable
P02556,aadhaar,marksheet_12,name,Revathi Karthik,REVATHI K,initial,acceptable
P02556,aadhaar,passport,address,"No. 84, Main Road, Koramangala, Delhi, Delhi - 110141","No. 172, MG Road, Kakkanad, Thiruvananthapuram, Kerala - 695640",different_address,risky
P02557,aadhaar,pan,name,Raju Vignesh,RAJU VIGNESH,case_spacing,acceptable
P02557,aadhaar,marksheet_10,name,Raju Vignesh,RAJU V,initial,acceptable
P02557,aadhaar,marksheet_12,name,Raju Vignesh,RAJU V,initial,acceptable
P02558,aadhaar,pan,name,Ritu Tiwari,RITU TIWARI,case_spacing,acceptable
P02558,aadhaar,marksheet_10,name,Ritu Tiwari,Ritoo Tiwari,spelling_variant,risky
P02559,aadhaar,pan,name,Rukhsar Syed,RUKHSAR SYED,case_spacing,acceptable
P02559,aadhaar,pan,dob,1999-11-01,1999-01-11,day_month_swap,critical
P02560,aadhaar,pan,name,Saravanan Vignesh,SARAVANAN VIGNESH,case_spacing,acceptable
P02560,aadhaar,marksheet_10,name,Saravanan Vignesh,SARAVANAN V,initial,acceptable
P02560,aadhaar,marksheet_12,name,Saravanan Vignesh,SARAVANAN V,initial,acceptable
P02561,aadhaar,pan,name,Komal Yadav,KOMAL YADAV,case_spacing,acceptable
P02562,aadhaar,pan,name,Naresh Reddy,NARESH REDDY,case_spacing,acceptable
P02563,aadhaar,pan,name,Anjali Singh,ANJALI SINGH,case_spacing,acceptable
P02564,aadhaar,pan,name,Riya Chatterjee,RIYA CHATTERJEE,case_spacing,acceptable
P02564,aadhaar,marksheet_12,father_name,Arnab Chatterjee,Arnnab Chatterjee,spelling_variant,risky
P02565,aadhaar,pan,name,Velu Kumar,VELU KUMAR,case_spacing,acceptable
P02565,aadhaar,marksheet_10,name,Velu Kumar,VELU K,initial,acceptable
P02565,aadhaar,marksheet_12,name,Velu Kumar,VELU K,initial,acceptable
P02565,aadhaar,passport,dob,2003-11-22,2003-11-24,day_shift,critical
P02565,aadhaar,birth_certificate,name,Velu Kumar,K. Velu,initial,acceptable
P02566,aadhaar,pan,name,Nikhil Joshi,NIKHIL JOSHI,case_spacing,acceptable
P02567,aadhaar,pan,name,Krishna Chowdary,KRISHNA CHOWDARY,case_spacing,acceptable
P02567,aadhaar,marksheet_10,father_name,Ravi Chowdary,Raavi Chowdary,spelling_variant,risky
P02567,aadhaar,marksheet_12,name,Krishna Chowdary,Kreeshna Chowdary,spelling_variant,risky
P02568,aadhaar,pan,name,Amit Mishra,AMIT MISHRA,case_spacing,acceptable
P02568,aadhaar,passport,address,"No. 165, Market Street, Salt Lake, Kolkata, West Bengal - 700741","No. 233, Main Road, Indiranagar, Hyderabad, Telangana - 500883",different_address,risky
P02569,aadhaar,pan,name,Pallavi Rao,PALLAVI RAO,case_spacing,acceptable
P02569,aadhaar,marksheet_12,name,Pallavi Rao,Pallavvi Rao,spelling_variant,risky
P02570,aadhaar,pan,name,Lakshmi Madhavan,LAKSHMI MADHAVAN,case_spacing,acceptable
P02570,aadhaar,marksheet_10,name,Lakshmi Madhavan,Laksmi Madhavan,spelling_variant,risky
P02570,aadhaar,marksheet_12,name,Lakshmi Madhavan,LAKSHMI M,initial,acceptable
P02570,aadhaar,marksheet_12,father_name,Madhavan,Madhhavan,spelling_variant,risky
P02571,aadhaar,pan,name,Elango Madhavan,ELANGO MADHAVAN,case_spacing,acceptable
P02571,aadhaar,marksheet_10,name,Elango Madhavan,ELANGO M,initial,acceptable
P02571,aadhaar,marksheet_12,name,Elango Madhavan,ELANGO M,initial,acceptable
P02571,aadhaar,birth_certificate,name,Elango Madhavan,M. Elango,initial,acceptable
P02572,aadhaar,pan,name,Madhavan Elango,MADHAVAN ELANGO,case_spacing,acceptable
P02572,aadhaar,marksheet_10,name,Madhavan Elango,MADHAVAN E,initial,acceptable
P02572,aadhaar,marksheet_12,name,Madhavan Elango,MADHAVAN E,initial,acceptable
P02573,aadhaar,pan,name,Shreya Pandey,SHREYA PANDEY,case_spacing,acceptable
P02574,aadhaar,pan,name,Indhu Saravanan,INDHU SARAVANAN,case_spacing,acceptable
P02574,aadhaar,marksheet_10,name,Indhu Saravanan,INDHU S,initial,acceptable
P02574,aadhaar,marksheet_12,name,Indhu Saravanan,INDHU S,initial,acceptable
P02575,aadhaar,pan,name,Murugan Arun,MURUGAN ARUN,case_spacing,acceptable
P02575,aadhaar,marksheet_10,name,Murugan Arun,MURUGAN A,initial,acceptable
P02575,aadhaar,marksheet_10,dob,1998-07-16,1998-07-18,day_shift,critical
P02575,aadhaar,marksheet_12,name,Murugan Arun,MURUGAN A,initial,acceptable
P02576,aadhaar,pan,name,Shilpa Kulkarni,SHILPA KULKARNI,case_spacing,acceptable
P02577,aadhaar,pan,name,Lavanya Chowdary,LAVANYA CHOWDARY,case_spacing,acceptable
P02578,aadhaar,pan,name,Komal Chauhan,KOMAL CHAUHAN,case_spacing,acceptable
P02578,aadhaar,marksheet_12,father_name,Ajay Chauhan,Ajai Chauhan,spelling_variant,risky
P02579,aadhaar,pan,name,Snehal Mehta,SNEHAL MEHTA,case_spacing,acceptable
P02580,aadhaar,pan,name,Arjun Kurup,ARJUN KURUP,case_spacing,acceptable
P02581,aadhaar,pan,name,Priyanka Agarwal,PRIYANKA AGARWAL,case_spacing,acceptable
P02582,aadhaar,pan,name,Vignesh Murugan,VIGNESH MURUGAN,case_spacing,acceptable
P02582,aadhaar,marksheet_10,name,Vignesh Murugan,VIGNESH M,initial,acceptable
P02582,aadhaar,marksheet_12,name,Vignesh Murugan,VIGNESH M,initial,acceptable
P02583,aadhaar,pan,name,Kumar Prakash,KUMAR PRAKASH,case_spacing,acceptable
P02583,aadhaar,marksheet_10,name,Kumar Prakash,KUMAR P,initial,acceptable
P02583,aadhaar,marksheet_12,name,Kumar Prakash,KUMAR P,initial,acceptable
P02583,aadhaar,passport,address,"No. 222, Nehru Street, Saket, Mumbai, Maharashtra - 400832","No. 97, Cross Road, Andheri, Coimbatore, Tamil Nadu - 641539",different_address,risky
P02584,aadhaar,pan,name,Asha Shetty,ASHA SHETTY,case_spacing,acceptable
P02584,aadhaar,pan,dob,1999-02-04,2000-02-04,year_shift,critical
P02585,aadhaar,pan,name,Srinivas Naidu,SRINIVAS NAIDU,case_spacing,acceptable
P02586,aadhaar,pan,name,Arun Kumar,ARUN KUMAR,case_spacing,acceptable
P02586,aadhaar,marksheet_10,name,Arun Kumar,ARUN K,initial,acceptable
P02586,aadhaar,marksheet_12,name,Arun Kumar,ARUN K,initial,acceptable
P02586,aadhaar,birth_certificate,dob,2001-07-02,2001-02-07,day_month_swap,critical
P02587,aadhaar,pan,name,Sowmya Velu,Sowwmya Velu,spelling_variant,risky
P02587,aadhaar,marksheet_10,name,Sowmya Velu,SOWMYA V,initial,acceptable
P02587,aadhaar,marksheet_12,name,Sowmya Velu,SOWMYA V,initial,acceptable
P02588,aadhaar,pan,name,Divya Reddy,DIVYA REDDY,case_spacing,acceptable
P02589,aadhaar,pan,name,Swathi Raju,Swaathi Raju,spelling_variant,risky
P02590,aadhaar,pan,name,Farhan Pathan,FARHAN PATHAN,case_spacing,acceptable
P02591,aadhaar,pan,name,Srinivas Naidu,SRINIVAS NAIDU,case_spacing,acceptable
P02592,aadhaar,pan,name,Malathi Selvam,MALATHI SELVAM,case_spacing,acceptable
P02592,aadhaar,marksheet_10,name,Malathi Selvam,Mallathi Selvam,spelling_variant,risky
P02592,aadhaar,marksheet_12,name,Malathi Selvam,MALATHI S,initial,acceptable
P02593,aadhaar,pan,name,Athira Nair,ATHIRA NAIR,case_spacing,acceptable
P02594,aadhaar,pan,name,Suresh Reddy,SURESH REDDY,case_spacing,acceptable
P02594,aadhaar,birth_certificate,dob,2002-07-17,2002-07-16,day_shift,critical
P02595,aadhaar,pan,name,Nithya Prakash,NITHYA PRAKASH,case_spacing,acceptable
P02595,aadhaar,marksheet_10,name,Nithya Prakash,NITHYA P,initial,acceptable
P02595,aadhaar,marksheet_12,name,Nithya Prakash,NITHYA P,initial,acceptable
P02595,aadhaar,birth_certificate,name,Nithya Prakash,P. Nithya,initial,acceptable
P02596,aadhaar,pan,name,Ajay Sharma,AJAY SHARMA,case_spacing,acceptable
P02597,aadhaar,pan,name,Chaitanya Reddy,CHAITANYA REDDY,case_spacing,acceptable
P02597,aadhaar,marksheet_12,name,Chaitanya Reddy,Janani Kannan,different_person,critical
P02598,aadhaar,pan,name,Puneeth Bhat,PUNEETH BHAT,case_spacing,acceptable
P02598,aadhaar,birth_certificate,gender,M,F,flipped,critical
P02599,aadhaar,pan,name,Karthik Prakash,KARTHIK PRAKASH,case_spacing,acceptable
P02599,aadhaar,marksheet_10,name,Karthik Prakash,Karthhik Prakash,spelling_variant,risky
P02599,aadhaar,marksheet_12,name,Karthik Prakash,KARTHIK P,initial,acceptable
P02599,aadhaar,passport,dob,2004-09-02,2004-02-09,day_month_swap,critical
P02600,aadhaar,pan,name,Kavitha Rao,KAVITHA RAO,case_spacing,acceptable
P02601,aadhaar,pan,name,Rajib Das,RAJIB DAS,case_spacing,acceptable
P02602,aadhaar,pan,name,Sushma Pandey,SUSHMA PANDEY,case_spacing,acceptable
P02602,aadhaar,marksheet_10,father_name,Sumit Pandey,Soomit Pandey,spelling_variant,risky
P02603,aadhaar,pan,name,Sushma Pandey,SUSHMA PANDEY,case_spacing,acceptable
P02604,aadhaar,pan,name,John Mathew,JOHN MATHEW,case_spacing,acceptable
P02605,aadhaar,pan,name,Kalaiselvi Balaji,KALAISELVI BALAJI,case_spacing,acceptable
P02605,aadhaar,marksheet_10,name,Kalaiselvi Balaji,KALAISELVI B,initial,acceptable
P02605,aadhaar,marksheet_12,name,Kalaiselvi Balaji,KALAISELVI B,initial,acceptable
P02606,aadhaar,pan,name,Divya Kurup,DIVYA KURUP,case_spacing,acceptable
P02607,aadhaar,pan,name,Abhijit Das,ABHIJIT DAS,case_spacing,acceptable
P02608,aadhaar,pan,name,Haritha Naidu,HARITHA NAIDU,case_spacing,acceptable
P02609,aadhaar,pan,name,Zainab Ansari,Zaiab Ansari,spelling_variant,risky
P02610,aadhaar,pan,name,Kannan Saravanan,KANNAN SARAVANAN,case_spacing,acceptable
P02610,aadhaar,marksheet_10,name,Kannan Saravanan,KANNAN S,initial,acceptable
P02610,aadhaar,marksheet_12,name,Kannan Saravanan,KANNAN S,initial,acceptable
P02611,aadhaar,pan,name,Sruthi Pillai,SRUTHI PILLAI,case_spacing,acceptable
P02612,aadhaar,pan,name,Rukhsar Pathan,RUKHSAR PATHAN,case_spacing,acceptable
P02613,aadhaar,pan,name,Kalaiselvi Murugan,KALAISELVI MURUGAN,case_spacing,acceptable
P02613,aadhaar,marksheet_10,name,Kalaiselvi Murugan,KALAISELVI M,initial,acceptable
P02613,aadhaar,marksheet_12,name,Kalaiselvi Murugan,KALAISELVI M,initial,acceptable
P02614,aadhaar,pan,name,Komal Verma,KOMAL VERMA,case_spacing,acceptable
P02615,aadhaar,pan,name,Shreya Pandey,SHREYA PANDEY,case_spacing,acceptable
P02616,aadhaar,pan,name,Joel Joseph,JOEL JOSEPH,case_spacing,acceptable
P02617,aadhaar,pan,name,Snehal Patil,SNEHAL PATIL,case_spacing,acceptable
P02617,aadhaar,pan,dob,2003-12-06,2002-12-06,year_shift,critical
P02618,aadhaar,pan,name,Asha Hegde,ASHA HEGDE,case_spacing,acceptable
P02619,aadhaar,pan,name,Anjali Nair,ANJALI NAIR,case_spacing,acceptable
P02620,aadhaar,pan,name,Vignesh Balaji,VIGNESH BALAJI,case_spacing,acceptable
P02620,aadhaar,marksheet_10,name,Vignesh Balaji,VIGNESH B,initial,acceptable
P02620,aadhaar,marksheet_12,name,Vignesh Balaji,VIGNESH B,initial,acceptable
P02621,aadhaar,pan,name,Sruthi Kurup,SRUTHI KURUP,case_spacing,acceptable
P02622,aadhaar,pan,name,Nithya Kumar,NITHYA KUMAR,case_spacing,acceptable
P02622,aadhaar,marksheet_10,name,Nithya Kumar,NITHYA K,initial,acceptable
P02622,aadhaar,marksheet_12,name,Nithya Kumar,NITHYA K,initial,acceptable
P02623,aadhaar,pan,name,Deepak Sharma,DEEPAK SHARMA,case_spacing,acceptable
P02623,aadhaar,birth_certificate,dob,2005-08-30,2004-08-28,year_shift,critical
P02624,aadhaar,pan,name,Sowmya Kumar,SOWMYA KUMAR,case_spacing,acceptable
P02624,aadhaar,marksheet_10,name,Sowmya Kumar,SOWMYA K,initial,acceptable
P02624,aadhaar,marksheet_12,name,Sowmya Kumar,SOWMYA K,initial,acceptable
P02625,aadhaar,pan,name,Girish Bhat,GIRISH BHAT,case_spacing,acceptable
P02626,aadhaar,pan,name,Puneeth Rao,PUNEETH RAO,case_spacing,acceptable
P02627,aadhaar,pan,name,Haritha Reddy,HARITHA REDDY,case_spacing,acceptable
P02628,aadhaar,pan,name,Sanju Pillai,Sanzu Pillai,spelling_variant,risky
P02629,aadhaar,pan,name,Madhavan Selvam,MADHAVAN SELVAM,case_spacing,acceptable
P02629,aadhaar,marksheet_10,name,Madhavan Selvam,MADHAVAN S,initial,acceptable
P02629,aadhaar,marksheet_12,name,Madhavan Selvam,MADHAVAN S,initial,acceptable
P02630,aadhaar,pan,name,Anjali Singh,ANJALI SINGH,case_spacing,acceptable
P02630,aadhaar,birth_certificate,father_name,Pradeep Singh,Praadeep Singh,spelling_variant,risky
P02631,aadhaar,pan,name,Pooja Sharma,POOJA SHARMA,case_spacing,acceptable
P02632,aadhaar,pan,name,Reshma Panicker,RESHMA PANICKER,case_spacing,acceptable
P02633,aadhaar,pan,name,Sunitha Chowdary,SUNITHA CHOWDARY,case_spacing,acceptable
P02634,aadhaar,pan,name,Padma Chowdary,PADMA CHOWDARY,case_spacing,acceptable
P02634,aadhaar,marksheet_10,dob,2005-09-02,2004-09-02,year_shift,critical
P02635,aadhaar,pan,name,Rahul Gupta,RAHUL GUPTA,case_spacing,acceptable
P02635,aadhaar,marksheet_10,name,Rahul Gupta,Rahool Gupta,spelling_variant,risky
P02635,aadhaar,birth_certificate,dob,2001-08-01,2000-08-01,year_shift,critical
P02636,aadhaar,pan,name,Arnab Bose,ARNAB BOSE,case_spacing,acceptable
P02636,aadhaar,marksheet_10,name,Arnab Bose,Arnab Bose,spelling_variant,risky
P02636,aadhaar,passport,address,"No. 29, Park Avenue, T Nagar, Mysuru, Karnataka - 570779","No. 142, 2nd Main, Velachery, Madurai, Tamil Nadu - 625582",different_address,risky
P02637,aadhaar,pan,name,Sneha Mishra,SNEHA MISHRA,case_spacing,acceptable
P02638,aadhaar,pan,name,Kalaiselvi Balaji,KALAISELVI BALAJI,case_spacing,acceptable
P02638,aadhaar,marksheet_10,name,Kalaiselvi Balaji,KALAISELVI B,initial,acceptable
P02638,aadhaar,marksheet_12,name,Kalaiselvi Balaji,KALAISELVI B,initial,acceptable
P02638,aadhaar,birth_certificate,name,Kalaiselvi Balaji,Kallaiselvi Balaji,spelling_variant,risky
P02639,aadhaar,pan,name,Ayesha Ansari,AYESHA ANSARI,case_spacing,acceptable
P02640,aadhaar,pan,name,Sushma Sharma,Shushma Sharma,spelling_variant,risky
P02640,aadhaar,marksheet_10,dob,1999-09-10,1999-09-12,day_shift,critical
P02641,aadhaar,pan,name,Riya Sharma,RIYA SHARMA,case_spacing,acceptable
P02642,aadhaar,pan,name,Riya Das,RIYA DAS,case_spacing,acceptable
P02642,aadhaar,birth_certificate,name,Riya Das,Raya Das,spelling_variant,risky
P02643,aadhaar,pan,name,Balaji Babu,BALAJI BABU,case_spacing,acceptable
P02643,aadhaar,marksheet_10,name,Balaji Babu,BALAJI B,initial,acceptable
P02643,aadhaar,marksheet_12,name,Balaji Babu,BALAJI B,initial,acceptable
P02644,aadhaar,pan,name,Janani Velu,JANANI VELU,case_spacing,acceptable
P02644,aadhaar,marksheet_10,name,Janani Velu,JANANI V,initial,acceptable
P02644,aadhaar,marksheet_12,name,Janani Velu,JANANI V,initial,acceptable
P02645,aadhaar,pan,name,Sundar Saravanan,SUNDAR SARAVANAN,case_spacing,acceptable
P02645,aadhaar,marksheet_10,name,Sundar Saravanan,SUNDAR S,initial,acceptable
P02645,aadhaar,marksheet_12,name,Sundar Saravanan,SUNDAR S,initial,acceptable
P02646,aadhaar,pan,name,Bhoomika Rao,BHOOMIKA RAO,case_spacing,acceptable
P02646,aadhaar,marksheet_10,father_name,Prashanth Rao,Prashant Rao,spelling_variant,risky
P02646,aadhaar,marksheet_12,name,Bhoomika Rao,Bhoomioa Rao,spelling_variant,risky
P02647,aadhaar,pan,name,Kumar Balaji,KUMAR BALAJI,case_spacing,acceptable
P02647,aadhaar,marksheet_10,name,Kumar Balaji,KUMAR B,initial,acceptable
P02647,aadhaar,marksheet_12,name,Kumar Balaji,KUMAR B,initial,acceptable
P02647,aadhaar,passport,address,"No. 15, Temple Street, Saket, Thiruvananthapuram, Kerala - 695978","No. 65, MG Road, Sector 62, Mysuru, Karnataka - 570759",different_address,risky
P02648,aadhaar,pan,name,Sowmya Elango,SOWMYA ELANGO,case_spacing,acceptable
P02648,aadhaar,marksheet_10,name,Sowmya Elango,SOWMYA E,initial,acceptable
P02648,aadhaar,marksheet_12,name,Sowmya Elango,SOWMYA E,initial,acceptable
P02648,aadhaar,passport,address,"No. 159, Church Street, Navrangpura, Noida, Uttar Pradesh - 201964","No. 110, Cross Road, Saket, Kolkata, West Bengal - 700385",different_address,risky
P02649,aadhaar,pan,name,Pradeep Gupta,PRADEEP GUPTA,case_spacing,acceptable
P02649,aadhaar,passport,address,"No. 153, Gandhi Road, Saket, Jaipur, Rajasthan - 302644","No. 232, Park Avenue, Navrangpura, Mumbai, Maharashtra - 400622",different_address,risky
P02650,aadhaar,pan,name,Sundar Senthil,SUNDAR SENTHIL,case_spacing,acceptable
P02650,aadhaar,marksheet_10,name,Sundar Senthil,SUNDAR S,initial,acceptable
P02650,aadhaar,marksheet_12,name,Sundar Senthil,SUNDAR S,initial,acceptable
P02650,aadhaar,passport,name,Sundar Senthil,Suundar Senthil,spelling_variant,risky
P02650,aadhaar,birth_certificate,name,Sundar Senthil,S. Sundar,initial,acceptable
P02651,aadhaar,pan,name,Nithya Selvam,Nitya Selvam,spelling_variant,risky
P02651,aadhaar,marksheet_10,name,Nithya Selvam,NITHYA S,initial,acceptable
P02651,aadhaar,marksheet_12,name,Nithya Selvam,NITHYA S,initial,acceptable
P02651,aadhaar,birth_certificate,dob,2002-12-17,2002-12-19,day_shift,critical
P02652,aadhaar,pan,name,Sushma Singh,SUSHMA SINGH,case_spacing,acceptable
P02652,aadhaar,pan,dob,2003-10-05,2003-10-04,day_shift,critical
P02652,aadhaar,marksheet_12,name,Sushma Singh,Sooshma Singh,spelling_variant,risky
P02653,aadhaar,pan,name,Debashis Das,DEBASHIS DAS,case_spacing,acceptable
P02653,aadhaar,marksheet_10,name,Debashis Das,Ankit Yadav,different_person,critical
P02654,aadhaar,pan,name,Sravani Chowdary,SRAVANI CHOWDARY,case_spacing,acceptable
P02655,aadhaar,pan,name,Komal Yadav,KOMAL YADAV,case_spacing,acceptable
P02655,aadhaar,marksheet_10,dob,2000-04-13,2000-04-12,day_shift,critical
P02656,aadhaar,pan,name,Simran Agarwal,SIMRAN AGARWAL,case_spacing,acceptable
P02657,aadhaar,pan,name,Samuel Pereira,SAMUEL PEREIRA,case_spacing,acceptable
P02657,aadhaar,pan,dob,2001-02-07,2001-07-02,day_month_swap,critical
P02658,aadhaar,pan,name,Sayan Bose,SAYAN BOSE,case_spacing,acceptable
P02659,aadhaar,pan,name,Prachi Shah,PRACHI SHAH,case_spacing,acceptable
P02660,aadhaar,pan,name,Akhil Panicker,AKHIL PANICKER,case_spacing,acceptable
P02661,aadhaar,pan,name,Abirami Kumar,ABIRAMI KUMAR,case_spacing,acceptable
P02661,aadhaar,marksheet_10,name,Abirami Kumar,Abeerami Kumar,spelling_variant,risky
P02661,aadhaar,marksheet_12,name,Abirami Kumar,ABIRAMI K,initial,acceptable
P02662,aadhaar,pan,name,Sowmya Manikandan,SOWMYA MANIKANDAN,case_spacing,acceptable
P02662,aadhaar,marksheet_10,name,Sowmya Manikandan,SOWMYA M,initial,acceptable
P02662,aadhaar,marksheet_12,name,Sowmya Manikandan,SOWMYA M,initial,acceptable
P02663,aadhaar,pan,name,Aniket Patel,ANIKET PATEL,case_spacing,acceptable
P02664,aadhaar,pan,name,Prakash Kumar,PRAKASH KUMAR,case_spacing,acceptable
P02664,aadhaar,marksheet_10,name,Prakash Kumar,PRAKASH K,initial,acceptable
P02664,aadhaar,marksheet_12,name,Prakash Kumar,PRAKASH K,initial,acceptable
P02665,aadhaar,pan,name,Rohit Chauhan,ROHIT CHAUHAN,case_spacing,acceptable
P02666,aadhaar,pan,name,Manikandan Babu,MANIKANDAN BABU,case_spacing,acceptable
P02666,aadhaar,marksheet_10,name,Manikandan Babu,MANIKANDAN B,initial,acceptable
P02666,aadhaar,marksheet_12,name,Manikandan Babu,MANIKANDAN B,initial,acceptable
P02667,aadhaar,pan,name,Salman Ansari,SALMAN ANSARI,case_spacing,acceptable
P02668,aadhaar,pan,name,Samuel Joseph,SAMUEL JOSEPH,case_spacing,acceptable
P02669,aadhaar,pan,name,Sneha Pandey,SNEHA PANDEY,case_spacing,acceptable
P02670,aadhaar,pan,name,Bhoomika Rao,Boomika Rao,spelling_variant,risky
P02670,aadhaar,marksheet_12,father_name,Darshan Rao,Darshann Rao,spelling_variant,risky
P02671,aadhaar,pan,name,Amit Yadav,AMIT YADAV,case_spacing,acceptable
P02672,aadhaar,pan,name,Raju Senthil,RAJU SENTHIL,case_spacing,acceptable
P02672,aadhaar,marksheet_10,name,Raju Senthil,RAJU S,initial,acceptable
P02672,aadhaar,marksheet_12,name,Raju Senthil,RAJU S,initial,acceptable
P02672,aadhaar,birth_certificate,dob,1999-12-02,1999-02-12,day_month_swap,critical
P02673,aadhaar,pan,name,Archana Agarwal,ARCHANA AGARWAL,case_spacing,acceptable
P02674,aadhaar,pan,name,Saravanan Raju,SARAVANAN RAJU,case_spacing,acceptable
P02674,aadhaar,marksheet_10,name,Saravanan Raju,SARAVANAN R,initial,acceptable
P02674,aadhaar,marksheet_12,name,Saravanan Raju,SARAVANAN R,initial,acceptable
P02675,aadhaar,pan,name,Ayesha Pathan,AYESHA PATHAN,case_spacing,acceptable
P02676,aadhaar,pan,name,Kalaiselvi Kumar,KALAISELVI KUMAR,case_spacing,acceptable
P02676,aadhaar,marksheet_10,name,Kalaiselvi Kumar,KALAISELVI K,initial,acceptable
P02676,aadhaar,marksheet_12,name,Kalaiselvi Kumar,KALAISELVI K,initial,acceptable
P02677,aadhaar,pan,name,Manikandan Senthil,MANIKANDAN SENTHIL,case_spacing,acceptable
P02677,aadhaar,marksheet_10,name,Manikandan Senthil,MANIKANDAN S,initial,acceptable
P02677,aadhaar,marksheet_12,name,Manikandan Senthil,MANIKANDAN S,initial,acceptable
P02678,aadhaar,pan,name,Asha Shetty,ASHA SHETTY,case_spacing,acceptable
P02679,aadhaar,pan,name,Riya Yadav,RIYA YADAV,case_spacing,acceptable
P02680,aadhaar,pan,name,Pallavi Hegde,PALLAVI HEGDE,case_spacing,acceptable
P02681,aadhaar,pan,name,Haritha Raju,HARITHA RAJU,case_spacing,acceptable
P02682,aadhaar,pan,name,Indhu Saravanan,INDHU SARAVANAN,case_spacing,acceptable
P02682,aadhaar,marksheet_10,name,Indhu Saravanan,Inndhu Saravanan,spelling_variant,risky
P02682,aadhaar,marksheet_12,name,Indhu Saravanan,INDHU S,initial,acceptable
P02683,aadhaar,pan,name,Krupa Desai,KRUPA DESAI,case_spacing,acceptable
P02684,aadhaar,pan,name,Sruthi Panicker,SRUTHI PANICKER,case_spacing,acceptable
P02685,aadhaar,pan,name,Irfan Syed,IRFAN SYED,case_spacing,acceptable
P02686,aadhaar,pan,name,Naresh Varma,NARESH VARMA,case_spacing,acceptable
P02687,aadhaar,pan,name,Rashmi Bhat,RASHMI BHAT,case_spacing,acceptable
P02688,aadhaar,pan,name,Rohit Yadav,ROHIT YADAV,case_spacing,acceptable
P02689,aadhaar,pan,name,Rukhsar Qureshi,RUKHSAR QURESHI,case_spacing,acceptable
P02689,aadhaar,marksheet_10,father_name,Sameer Qureshi,Samir Qureshi,spelling_variant,risky
P02689,aadhaar,passport,address,"No. 235, Market Street, Andheri, Delhi, Delhi - 110923","No. 154, MG Road, Koramangala, Kolkata, West Bengal - 700455",different_address,risky
P02690,aadhaar,pan,name,Abdul Syed,ABDUL SYED,case_spacing,acceptable
P02690,aadhaar,marksheet_10,name,Abdul Syed,Abbdul Syed,spelling_variant,risky
P02691,aadhaar,pan,name,Subhajit Banerjee,SUBHAJIT BANERJEE,case_spacing,acceptable
P02692,aadhaar,pan,name,Lakshmi Raju,LAKSHMI RAJU,case_spacing,acceptable
P02692,aadhaar,marksheet_10,name,Lakshmi Raju,LAKSHMI R,initial,acceptable
P02692,aadhaar,marksheet_12,name,Lakshmi Raju,LAKSHMI R,initial,acceptable
P02693,aadhaar,pan,name,Imran Pathan,IMRAN PATHAN,case_spacing,acceptable
P02694,aadhaar,pan,name,Shilpa Bhat,SHILPA BHAT,case_spacing,acceptable
P02694,aadhaar,birth_certificate,gender,F,M,flipped,critical
P02695,aadhaar,pan,name,Fathima Ansari,FATHIMA ANSARI,case_spacing,acceptable
P02695,aadhaar,marksheet_12,father_name,Irfan Ansari,Irfann Ansari,spelling_variant,risky
P02696,aadhaar,pan,name,Aswathy Pillai,ASWATHY PILLAI,case_spacing,acceptable
P02696,aadhaar,marksheet_12,name,Aswathy Pillai,Aswatuy Pillai,spelling_variant,risky
P02697,aadhaar,pan,name,Imran Khan,IMRAN KHAN,case_spacing,acceptable
P02698,aadhaar,pan,name,Ishita Mukherjee,ISHITA MUKHERJEE,case_spacing,acceptable
P02699,aadhaar,pan,name,Pooja Singh,POOJA SINGH,case_spacing,acceptable
P02700,aadhaar,pan,name,Ravi Reddy,RAVI REDDY,case_spacing,acceptable
P02701,aadhaar,pan,name,Irfan Pathan,IRFAN PATHAN,case_spacing,acceptable
P02702,aadhaar,pan,name,Lekshmi Varghese,Lekshmee Varghese,spelling_variant,risky
P02703,aadhaar,pan,name,Chaitanya Naidu,CHAITANYA NAIDU,case_spacing,acceptable
P02703,aadhaar,marksheet_10,father_name,Kiran Naidu,Kirann Naidu,spelling_variant,risky
P02704,aadhaar,pan,name,Naresh Chowdary,NARESH CHOWDARY,case_spacing,acceptable
P02704,aadhaar,marksheet_10,dob,2005-02-16,2005-02-17,day_shift,critical
P02705,aadhaar,pan,name,Sayan Mukherjee,SAYAN MUKHERJEE,case_spacing,acceptable
P02706,aadhaar,pan,name,Naresh Rao,NARESH RAO,case_spacing,acceptable
P02707,aadhaar,pan,name,Arun Siva,ARUN SIVA,case_spacing,acceptable
P02707,aadhaar,marksheet_10,name,Arun Siva,ARUN S,initial,acceptable
P02707,aadhaar,marksheet_12,name,Arun Siva,ARUN S,initial,acceptable
P02707,aadhaar,passport,address,"No. 18, 4th Cross, Banjara Hills, Delhi, Delhi - 110883","No. 154, Station Road, Kakkanad, Kochi, Kerala - 682505",different_address,risky
P02708,aadhaar,pan,name,Rohit Mishra,ROHIT MISHRA,case_spacing,acceptable
P02709,aadhaar,pan,name,Senthil Manikandan,Sentihl Manikandan,spelling_variant,risky
P02709,aadhaar,marksheet_10,name,Senthil Manikandan,SENTHIL M,initial,acceptable
P02709,aadhaar,marksheet_12,name,Senthil Manikandan,SENTHIL M,initial,acceptable
P02710,aadhaar,pan,name,Sneha Agarwal,SNEHA AGARWAL,case_spacing,acceptable
P02711,aadhaar,pan,name,Shreya Sharma,SHREYA SHARMA,case_spacing,acceptable
P02711,aadhaar,passport,address,"No. 45, Temple Street, Banjara Hills, Pune, Maharashtra - 411870","No. 176, Station Road, Indiranagar, Pune, Maharashtra - 411542",different_address,risky
P02711,aadhaar,birth_certificate,father_name,Pradeep Sharma,Pradip Sharma,spelling_variant,risky
P02712,aadhaar,pan,name,Pooja Agarwal,POOJA AGARWAL,case_spacing,acceptable
P02712,aadhaar,passport,address,"No. 4, MG Road, Navrangpura, Thiruvananthapuram, Kerala - 695742","No. 104, Lake View Road, Velachery, Thiruvananthapuram, Kerala - 695241",different_address,risky
P02713,aadhaar,pan,name,Archana Agarwal,ARCHANA AGARWAL,case_spacing,acceptable
P02714,aadhaar,pan,name,Jessica Pereira,Jessicaa Pereira,spelling_variant,risky
P02714,aadhaar,marksheet_12,name,Jessica Pereira,Shabana Qureshi,different_person,critical
P02714,aadhaar,marksheet_12,father_name,Joseph Pereira,Josheph Pereira,spelling_variant,risky
P02715,aadhaar,pan,name,Mohammed Ansari,MOHAMMED ANSARI,case_spacing,acceptable
P02716,aadhaar,pan,name,Shashank Bhat,SHASHANK BHAT,case_spacing,acceptable
P02717,aadhaar,pan,name,Sushma Pandey,SUSHMA PANDEY,case_spacing,acceptable
P02718,aadhaar,pan,name,Moumita Sen,MOUMITA SEN,case_spacing,acceptable
P02719,aadhaar,pan,name,Manikandan Balaji,MANIKANDAN BALAJI,case_spacing,acceptable
P02719,aadhaar,marksheet_10,name,Manikandan Balaji,MANIKANDAN B,initial,acceptable
P02719,aadhaar,marksheet_12,name,Manikandan Balaji,MANIKANDAN B,initial,acceptable
P02720,aadhaar,pan,name,Archana Pandey,ARCHANA PANDEY,case_spacing,acceptable
P02721,aadhaar,pan,name,Mahesh Varma,MAHESH VARMA,case_spacing,acceptable
P02722,aadhaar,pan,name,Madhuri Varma,MADHURI VARMA,case_spacing,acceptable
P02723,aadhaar,pan,name,Rutuja Kulkarni,RUTUJA KULKARNI,case_spacing,acceptable
P02724,aadhaar,pan,name,Sreejith Panicker,SREEJITH PANICKER,case_spacing,acceptable
P02725,aadhaar,pan,name,Harini Kannan,HARINI KANNAN,case_spacing,acceptable
P02725,aadhaar,marksheet_10,name,Harini Kannan,HARINI K,initial,acceptable
P02725,aadhaar,marksheet_12,name,Harini Kannan,HARINI K,initial,acceptable
P02726,aadhaar,pan,name,Sneha Singh,SNEHA SINGH,case_spacing,acceptable
P02727,aadhaar,pan,name,Rahul Pandey,RAHUL PANDEY,case_spacing,acceptable
P02728,aadhaar,pan,name,Padma Raju,PADMA RAJU,case_spacing,acceptable
P02729,aadhaar,pan,name,Rajib Chatterjee,RAJIB CHATTERJEE,case_spacing,acceptable
P02730,aadhaar,pan,name,Sahana Kulkarni,SAHANA KULKARNI,case_spacing,acceptable
P02731,aadhaar,pan,name,John Joseph,JOHN JOSEPH,case_spacing,acceptable
P02731,aadhaar,marksheet_10,name,John Joseph,Zohn Joseph,spelling_variant,risky
P02732,aadhaar,pan,name,Kalaiselvi Madhavan,Kaalaiselvi Madhavan,spelling_variant,risky
P02732,aadhaar,marksheet_10,name,Kalaiselvi Madhavan,KALAISELVI M,initial,acceptable
P02732,aadhaar,marksheet_12,name,Kalaiselvi Madhavan,KALAISELVI M,initial,acceptable
P02733,aadhaar,pan,name,Jennifer Thomas,JENNIFER THOMAS,case_spacing,acceptable
P02733,aadhaar,marksheet_12,name,Jennifer Thomas,Zennifer Thomas,spelling_variant,risky
P02734,aadhaar,pan,name,Ajay Mishra,Ajoy Mishra,spelling_variant,risky
P02735,aadhaar,pan,name,Rahul Sharma,RAHUL SHARMA,case_spacing,acceptable
P02736,aadhaar,pan,name,Samuel Fernandes,SAMUEL FERNANDES,case_spacing,acceptable
P02736,aadhaar,birth_certificate,name,Samuel Fernandes,Shamuel Fernandes,spelling_variant,risky
P02737,aadhaar,pan,name,Ravi Chowdary,RAVI CHOWDARY,case_spacing,acceptable
P02738,aadhaar,pan,name,Dhwani Mehta,DHWANI MEHTA,case_spacing,acceptable
P02739,aadhaar,pan,name,Vikram Chauhan,VIKRAM CHAUHAN,case_spacing,acceptable
P02740,aadhaar,pan,name,Balaji Elango,BALAJI ELANGO,case_spacing,acceptable
P02740,aadhaar,marksheet_10,name,Balaji Elango,BALAJI E,initial,acceptable
P02740,aadhaar,marksheet_12,name,Balaji Elango,BALAJI E,initial,acceptable
P02741,aadhaar,pan,name,Sana Khan,SANA KHAN,case_spacing,acceptable
P02741,aadhaar,marksheet_12,father_name,Arif Khan,Areef Khan,spelling_variant,risky
P02741,aadhaar,passport,name,Sana Khan,Sona Khan,spelling_variant,risky
P02742,aadhaar,pan,name,Thomas Pereira,THOMAS PEREIRA,case_spacing,acceptable
P02743,aadhaar,pan,name,Riya Banerjee,RIYA BANERJEE,case_spacing,acceptable
P02743,aadhaar,marksheet_12,father_name,Sayan Banerjee,Shayan Banerjee,spelling_variant,risky
P02744,aadhaar,pan,name,Priyanka Verma,PRIYANKA VERMA,case_spacing,acceptable
P02744,aadhaar,marksheet_12,name,Priyanka Verma,Preeyanka Verma,spelling_variant,risky
P02745,aadhaar,pan,name,Ananya Mukherjee,ANANYA MUKHERJEE,case_spacing,acceptable
P02746,aadhaar,pan,name,Ravi Varma,RAVI VARMA,case_spacing,acceptable
P02746,aadhaar,marksheet_10,name,Ravi Varma,Raavi Varma,spelling_variant,risky
P02747,aadhaar,pan,name,Sneha Sharma,SNEHA SHARMA,case_spacing,acceptable
P02748,aadhaar,pan,name,Debashis Roy,DEBASHIS ROY,case_spacing,acceptable
P02749,aadhaar,pan,name,Tejas Mehta,TEJAS MEHTA,case_spacing,acceptable
P02750,aadhaar,pan,name,Prashanth Shetty,PRASHANTH SHETTY,case_spacing,acceptable
P02751,aadhaar,pan,name,Rahul Pandey,RAHUL PANDEY,case_spacing,acceptable
P02752,aadhaar,pan,name,Shilpa Hegde,SHILPA HEGDE,case_spacing,acceptable
P02752,aadhaar,passport,name,Shilpa Hegde,Shalpa Hegde,spelling_variant,risky
P02753,aadhaar,pan,name,Rahul Tiwari,RAHUL TIWARI,case_spacing,acceptable
P02754,aadhaar,pan,name,Simran Tiwari,SIMRAN TIWARI,case_spacing,acceptable
P02755,aadhaar,pan,name,Arun Selvam,ARUN SELVAM,case_spacing,acceptable
P02755,aadhaar,marksheet_10,name,Arun Selvam,ARUN S,initial,acceptable
P02755,aadhaar,marksheet_12,name,Arun Selvam,ARUN S,initial,acceptable
P02756,aadhaar,pan,name,Bhoomika Hegde,BHOOMIKA HEGDE,case_spacing,acceptable
P02757,aadhaar,pan,name,Vikram Singh,VIKRAM SINGH,case_spacing,acceptable
P02758,aadhaar,pan,name,Lakshmi Saravanan,LAKSHMI SARAVANAN,case_spacing,acceptable
P02758,aadhaar,marksheet_10,name,Lakshmi Saravanan,LAKSHMI S,initial,acceptable
P02758,aadhaar,marksheet_12,name,Lakshmi Saravanan,LAKSHMI S,initial,acceptable
P02759,aadhaar,pan,name,Karthik Sundar,KARTHIK SUNDAR,case_spacing,acceptable
P02759,aadhaar,pan,dob,2000-04-27,1999-04-27,year_shift,critical
P02759,aadhaar,marksheet_10,name,Karthik Sundar,KARTHIK S,initial,acceptable
P02759,aadhaar,marksheet_12,name,Karthik Sundar,KARTHIK S,initial,acceptable
P02760,aadhaar,pan,name,Rahul Mishra,RAHUL MISHRA,case_spacing,acceptable
P02761,aadhaar,pan,name,Komal Tiwari,KOMAL TIWARI,case_spacing,acceptable
P02762,aadhaar,pan,name,Rahul Agarwal,RAHUL AGARWAL,case_spacing,acceptable
P02762,aadhaar,marksheet_12,name,Rahul Agarwal,Raahul Agarwal,spelling_variant,risky
P02763,aadhaar,pan,name,Vaishnavi Balaji,VAISHNAVI BALAJI,case_spacing,acceptable
P02763,aadhaar,marksheet_10,name,Vaishnavi Balaji,VAISHNAVI B,initial,acceptable
P02763,aadhaar,marksheet_12,name,Vaishnavi Balaji,VAISHNAVI B,initial,acceptable
P02763,aadhaar,birth_certificate,name,Vaishnavi Balaji,B. Vaishnavi,initial,acceptable
P02764,aadhaar,pan,name,Pradeep Yadav,PRADEEP YADAV,case_spacing,acceptable
P02764,aadhaar,marksheet_12,father_name,Ankit Yadav,Annkit Yadav,spelling_variant,risky
P02765,aadhaar,pan,name,Kavitha Rao,KAVITHA RAO,case_spacing,acceptable
P02766,aadhaar,pan,name,Rashmi Shetty,RASHMI SHETTY,case_spacing,acceptable
P02766,aadhaar,birth_certificate,gender,F,M,flipped,critical
P02767,aadhaar,pan,name,Ajay Yadav,AJAY YADAV,case_spacing,acceptable
P02768,aadhaar,pan,name,Jennifer Fernandes,JENNIFER FERNANDES,case_spacing,acceptable
P02769,aadhaar,pan,name,Elango Sundar,ELANGO SUNDAR,case_spacing,acceptable
P02769,aadhaar,marksheet_10,name,Elango Sundar,ELANGO S,initial,acceptable
P02769,aadhaar,marksheet_12,name,Elango Sundar,ELANGO S,initial,acceptable
P02769,aadhaar,passport,name,Elango Sundar,Elanngo Sundar,spelling_variant,risky
P02769,aadhaar,passport,address,"No. 129, MG Road, Anna Nagar, Mumbai, Maharashtra - 400339","No. 114, Station Road, Indiranagar, Noida, Uttar Pradesh - 201542",different_address,risky
P02770,aadhaar,pan,name,Pradeep Agarwal,PRADEEP AGARWAL,case_spacing,acceptable
P02771,aadhaar,pan,name,Arun Ramesh,ARUN RAMESH,case_spacing,acceptable
P02771,aadhaar,marksheet_10,name,Arun Ramesh,ARUN R,initial,acceptable
P02771,aadhaar,marksheet_12,name,Arun Ramesh,ARUN R,initial,acceptable
P02771,aadhaar,birth_certificate,name,Arun Ramesh,R. Arun,initial,acceptable
P02772,aadhaar,pan,name,Subhajit Das,SUBHAJIT DAS,case_spacing,acceptable
P02773,aadhaar,pan,name,Neethu Nair,NEETHU NAIR,case_spacing,acceptable
P02774,aadhaar,pan,name,Venkatesh Rao,VENKATESH RAO,case_spacing,acceptable
P02775,aadhaar,pan,name,Shilpa Bhat,SHILPA BHAT,case_spacing,acceptable
P02776,aadhaar,pan,name,Riya Sharma,RIYA SHARMA,case_spacing,acceptable
P02776,aadhaar,marksheet_10,dob,2001-11-08,2001-11-10,day_shift,critical
P02777,aadhaar,pan,name,Indhu Siva,INDHU SIVA,case_spacing,acceptable
P02777,aadhaar,marksheet_10,name,Indhu Siva,INDHU S,initial,acceptable
P02777,aadhaar,marksheet_12,name,Indhu Siva,INDHU S,initial,acceptable
P02778,aadhaar,pan,name,Lavanya Reddy,LAVANYA REDDY,case_spacing,acceptable
P02779,aadhaar,pan,name,Sneha Singh,SNEHA SINGH,case_spacing,acceptable
P02780,aadhaar,pan,name,Bhavani Varma,BHAVANI VARMA,case_spacing,acceptable
P02780,aadhaar,passport,dob,1999-07-29,1999-07-27,day_shift,critical
P02781,aadhaar,pan,name,Jithin Varghese,JITHIN VARGHESE,case_spacing,acceptable
P02782,aadhaar,pan,name,Girish Hegde,GIRISH HEGDE,case_spacing,acceptable
P02782,aadhaar,passport,name,Girish Hegde,Girishh Hegde,spelling_variant,risky
P02783,aadhaar,pan,name,Harsh Deshpande,HARSH DESHPANDE,case_spacing,acceptable
P02784,aadhaar,pan,name,Hari Pillai,HARI PILLAI,case_spacing,acceptable
P02784,aadhaar,marksheet_12,name,Hari Pillai,Haoi Pillai,spelling_variant,risky
P02785,aadhaar,pan,name,Farhan Qureshi,FARHAN QURESHI,case_spacing,acceptable
P02786,aadhaar,pan,name,Manjunath Hegde,MANJUNATH HEGDE,case_spacing,acceptable
P02787,aadhaar,pan,name,Debashis Chatterjee,DEBASHIS CHATTERJEE,case_spacing,acceptable
P02788,aadhaar,pan,name,Ankit Chauhan,ANKIT CHAUHAN,case_spacing,acceptable
P02788,aadhaar,marksheet_10,name,Ankit Chauhan,Janani Senthil,different_person,critical
P02789,aadhaar,pan,name,Abdul Pathan,ABDUL PATHAN,case_spacing,acceptable
P02790,aadhaar,pan,name,Sneha Mishra,SNEHA MISHRA,case_spacing,acceptable
P02790,aadhaar,marksheet_10,father_name,Gaurav Mishra,Gaoorav Mishra,spelling_variant,risky
P02790,aadhaar,passport,address,"No. 163, Gandhi Road, Kothrud, Jaipur, Rajasthan - 302276","No. 6, Gandhi Road, Indiranagar, Chennai, Tamil Nadu - 600230",different_address,risky
P02790,aadhaar,birth_certificate,name,Sneha Mishra,Snneha Mishra,spelling_variant,risky
P02791,aadhaar,pan,name,Mohammed Ansari,Mohammd Ansari,spelling_variant,risky
P02791,aadhaar,pan,father_name,Imran Ansari,Imrann Ansari,spelling_variant,risky
P02792,aadhaar,pan,name,Sumit Yadav,SUMIT YADAV,case_spacing,acceptable
P02793,aadhaar,pan,name,Gaurav Yadav,GAURAV YADAV,case_spacing,acceptable
P02794,aadhaar,pan,name,Salman Syed,SALMAN SYED,case_spacing,acceptable
P02794,aadhaar,passport,address,"No. 116, Market Street, Saket, Chennai, Tamil Nadu - 600289","No. 24, Church Street, Navrangpura, Mumbai, Maharashtra - 400947",different_address,risky
P02795,aadhaar,pan,name,Teresa Pereira,TERESA PEREIRA,case_spacing,acceptable
P02795,aadhaar,passport,gender,F,M,flipped,critical
P02796,aadhaar,pan,name,Rashmi Hegde,RASHMI HEGDE,case_spacing,acceptable
P02797,aadhaar,pan,name,Irfan Syed,IRFAN SYED,case_spacing,acceptable
P02798,aadhaar,pan,name,Neha Verma,NEHA VERMA,case_spacing,acceptable
P02799,aadhaar,pan,name,Prakash Madhavan,PRAKASH MADHAVAN,case_spacing,acceptable
P02799,aadhaar,marksheet_10,name,Prakash Madhavan,PRAKASH M,initial,acceptable
P02799,aadhaar,marksheet_12,name,Prakash Madhavan,PRAKASH M,initial,acceptable
P02800,aadhaar,pan,name,Vikram Yadav,VIKRAM YADAV,case_spacing,acceptable
P02800,aadhaar,marksheet_12,name,Vikram Yadav,Vikraam Yadav,spelling_variant,risky
P02801,aadhaar,pan,name,Shreya Yadav,SHREYA YADAV,case_spacing,acceptable
P02802,aadhaar,pan,name,Sruthi Varghese,SRUTHI VARGHESE,case_spacing,acceptable
P02803,aadhaar,pan,name,Haritha Reddy,HARITHA REDDY,case_spacing,acceptable
P02804,aadhaar,pan,name,Daniel Pereira,DANIEL PEREIRA,case_spacing,acceptable
P02805,aadhaar,pan,name,Sagar Mehta,SAGAR MEHTA,case_spacing,acceptable
P02805,aadhaar,passport,name,Sagar Mehta,Vishnu Pillai,different_person,critical
P02806,aadhaar,pan,name,Aswathy Kurup,ASWATHY KURUP,case_spacing,acceptable
P02807,aadhaar,pan,name,Ayesha Khan,AYESHA KHAN,case_spacing,acceptable
P02808,aadhaar,pan,name,Yamini Elango,YAMINI ELANGO,case_spacing,acceptable
P02808,aadhaar,marksheet_10,name,Yamini Elango,YAMINI E,initial,acceptable
P02808,aadhaar,marksheet_12,name,Yamini Elango,YAMINI E,initial,acceptable
P02809,aadhaar,pan,name,Rashmi Kulkarni,RASHMI KULKARNI,case_spacing,acceptable
P02810,aadhaar,pan,name,Chaitanya Naidu,CHAITANYA NAIDU,case_spacing,acceptable
P02811,aadhaar,pan,name,Keerthana Selvam,KEERTHANA SELVAM,case_spacing,acceptable
P02811,aadhaar,marksheet_10,name,Keerthana Selvam,KEERTHANA S,initial,acceptable
P02811,aadhaar,marksheet_12,name,Keerthana Selvam,KEERTHANA S,initial,acceptable
P02812,aadhaar,pan,name,Swathi Naidu,SWATHI NAIDU,case_spacing,acceptable
P02813,aadhaar,pan,name,Anjali Tiwari,ANJALI TIWARI,case_spacing,acceptable
P02813,aadhaar,pan,father_name,Sanjay Tiwari,Sanzay Tiwari,spelling_variant,risky
P02814,aadhaar,pan,name,Dhwani Shah,DHWANI SHAH,case_spacing,acceptable
P02815,aadhaar,pan,name,Raju Prakash,RAJU PRAKASH,case_spacing,acceptable
P02815,aadhaar,pan,dob,2001-02-07,2002-02-07,year_shift,critical
P02815,aadhaar,marksheet_10,name,Raju Prakash,RAJU P,initial,acceptable
P02815,aadhaar,marksheet_12,name,Raju Prakash,RAJU P,initial,acceptable
P02816,aadhaar,pan,name,Riya Gupta,RIYA GUPTA,case_spacing,acceptable
P02816,aadhaar,pan,father_name,Ankit Gupta,Ankeet Gupta,spelling_variant,risky
P02817,aadhaar,pan,name,Nandini Gowda,NANDINI GOWDA,case_spacing,acceptable
P02817,aadhaar,passport,name,Nandini Gowda,Nanddini Gowda,spelling_variant,risky
P02817,aadhaar,passport,gender,F,M,flipped,critical
P02818,aadhaar,pan,name,Nazia Syed,NAZIA SYED,case_spacing,acceptable
P02819,aadhaar,pan,name,Shreya Gupta,SHREYA GUPTA,case_spacing,acceptable
P02820,aadhaar,pan,name,Karthik Murugan,KARTHIK MURUGAN,case_spacing,acceptable
P02820,aadhaar,marksheet_10,name,Karthik Murugan,KARTHIK M,initial,acceptable
P02820,aadhaar,marksheet_12,name,Karthik Murugan,Kartheek Murugan,spelling_variant,risky
P02821,aadhaar,pan,name,Bhavani Naidu,BHAVANI NAIDU,case_spacing,acceptable
P02822,aadhaar,pan,name,Madhavan Sundar,MADHAVAN SUNDAR,case_spacing,acceptable
P02822,aadhaar,marksheet_10,name,Madhavan Sundar,MADHAVAN S,initial,acceptable
P02822,aadhaar,marksheet_12,name,Madhavan Sundar,MADHAVAN S,initial,acceptable
P02823,aadhaar,pan,name,Sanju Varghese,SANJU VARGHESE,case_spacing,acceptable
P02824,aadhaar,pan,name,Mohammed Sheikh,MOHAMMED SHEIKH,case_spacing,acceptable
P02824,aadhaar,birth_certificate,dob,2001-04-06,2001-04-04,day_shift,critical
P02824,aadhaar,birth_certificate,gender,M,F,flipped,critical
P02825,aadhaar,pan,name,Gopika Menon,GOPIKA MENON,case_spacing,acceptable
P02825,aadhaar,birth_certificate,name,Gopika Menon,Gopikaa Menon,spelling_variant,risky
P02826,aadhaar,pan,name,Jyothi Rao,JYOTHI RAO,case_spacing,acceptable
P02827,aadhaar,pan,name,Tejas Patel,TEJAS PATEL,case_spacing,acceptable
P02828,aadhaar,pan,name,Neha Pandey,NEHA PANDEY,case_spacing,acceptable
P02829,aadhaar,pan,name,Sagar Joshi,SAGAR JOSHI,case_spacing,acceptable
P02830,aadhaar,pan,name,Raju Kumar,RAJU KUMAR,case_spacing,acceptable
P02830,aadhaar,marksheet_10,name,Raju Kumar,RAJU K,initial,acceptable
P02830,aadhaar,marksheet_12,name,Raju Kumar,Raaju Kumar,spelling_variant,risky
P02831,aadhaar,pan,name,Farhan Qureshi,FARHAN QURESHI,case_spacing,acceptable
P02832,aadhaar,pan,name,Keerthana Kannan,KEERTHANA KANNAN,case_spacing,acceptable
P02832,aadhaar,marksheet_10,name,Keerthana Kannan,KEERTHANA K,initial,acceptable
P02832,aadhaar,marksheet_12,name,Keerthana Kannan,KEERTHANA K,initial,acceptable
P02833,aadhaar,pan,name,Swathi Naidu,SWATHI NAIDU,case_spacing,acceptable
P02834,aadhaar,pan,name,Amit Yadav,AMIT YADAV,case_spacing,acceptable
P02834,aadhaar,pan,dob,2005-12-06,2005-12-04,day_shift,critical
P02834,aadhaar,marksheet_12,father_name,Pradeep Yadav,Pradip Yadav,spelling_variant,risky
P02835,aadhaar,pan,name,Vaishnavi Siva,VAISHNAVI SIVA,case_spacing,acceptable
P02835,aadhaar,marksheet_10,name,Vaishnavi Siva,VAISHNAVI S,initial,acceptable
P02835,aadhaar,marksheet_12,name,Vaishnavi Siva,Sagar Joshi,different_person,critical
P02835,aadhaar,birth_certificate,name,Vaishnavi Siva,S. Vaishnavi,initial,acceptable
P02836,aadhaar,pan,name,Jennifer Joseph,Jennnifer Joseph,spelling_variant,risky
P02837,aadhaar,pan,name,Harsh Shah,HARSH SHAH,case_spacing,acceptable
P02838,aadhaar,pan,name,Hari Panicker,Haree Panicker,spelling_variant,risky
P02839,aadhaar,pan,name,Asha Rao,ASHA RAO,case_spacing,acceptable
P02839,aadhaar,passport,address,"No. 245, 4th Cross, Salt Lake, Kochi, Kerala - 682419","No. 229, Main Road, Malviya Nagar, Jaipur, Rajasthan - 302083",different_address,risky
P02840,aadhaar,pan,name,Sravani Varma,SRAVANI VARMA,case_spacing,acceptable
P02840,aadhaar,pan,dob,2004-10-30,2004-10-28,day_shift,critical
P02841,aadhaar,pan,name,Bhoomika Rao,BHOOMIKA RAO,case_spacing,acceptable
P02842,aadhaar,pan,name,Rahul Varghese,RAHUL VARGHESE,case_spacing,acceptable
P02843,aadhaar,pan,name,Angel D'Souza,ANGEL D'SOUZA,case_spacing,acceptable
P02844,aadhaar,pan,name,Sanjay Gupta,SANJAY GUPTA,case_spacing,acceptable
P02845,aadhaar,pan,name,Shabana Ansari,SHABANA ANSARI,case_spacing,acceptable
P02845,aadhaar,pan,dob,2000-12-09,2000-09-12,day_month_swap,critical
P02846,aadhaar,pan,name,Rukhsar Sheikh,RUKHSAR SHEIKH,case_spacing,acceptable
P02846,aadhaar,passport,address,"No. 191, Station Road, Jayanagar, Noida, Uttar Pradesh - 201052","No. 41, Nehru Street, Malviya Nagar, Coimbatore, Tamil Nadu - 641814",different_address,risky
P02847,aadhaar,pan,name,Saravanan Raju,Sharavanan Raju,spelling_variant,risky
P02847,aadhaar,marksheet_10,name,Saravanan Raju,SARAVANAN R,initial,acceptable
P02847,aadhaar,marksheet_12,name,Saravanan Raju,SARAVANAN R,initial,acceptable
P02847,aadhaar,passport,address,"No. 225, Market Street, Banjara Hills, Kochi, Kerala - 682961","No. 148, Market Street, Andheri, Noida, Uttar Pradesh - 201696",different_address,risky
P02848,aadhaar,pan,name,Kumar Kannan,Koomar Kannan,spelling_variant,risky
P02848,aadhaar,marksheet_10,name,Kumar Kannan,KUMAR K,initial,acceptable
P02848,aadhaar,marksheet_12,name,Kumar Kannan,KUMAR K,initial,acceptable
P02848,aadhaar,birth_certificate,dob,1998-04-30,1998-05-01,day_shift,critical
P02849,aadhaar,pan,name,Saranya Saravanan,SARANYA SARAVANAN,case_spacing,acceptable
P02849,aadhaar,marksheet_10,name,Saranya Saravanan,SARANYA S,initial,acceptable
P02849,aadhaar,marksheet_12,name,Saranya Saravanan,SARANYA S,initial,acceptable
P02850,aadhaar,pan,name,Sourav Banerjee,SOURAV BANERJEE,case_spacing,acceptable
P02851,aadhaar,pan,name,Malathi Ramesh,MALATHI RAMESH,case_spacing,acceptable
P02851,aadhaar,marksheet_10,name,Malathi Ramesh,MALATHI R,initial,acceptable
P02851,aadhaar,marksheet_12,name,Malathi Ramesh,MALATHI R,initial,acceptable
P02852,aadhaar,pan,name,Amit Agarwal,AMIT AGARWAL,case_spacing,acceptable
P02853,aadhaar,pan,name,Fathima Qureshi,FATHIMA QURESHI,case_spacing,acceptable
P02854,aadhaar,pan,name,Meena Arun,MEENA ARUN,case_spacing,acceptable
P02854,aadhaar,marksheet_10,name,Meena Arun,MEENA A,initial,acceptable
P02854,aadhaar,marksheet_12,name,Meena Arun,Meenaa Arun,spelling_variant,risky
P02855,aadhaar,pan,name,Sundar Karthik,SUNDAR KARTHIK,case_spacing,acceptable
P02855,aadhaar,marksheet_10,name,Sundar Karthik,SUNDAR K,initial,acceptable
P02855,aadhaar,marksheet_10,dob,2001-03-05,2001-03-04,day_shift,critical
P02855,aadhaar,marksheet_12,name,Sundar Karthik,SUNDAR K,initial,acceptable
P02856,aadhaar,pan,name,Athira Panicker,ATHIRA PANICKER,case_spacing,acceptable
P02857,aadhaar,pan,name,Girish Gowda,GIRISH GOWDA,case_spacing,acceptable
P02858,aadhaar,pan,name,Sayali Mehta,SAYALI MEHTA,case_spacing,acceptable
P02858,aadhaar,marksheet_12,name,Sayali Mehta,Syali Mehta,spelling_variant,risky
P02859,aadhaar,pan,name,Malathi Senthil,MALATHI SENTHIL,case_spacing,acceptable
P02859,aadhaar,pan,father_name,Senthil,Senthill,spelling_variant,risky
P02859,aadhaar,marksheet_10,name,Malathi Senthil,MALATHI S,initial,acceptable
P02859,aadhaar,marksheet_12,name,Malathi Senthil,MALATHI S,initial,acceptable
P02859,aadhaar,birth_certificate,name,Malathi Senthil,S. Malathi,initial,acceptable
P02860,aadhaar,pan,name,Sumit Mishra,SUMIT MISHRA,case_spacing,acceptable
P02861,aadhaar,pan,name,David Joseph,DAVID JOSEPH,case_spacing,acceptable
P02861,aadhaar,pan,dob,2000-12-23,2000-12-21,day_shift,critical
P02862,aadhaar,pan,name,Ritu Singh,RITU SINGH,case_spacing,acceptable
P02862,aadhaar,passport,name,Ritu Singh,Ritoo Singh,spelling_variant,risky
P02863,aadhaar,pan,name,Anjali Kurup,ANJALI KURUP,case_spacing,acceptable
P02864,aadhaar,pan,name,Kannan Balaji,KANNAN BALAJI,case_spacing,acceptable
P02864,aadhaar,marksheet_10,name,Kannan Balaji,KANNAN B,initial,acceptable
P02864,aadhaar,marksheet_12,name,Kannan Balaji,KANNAN B,initial,acceptable
P02865,aadhaar,pan,name,Murugan Babu,MURUGAN BABU,case_spacing,acceptable
P02865,aadhaar,marksheet_10,name,Murugan Babu,MURUGAN B,initial,acceptable
P02865,aadhaar,marksheet_12,name,Murugan Babu,MURUGAN B,initial,acceptable
P02866,aadhaar,pan,name,Krishna Rao,KRISHNA RAO,case_spacing,acceptable
P02867,aadhaar,pan,name,Sayan Roy,SAYAN ROY,case_spacing,acceptable
P02868,aadhaar,pan,name,Ritu Sharma,RITU SHARMA,case_spacing,acceptable
P02868,aadhaar,marksheet_12,name,Ritu Sharma,Reetu Sharma,spelling_variant,risky
P02869,aadhaar,pan,name,Senthil Elango,SENTHIL ELANGO,case_spacing,acceptable
P02869,aadhaar,marksheet_10,name,Senthil Elango,SENTHIL E,initial,acceptable
P02869,aadhaar,marksheet_12,name,Senthil Elango,SENTHIL E,initial,acceptable
P02870,aadhaar,pan,name,Sandeep Gupta,SANDEEP GUPTA,case_spacing,acceptable
P02870,aadhaar,marksheet_10,name,Sandeep Gupta,Saandeep Gupta,spelling_variant,risky
P02871,aadhaar,pan,name,Prachi Deshpande,PRACHI DESHPANDE,case_spacing,acceptable
P02872,aadhaar,pan,name,Vishnu Panicker,VISHNU PANICKER,case_spacing,acceptable
P02873,aadhaar,pan,name,Sravani Raju,SRAVANI RAJU,case_spacing,acceptable
P02873,aadhaar,passport,address,"No. 238, Temple Street, Velachery, Madurai, Tamil Nadu - 625535","No. 144, Nehru Street, Kothrud, Noida, Uttar Pradesh - 201458",different_address,risky
P02874,aadhaar,pan,name,Senthil Karthik,SENTHIL KARTHIK,case_spacing,acceptable
P02874,aadhaar,marksheet_10,name,Senthil Karthik,SENTHIL K,initial,acceptable
P02874,aadhaar,marksheet_12,name,Senthil Karthik,Shenthil Karthik,spelling_variant,risky
P02875,aadhaar,pan,name,Anjali Nair,ANJALI NAIR,case_spacing,acceptable
P02876,aadhaar,pan,name,Kiran Varma,KIRAN VARMA,case_spacing,acceptable
P02877,aadhaar,pan,name,Madhuri Naidu,MADHURI NAIDU,case_spacing,acceptable
P02877,aadhaar,marksheet_10,dob,2000-02-13,2000-02-11,day_shift,critical
P02878,aadhaar,pan,name,Ritu Singh,RITU SINGH,case_spacing,acceptable
P02879,aadhaar,pan,name,Lakshmi Madhavan,LAKSHMI MADHAVAN,case_spacing,acceptable
P02879,aadhaar,marksheet_10,name,Lakshmi Madhavan,LAKSHMI M,initial,acceptable
P02879,aadhaar,marksheet_12,name,Lakshmi Madhavan,LAKSHMI M,initial,acceptable
P02880,aadhaar,pan,name,Arjun Panicker,ARJUN PANICKER,case_spacing,acceptable
P02881,aadhaar,pan,name,Salman Ansari,SALMAN ANSARI,case_spacing,acceptable
P02882,aadhaar,pan,name,Vikram Gupta,VIKRAM GUPTA,case_spacing,acceptable
P02883,aadhaar,pan,name,Tamilselvi Balaji,TAMILSELVI BALAJI,case_spacing,acceptable
P02883,aadhaar,marksheet_10,name,Tamilselvi Balaji,Mahesh Rao,different_person,critical
P02883,aadhaar,marksheet_12,name,Tamilselvi Balaji,TAMILSELVI B,initial,acceptable
P02884,aadhaar,pan,name,Pradeep Verma,Pradheep Verma,spelling_variant,risky
P02885,aadhaar,pan,name,Nikhil Nair,NIKHIL NAIR,case_spacing,acceptable
P02886,aadhaar,pan,name,Snehal Deshpande,SNEHAL DESHPANDE,case_spacing,acceptable
P02887,aadhaar,pan,name,Ramesh Raju,RAMESH RAJU,case_spacing,acceptable
P02887,aadhaar,marksheet_10,name,Ramesh Raju,Ramsh Raju,spelling_variant,risky
P02887,aadhaar,marksheet_12,name,Ramesh Raju,RAMESH R,initial,acceptable
P02888,aadhaar,pan,name,Ayesha Sheikh,AYESHA SHEIKH,case_spacing,acceptable
P02889,aadhaar,pan,name,Shashank Bhat,SHASHANK BHAT,case_spacing,acceptable
P02890,aadhaar,pan,name,Anjali Gupta,ANJALI GUPTA,case_spacing,acceptable
P02891,aadhaar,pan,name,Lavanya Reddy,LAVANYA REDDY,case_spacing,acceptable
P02891,aadhaar,passport,address,"No. 127, Nehru Street, Kothrud, Chennai, Tamil Nadu - 600991","No. 10, MG Road, Kothrud, Kolkata, West Bengal - 700740",different_address,risky
P02892,aadhaar,pan,name,Neha Singh,NEHA SINGH,case_spacing,acceptable
P02892,aadhaar,birth_certificate,dob,1998-11-12,1998-11-14,day_shift,critical
P02893,aadhaar,pan,name,Kalaiselvi Vignesh,KALAISELVI VIGNESH,case_spacing,acceptable
P02893,aadhaar,marksheet_10,name,Kalaiselvi Vignesh,KALAISELVI V,initial,acceptable
P02893,aadhaar,marksheet_12,name,Kalaiselvi Vignesh,KALAISELVI V,initial,acceptable
P02894,aadhaar,pan,name,Nandini Bhat,NANDINI BHAT,case_spacing,acceptable
P02895,aadhaar,pan,name,Rashmi Gowda,RASHMI GOWDA,case_spacing,acceptable
P02895,aadhaar,marksheet_10,dob,2002-02-18,2002-02-19,day_shift,critical
P02896,aadhaar,pan,name,Arjun Pillai,ARJUN PILLAI,case_spacing,acceptable
P02897,aadhaar,pan,name,Sushma Mishra,SUSHMA MISHRA,case_spacing,acceptable
P02898,aadhaar,pan,name,Lavanya Raju,LAVANYA RAJU,case_spacing,acceptable
P02899,aadhaar,pan,name,Rohit Verma,ROHIT VERMA,case_spacing,acceptable
P02899,aadhaar,marksheet_12,name,Rohit Verma,Roit Verma,spelling_variant,risky
P02900,aadhaar,pan,name,Hari Pillai,HARI PILLAI,case_spacing,acceptable
P02901,aadhaar,pan,name,Prashanth Gowda,PRASHANTH GOWDA,case_spacing,acceptable
P02901,aadhaar,marksheet_10,dob,2004-07-11,2004-07-12,day_shift,critical
P02902,aadhaar,pan,name,Anjali Panicker,ANJALI PANICKER,case_spacing,acceptable
P02903,aadhaar,pan,name,Sahana Gowda,SAHANA GOWDA,case_spacing,acceptable
P02904,aadhaar,pan,name,Ravi Rao,RAVI RAO,case_spacing,acceptable
P02904,aadhaar,passport,address,"No. 14, 2nd Main, Kothrud, Bengaluru, Karnataka - 560176","No. 249, Park Avenue, Indiranagar, Kolkata, West Bengal - 700655",different_address,risky
P02905,aadhaar,pan,name,Harsh Shah,HARSH SHAH,case_spacing,acceptable
P02906,aadhaar,pan,name,Hari Menon,HARI MENON,case_spacing,acceptable
P02907,aadhaar,pan,name,Amit Chauhan,AMIT CHAUHAN,case_spacing,acceptable
P02907,aadhaar,birth_certificate,name,Amit Chauhan,Amith Chauhan,spelling_variant,risky
P02908,aadhaar,pan,name,Salman Syed,Salmann Syed,spelling_variant,risky
P02909,aadhaar,pan,name,Pooja Singh,POOJA SINGH,case_spacing,acceptable
P02910,aadhaar,pan,name,Priyanka Singh,PRIYANKA SINGH,case_spacing,acceptable
P02910,aadhaar,passport,dob,1998-02-18,1998-02-20,day_shift,critical
P02910,aadhaar,passport,address,"No. 246, Temple Street, Saket, Thiruvananthapuram, Kerala - 695363","No. 176, MG Road, Koramangala, Chennai, Tamil Nadu - 600356",different_address,risky
P02911,aadhaar,pan,name,Dhwani Mehta,DHWANI MEHTA,case_spacing,acceptable
P02911,aadhaar,marksheet_12,father_name,Nikhil Mehta,Nnikhil Mehta,spelling_variant,risky
P02912,aadhaar,pan,name,Ishita Das,ISHITA DAS,case_spacing,acceptable
P02913,aadhaar,pan,name,Tanushree Bose,TANUSHREE BOSE,case_spacing,acceptable
P02913,aadhaar,birth_certificate,father_name,Debashis Bose,Debaashis Bose,spelling_variant,risky
P02914,aadhaar,pan,name,Samuel D'Souza,SAMUEL D'SOUZA,case_spacing,acceptable
P02915,aadhaar,pan,name,Komal Sharma,KOMAL SHARMA,case_spacing,acceptable
P02915,aadhaar,marksheet_12,father_name,Sanjay Sharma,Saanjay Sharma,spelling_variant,risky
P02916,aadhaar,pan,name,Abirami Ramesh,ABIRAMI RAMESH,case_spacing,acceptable
P02916,aadhaar,marksheet_10,name,Abirami Ramesh,ABIRAMI R,initial,acceptable
P02916,aadhaar,marksheet_12,name,Abirami Ramesh,ABIRAMI R,initial,acceptable
P02917,aadhaar,pan,name,Rohit Pandey,ROHIT PANDEY,case_spacing,acceptable
P02918,aadhaar,pan,name,Swathi Naidu,SWATHI NAIDU,case_spacing,acceptable
P02918,aadhaar,birth_certificate,name,Swathi Naidu,Sathi Naidu,spelling_variant,risky
P02919,aadhaar,pan,name,Imran Qureshi,IMRAN QURESHI,case_spacing,acceptable
P02919,aadhaar,marksheet_10,name,Imran Qureshi,Imrran Qureshi,spelling_variant,risky
P02920,aadhaar,pan,name,Akhil Menon,AKHIL MENON,case_spacing,acceptable
P02920,aadhaar,passport,name,Akhil Menon,Akihl Menon,spelling_variant,risky
P02921,aadhaar,pan,name,Swathi Varma,SWATHI VARMA,case_spacing,acceptable
P02922,aadhaar,pan,name,Selvam Karthik,SELVAM KARTHIK,case_spacing,acceptable
P02922,aadhaar,marksheet_10,name,Selvam Karthik,SELVAM K,initial,acceptable
P02922,aadhaar,marksheet_12,name,Selvam Karthik,SELVAM K,initial,acceptable
P02923,aadhaar,pan,name,Priya Selvam,PRIYA SELVAM,case_spacing,acceptable
P02923,aadhaar,marksheet_10,name,Priya Selvam,PRIYA S,initial,acceptable
P02923,aadhaar,marksheet_12,name,Priya Selvam,PRIYA S,initial,acceptable
P02923,aadhaar,birth_certificate,name,Priya Selvam,S. Priya,initial,acceptable
P02924,aadhaar,pan,name,Rahul Pandey,RAHUL PANDEY,case_spacing,acceptable
P02925,aadhaar,pan,name,Karthik Sundar,KARTHIK SUNDAR,case_spacing,acceptable
P02925,aadhaar,marksheet_10,name,Karthik Sundar,KARTHIK S,initial,acceptable
P02925,aadhaar,marksheet_12,name,Karthik Sundar,KARTHIK S,initial,acceptable
P02925,aadhaar,birth_certificate,name,Karthik Sundar,S. Karthik,initial,acceptable
P02926,aadhaar,pan,name,Jyothi Reddy,JYOTHI REDDY,case_spacing,acceptable
P02926,aadhaar,marksheet_12,name,Jyothi Reddy,Zyothi Reddy,spelling_variant,risky
P02927,aadhaar,pan,name,Gopika Nair,GOPIKA NAIR,case_spacing,acceptable
P02927,aadhaar,pan,father_name,Jithin Nair,Jeethin Nair,spelling_variant,risky
P02928,aadhaar,pan,name,Saranya Vignesh,SARANYA VIGNESH,case_spacing,acceptable
P02928,aadhaar,marksheet_10,name,Saranya Vignesh,SARANYA V,initial,acceptable
P02928,aadhaar,marksheet_12,name,Saranya Vignesh,SARANYA V,initial,acceptable
P02928,aadhaar,passport,dob,2002-11-05,2002-05-11,day_month_swap,critical
P02929,aadhaar,pan,name,Girish Shetty,Girishh Shetty,spelling_variant,risky
P02930,aadhaar,pan,name,Satish Gowda,SATISH GOWDA,case_spacing,acceptable
P02931,aadhaar,pan,name,Chaitanya Naidu,CHAITANYA NAIDU,case_spacing,acceptable
P02932,aadhaar,pan,name,Shreya Chauhan,SHREYA CHAUHAN,case_spacing,acceptable
P02933,aadhaar,pan,name,Chaitanya Varma,CHAITANYA VARMA,case_spacing,acceptable
P02934,aadhaar,pan,name,Amit Yadav,AMIT YADAV,case_spacing,acceptable
P02934,aadhaar,passport,name,Amit Yadav,Atit Yadav,spelling_variant,risky
P02935,aadhaar,pan,name,Vishnu Nair,VISHNU NAIR,case_spacing,acceptable
P02935,aadhaar,marksheet_10,dob,1999-10-27,1999-10-25,day_shift,critical
P02936,aadhaar,pan,name,Prasad Varma,Prasda Varma,spelling_variant,risky
P02937,aadhaar,pan,name,Madhuri Rao,MADHURI RAO,case_spacing,acceptable
P02938,aadhaar,pan,name,Madhavan Prakash,MADHAVAN PRAKASH,case_spacing,acceptable
P02938,aadhaar,marksheet_10,name,Madhavan Prakash,MADHAVAN P,initial,acceptable
P02938,aadhaar,marksheet_12,name,Madhavan Prakash,MADHAVAN P,initial,acceptable
P02938,aadhaar,passport,name,Madhavan Prakash,Madhavaan Prakash,spelling_variant,risky
P02939,aadhaar,pan,name,Tejas Mehta,TEJAS MEHTA,case_spacing,acceptable
P02939,aadhaar,marksheet_10,name,Tejas Mehta,Tejsa Mehta,spelling_variant,risky
P02940,aadhaar,pan,name,Srinivas Naidu,SRINIVAS NAIDU,case_spacing,acceptable
P02941,aadhaar,pan,name,Shilpa Rao,SHILPA RAO,case_spacing,acceptable
P02942,aadhaar,pan,name,Debjani Sen,DEBJANI SEN,case_spacing,acceptable
P02943,aadhaar,pan,name,Sundar Kumar,SUNDAR KUMAR,case_spacing,acceptable
P02943,aadhaar,marksheet_10,name,Sundar Kumar,SUNDAR K,initial,acceptable
P02943,aadhaar,marksheet_12,name,Sundar Kumar,SUNDAR K,initial,acceptable
P02944,aadhaar,pan,name,Ritu Gupta,RITU GUPTA,case_spacing,acceptable
P02945,aadhaar,pan,name,Prasad Raju,PRASAD RAJU,case_spacing,acceptable
P02946,aadhaar,pan,name,Anagha Nair,ANAGHA NAIR,case_spacing,acceptable
P02946,aadhaar,pan,father_name,Hari Nair,Haree Nair,spelling_variant,risky
P02947,aadhaar,pan,name,Komal Verma,KOMAL VERMA,case_spacing,acceptable
P02948,aadhaar,pan,name,Lakshmi Madhavan,Lakhsmi Madhavan,spelling_variant,risky
P02948,aadhaar,marksheet_10,name,Lakshmi Madhavan,LAKSHMI M,initial,acceptable
P02948,aadhaar,marksheet_12,name,Lakshmi Madhavan,LAKSHMI M,initial,acceptable
P02949,aadhaar,pan,name,Simran Tiwari,SIMRAN TIWARI,case_spacing,acceptable
P02949,aadhaar,birth_certificate,name,Simran Tiwari,Sinran Tiwari,spelling_variant,risky
P02950,aadhaar,pan,name,Athira Menon,ATHIRA MENON,case_spacing,acceptable
P02951,aadhaar,pan,name,Thomas Joseph,THOMAS JOSEPH,case_spacing,acceptable
P02951,aadhaar,marksheet_10,name,Thomas Joseph,Thhomas Joseph,spelling_variant,risky
P02951,aadhaar,marksheet_10,father_name,Daniel Joseph,Danniel Joseph,spelling_variant,risky
P02952,aadhaar,pan,name,Sayan Ghosh,SAYAN GHOSH,case_spacing,acceptable
P02953,aadhaar,pan,name,Vikram Chauhan,VIKRAM CHAUHAN,case_spacing,acceptable
P02954,aadhaar,pan,name,Neha Chauhan,NEHA CHAUHAN,case_spacing,acceptable
P02955,aadhaar,pan,name,Ishita Chatterjee,ISHITA CHATTERJEE,case_spacing,acceptable
P02956,aadhaar,pan,name,Karthik Vignesh,KARTHIK VIGNESH,case_spacing,acceptable
P02956,aadhaar,marksheet_10,name,Karthik Vignesh,Kathik Vignesh,spelling_variant,risky
P02956,aadhaar,marksheet_12,name,Karthik Vignesh,KARTHIK V,initial,acceptable
P02957,aadhaar,pan,name,Rohit Chauhan,ROHIT CHAUHAN,case_spacing,acceptable
P02957,aadhaar,passport,address,"No. 181, Main Road, Navrangpura, Hyderabad, Telangana - 500461","No. 21, Lake View Road, Kakkanad, Jaipur, Rajasthan - 302067",different_address,risky
P02958,aadhaar,pan,name,Amit Mishra,AMIT MISHRA,case_spacing,acceptable
P02958,aadhaar,marksheet_10,name,Amit Mishra,Ameet Mishra,spelling_variant,risky
P02959,aadhaar,pan,name,Neha Verma,NEHA VERMA,case_spacing,acceptable
P02959,aadhaar,marksheet_10,name,Neha Verma,Nea Verma,spelling_variant,risky
P02960,aadhaar,pan,name,Hetal Patel,HETAL PATEL,case_spacing,acceptable
P02961,aadhaar,pan,name,Omkar Shah,OMKAR SHAH,case_spacing,acceptable
P02961,aadhaar,pan,father_name,Harsh Shah,Harshh Shah,spelling_variant,risky
P02962,aadhaar,pan,name,Gopika Nair,GOPIKA NAIR,case_spacing,acceptable
P02962,aadhaar,marksheet_10,name,Gopika Nair,Mary Joseph,different_person,critical
P02963,aadhaar,pan,name,Rajib Chatterjee,RAJIB CHATTERJEE,case_spacing,acceptable
P02964,aadhaar,pan,name,Neethu Nair,NEETHU NAIR,case_spacing,acceptable
P02965,aadhaar,pan,name,Prashanth Kulkarni,PRASHANTH KULKARNI,case_spacing,acceptable
P02965,aadhaar,passport,dob,1999-03-22,2000-03-22,year_shift,critical
P02966,aadhaar,pan,name,Simran Pandey,SIMRAN PANDEY,case_spacing,acceptable
P02967,aadhaar,pan,name,Manjunath Shetty,MANJUNATH SHETTY,case_spacing,acceptable
P02967,aadhaar,marksheet_12,father_name,Harish Shetty,Haris Shetty,spelling_variant,risky
P02968,aadhaar,pan,name,Haritha Rao,HARITHA RAO,case_spacing,acceptable
P02969,aadhaar,pan,name,Imran Syed,IMRAN SYED,case_spacing,acceptable
P02970,aadhaar,pan,name,Satish Rao,SATISH RAO,case_spacing,acceptable
P02971,aadhaar,pan,name,Sneha Mishra,SNEHA MISHRA,case_spacing,acceptable
P02972,aadhaar,pan,name,Sumit Tiwari,SUMIT TIWARI,case_spacing,acceptable
P02972,aadhaar,birth_certificate,dob,1998-12-24,1998-12-26,day_shift,critical
P02973,aadhaar,pan,name,Nandini Gowda,NANDINI GOWDA,case_spacing,acceptable
P02974,aadhaar,pan,name,Sumit Yadav,Simit Yadav,spelling_variant,risky
P02975,aadhaar,pan,name,Riya Gupta,RIYA GUPTA,case_spacing,acceptable
P02976,aadhaar,pan,name,Ritu Yadav,RITU YADAV,case_spacing,acceptable
P02976,aadhaar,passport,address,"No. 225, Nehru Street, Jayanagar, Madurai, Tamil Nadu - 625681","No. 26, Market Street, Kakkanad, Kochi, Kerala - 682115",different_address,risky
P02977,aadhaar,pan,name,Arun Elango,ARUN ELANGO,case_spacing,acceptable
P02977,aadhaar,marksheet_10,name,Arun Elango,ARUN E,initial,acceptable
P02977,aadhaar,marksheet_12,name,Arun Elango,Arnn Elango,spelling_variant,risky
P02978,aadhaar,pan,name,Sameer Pathan,Saaeer Pathan,spelling_variant,risky
P02979,aadhaar,pan,name,Deepak Sharma,DEEPAK SHARMA,case_spacing,acceptable
P02979,aadhaar,marksheet_12,name,Deepak Sharma,Dheepak Sharma,spelling_variant,risky
P02980,aadhaar,pan,name,Divya Varghese,DIVYA VARGHESE,case_spacing,acceptable
P02980,aadhaar,birth_certificate,name,Divya Varghese,Divvya Varghese,spelling_variant,risky
P02981,aadhaar,pan,name,Puneeth Bhat,PUNEETH BHAT,case_spacing,acceptable
P02982,aadhaar,pan,name,Rahul Chauhan,RAHUL CHAUHAN,case_spacing,acceptable
P02983,aadhaar,pan,name,Babu Prakash,BABU PRAKASH,case_spacing,acceptable
P02983,aadhaar,marksheet_10,name,Babu Prakash,BABU P,initial,acceptable
P02983,aadhaar,marksheet_12,name,Babu Prakash,BABU P,initial,acceptable
P02983,aadhaar,passport,gender,M,F,flipped,critical
P02984,aadhaar,pan,name,Irfan Qureshi,IRFAN QURESHI,case_spacing,acceptable
P02985,aadhaar,pan,name,Sumit Yadav,SUMIT YADAV,case_spacing,acceptable
P02985,aadhaar,birth_certificate,name,Sumit Yadav,Smit Yadav,spelling_variant,risky
P02986,aadhaar,pan,name,Krupa Patel,KRUPA PATEL,case_spacing,acceptable
P02987,aadhaar,pan,name,Grace Joseph,GRACE JOSEPH,case_spacing,acceptable
P02987,aadhaar,birth_certificate,name,Grace Joseph,Graec Joseph,spelling_variant,risky
P02988,aadhaar,pan,name,Sunitha Raju,SUNITHA RAJU,case_spacing,acceptable
P02988,aadhaar,marksheet_10,name,Sunitha Raju,Manjunath Shetty,different_person,critical
P02989,aadhaar,pan,name,Aniket Shah,ANIKET SHAH,case_spacing,acceptable
P02990,aadhaar,pan,name,Yamini Prakash,YAMINI PRAKASH,case_spacing,acceptable
P02990,aadhaar,marksheet_10,name,Yamini Prakash,YAMINI P,initial,acceptable
P02990,aadhaar,marksheet_12,name,Yamini Prakash,YAMINI P,initial,acceptable
P02991,aadhaar,pan,name,Sowmya Murugan,SOWMYA MURUGAN,case_spacing,acceptable
P02991,aadhaar,marksheet_10,name,Sowmya Murugan,SOWMYA M,initial,acceptable
P02991,aadhaar,marksheet_12,name,Sowmya Murugan,SOWMYA M,initial,acceptable
P02991,aadhaar,birth_certificate,name,Sowmya Murugan,M. Sowmya,initial,acceptable
P02992,aadhaar,pan,name,Lavanya Varma,LAVANYA VARMA,case_spacing,acceptable
P02993,aadhaar,pan,name,Fathima Khan,FATHIMA KHAN,case_spacing,acceptable
P02993,aadhaar,passport,address,"No. 131, Temple Street, Jayanagar, Thiruvananthapuram, Kerala - 695571","No. 240, 2nd Main, T Nagar, Kochi, Kerala - 682295",different_address,risky
P02994,aadhaar,pan,name,Kavitha Gowda,KAVITHA GOWDA,case_spacing,acceptable
P02994,aadhaar,pan,dob,2003-10-21,2004-10-21,year_shift,critical
P02995,aadhaar,pan,name,Lavanya Raju,Llavanya Raju,spelling_variant,risky
P02995,aadhaar,birth_certificate,father_name,Srinivas Raju,Shrinivas Raju,spelling_variant,risky
P02996,aadhaar,pan,name,Sharon Joseph,SHARON JOSEPH,case_spacing,acceptable
P02997,aadhaar,pan,name,Sushma Sharma,SUSHMA SHARMA,case_spacing,acceptable
P02998,aadhaar,pan,name,Mohammed Qureshi,MOHAMMED QURESHI,case_spacing,acceptable
P02999,aadhaar,pan,name,Abdul Ansari,ABDUL ANSARI,case_spacing,acceptable
P02999,aadhaar,passport,name,Abdul Ansari,Abdhul Ansari,spelling_variant,risky
P03000,aadhaar,pan,name,Rahul Singh,RAHUL SINGH,case_spacing,acceptable
P03001,aadhaar,pan,name,Amit Tiwari,AMIT TIWARI,case_spacing,acceptable
P03002,aadhaar,pan,name,Sangeetha Karthik,SANGEETHA KARTHIK,case_spacing,acceptable
P03002,aadhaar,marksheet_10,name,Sangeetha Karthik,SANGEETHA K,initial,acceptable
P03002,aadhaar,marksheet_12,name,Sangeetha Karthik,SANGEETHA K,initial,acceptable
P03003,aadhaar,pan,name,Mahesh Chowdary,MAHESH CHOWDARY,case_spacing,acceptable
P03003,aadhaar,marksheet_10,father_name,Suresh Chowdary,Sooresh Chowdary,spelling_variant,risky
P03004,aadhaar,pan,name,Raju Senthil,RAJU SENTHIL,case_spacing,acceptable
P03004,aadhaar,marksheet_10,name,Raju Senthil,RAJU S,initial,acceptable
P03004,aadhaar,marksheet_12,name,Raju Senthil,RAJU S,initial,acceptable
P03005,aadhaar,pan,name,Sagar Joshi,SAGAR JOSHI,case_spacing,acceptable
P03006,aadhaar,pan,name,Shreya Singh,SHREYA SINGH,case_spacing,acceptable
P03007,aadhaar,pan,name,Vaishnavi Raju,VAISHNAVI RAJU,case_spacing,acceptable
P03007,aadhaar,marksheet_10,name,Vaishnavi Raju,VAISHNAVI R,initial,acceptable
P03007,aadhaar,marksheet_12,name,Vaishnavi Raju,VAISHNAVI R,initial,acceptable
P03008,aadhaar,pan,name,John Joseph,JOHN JOSEPH,case_spacing,acceptable
P03009,aadhaar,pan,name,Kiran Chowdary,KIRAN CHOWDARY,case_spacing,acceptable
P03010,aadhaar,pan,name,Hetal Deshpande,HETAL DESHPANDE,case_spacing,acceptable
P03011,aadhaar,pan,name,Divya Rao,DIVYA RAO,case_spacing,acceptable
P03011,aadhaar,pan,dob,2002-07-21,2002-07-19,day_shift,critical
P03012,aadhaar,pan,name,Joseph Pereira,JOSEPH PEREIRA,case_spacing,acceptable
P03013,aadhaar,pan,name,Ajay Singh,AJAY SINGH,case_spacing,acceptable
P03014,aadhaar,pan,name,Dhwani Desai,DHWANI DESAI,case_spacing,acceptable
P03014,aadhaar,marksheet_10,father_name,Parth Desai,Paarth Desai,spelling_variant,risky
P03015,aadhaar,pan,name,Snehal Desai,SNEHAL DESAI,case_spacing,acceptable
P03015,aadhaar,marksheet_10,father_name,Tejas Desai,Tejaas Desai,spelling_variant,risky
P03016,aadhaar,pan,name,Jyothi Naidu,Zyothi Naidu,spelling_variant,risky
P03017,aadhaar,pan,name,Raju Elango,RAJU ELANGO,case_spacing,acceptable
P03017,aadhaar,marksheet_10,name,Raju Elango,RAJU E,initial,acceptable
P03017,aadhaar,marksheet_12,name,Raju Elango,RAJU E,initial,acceptable
P03017,aadhaar,birth_certificate,father_name,Elango,Elanngo,spelling_variant,risky
P03018,aadhaar,pan,name,Sushma Tiwari,SUSHMA TIWARI,case_spacing,acceptable
P03019,aadhaar,pan,name,Jay Deshpande,JAY DESHPANDE,case_spacing,acceptable
P03020,aadhaar,pan,name,Ananya Bose,ANANYA BOSE,case_spacing,acceptable
P03020,aadhaar,passport,gender,F,M,flipped,critical
P03021,aadhaar,pan,name,Debashis Das,DEBASHIS DAS,case_spacing,acceptable
P03022,aadhaar,pan,name,Gopika Nair,GOPIKA NAIR,case_spacing,acceptable
P03023,aadhaar,pan,name,Kumar Karthik,KUMAR KARTHIK,case_spacing,acceptable
P03023,aadhaar,marksheet_10,name,Kumar Karthik,KUMAR K,initial,acceptable
P03023,aadhaar,marksheet_12,name,Kumar Karthik,KUMAR K,initial,acceptable
P03024,aadhaar,pan,name,Archana Yadav,ARCHANA YADAV,case_spacing,acceptable
P03024,aadhaar,pan,dob,2002-01-27,2002-01-29,day_shift,critical
P03024,aadhaar,marksheet_10,name,Archana Yadav,Archanna Yadav,spelling_variant,risky
P03024,aadhaar,marksheet_12,father_name,Rohit Yadav,Roheet Yadav,spelling_variant,risky
P03025,aadhaar,pan,name,Manikandan Sundar,MANIKANDAN SUNDAR,case_spacing,acceptable
P03025,aadhaar,pan,father_name,Sundar,Sunndar,spelling_variant,risky
P03025,aadhaar,pan,dob,2003-03-29,2002-03-28,year_shift,critical
P03025,aadhaar,marksheet_10,name,Manikandan Sundar,MANIKANDAN S,initial,acceptable
P03025,aadhaar,marksheet_12,name,Manikandan Sundar,MANIKANDAN S,initial,acceptable
P03026,aadhaar,pan,name,Raju Murugan,RAJU MURUGAN,case_spacing,acceptable
P03026,aadhaar,marksheet_10,name,Raju Murugan,RAJU M,initial,acceptable
P03026,aadhaar,marksheet_12,name,Raju Murugan,RAJU M,initial,acceptable
P03027,aadhaar,pan,name,Asha Shetty,ASHA SHETTY,case_spacing,acceptable
P03028,aadhaar,pan,name,Selvam Kannan,SELVAM KANNAN,case_spacing,acceptable
P03028,aadhaar,marksheet_10,name,Selvam Kannan,SELVAM K,initial,acceptable
P03028,aadhaar,marksheet_12,name,Selvam Kannan,SELVAM K,initial,acceptable
P03029,aadhaar,pan,name,Sanjay Sharma,SANJAY SHARMA,case_spacing,acceptable
P03030,aadhaar,pan,name,Sandeep Pandey,SANDEEP PANDEY,case_spacing,acceptable
P03030,aadhaar,marksheet_10,name,Sandeep Pandey,Sandep Pandey,spelling_variant,risky
P03031,aadhaar,pan,name,Manikandan Babu,MANIKANDAN BABU,case_spacing,acceptable
P03031,aadhaar,marksheet_10,name,Manikandan Babu,MANIKANDAN B,initial,acceptable
P03031,aadhaar,marksheet_12,name,Manikandan Babu,MANIKANDAN B,initial,acceptable
P03032,aadhaar,pan,name,Payel Ghosh,PAYEL GHOSH,case_spacing,acceptable
P03033,aadhaar,pan,name,Athira Panicker,ATHIRA PANICKER,case_spacing,acceptable
P03034,aadhaar,pan,name,Payel Banerjee,PAYEL BANERJEE,case_spacing,acceptable
P03035,aadhaar,pan,name,Rohit Singh,ROHIT SINGH,case_spacing,acceptable
P03035,aadhaar,passport,name,Rohit Singh,Roohit Singh,spelling_variant,risky
P03036,aadhaar,pan,name,Indhu Babu,INDHU BABU,case_spacing,acceptable
P03036,aadhaar,marksheet_10,name,Indhu Babu,INDHU B,initial,acceptable
P03036,aadhaar,marksheet_12,name,Indhu Babu,INDHU B,initial,acceptable
P03036,aadhaar,marksheet_12,father_name,Babu,Baabu,spelling_variant,risky
P03036,aadhaar,passport,name,Indhu Babu,Indhhu Babu,spelling_variant,risky
P03037,aadhaar,pan,name,Ankit Gupta,ANKIT GUPTA,case_spacing,acceptable
P03038,aadhaar,pan,name,Ravi Raju,RAVI RAJU,case_spacing,acceptable
P03039,aadhaar,pan,name,Subhajit Das,SUBHAJIT DAS,case_spacing,acceptable
P03040,aadhaar,pan,name,Heena Syed,HEENA SYED,case_spacing,acceptable
P03041,aadhaar,pan,name,Neethu Kurup,NEETHU KURUP,case_spacing,acceptable
P03042,aadhaar,pan,name,Sagar Mehta,SAGAR MEHTA,case_spacing,acceptable
P03043,aadhaar,pan,name,Akhil Panicker,AKHIL PANICKER,case_spacing,acceptable
P03043,aadhaar,marksheet_10,name,Akhil Panicker,Akil Panicker,spelling_variant,risky
P03044,aadhaar,pan,name,Asha Rao,ASHA RAO,case_spacing,acceptable
P03044,aadhaar,marksheet_10,name,Asha Rao,Asa Rao,spelling_variant,risky
P03045,aadhaar,pan,name,Zainab Khan,ZAINAB KHAN,case_spacing,acceptable
P03046,aadhaar,pan,name,Arjun Varghese,ARJUN VARGHESE,case_spacing,acceptable
P03047,aadhaar,pan,name,Krishna Naidu,KRISHNA NAIDU,case_spacing,acceptable
P03047,aadhaar,marksheet_12,name,Krishna Naidu,Krisna Naidu,spelling_variant,risky
P03048,aadhaar,pan,name,Janani Kannan,JANANI KANNAN,case_spacing,acceptable
P03048,aadhaar,marksheet_10,name,Janani Kannan,JANANI K,initial,acceptable
P03048,aadhaar,marksheet_12,name,Janani Kannan,JANANI K,initial,acceptable
P03048,aadhaar,birth_certificate,name,Janani Kannan,K. Janani,initial,acceptable
P03049,aadhaar,pan,name,Sowmya Selvam,SOWMYA SELVAM,case_spacing,acceptable
P03049,aadhaar,marksheet_10,name,Sowmya Selvam,SOWMYA S,initial,acceptable
P03049,aadhaar,marksheet_12,name,Sowmya Selvam,SOWMYA S,initial,acceptable
P03050,aadhaar,pan,name,Farhan Ansari,FARHAN ANSARI,case_spacing,acceptable
P03051,aadhaar,pan,name,Shreya Tiwari,SHREYA TIWARI,case_spacing,acceptable
P03052,aadhaar,pan,name,Bhavani Raju,BHAVANI RAJU,case_spacing,acceptable
P03053,aadhaar,pan,name,Naveen Hegde,NAVEEN HEGDE,case_spacing,acceptable
P03054,aadhaar,pan,name,Sourav Ghosh,SOURAV GHOSH,case_spacing,acceptable
P03055,aadhaar,pan,name,Sandeep Tiwari,SANDEEP TIWARI,case_spacing,acceptable
P03055,aadhaar,marksheet_10,dob,2001-02-24,2001-02-23,day_shift,critical
P03056,aadhaar,pan,name,Kavya Babu,KAVYA BABU,case_spacing,acceptable
P03056,aadhaar,marksheet_10,name,Kavya Babu,KAVYA B,initial,acceptable
P03056,aadhaar,marksheet_12,name,Kavya Babu,KAVYA B,initial,acceptable
P03057,aadhaar,pan,name,Grace Mathew,Graace Mathew,spelling_variant,risky
P03058,aadhaar,pan,name,Girish Hegde,GIRISH HEGDE,case_spacing,acceptable
P03059,aadhaar,pan,name,Jay Mehta,JAY MEHTA,case_spacing,acceptable
P03060,aadhaar,pan,name,Bhavani Chowdary,Bhavanni Chowdary,spelling_variant,risky
P03060,aadhaar,marksheet_10,father_name,Venkatesh Chowdary,Venkaatesh Chowdary,spelling_variant,risky
P03061,aadhaar,pan,name,Arjun Menon,Arjun Menon,spelling_variant,risky
P03062,aadhaar,pan,name,Sundar Karthik,SUNDAR KARTHIK,case_spacing,acceptable
P03062,aadhaar,marksheet_10,name,Sundar Karthik,SUNDAR K,initial,acceptable
P03062,aadhaar,marksheet_12,name,Sundar Karthik,SUNDAR K,initial,acceptable
P03063,aadhaar,pan,name,Aswathy Panicker,ASWATHY PANICKER,case_spacing,acceptable
P03064,aadhaar,pan,name,Gayathri Vignesh,GAYATHRI VIGNESH,case_spacing,acceptable
P03064,aadhaar,marksheet_10,name,Gayathri Vignesh,GAYATHRI V,initial,acceptable
P03064,aadhaar,marksheet_12,name,Gayathri Vignesh,GAYATHRI V,initial,acceptable
P03065,aadhaar,pan,name,Sameer Ansari,SAMEER ANSARI,case_spacing,acceptable
P03066,aadhaar,pan,name,Meena Elango,MEENA ELANGO,case_spacing,acceptable
P03066,aadhaar,marksheet_10,name,Meena Elango,MEENA E,initial,acceptable
P03066,aadhaar,marksheet_12,name,Meena Elango,MEENA E,initial,acceptable
P03066,aadhaar,birth_certificate,name,Meena Elango,E. Meena,initial,acceptable
P03066,aadhaar,birth_certificate,father_name,Elango,Elaango,spelling_variant,risky
P03067,aadhaar,pan,name,Swathi Naidu,SWATHI NAIDU,case_spacing,acceptable
P03068,aadhaar,pan,name,Murugan Velu,MURUGAN VELU,case_spacing,acceptable
P03068,aadhaar,marksheet_10,name,Murugan Velu,MURUGAN V,initial,acceptable
P03068,aadhaar,marksheet_12,name,Murugan Velu,MURUGAN V,initial,acceptable
P03069,aadhaar,pan,name,Hari Pillai,HARI PILLAI,case_spacing,acceptable
P03069,aadhaar,marksheet_10,name,Hari Pillai,Haree Pillai,spelling_variant,risky
P03070,aadhaar,pan,name,Sahana Shetty,SAHANA SHETTY,case_spacing,acceptable
P03071,aadhaar,pan,name,Grace Mathew,GRACE MATHEW,case_spacing,acceptable
P03072,aadhaar,pan,name,Teresa Mathew,TERESA MATHEW,case_spacing,acceptable
P03073,aadhaar,pan,name,Sneha Verma,SNEHA VERMA,case_spacing,acceptable
P03074,aadhaar,pan,name,Shreya Verma,SHREYA VERMA,case_spacing,acceptable
P03075,aadhaar,pan,name,Riya Chauhan,RIYA CHAUHAN,case_spacing,acceptable
P03076,aadhaar,pan,name,Malathi Siva,MALATHI SIVA,case_spacing,acceptable
P03076,aadhaar,pan,dob,2004-04-27,2005-04-27,year_shift,critical
P03076,aadhaar,marksheet_10,name,Malathi Siva,MALATHI S,initial,acceptable
P03076,aadhaar,marksheet_12,name,Malathi Siva,MALATHI S,initial,acceptable
P03077,aadhaar,pan,name,Anjali Panicker,Anjai Panicker,spelling_variant,risky
P03077,aadhaar,passport,address,"No. 200, 2nd Main, Andheri, Thiruvananthapuram, Kerala - 695983","No. 77, Cross Road, Navrangpura, Bengaluru, Karnataka - 560916",different_address,risky
P03077,aadhaar,birth_certificate,dob,2003-02-03,2003-02-02,day_shift,critical
P03078,aadhaar,pan,name,Sumit Chauhan,SUMIT CHAUHAN,case_spacing,acceptable
P03079,aadhaar,pan,name,Sushma Pandey,SUSHMA PANDEY,case_spacing,acceptable
P03080,aadhaar,pan,name,Kavya Madhavan,KAVYA MADHAVAN,case_spacing,acceptable
P03080,aadhaar,marksheet_10,name,Kavya Madhavan,KAVYA M,initial,acceptable
P03080,aadhaar,marksheet_12,name,Kavya Madhavan,KAVYA M,initial,acceptable
P03081,aadhaar,pan,name,Aniket Desai,ANIKET DESAI,case_spacing,acceptable
P03082,aadhaar,pan,name,Vaishnavi Saravanan,VAISHNAVI SARAVANAN,case_spacing,acceptable
P03082,aadhaar,marksheet_10,name,Vaishnavi Saravanan,VAISHNAVI S,initial,acceptable
P03082,aadhaar,marksheet_12,name,Vaishnavi Saravanan,VAISHNAVI S,initial,acceptable
P03083,aadhaar,pan,name,Padma Raju,PADMA RAJU,case_spacing,acceptable
P03083,aadhaar,birth_certificate,father_name,Prasad Raju,Praasad Raju,spelling_variant,risky
P03084,aadhaar,pan,name,Debashis Sen,DEBASHIS SEN,case_spacing,acceptable
P03084,aadhaar,marksheet_10,name,Debashis Sen,Debashees Sen,spelling_variant,risky
P03084,aadhaar,marksheet_10,dob,2005-05-18,2005-05-16,day_shift,critical
P03085,aadhaar,pan,name,Abirami Manikandan,ABIRAMI MANIKANDAN,case_spacing,acceptable
P03085,aadhaar,marksheet_10,name,Abirami Manikandan,ABIRAMI M,initial,acceptable
P03085,aadhaar,marksheet_12,name,Abirami Manikandan,ABIRAMI M,initial,acceptable
P03086,aadhaar,pan,name,Sandeep Yadav,SANDEEP YADAV,case_spacing,acceptable
P03086,aadhaar,passport,gender,M,F,flipped,critical
P03086,aadhaar,passport,address,"No. 127, Market Street, Sector 62, Pune, Maharashtra - 411887","No. 217, Temple Street, Banjara Hills, Mysuru, Karnataka - 570923",different_address,risky
P03087,aadhaar,pan,name,Riya Singh,RIYA SINGH,case_spacing,acceptable
P03088,aadhaar,pan,name,Snehal Kulkarni,Sneehal Kulkarni,spelling_variant,risky
P03088,aadhaar,birth_certificate,dob,2003-10-28,2003-10-27,day_shift,critical
P03089,aadhaar,pan,name,Pooja Yadav,POOJA YADAV,case_spacing,acceptable
P03090,aadhaar,pan,name,Vignesh Kumar,VIGNESH KUMAR,case_spacing,acceptable
P03090,aadhaar,marksheet_10,name,Vignesh Kumar,VIGNESH K,initial,acceptable
P03090,aadhaar,marksheet_12,name,Vignesh Kumar,VIGNESH K,initial,acceptable
P03091,aadhaar,pan,name,Rukhsar Khan,RUKHSAR KHAN,case_spacing,acceptable
P03092,aadhaar,pan,name,Omkar Patil,OMKAR PATIL,case_spacing,acceptable
P03093,aadhaar,pan,name,Arun Babu,ARUN BABU,case_spacing,acceptable
P03093,aadhaar,pan,dob,2002-03-21,2002-03-19,day_shift,critical
P03093,aadhaar,marksheet_10,name,Arun Babu,ARUN B,initial,acceptable
P03093,aadhaar,marksheet_12,name,Arun Babu,ARUN B,initial,acceptable
P03093,aadhaar,passport,address,"No. 124, Park Avenue, Koramangala, Kolkata, West Bengal - 700075","No. 15, 2nd Main, Navrangpura, Pune, Maharashtra - 411192",different_address,risky
P03094,aadhaar,pan,name,Selvam Murugan,SELVAM MURUGAN,case_spacing,acceptable
P03094,aadhaar,marksheet_10,name,Selvam Murugan,Sellvam Murugan,spelling_variant,risky
P03094,aadhaar,marksheet_12,name,Selvam Murugan,SELVAM M,initial,acceptable
P03094,aadhaar,birth_certificate,name,Selvam Murugan,M. Selvam,initial,acceptable
P03095,aadhaar,pan,name,Sreejith Panicker,Sreejtih Panicker,spelling_variant,risky
P03095,aadhaar,marksheet_10,father_name,Jithin Panicker,Zithin Panicker,spelling_variant,risky
P03095,aadhaar,passport,address,"No. 63, MG Road, Koramangala, Madurai, Tamil Nadu - 625373","No. 53, Main Road, Koramangala, Ahmedabad, Gujarat - 380875",different_address,risky
P03096,aadhaar,pan,name,Sneha Sharma,SNEHA SHARMA,case_spacing,acceptable
P03097,aadhaar,pan,name,Darshan Gowda,DARSHAN GOWDA,case_spacing,acceptable
P03098,aadhaar,pan,name,Rahul Chauhan,RAHUL CHAUHAN,case_spacing,acceptable
P03099,aadhaar,pan,name,Bhavani Raju,BHAVANI RAJU,case_spacing,acceptable
P03100,aadhaar,pan,name,Pradeep Yadav,PRADEEP YADAV,case_spacing,acceptable
P03100,aadhaar,marksheet_10,dob,2004-12-07,2004-07-12,day_month_swap,critical
P03100,aadhaar,passport,address,"No. 209, Park Avenue, Koramangala, Kochi, Kerala - 682616","No. 194, Gandhi Road, Salt Lake, Madurai, Tamil Nadu - 625312",different_address,risky
P03101,aadhaar,pan,name,George Pereira,GEORGE PEREIRA,case_spacing,acceptable
P03101,aadhaar,marksheet_10,name,George Pereira,Sushma Tiwari,different_person,critical
P03102,aadhaar,pan,name,Moumita Mukherjee,MOUMITA MUKHERJEE,case_spacing,acceptable
P03103,aadhaar,pan,name,Abirami Saravanan,ABIRAMI SARAVANAN,case_spacing,acceptable
P03103,aadhaar,marksheet_10,name,Abirami Saravanan,ABIRAMI S,initial,acceptable
P03103,aadhaar,marksheet_12,name,Abirami Saravanan,ABIRAMI S,initial,acceptable
P03103,aadhaar,marksheet_12,father_name,Saravanan,Sharavanan,spelling_variant,risky
P03104,aadhaar,pan,name,Saravanan Manikandan,SARAVANAN MANIKANDAN,case_spacing,acceptable
P03104,aadhaar,marksheet_10,name,Saravanan Manikandan,Madhavan Velu,different_person,critical
P03104,aadhaar,marksheet_12,name,Saravanan Manikandan,SARAVANAN M,initial,acceptable
P03105,aadhaar,pan,name,Spoorthi Hegde,SPOORTHI HEGDE,case_spacing,acceptable
P03105,aadhaar,marksheet_12,name,Spoorthi Hegde,Sreejith Pillai,different_person,critical
P03106,aadhaar,pan,name,Archana Pandey,ARCHANA PANDEY,case_spacing,acceptable
P03106,aadhaar,birth_certificate,gender,F,M,flipped,critical
P03107,aadhaar,pan,name,Mahesh Raju,MAHESH RAJU,case_spacing,acceptable
P03107,aadhaar,marksheet_12,name,Mahesh Raju,Mahes Raju,spelling_variant,risky
P03108,aadhaar,pan,name,Ramesh Senthil,RAMESH SENTHIL,case_spacing,acceptable
P03108,aadhaar,marksheet_10,name,Ramesh Senthil,RAMESH S,initial,acceptable
P03108,aadhaar,marksheet_12,name,Ramesh Senthil,RAMESH S,initial,acceptable
P03109,aadhaar,pan,name,Athira Varghese,ATHIRA VARGHESE,case_spacing,acceptable
P03110,aadhaar,pan,name,Spoorthi Bhat,SPOORTHI BHAT,case_spacing,acceptable
P03110,aadhaar,pan,dob,1998-06-13,1998-06-15,day_shift,critical
P03110,aadhaar,passport,name,Spoorthi Bhat,Spoorhti Bhat,spelling_variant,risky
P03111,aadhaar,pan,name,Tamilselvi Manikandan,TAMILSELVI MANIKANDAN,case_spacing,acceptable
P03111,aadhaar,marksheet_10,name,Tamilselvi Manikandan,TAMILSELVI M,initial,acceptable
P03111,aadhaar,marksheet_12,name,Tamilselvi Manikandan,TAMILSELVI M,initial,acceptable
P03112,aadhaar,pan,name,Sayali Kulkarni,SAYALI KULKARNI,case_spacing,acceptable
P03113,aadhaar,pan,name,Ankit Pandey,ANKIT PANDEY,case_spacing,acceptable
P03114,aadhaar,pan,name,Bhoomika Gowda,BHOOMIKA GOWDA,case_spacing,acceptable
P03115,aadhaar,pan,name,Sandeep Gupta,SANDEEP GUPTA,case_spacing,acceptable
P03116,aadhaar,pan,name,Snehal Shah,SNEHAL SHAH,case_spacing,acceptable
P03116,aadhaar,marksheet_12,father_name,Harsh Shah,Harshh Shah,spelling_variant,risky
P03117,aadhaar,pan,name,Kavitha Gowda,KAVITHA GOWDA,case_spacing,acceptable
P03118,aadhaar,pan,name,Kumar Murugan,KUMAR MURUGAN,case_spacing,acceptable
P03118,aadhaar,marksheet_10,name,Kumar Murugan,KUMAR M,initial,acceptable
P03118,aadhaar,marksheet_12,name,Kumar Murugan,KUMAR M,initial,acceptable
P03119,aadhaar,pan,name,Satish Hegde,SATISH HEGDE,case_spacing,acceptable
P03120,aadhaar,pan,name,Naveen Shetty,NAVEEN SHETTY,case_spacing,acceptable
P03120,aadhaar,marksheet_10,name,Naveen Shetty,Naween Shetty,spelling_variant,risky
P03121,aadhaar,pan,name,Chaitanya Rao,CHAITANYA RAO,case_spacing,acceptable
P03122,aadhaar,pan,name,Anand Pillai,ANAND PILLAI,case_spacing,acceptable
P03123,aadhaar,pan,name,Sahana Hegde,SAHANA HEGDE,case_spacing,acceptable
P03124,aadhaar,pan,name,Ajay Yadav,AJAY YADAV,case_spacing,acceptable
P03125,aadhaar,pan,name,Sameer Syed,SAMEER SYED,case_spacing,acceptable
P03126,aadhaar,pan,name,Athira Pillai,ATHIRA PILLAI,case_spacing,acceptable
P03127,aadhaar,pan,name,Deepak Yadav,DEEPAK YADAV,case_spacing,acceptable
P03128,aadhaar,pan,name,Riya Mishra,RIYA MISHRA,case_spacing,acceptable
P03129,aadhaar,pan,name,Nazia Pathan,NAZIA PATHAN,case_spacing,acceptable
P03129,aadhaar,marksheet_10,father_name,Sameer Pathan,Shameer Pathan,spelling_variant,risky
P03130,aadhaar,pan,name,Balaji Kumar,BALAJI KUMAR,case_spacing,acceptable
P03130,aadhaar,marksheet_10,name,Balaji Kumar,BALAJI K,initial,acceptable
P03130,aadhaar,marksheet_12,name,Balaji Kumar,BALAJI K,initial,acceptable
P03131,aadhaar,pan,name,Girish Rao,GIRISH RAO,case_spacing,acceptable
P03132,aadhaar,pan,name,Gaurav Verma,Gauraw Verma,spelling_variant,risky
P03133,aadhaar,pan,name,Vignesh Saravanan,VIGNESH SARAVANAN,case_spacing,acceptable
P03133,aadhaar,marksheet_10,name,Vignesh Saravanan,VIGNESH S,initial,acceptable
P03133,aadhaar,marksheet_12,name,Vignesh Saravanan,VIGNESH S,initial,acceptable
P03134,aadhaar,pan,name,Gayathri Raju,GAYATHRI RAJU,case_spacing,acceptable
P03134,aadhaar,marksheet_10,name,Gayathri Raju,GAYATHRI R,initial,acceptable
P03134,aadhaar,marksheet_12,name,Gayathri Raju,GAYATHRI R,initial,acceptable
P03134,aadhaar,passport,dob,2005-05-11,2006-05-11,year_shift,critical
P03135,aadhaar,pan,name,Zainab Khan,ZAINAB KHAN,case_spacing,acceptable
P03135,aadhaar,birth_certificate,name,Zainab Khan,Zainnab Khan,spelling_variant,risky
P03136,aadhaar,pan,name,Elango Madhavan,ELANGO MADHAVAN,case_spacing,acceptable
P03136,aadhaar,marksheet_10,name,Elango Madhavan,ELANGO M,initial,acceptable
P03136,aadhaar,marksheet_12,name,Elango Madhavan,ELANGO M,initial,acceptable
P03137,aadhaar,pan,name,Sayali Desai,SAYALI DESAI,case_spacing,acceptable
P03137,aadhaar,birth_certificate,gender,F,M,flipped,critical
P03138,aadhaar,pan,name,Tamilselvi Siva,TAMILSELVI SIVA,case_spacing,acceptable
P03138,aadhaar,marksheet_10,name,Tamilselvi Siva,TAMILSELVI S,initial,acceptable
P03138,aadhaar,marksheet_12,name,Tamilselvi Siva,TAMILSELVI S,initial,acceptable
P03139,aadhaar,pan,name,Arif Qureshi,ARIF QURESHI,case_spacing,acceptable
P03139,aadhaar,passport,address,"No. 106, Church Street, Jayanagar, Kolkata, West Bengal - 700386","No. 159, Lake View Road, Saket, Hyderabad, Telangana - 500942",different_address,risky
P03140,aadhaar,pan,name,Riya Tiwari,RIYA TIWARI,case_spacing,acceptable
P03140,aadhaar,birth_certificate,name,Riya Tiwari,Riia Tiwari,spelling_variant,risky
P03141,aadhaar,pan,name,Venkatesh Varma,VENKATESH VARMA,case_spacing,acceptable
P03142,aadhaar,pan,name,Shreya Yadav,SHREYA YADAV,case_spacing,acceptable
P03143,aadhaar,pan,name,Selvam Prakash,SELVAM PRAKASH,case_spacing,acceptable
P03143,aadhaar,marksheet_10,name,Selvam Prakash,Seloam Prakash,spelling_variant,risky
P03143,aadhaar,marksheet_12,name,Selvam Prakash,Sundar Madhavan,different_person,critical
P03144,aadhaar,pan,name,Geetha Shetty,GEETHA SHETTY,case_spacing,acceptable
P03145,aadhaar,pan,name,Neethu Panicker,NEETHU PANICKER,case_spacing,acceptable
P03146,aadhaar,pan,name,Hetal Kulkarni,HETAL KULKARNI,case_spacing,acceptable
P03147,aadhaar,pan,name,Arif Sheikh,ARIF SHEIKH,case_spacing,acceptable
P03147,aadhaar,passport,name,Arif Sheikh,Arsf Sheikh,spelling_variant,risky
P03148,aadhaar,pan,name,Simran Verma,SIMRAN VERMA,case_spacing,acceptable
P03149,aadhaar,pan,name,Gaurav Tiwari,GAURAV TIWARI,case_spacing,acceptable
P03150,aadhaar,pan,name,Kiran Chowdary,KIRAN CHOWDARY,case_spacing,acceptable
P03151,aadhaar,pan,name,Velu Balaji,VELU BALAJI,case_spacing,acceptable
P03151,aadhaar,marksheet_10,name,Velu Balaji,VELU B,initial,acceptable
P03151,aadhaar,marksheet_12,name,Velu Balaji,Vleu Balaji,spelling_variant,risky
P03152,aadhaar,pan,name,Manjunath Rao,MANJUNATH RAO,case_spacing,acceptable
P03152,aadhaar,marksheet_12,name,Manjunath Rao,Mannjunath Rao,spelling_variant,risky
P03153,aadhaar,pan,name,Rukhsar Ansari,RUKHSAR ANSARI,case_spacing,acceptable
P03153,aadhaar,birth_certificate,dob,1999-03-04,2000-03-04,year_shift,critical
P03153,aadhaar,birth_certificate,gender,F,M,flipped,critical
P03154,aadhaar,pan,name,Jithin Kurup,JITHIN KURUP,case_spacing,acceptable
P03155,aadhaar,pan,name,Ajay Sharma,AJAY SHARMA,case_spacing,acceptable
P03156,aadhaar,pan,name,Jithin Panicker,JITHIN PANICKER,case_spacing,acceptable
P03157,aadhaar,pan,name,Venkatesh Rao,VENKATESH RAO,case_spacing,acceptable
P03157,aadhaar,marksheet_12,name,Venkatesh Rao,Merlin Pereira,different_person,critical
P03158,aadhaar,pan,name,Manjunath Bhat,MANJUNATH BHAT,case_spacing,acceptable
P03158,aadhaar,passport,dob,1999-02-03,2000-02-03,year_shift,critical
P03158,aadhaar,passport,address,"No. 98, 4th Cross, T Nagar, Thiruvananthapuram, Kerala - 695015","No. 104, Station Road, Sector 62, Kochi, Kerala - 682595",different_address,risky
P03159,aadhaar,pan,name,Kalaiselvi Karthik,KALAISELVI KARTHIK,case_spacing,acceptable
P03159,aadhaar,marksheet_10,name,Kalaiselvi Karthik,KALAISELVI K,initial,acceptable
P03159,aadhaar,marksheet_12,name,Kalaiselvi Karthik,KALAISELVI K,initial,acceptable
P03160,aadhaar,pan,name,Venkatesh Naidu,VENKATESH NAIDU,case_spacing,acceptable
P03161,aadhaar,pan,name,Fathima Khan,FATHIMA KHAN,case_spacing,acceptable
P03162,aadhaar,pan,name,Sameer Syed,SAMEER SYED,case_spacing,acceptable
P03163,aadhaar,pan,name,Sumit Mishra,SUMIT MISHRA,case_spacing,acceptable
P03163,aadhaar,marksheet_10,name,Sumit Mishra,Sushma Mishra,different_person,critical
P03163,aadhaar,birth_certificate,name,Sumit Mishra,Suit Mishra,spelling_variant,risky
P03163,aadhaar,birth_certificate,dob,2004-03-15,2004-03-17,day_shift,critical
P03164,aadhaar,pan,name,Rohit Singh,ROHIT SINGH,case_spacing,acceptable
P03165,aadhaar,pan,name,Rutuja Shah,RUTUJA SHAH,case_spacing,acceptable
P03166,aadhaar,pan,name,Rahul Verma,RAHUL VERMA,case_spacing,acceptable
P03167,aadhaar,pan,name,Babu Selvam,BABU SELVAM,case_spacing,acceptable
P03167,aadhaar,marksheet_10,name,Babu Selvam,BABU S,initial,acceptable
P03167,aadhaar,marksheet_12,name,Babu Selvam,BABU S,initial,acceptable
P03167,aadhaar,birth_certificate,name,Babu Selvam,S. Babu,initial,acceptable
P03168,aadhaar,pan,name,Vikram Agarwal,Vikraam Agarwal,spelling_variant,risky
P03168,aadhaar,marksheet_12,father_name,Ajay Agarwal,Azay Agarwal,spelling_variant,risky
P03169,aadhaar,pan,name,Salman Khan,SALMAN KHAN,case_spacing,acceptable
P03170,aadhaar,pan,name,Girish Kulkarni,GIRISH KULKARNI,case_spacing,acceptable
P03171,aadhaar,pan,name,Thomas Pereira,THOMAS PEREIRA,case_spacing,acceptable
P03171,aadhaar,marksheet_12,father_name,John Pereira,Zohn Pereira,spelling_variant,risky
P03172,aadhaar,pan,name,Riya Mukherjee,RIYA MUKHERJEE,case_spacing,acceptable
P03173,aadhaar,pan,name,Rohit Gupta,ROHIT GUPTA,case_spacing,acceptable
P03174,aadhaar,pan,name,Gayathri Saravanan,GAYATHRI SARAVANAN,case_spacing,acceptable
P03174,aadhaar,pan,father_name,Saravanan,Sharavanan,spelling_variant,risky
P03174,aadhaar,marksheet_10,name,Gayathri Saravanan,GAYATHRI S,initial,acceptable
P03174,aadhaar,marksheet_12,name,Gayathri Saravanan,GAYATHRI S,initial,acceptable
P03175,aadhaar,pan,name,Rajib Sen,RAJIB SEN,case_spacing,acceptable
P03175,aadhaar,passport,address,"No. 145, 2nd Main, Sector 62, Jaipur, Rajasthan - 302440","No. 40, Cross Road, T Nagar, Madurai, Tamil Nadu - 625557",different_address,risky
P03176,aadhaar,pan,name,Daniel Mathew,DANIEL MATHEW,case_spacing,acceptable
P03177,aadhaar,pan,name,Babu Velu,BABU VELU,case_spacing,acceptable
P03177,aadhaar,pan,dob,2001-10-11,2000-10-11,year_shift,critical
P03177,aadhaar,marksheet_10,name,Babu Velu,BABU V,initial,acceptable
P03177,aadhaar,marksheet_12,name,Babu Velu,BABU V,initial,acceptable
P03178,aadhaar,pan,name,Harish Hegde,HARISH HEGDE,case_spacing,acceptable
P03179,aadhaar,pan,name,Sowmya Kumar,SOWMYA KUMAR,case_spacing,acceptable
P03179,aadhaar,marksheet_10,name,Sowmya Kumar,SOWMYA K,initial,acceptable
P03179,aadhaar,marksheet_12,name,Sowmya Kumar,SOWMYA K,initial,acceptable
P03179,aadhaar,passport,name,Sowmya Kumar,Swmya Kumar,spelling_variant,risky
P03180,aadhaar,pan,name,Naresh Rao,NARESH RAO,case_spacing,acceptable
P03181,aadhaar,pan,name,Abhijit Bose,ABHIJIT BOSE,case_spacing,acceptable
P03182,aadhaar,pan,name,Mary D'Souza,MARY D'SOUZA,case_spacing,acceptable
P03182,aadhaar,marksheet_10,father_name,Samuel D'Souza,Shamuel D'Souza,spelling_variant,risky
P03183,aadhaar,pan,name,Sravani Chowdary,SRAVANI CHOWDARY,case_spacing,acceptable
P03184,aadhaar,pan,name,Darshan Hegde,DARSHAN HEGDE,case_spacing,acceptable
P03185,aadhaar,pan,name,Arif Khan,ARIF KHAN,case_spacing,acceptable
P03186,aadhaar,pan,name,Shreya Gupta,SHREYA GUPTA,case_spacing,acceptable
P03187,aadhaar,pan,name,Kumar Selvam,KUMAR SELVAM,case_spacing,acceptable
P03187,aadhaar,marksheet_10,name,Kumar Selvam,KUMAR S,initial,acceptable
P03187,aadhaar,marksheet_12,name,Kumar Selvam,KUMAR S,initial,acceptable
P03188,aadhaar,pan,name,Kavya Siva,KAVYA SIVA,case_spacing,acceptable
P03188,aadhaar,marksheet_10,name,Kavya Siva,KAVYA S,initial,acceptable
P03188,aadhaar,marksheet_12,name,Kavya Siva,KAVYA S,initial,acceptable
P03189,aadhaar,pan,name,Satish Gowda,SATISH GOWDA,case_spacing,acceptable
P03190,aadhaar,pan,name,Nikhil Panicker,NIKHIL PANICKER,case_spacing,acceptable
P03191,aadhaar,pan,name,Ajay Sharma,AJAY SHARMA,case_spacing,acceptable
P03191,aadhaar,pan,dob,2000-11-15,2000-11-16,day_shift,critical
P03192,aadhaar,pan,name,Swathi Varma,SWATHI VARMA,case_spacing,acceptable
P03193,aadhaar,pan,name,Spoorthi Hegde,SPOORTHI HEGDE,case_spacing,acceptable
P03194,aadhaar,pan,name,Amit Singh,AMIT SINGH,case_spacing,acceptable
P03194,aadhaar,passport,address,"No. 36, Gandhi Road, Velachery, Noida, Uttar Pradesh - 201848","No. 223, Market Street, Koramangala, Mumbai, Maharashtra - 400898",different_address,risky
P03195,aadhaar,pan,name,Rahul Menon,RAHUL MENON,case_spacing,acceptable
P03195,aadhaar,passport,name,Rahul Menon,Rahull Menon,spelling_variant,risky
P03196,aadhaar,pan,name,Naveen Shetty,NAVEEN SHETTY,case_spacing,acceptable
P03197,aadhaar,pan,name,Venkatesh Naidu,VENKATESH NAIDU,case_spacing,acceptable
P03198,aadhaar,pan,name,Kannan Saravanan,KANNAN SARAVANAN,case_spacing,acceptable
P03198,aadhaar,marksheet_10,name,Kannan Saravanan,KANNAN S,initial,acceptable
P03198,aadhaar,marksheet_12,name,Kannan Saravanan,KANNAN S,initial,acceptable
P03198,aadhaar,passport,dob,2000-11-08,2000-11-07,day_shift,critical
P03198,aadhaar,passport,address,"No. 132, Main Road, Kothrud, Hyderabad, Telangana - 500170","No. 55, Nehru Street, Sector 62, Delhi, Delhi - 110552",different_address,risky
P03199,aadhaar,pan,name,Salman Qureshi,SALMAN QURESHI,case_spacing,acceptable
P03200,aadhaar,pan,name,Merlin Joseph,MERLIN JOSEPH,case_spacing,acceptable
P03201,aadhaar,pan,name,Divya Kurup,DIVYA KURUP,case_spacing,acceptable
P03202,aadhaar,pan,name,Velu Kannan,VELU KANNAN,case_spacing,acceptable
P03202,aadhaar,marksheet_10,name,Velu Kannan,VELU K,initial,acceptable
P03202,aadhaar,marksheet_12,name,Velu Kannan,VELU K,initial,acceptable
P03203,aadhaar,pan,name,Prashanth Shetty,PRASHANTH SHETTY,case_spacing,acceptable
P03203,aadhaar,passport,address,"No. 138, MG Road, Banjara Hills, Mumbai, Maharashtra - 400041","No. 119, Market Street, T Nagar, Mysuru, Karnataka - 570616",different_address,risky
P03204,aadhaar,pan,name,Anirban Sen,ANIRBAN SEN,case_spacing,acceptable
P03204,aadhaar,birth_certificate,name,Anirban Sen,Aneerban Sen,spelling_variant,risky
P03205,aadhaar,pan,name,Pallavi Gowda,Revathi Elango,different_person,critical
P03205,aadhaar,marksheet_10,father_name,Naveen Gowda,Nnaveen Gowda,spelling_variant,risky
P03205,aadhaar,marksheet_12,name,Pallavi Gowda,Palllavi Gowda,spelling_variant,risky
P03206,aadhaar,pan,name,Abhijit Sen,ABHIJIT SEN,case_spacing,acceptable
P03206,aadhaar,passport,name,Abhijit Sen,Abijit Sen,spelling_variant,risky
P03207,aadhaar,pan,name,Ritu Yadav,RITU YADAV,case_spacing,acceptable
P03208,aadhaar,pan,name,Vikram Mishra,VIKRAM MISHRA,case_spacing,acceptable
P03209,aadhaar,pan,name,Sushma Mishra,SUSHMA MISHRA,case_spacing,acceptable
P03210,aadhaar,pan,name,Gopika Kurup,GOPIKA KURUP,case_spacing,acceptable
P03211,aadhaar,pan,name,Arun Siva,ARUN SIVA,case_spacing,acceptable
P03211,aadhaar,marksheet_10,name,Arun Siva,ARUN S,initial,acceptable
P03211,aadhaar,marksheet_12,name,Arun Siva,ARUN S,initial,acceptable
P03212,aadhaar,pan,name,Rahul Singh,RAHUL SINGH,case_spacing,acceptable
P03212,aadhaar,passport,address,"No. 141, Gandhi Road, T Nagar, Chennai, Tamil Nadu - 600529","No. 41, Lake View Road, Malviya Nagar, Mumbai, Maharashtra - 400321",different_address,risky
P03213,aadhaar,pan,name,Venkatesh Reddy,VENKATESH REDDY,case_spacing,acceptable
P03214,aadhaar,pan,name,Sourav Sen,SOURAV SEN,case_spacing,acceptable
P03214,aadhaar,marksheet_10,father_name,Arnab Sen,Arnnab Sen,spelling_variant,risky
P03215,aadhaar,pan,name,Sneha Verma,SNEHA VERMA,case_spacing,acceptable
P03216,aadhaar,pan,name,Angel Mathew,Angell Mathew,spelling_variant,risky
P03217,aadhaar,pan,name,Sundar Saravanan,SUNDAR SARAVANAN,case_spacing,acceptable
P03217,aadhaar,marksheet_10,name,Sundar Saravanan,SUNDAR S,initial,acceptable
P03217,aadhaar,marksheet_12,name,Sundar Saravanan,Sundaar Saravanan,spelling_variant,risky
P03217,aadhaar,birth_certificate,name,Sundar Saravanan,S. Sundar,initial,acceptable
P03218,aadhaar,pan,name,Madhavan Velu,MADHAVAN VELU,case_spacing,acceptable
P03218,aadhaar,marksheet_10,name,Madhavan Velu,MADHAVAN V,initial,acceptable
P03218,aadhaar,marksheet_12,name,Madhavan Velu,MADHAVAN V,initial,acceptable
P03218,aadhaar,passport,gender,M,F,flipped,critical
P03219,aadhaar,pan,name,Sunitha Chowdary,SUNITHA CHOWDARY,case_spacing,acceptable
P03220,aadhaar,pan,name,Nazia Pathan,NAZIA PATHAN,case_spacing,acceptable
P03220,aadhaar,marksheet_10,name,Nazia Pathan,Nnazia Pathan,spelling_variant,risky
P03221,aadhaar,pan,name,Kavitha Rao,KAVITHA RAO,case_spacing,acceptable
P03222,aadhaar,pan,name,Shilpa Kulkarni,SHILPA KULKARNI,case_spacing,acceptable
P03222,aadhaar,pan,dob,1999-10-29,1999-10-27,day_shift,critical
P03222,aadhaar,passport,address,"No. 234, Nehru Street, Kothrud, Thiruvananthapuram, Kerala - 695640","No. 14, MG Road, Jayanagar, Delhi, Delhi - 110743",different_address,risky
P03223,aadhaar,pan,name,Arnab Das,ARNAB DAS,case_spacing,acceptable
P03224,aadhaar,pan,name,Harsh Deshpande,HARSH DESHPANDE,case_spacing,acceptable
P03225,aadhaar,pan,name,Reshma Menon,RESHMA MENON,case_spacing,acceptable
P03226,aadhaar,pan,name,Shilpa Hegde,SHILPA HEGDE,case_spacing,acceptable
P03227,aadhaar,pan,name,Heena Khan,HEENA KHAN,case_spacing,acceptable
P03228,aadhaar,pan,name,Krupa Deshpande,KRUPA DESHPANDE,case_spacing,acceptable
P03229,aadhaar,pan,name,Kumar Manikandan,KUMAR MANIKANDAN,case_spacing,acceptable
P03229,aadhaar,pan,dob,2003-12-26,2003-12-27,day_shift,critical
P03229,aadhaar,marksheet_10,name,Kumar Manikandan,KUMAR M,initial,acceptable
P03229,aadhaar,marksheet_12,name,Kumar Manikandan,KUMAR M,initial,acceptable
P03229,aadhaar,marksheet_12,father_name,Manikandan,Maanikandan,spelling_variant,risky
P03230,aadhaar,pan,name,Ramesh Elango,RAMESH ELANGO,case_spacing,acceptable
P03230,aadhaar,marksheet_10,name,Ramesh Elango,RAMESH E,initial,acceptable
P03230,aadhaar,marksheet_12,name,Ramesh Elango,RAMESH E,initial,acceptable
P03230,aadhaar,birth_certificate,name,Ramesh Elango,Rameshh Elango,spelling_variant,risky
P03231,aadhaar,pan,name,Ishita Banerjee,ISHITA BANERJEE,case_spacing,acceptable
P03231,aadhaar,pan,dob,2004-07-16,2004-07-17,day_shift,critical
P03231,aadhaar,marksheet_12,name,Ishita Banerjee,Ishhita Banerjee,spelling_variant,risky
P03232,aadhaar,pan,name,Abdul Khan,ABDUL KHAN,case_spacing,acceptable
P03233,aadhaar,pan,name,Payel Roy,PAYEL ROY,case_spacing,acceptable
P03233,aadhaar,pan,father_name,Rajib Roy,Razib Roy,spelling_variant,risky
P03234,aadhaar,pan,name,Prashanth Shetty,PRASHANTH SHETTY,case_spacing,acceptable
P03234,aadhaar,marksheet_10,name,Prashanth Shetty,Prashanth Shetty,spelling_variant,risky
P03235,aadhaar,pan,name,Harish Shetty,HARISH SHETTY,case_spacing,acceptable
P03236,aadhaar,pan,name,Prasad Chowdary,PRASAD CHOWDARY,case_spacing,acceptable
P03237,aadhaar,pan,name,Hari Varghese,HARI VARGHESE,case_spacing,acceptable
P03237,aadhaar,marksheet_12,name,Hari Varghese,Lavanya Naidu,different_person,critical
P03237,aadhaar,marksheet_12,father_name,Sreejith Varghese,Sreejithh Varghese,spelling_variant,risky
P03237,aadhaar,passport,dob,2000-01-26,1999-01-26,year_shift,critical
P03238,aadhaar,pan,name,Ajay Tiwari,AJAY TIWARI,case_spacing,acceptable
P03239,aadhaar,pan,name,Merlin Joseph,MERLIN JOSEPH,case_spacing,acceptable
P03240,aadhaar,pan,name,Girish Kulkarni,GIRISH KULKARNI,case_spacing,acceptable
P03240,aadhaar,passport,address,"No. 104, Station Road, Salt Lake, Thiruvananthapuram, Kerala - 695904","No. 189, Park Avenue, Kothrud, Chennai, Tamil Nadu - 600234",different_address,risky
P03241,aadhaar,pan,name,Rahul Yadav,RAHUL YADAV,case_spacing,acceptable
P03241,aadhaar,marksheet_12,name,Rahul Yadav,Rahool Yadav,spelling_variant,risky
P03242,aadhaar,pan,name,Gopika Menon,GOPIKA MENON,case_spacing,acceptable
P03243,aadhaar,pan,name,Gaurav Chauhan,GAURAV CHAUHAN,case_spacing,acceptable
P03243,aadhaar,pan,dob,1999-06-21,1998-06-21,year_shift,critical
P03243,aadhaar,marksheet_10,father_name,Pradeep Chauhan,Pradip Chauhan,spelling_variant,risky
P03244,aadhaar,pan,name,Arif Khan,ARIF KHAN,case_spacing,acceptable
P03244,aadhaar,marksheet_12,father_name,Salman Khan,Shalman Khan,spelling_variant,risky
P03245,aadhaar,pan,name,Angel Joseph,ANGEL JOSEPH,case_spacing,acceptable
P03245,aadhaar,pan,dob,2000-12-11,2001-12-11,year_shift,critical
P03246,aadhaar,pan,name,Rashmi Kulkarni,RASHMI KULKARNI,case_spacing,acceptable
P03246,aadhaar,marksheet_12,name,Rashmi Kulkarni,Rasmi Kulkarni,spelling_variant,risky
P03247,aadhaar,pan,name,Deepak Tiwari,DEEPAK TIWARI,case_spacing,acceptable
P03248,aadhaar,pan,name,Deepak Agarwal,DEEPAK AGARWAL,case_spacing,acceptable
P03249,aadhaar,pan,name,Siva Saravanan,SIVA SARAVANAN,case_spacing,acceptable
P03249,aadhaar,marksheet_10,name,Siva Saravanan,SIVA S,initial,acceptable
P03249,aadhaar,marksheet_12,name,Siva Saravanan,SIVA S,initial,acceptable
P03250,aadhaar,pan,name,Simran Sharma,SIMRAN SHARMA,case_spacing,acceptable
P03250,aadhaar,marksheet_12,father_name,Ankit Sharma,Ankith Sharma,spelling_variant,risky
P03251,aadhaar,pan,name,Sagar Shah,SAGAR SHAH,case_spacing,acceptable
P03251,aadhaar,pan,dob,2002-07-11,2001-07-11,year_shift,critical
P03252,aadhaar,pan,name,Padma Chowdary,PADMA CHOWDARY,case_spacing,acceptable
P03252,aadhaar,marksheet_10,name,Padma Chowdary,Paadma Chowdary,spelling_variant,risky
P03253,aadhaar,pan,name,Komal Mishra,KOMAL MISHRA,case_spacing,acceptable
P03253,aadhaar,marksheet_10,name,Komal Mishra,Komaal Mishra,spelling_variant,risky
P03254,aadhaar,pan,name,Sowmya Ramesh,SOWMYA RAMESH,case_spacing,acceptable
P03254,aadhaar,marksheet_10,name,Sowmya Ramesh,SOWMYA R,initial,acceptable
P03254,aadhaar,marksheet_12,name,Sowmya Ramesh,SOWMYA R,initial,acceptable
P03255,aadhaar,pan,name,Irfan Syed,IRFAN SYED,case_spacing,acceptable
P03256,aadhaar,pan,name,Kiran Reddy,KIRAN REDDY,case_spacing,acceptable
P03257,aadhaar,pan,name,Rajib Das,RAJIB DAS,case_spacing,acceptable
P03258,aadhaar,pan,name,Vignesh Manikandan,Vionesh Manikandan,spelling_variant,risky
P03258,aadhaar,marksheet_10,name,Vignesh Manikandan,VIGNESH M,initial,acceptable
P03258,aadhaar,marksheet_12,name,Vignesh Manikandan,VIGNESH M,initial,acceptable
P03259,aadhaar,pan,name,Ritu Gupta,RITU GUPTA,case_spacing,acceptable
P03260,aadhaar,pan,name,Harish Gowda,HARISH GOWDA,case_spacing,acceptable
P03260,aadhaar,pan,dob,2002-10-21,2002-10-23,day_shift,critical
P03260,aadhaar,passport,address,"No. 164, Church Street, Koramangala, Thiruvananthapuram, Kerala - 695217","No. 165, Park Avenue, T Nagar, Ahmedabad, Gujarat - 380372",different_address,risky
P03261,aadhaar,pan,name,Rukhsar Syed,RUKHSAR SYED,case_spacing,acceptable
P03262,aadhaar,pan,name,Sana Pathan,SANA PATHAN,case_spacing,acceptable
P03263,aadhaar,pan,name,Raju Selvam,RAJU SELVAM,case_spacing,acceptable
P03263,aadhaar,marksheet_10,name,Raju Selvam,RAJU S,initial,acceptable
P03263,aadhaar,marksheet_12,name,Raju Selvam,RAJU S,initial,acceptable
P03264,aadhaar,pan,name,Hetal Joshi,HETAL JOSHI,case_spacing,acceptable
P03265,aadhaar,pan,name,Bhavani Varma,BHAVANI VARMA,case_spacing,acceptable
P03266,aadhaar,pan,name,Ankit Pandey,ANKIT PANDEY,case_spacing,acceptable
P03267,aadhaar,pan,name,Sayan Bose,SAYAN BOSE,case_spacing,acceptable
P03267,aadhaar,marksheet_10,dob,2002-07-24,2002-07-25,day_shift,critical
P03268,aadhaar,pan,name,Abdul Pathan,ABDUL PATHAN,case_spacing,acceptable
P03269,aadhaar,pan,name,Nithya Elango,NITHYA ELANGO,case_spacing,acceptable
P03269,aadhaar,marksheet_10,name,Nithya Elango,Samuel Pereira,different_person,critical
P03269,aadhaar,marksheet_10,dob,2000-12-27,2000-12-26,day_shift,critical
P03269,aadhaar,marksheet_12,name,Nithya Elango,NITHYA E,initial,acceptable
P03270,aadhaar,pan,name,Kalaiselvi Balaji,KALAISELVI BALAJI,case_spacing,acceptable
P03270,aadhaar,marksheet_10,name,Kalaiselvi Balaji,KALAISELVI B,initial,acceptable
P03270,aadhaar,marksheet_12,name,Kalaiselvi Balaji,KALAISELVI B,initial,acceptable
P03270,aadhaar,birth_certificate,name,Kalaiselvi Balaji,B. Kalaiselvi,initial,acceptable
P03271,aadhaar,pan,name,Sushma Tiwari,SUSHMA TIWARI,case_spacing,acceptable
P03272,aadhaar,pan,name,Bhavani Reddy,BHAVANI REDDY,case_spacing,acceptable
P03273,aadhaar,pan,name,Rajib Das,RAJIB DAS,case_spacing,acceptable
P03273,aadhaar,marksheet_10,dob,2000-12-31,2000-12-29,day_shift,critical
P03274,aadhaar,pan,name,Sundar Murugan,SUNDAR MURUGAN,case_spacing,acceptable
P03274,aadhaar,marksheet_10,name,Sundar Murugan,SUNDAR M,initial,acceptable
P03274,aadhaar,marksheet_12,name,Sundar Murugan,SUNDAR M,initial,acceptable
P03275,aadhaar,pan,name,Reshma Menon,RESHMA MENON,case_spacing,acceptable
P03276,aadhaar,pan,name,Saranya Senthil,Saranay Senthil,spelling_variant,risky
P03276,aadhaar,marksheet_10,name,Saranya Senthil,SARANYA S,initial,acceptable
P03276,aadhaar,marksheet_12,name,Saranya Senthil,SARANYA S,initial,acceptable
P03277,aadhaar,pan,name,Sanjay Verma,SANJAY VERMA,case_spacing,acceptable
P03277,aadhaar,passport,address,"No. 42, Park Avenue, Kothrud, Noida, Uttar Pradesh - 201560","No. 248, 2nd Main, Indiranagar, Madurai, Tamil Nadu - 625663",different_address,risky
P03278,aadhaar,pan,name,Rahul Gupta,RAHUL GUPTA,case_spacing,acceptable
P03279,aadhaar,pan,name,Kiran Rao,KIRAN RAO,case_spacing,acceptable
P03279,aadhaar,marksheet_12,name,Kiran Rao,Keeran Rao,spelling_variant,risky
P03280,aadhaar,pan,name,Sneha Chauhan,SNEHA CHAUHAN,case_spacing,acceptable
P03280,aadhaar,birth_certificate,dob,2003-02-28,2003-02-26,day_shift,critical
P03281,aadhaar,pan,name,Ravi Reddy,RAVI REDDY,case_spacing,acceptable
P03281,aadhaar,marksheet_10,name,Ravi Reddy,Rai Reddy,spelling_variant,risky
P03282,aadhaar,pan,name,Zainab Syed,ZAINAB SYED,case_spacing,acceptable
P03282,aadhaar,marksheet_10,father_name,Irfan Syed,Irfann Syed,spelling_variant,risky
P03283,aadhaar,pan,name,Jay Joshi,JAY JOSHI,case_spacing,acceptable
P03283,aadhaar,marksheet_10,name,Jay Joshi,Jai Joshi,spelling_variant,risky
P03284,aadhaar,pan,name,Akhil Nair,AKHIL NAIR,case_spacing,acceptable
P03284,aadhaar,marksheet_12,name,Akhil Nair,Akil Nair,spelling_variant,risky
P03285,aadhaar,pan,name,Kiran Raju,KIRAN RAJU,case_spacing,acceptable
P03286,aadhaar,pan,name,Abirami Siva,ABIRAMI SIVA,case_spacing,acceptable
P03286,aadhaar,marksheet_10,name,Abirami Siva,ABIRAMI S,initial,acceptable
P03286,aadhaar,marksheet_12,name,Abirami Siva,ABIRAMI S,initial,acceptable
P03287,aadhaar,pan,name,Pooja Verma,POOJA VERMA,case_spacing,acceptable
P03288,aadhaar,pan,name,Akhil Varghese,AKHIL VARGHESE,case_spacing,acceptable
P03288,aadhaar,birth_certificate,father_name,Nikhil Varghese,Nikil Varghese,spelling_variant,risky
P03289,aadhaar,pan,name,Sayan Ghosh,SAYAN GHOSH,case_spacing,acceptable
P03290,aadhaar,pan,name,Sanju Nair,Sanju Nair,spelling_variant,risky
P03291,aadhaar,pan,name,Vaishnavi Vignesh,VAISHNAVI VIGNESH,case_spacing,acceptable
P03291,aadhaar,marksheet_10,name,Vaishnavi Vignesh,VAISHNAVI V,initial,acceptable
P03291,aadhaar,marksheet_12,name,Vaishnavi Vignesh,VAISHNAVI V,initial,acceptable
P03292,aadhaar,pan,name,Tejas Joshi,Thejas Joshi,spelling_variant,risky
P03293,aadhaar,pan,name,Krishna Chowdary,KRISHNA CHOWDARY,case_spacing,acceptable
P03293,aadhaar,birth_certificate,name,Krishna Chowdary,Prashanth Rao,different_person,critical
P03294,aadhaar,pan,name,Komal Pandey,KOMAL PANDEY,case_spacing,acceptable
P03295,aadhaar,pan,name,Sushma Verma,SUSHMA VERMA,case_spacing,acceptable
P03295,aadhaar,marksheet_10,father_name,Rahul Verma,Rahool Verma,spelling_variant,risky
P03296,aadhaar,pan,name,Prakash Babu,PRAKASH BABU,case_spacing,acceptable
P03296,aadhaar,marksheet_10,name,Prakash Babu,PRAKASH B,initial,acceptable
P03296,aadhaar,marksheet_12,name,Prakash Babu,PRAKASH B,initial,acceptable
P03297,aadhaar,pan,name,Ritu Gupta,RITU GUPTA,case_spacing,acceptable
P03298,aadhaar,pan,name,Debashis Bose,DEBASHIS BOSE,case_spacing,acceptable
P03299,aadhaar,pan,name,Salman Sheikh,SALMAN SHEIKH,case_spacing,acceptable
P03299,aadhaar,marksheet_10,name,Salman Sheikh,Saeman Sheikh,spelling_variant,risky
P03300,aadhaar,pan,name,Nandini Rao,NANDINI RAO,case_spacing,acceptable
P03301,aadhaar,pan,name,Fathima Khan,FATHIMA KHAN,case_spacing,acceptable
P03302,aadhaar,pan,name,Arjun Kurup,ARJUN KURUP,case_spacing,acceptable
P03303,aadhaar,pan,name,Saranya Madhavan,SARANYA MADHAVAN,case_spacing,acceptable
P03303,aadhaar,marksheet_10,name,Saranya Madhavan,SARANYA M,initial,acceptable
P03303,aadhaar,marksheet_12,name,Saranya Madhavan,SARANYA M,initial,acceptable
P03304,aadhaar,pan,name,Nikhil Mehta,NIKHIL MEHTA,case_spacing,acceptable
P03304,aadhaar,pan,father_name,Jay Mehta,Zay Mehta,spelling_variant,risky
P03305,aadhaar,pan,name,Anjali Verma,ANJALI VERMA,case_spacing,acceptable
P03306,aadhaar,pan,name,Sanjay Singh,SANJAY SINGH,case_spacing,acceptable
P03306,aadhaar,marksheet_12,name,Sanjay Singh,Saanjay Singh,spelling_variant,risky
P03306,aadhaar,passport,name,Sanjay Singh,Sanjay Gupta,different_person,critical
P03307,aadhaar,pan,name,Sundar Balaji,SUNDAR BALAJI,case_spacing,acceptable
P03307,aadhaar,marksheet_10,name,Sundar Balaji,SUNDAR B,initial,acceptable
P03307,aadhaar,marksheet_12,name,Sundar Balaji,SUNDAR B,initial,acceptable
P03307,aadhaar,birth_certificate,name,Sundar Balaji,Sunsar Balaji,spelling_variant,risky
P03308,aadhaar,pan,name,Debashis Roy,DEBASHIS ROY,case_spacing,acceptable
P03308,aadhaar,marksheet_12,name,Debashis Roy,Debashs Roy,spelling_variant,risky
P03309,aadhaar,pan,name,Salman Sheikh,SALMAN SHEIKH,case_spacing,acceptable
P03310,aadhaar,pan,name,Arif Qureshi,ARIF QURESHI,case_spacing,acceptable
P03311,aadhaar,pan,name,Sandeep Pandey,SANDEEP PANDEY,case_spacing,acceptable
P03312,aadhaar,pan,name,Riya Ghosh,RIYA GHOSH,case_spacing,acceptable
P03313,aadhaar,pan,name,Tejas Deshpande,TEJAS DESHPANDE,case_spacing,acceptable
P03314,aadhaar,pan,name,Priyanka Agarwal,PRIYANKA AGARWAL,case_spacing,acceptable
P03315,aadhaar,pan,name,John Mathew,Johnn Mathew,spelling_variant,risky
P03315,aadhaar,marksheet_10,dob,1998-02-10,1998-10-02,day_month_swap,critical
P03316,aadhaar,pan,name,Sundar Elango,Sundhar Elango,spelling_variant,risky
P03316,aadhaar,marksheet_10,name,Sundar Elango,SUNDAR E,initial,acceptable
P03316,aadhaar,marksheet_12,name,Sundar Elango,SUNDAR E,initial,acceptable
P03317,aadhaar,pan,name,Ajay Agarwal,AJAY AGARWAL,case_spacing,acceptable
P03317,aadhaar,marksheet_12,name,Ajay Agarwal,Ajy Agarwal,spelling_variant,risky
P03318,aadhaar,pan,name,Riya Tiwari,RIYA TIWARI,case_spacing,acceptable
P03318,aadhaar,marksheet_10,name,Riya Tiwari,Reeya Tiwari,spelling_variant,risky
P03319,aadhaar,pan,name,Nikhil Shah,NIKHIL SHAH,case_spacing,acceptable
P03320,aadhaar,pan,name,George D'Souza,GEORGE D'SOUZA,case_spacing,acceptable
P03320,aadhaar,marksheet_10,father_name,Thomas D'Souza,Thomaas D'Souza,spelling_variant,risky
P03321,aadhaar,pan,name,David Thomas,DAVID THOMAS,case_spacing,acceptable
P03322,aadhaar,pan,name,Komal Agarwal,KOMAL AGARWAL,case_spacing,acceptable
P03322,aadhaar,passport,address,"No. 45, Main Road, Navrangpura, Noida, Uttar Pradesh - 201164","No. 230, 4th Cross, Jayanagar, Delhi, Delhi - 110696",different_address,risky
P03323,aadhaar,pan,name,Karthik Elango,KARTHIK ELANGO,case_spacing,acceptable
P03323,aadhaar,pan,dob,2002-12-17,2002-12-16,day_shift,critical
P03323,aadhaar,marksheet_10,name,Karthik Elango,KARTHIK E,initial,acceptable
P03323,aadhaar,marksheet_12,name,Karthik Elango,KARTHIK E,initial,acceptable
P03324,aadhaar,pan,name,Sravani Rao,SRAVANI RAO,case_spacing,acceptable
P03324,aadhaar,marksheet_10,dob,1998-07-17,1998-07-19,day_shift,critical
P03324,aadhaar,marksheet_12,name,Sravani Rao,Sravanni Rao,spelling_variant,risky
P03325,aadhaar,pan,name,Jyothi Reddy,JYOTHI REDDY,case_spacing,acceptable
P03325,aadhaar,birth_certificate,name,Jyothi Reddy,Jyyothi Reddy,spelling_variant,risky
P03326,aadhaar,pan,name,Gaurav Singh,GAURAV SINGH,case_spacing,acceptable
P03327,aadhaar,pan,name,Nazia Qureshi,NAZIA QURESHI,case_spacing,acceptable
P03327,aadhaar,marksheet_10,name,Nazia Qureshi,Nazeea Qureshi,spelling_variant,risky
P03327,aadhaar,birth_certificate,dob,2001-02-27,2001-02-28,day_shift,critical
P03328,aadhaar,pan,name,Rutuja Joshi,RUTUJA JOSHI,case_spacing,acceptable
P03329,aadhaar,pan,name,Sumit Mishra,SUMIT MISHRA,case_spacing,acceptable
P03330,aadhaar,pan,name,Chaitanya Reddy,CHAITANYA REDDY,case_spacing,acceptable
P03331,aadhaar,pan,name,Mohammed Pathan,MOHAMMED PATHAN,case_spacing,acceptable
P03332,aadhaar,pan,name,Selvam Raju,SELVAM RAJU,case_spacing,acceptable
P03332,aadhaar,marksheet_10,name,Selvam Raju,SELVAM R,initial,acceptable
P03332,aadhaar,marksheet_10,father_name,Raju,Rajoo,spelling_variant,risky
P03332,aadhaar,marksheet_12,name,Selvam Raju,SELVAM R,initial,acceptable
P03333,aadhaar,pan,name,Snehal Patil,Snehall Patil,spelling_variant,risky
P03333,aadhaar,pan,dob,2001-08-29,2001-08-31,day_shift,critical
P03334,aadhaar,pan,name,Saravanan Balaji,SARAVANAN BALAJI,case_spacing,acceptable
P03334,aadhaar,marksheet_10,name,Saravanan Balaji,SARAVANAN B,initial,acceptable
P03334,aadhaar,marksheet_12,name,Saravanan Balaji,SARAVANAN B,initial,acceptable
P03335,aadhaar,pan,name,Lekshmi Nair,LEKSHMI NAIR,case_spacing,acceptable
P03336,aadhaar,pan,name,Tamilselvi Karthik,TAMILSELVI KARTHIK,case_spacing,acceptable
P03336,aadhaar,marksheet_10,name,Tamilselvi Karthik,Tamilseelvi Karthik,spelling_variant,risky
P03336,aadhaar,marksheet_12,name,Tamilselvi Karthik,TAMILSELVI K,initial,acceptable
P03337,aadhaar,pan,name,Rahul Varghese,RAHUL VARGHESE,case_spacing,acceptable
P03337,aadhaar,pan,father_name,Anand Varghese,Annand Varghese,spelling_variant,risky
P03337,aadhaar,passport,address,"No. 110, MG Road, Kakkanad, Kolkata, West Bengal - 700672","No. 235, Church Street, Kakkanad, Kolkata, West Bengal - 700819",different_address,risky
P03337,aadhaar,birth_certificate,dob,2004-09-30,2003-09-28,year_shift,critical
P03338,aadhaar,pan,name,Krupa Mehta,KRUPA MEHTA,case_spacing,acceptable
P03339,aadhaar,pan,name,Divya Reddy,DIVYA REDDY,case_spacing,acceptable
P03339,aadhaar,pan,father_name,Kiran Reddy,Kiraan Reddy,spelling_variant,risky
P03340,aadhaar,pan,name,Padma Rao,PADMA RAO,case_spacing,acceptable
P03341,aadhaar,pan,name,Satish Hegde,SATISH HEGDE,case_spacing,acceptable
P03341,aadhaar,pan,dob,2003-08-03,2003-08-02,day_shift,critical
P03342,aadhaar,pan,name,Sreejith Nair,SREEJITH NAIR,case_spacing,acceptable
P03342,aadhaar,pan,dob,2005-08-10,2005-08-11,day_shift,critical
P03343,aadhaar,pan,name,Reshma Panicker,RESHMA PANICKER,case_spacing,acceptable
P03344,aadhaar,pan,name,Rahul Mishra,RAHUL MISHRA,case_spacing,acceptable
P03345,aadhaar,pan,name,Rukhsar Qureshi,RUKHSAR QURESHI,case_spacing,acceptable
P03345,aadhaar,marksheet_12,name,Rukhsar Qureshi,Rukhsaar Qureshi,spelling_variant,risky
P03346,aadhaar,pan,name,Puneeth Kulkarni,PUNEETH KULKARNI,case_spacing,acceptable
P03346,aadhaar,passport,dob,1998-07-29,1998-07-31,day_shift,critical
P03347,aadhaar,pan,name,Prakash Manikandan,PRAKASH MANIKANDAN,case_spacing,acceptable
P03347,aadhaar,marksheet_10,name,Prakash Manikandan,PRAKASH M,initial,acceptable
P03347,aadhaar,marksheet_12,name,Prakash Manikandan,PRAKASH M,initial,acceptable
P03347,aadhaar,marksheet_12,father_name,Manikandan,Mannikandan,spelling_variant,risky
P03348,aadhaar,pan,name,Pallavi Gowda,PALLAVI GOWDA,case_spacing,acceptable
P03349,aadhaar,pan,name,Revathi Balaji,REVATHI BALAJI,case_spacing,acceptable
P03349,aadhaar,marksheet_10,name,Revathi Balaji,REVATHI B,initial,acceptable
P03349,aadhaar,marksheet_12,name,Revathi Balaji,REVATHI B,initial,acceptable
P03349,aadhaar,marksheet_12,father_name,Balaji,Balajee,spelling_variant,risky
P03349,aadhaar,birth_certificate,name,Revathi Balaji,B. Revathi,initial,acceptable
P03350,aadhaar,pan,name,Riya Yadav,RIYA YADAV,case_spacing,acceptable
P03351,aadhaar,pan,name,Ajay Gupta,AJAY GUPTA,case_spacing,acceptable
P03352,aadhaar,pan,name,Prashanth Shetty,PRASHANTH SHETTY,case_spacing,acceptable
P03353,aadhaar,pan,name,Ramesh Karthik,RAMESH KARTHIK,case_spacing,acceptable
P03353,aadhaar,marksheet_10,name,Ramesh Karthik,RAMESH K,initial,acceptable
P03353,aadhaar,marksheet_12,name,Ramesh Karthik,RAMESH K,initial,acceptable
P03354,aadhaar,pan,name,Lavanya Rao,LAVANYA RAO,case_spacing,acceptable
P03354,aadhaar,marksheet_12,name,Lavanya Rao,Lavaiya Rao,spelling_variant,risky
P03355,aadhaar,pan,name,Nikhil Patel,NIKHIL PATEL,case_spacing,acceptable
P03356,aadhaar,pan,name,Mary Joseph,MARY JOSEPH,case_spacing,acceptable
P03357,aadhaar,pan,name,Sundar Murugan,SUNDAR MURUGAN,case_spacing,acceptable
P03357,aadhaar,marksheet_10,name,Sundar Murugan,SUNDAR M,initial,acceptable
P03357,aadhaar,marksheet_12,name,Sundar Murugan,SUNDAR M,initial,acceptable
P03357,aadhaar,birth_certificate,name,Sundar Murugan,M. Sundar,initial,acceptable
P03358,aadhaar,pan,name,Ankit Singh,ANKIT SINGH,case_spacing,acceptable
P03359,aadhaar,pan,name,Krishna Rao,KRISHNA RAO,case_spacing,acceptable
P03359,aadhaar,pan,father_name,Ravi Rao,Rawi Rao,spelling_variant,risky
P03360,aadhaar,pan,name,Deepak Gupta,DEEPAK GUPTA,case_spacing,acceptable
P03360,aadhaar,birth_certificate,father_name,Sandeep Gupta,Saandeep Gupta,spelling_variant,risky
P03361,aadhaar,pan,name,Saranya Manikandan,SARANYA MANIKANDAN,case_spacing,acceptable
P03361,aadhaar,marksheet_10,name,Saranya Manikandan,SARANYA M,initial,acceptable
P03361,aadhaar,marksheet_12,name,Saranya Manikandan,SARANYA M,initial,acceptable
P03362,aadhaar,pan,name,Ayesha Syed,AYESHA SYED,case_spacing,acceptable
P03363,aadhaar,pan,name,Abirami Selvam,ABIRAMI SELVAM,case_spacing,acceptable
P03363,aadhaar,marksheet_10,name,Abirami Selvam,ABIRAMI S,initial,acceptable
P03363,aadhaar,marksheet_12,name,Abirami Selvam,ABIRAMI S,initial,acceptable
P03364,aadhaar,pan,name,Komal Chauhan,KOMAL CHAUHAN,case_spacing,acceptable
P03365,aadhaar,pan,name,Priyanka Pandey,PRIYANKA PANDEY,case_spacing,acceptable
P03366,aadhaar,pan,name,Madhuri Varma,MADHURI VARMA,case_spacing,acceptable
P03367,aadhaar,pan,name,Pradeep Tiwari,PRADEEP TIWARI,case_spacing,acceptable
P03367,aadhaar,birth_certificate,name,Pradeep Tiwari,Pradip Tiwari,spelling_variant,risky
P03368,aadhaar,pan,name,Kavitha Bhat,KAVITHA BHAT,case_spacing,acceptable
P03368,aadhaar,marksheet_12,father_name,Harish Bhat,Haris Bhat,spelling_variant,risky
P03369,aadhaar,pan,name,Arnab Ghosh,ARNAB GHOSH,case_spacing,acceptable
P03370,aadhaar,pan,name,Anagha Pillai,ANAGHA PILLAI,case_spacing,acceptable
P03371,aadhaar,pan,name,Lakshmi Kumar,Laksmhi Kumar,spelling_variant,risky
P03371,aadhaar,marksheet_10,name,Lakshmi Kumar,LAKSHMI K,initial,acceptable
P03371,aadhaar,marksheet_12,name,Lakshmi Kumar,LAKSHMI K,initial,acceptable
P03372,aadhaar,pan,name,Harsh Deshpande,HARSH DESHPANDE,case_spacing,acceptable
P03372,aadhaar,marksheet_12,father_name,Sagar Deshpande,Saagar Deshpande,spelling_variant,risky
P03373,aadhaar,pan,name,Hari Panicker,HARI PANICKER,case_spacing,acceptable
P03373,aadhaar,pan,dob,1998-07-18,1997-07-18,year_shift,critical
P03374,aadhaar,pan,name,Merlin Mathew,MERLIN MATHEW,case_spacing,acceptable
P03375,aadhaar,pan,name,Imran Ansari,IMRAN ANSARI,case_spacing,acceptable
P03376,aadhaar,pan,name,Haritha Reddy,Huritha Reddy,spelling_variant,risky
P03377,aadhaar,pan,name,Gaurav Pandey,GAURAV PANDEY,case_spacing,acceptable
P03378,aadhaar,pan,name,Ravi Varma,RAVI VARMA,case_spacing,acceptable
P03379,aadhaar,pan,name,Amit Singh,AMIT SINGH,case_spacing,acceptable
P03379,aadhaar,marksheet_10,dob,2002-05-07,2002-05-06,day_shift,critical
P03380,aadhaar,pan,name,Shabana Pathan,SHABANA PATHAN,case_spacing,acceptable
P03381,aadhaar,pan,name,David D'Souza,DAVID D'SOUZA,case_spacing,acceptable
P03382,aadhaar,pan,name,Anjali Nair,ANJALI NAIR,case_spacing,acceptable
P03383,aadhaar,pan,name,Sahana Shetty,SAHANA SHETTY,case_spacing,acceptable
P03383,aadhaar,marksheet_10,dob,2004-08-13,2004-08-11,day_shift,critical
P03384,aadhaar,pan,name,Dhwani Deshpande,DHWANI DESHPANDE,case_spacing,acceptable
P03385,aadhaar,pan,name,Vikram Yadav,VIKRAM YADAV,case_spacing,acceptable
P03386,aadhaar,pan,name,Heena Qureshi,HEENA QURESHI,case_spacing,acceptable
P03387,aadhaar,pan,name,Babu Manikandan,BABU MANIKANDAN,case_spacing,acceptable
P03387,aadhaar,marksheet_10,name,Babu Manikandan,BABU M,initial,acceptable
P03387,aadhaar,marksheet_12,name,Babu Manikandan,BABU M,initial,acceptable
P03388,aadhaar,pan,name,Sruthi Pillai,SRUTHI PILLAI,case_spacing,acceptable
P03388,aadhaar,passport,address,"No. 46, 4th Cross, Jayanagar, Mumbai, Maharashtra - 400854","No. 98, MG Road, Andheri, Mumbai, Maharashtra - 400217",different_address,risky
P03389,aadhaar,pan,name,Pallavi Kulkarni,PALLAVI KULKARNI,case_spacing,acceptable
P03390,aadhaar,pan,name,Puneeth Shetty,PUNEETH SHETTY,case_spacing,acceptable
P03391,aadhaar,pan,name,Sreejith Menon,SREEJITH MENON,case_spacing,acceptable
P03391,aadhaar,marksheet_12,name,Sreejith Menon,Sreejjith Menon,spelling_variant,risky
P03392,aadhaar,pan,name,Ajay Gupta,Aeay Gupta,spelling_variant,risky
P03392,aadhaar,passport,address,"No. 15, Lake View Road, Andheri, Coimbatore, Tamil Nadu - 641647","No. 10, Station Road, Salt Lake, Jaipur, Rajasthan - 302187",different_address,risky
P03393,aadhaar,pan,name,Hetal Patil,HETAL PATIL,case_spacing,acceptable
P03393,aadhaar,marksheet_10,father_name,Jay Patil,Jaay Patil,spelling_variant,risky
P03394,aadhaar,pan,name,Snehal Deshpande,SNEHAL DESHPANDE,case_spacing,acceptable
P03395,aadhaar,pan,name,Jyothi Varma,JYOTHI VARMA,case_spacing,acceptable
P03395,aadhaar,marksheet_10,name,Jyothi Varma,Jyothhi Varma,spelling_variant,risky
P03395,aadhaar,marksheet_10,dob,1998-05-30,1998-05-31,day_shift,critical
P03396,aadhaar,pan,name,Divya Menon,DIVYA MENON,case_spacing,acceptable
P03397,aadhaar,pan,name,Komal Tiwari,KOMAL TIWARI,case_spacing,acceptable
P03397,aadhaar,marksheet_12,name,Komal Tiwari,Koial Tiwari,spelling_variant,risky
P03398,aadhaar,pan,name,Riya Sharma,RIYA SHARMA,case_spacing,acceptable
P03399,aadhaar,pan,name,Arjun Menon,ARJUN MENON,case_spacing,acceptable
P03400,aadhaar,pan,name,Suresh Chowdary,SURESH CHOWDARY,case_spacing,acceptable
P03401,aadhaar,pan,name,Dhwani Kulkarni,DHWANI KULKARNI,case_spacing,acceptable
P03401,aadhaar,birth_certificate,father_name,Nikhil Kulkarni,Nikil Kulkarni,spelling_variant,risky
P03402,aadhaar,pan,name,Girish Hegde,GIRISH HEGDE,case_spacing,acceptable
P03403,aadhaar,pan,name,Satish Shetty,SATISH SHETTY,case_spacing,acceptable
P03404,aadhaar,pan,name,Anagha Panicker,ANAGHA PANICKER,case_spacing,acceptable
P03405,aadhaar,pan,name,Salman Pathan,SALMAN PATHAN,case_spacing,acceptable
P03406,aadhaar,pan,name,Spoorthi Shetty,SPOORTHI SHETTY,case_spacing,acceptable
P03406,aadhaar,pan,dob,2002-12-24,2001-12-24,year_shift,critical
P03407,aadhaar,pan,name,Simran Chauhan,SIMRAN CHAUHAN,case_spacing,acceptable
P03408,aadhaar,pan,name,Mahesh Raju,MAHESH RAJU,case_spacing,acceptable
P03408,aadhaar,pan,dob,2000-01-07,2000-01-06,day_shift,critical
P03409,aadhaar,pan,name,Jithin Pillai,JITHIN PILLAI,case_spacing,acceptable
P03410,aadhaar,pan,name,Tanushree Sen,TANUSHREE SEN,case_spacing,acceptable
P03411,aadhaar,pan,name,Kiran Reddy,KIRAN REDDY,case_spacing,acceptable
P03411,aadhaar,pan,dob,2001-01-22,2002-01-22,year_shift,critical
P03411,aadhaar,marksheet_10,name,Kiran Reddy,Kiraan Reddy,spelling_variant,risky
P03412,aadhaar,pan,name,Keerthana Saravanan,Kirthana Saravanan,spelling_variant,risky
P03412,aadhaar,marksheet_10,name,Keerthana Saravanan,KEERTHANA S,initial,acceptable
P03412,aadhaar,marksheet_12,name,Keerthana Saravanan,KEERTHANA S,initial,acceptable
P03413,aadhaar,pan,name,Selvam Madhavan,SELVAM MADHAVAN,case_spacing,acceptable
P03413,aadhaar,marksheet_10,name,Selvam Madhavan,SELVAM M,initial,acceptable
P03413,aadhaar,marksheet_12,name,Selvam Madhavan,SELVAM M,initial,acceptable
P03414,aadhaar,pan,name,Rukhsar Ansari,RUKHSAR ANSARI,case_spacing,acceptable
P03415,aadhaar,pan,name,Sagar Mehta,SAGAR MEHTA,case_spacing,acceptable
P03416,aadhaar,pan,name,Anand Kurup,ANAND KURUP,case_spacing,acceptable
P03416,aadhaar,marksheet_10,dob,2005-12-03,2005-03-12,day_month_swap,critical
P03417,aadhaar,pan,name,Vishnu Varghese,VISHNU VARGHESE,case_spacing,acceptable
P03418,aadhaar,pan,name,Prachi Deshpande,PRACHI DESHPANDE,case_spacing,acceptable
P03419,aadhaar,pan,name,Lekshmi Varghese,LEKSHMI VARGHESE,case_spacing,acceptable
P03420,aadhaar,pan,name,Girish Hegde,GIRISH HEGDE,case_spacing,acceptable
P03420,aadhaar,marksheet_10,name,Girish Hegde,Giriish Hegde,spelling_variant,risky
P03421,aadhaar,pan,name,Nikhil Patel,NIKHIL PATEL,case_spacing,acceptable
P03422,aadhaar,pan,name,Sundar Arun,SUNDAR ARUN,case_spacing,acceptable
P03422,aadhaar,marksheet_10,name,Sundar Arun,Soondar Arun,spelling_variant,risky
P03422,aadhaar,marksheet_12,name,Sundar Arun,SUNDAR A,initial,acceptable
P03422,aadhaar,birth_certificate,name,Sundar Arun,A. Sundar,initial,acceptable
P03423,aadhaar,pan,name,Meena Raju,MEENA RAJU,case_spacing,acceptable
P03423,aadhaar,marksheet_10,name,Meena Raju,MEENA R,initial,acceptable
P03423,aadhaar,marksheet_12,name,Meena Raju,Meenaa Raju,spelling_variant,risky
P03424,aadhaar,pan,name,Velu Babu,VELU BABU,case_spacing,acceptable
P03424,aadhaar,marksheet_10,name,Velu Babu,VELU B,initial,acceptable
P03424,aadhaar,marksheet_12,name,Velu Babu,VELU B,initial,acceptable
P03425,aadhaar,pan,name,Padma Raju,PADMA RAJU,case_spacing,acceptable
P03426,aadhaar,pan,name,Nikhil Desai,NIKHIL DESAI,case_spacing,acceptable
P03427,aadhaar,pan,name,Ritu Mishra,RITU MISHRA,case_spacing,acceptable
P03427,aadhaar,passport,gender,F,M,flipped,critical
P03428,aadhaar,pan,name,Neethu Varghese,NEETHU VARGHESE,case_spacing,acceptable
P03428,aadhaar,marksheet_10,dob,2000-08-26,2000-08-27,day_shift,critical
P03429,aadhaar,pan,name,Sreya Ghosh,SREYA GHOSH,case_spacing,acceptable
P03430,aadhaar,pan,name,Gayathri Vignesh,GAYATHRI VIGNESH,case_spacing,acceptable
P03430,aadhaar,marksheet_10,name,Gayathri Vignesh,GAYATHRI V,initial,acceptable
P03430,aadhaar,marksheet_12,name,Gayathri Vignesh,GAYATHRI V,initial,acceptable
P03430,aadhaar,passport,address,"No. 26, Park Avenue, Anna Nagar, Pune, Maharashtra - 411561","No. 198, 2nd Main, Velachery, Kochi, Kerala - 682747",different_address,risky
P03430,aadhaar,birth_certificate,name,Gayathri Vignesh,Gaayathri Vignesh,spelling_variant,risky
P03431,aadhaar,pan,name,Kavya Babu,KAVYA BABU,case_spacing,acceptable
P03431,aadhaar,marksheet_10,name,Kavya Babu,KAVYA B,initial,acceptable
P03431,aadhaar,marksheet_12,name,Kavya Babu,KAVYA B,initial,acceptable
P03432,aadhaar,pan,name,Murugan Siva,MURUGAN SIVA,case_spacing,acceptable
P03432,aadhaar,marksheet_10,name,Murugan Siva,MURUGAN S,initial,acceptable
P03432,aadhaar,marksheet_12,name,Murugan Siva,MURUGAN S,initial,acceptable
P03432,aadhaar,birth_certificate,name,Murugan Siva,Murugaan Siva,spelling_variant,risky
P03433,aadhaar,pan,name,Neethu Menon,NEETHU MENON,case_spacing,acceptable
P03433,aadhaar,marksheet_10,name,Neethu Menon,Nneethu Menon,spelling_variant,risky
P03434,aadhaar,pan,name,Naveen Hegde,NAVEEN HEGDE,case_spacing,acceptable
P03435,aadhaar,pan,name,Riya Gupta,RIYA GUPTA,case_spacing,acceptable
P03436,aadhaar,pan,name,Vikram Verma,VIKRAM VERMA,case_spacing,acceptable
P03437,aadhaar,pan,name,Abhijit Chatterjee,ABHIJIT CHATTERJEE,case_spacing,acceptable
P03438,aadhaar,pan,name,Pooja Gupta,POOJA GUPTA,case_spacing,acceptable
P03439,aadhaar,pan,name,Anirban Banerjee,ANIRBAN BANERJEE,case_spacing,acceptable
P03439,aadhaar,pan,father_name,Sayan Banerjee,Sayann Banerjee,spelling_variant,risky
P03440,aadhaar,pan,name,Shashank Hegde,SHASHANK HEGDE,case_spacing,acceptable
P03440,aadhaar,passport,name,Shashank Hegde,Shnshank Hegde,spelling_variant,risky
P03441,aadhaar,pan,name,Sanjay Tiwari,SANJAY TIWARI,case_spacing,acceptable
P03442,aadhaar,pan,name,Gopika Panicker,GOPIKA PANICKER,case_spacing,acceptable
P03442,aadhaar,birth_certificate,name,Gopika Panicker,Gopeeka Panicker,spelling_variant,risky
P03442,aadhaar,birth_certificate,gender,F,M,flipped,critical
P03443,aadhaar,pan,name,Gaurav Sharma,GAURAV SHARMA,case_spacing,acceptable
P03443,aadhaar,passport,address,"No. 151, 2nd Main, Salt Lake, Mumbai, Maharashtra - 400351","No. 168, Temple Street, Sector 62, Chennai, Tamil Nadu - 600109",different_address,risky
P03444,aadhaar,pan,name,Satish Gowda,SATISH GOWDA,case_spacing,acceptable
P03445,aadhaar,pan,name,Amit Tiwari,AMIT TIWARI,case_spacing,acceptable
P03445,aadhaar,marksheet_12,name,Amit Tiwari,Ameet Tiwari,spelling_variant,risky
P03446,aadhaar,pan,name,Hetal Desai,HETAL DESAI,case_spacing,acceptable
P03447,aadhaar,pan,name,Sana Sheikh,SANA SHEIKH,case_spacing,acceptable
P03448,aadhaar,pan,name,Revathi Velu,REVATHI VELU,case_spacing,acceptable
P03448,aadhaar,marksheet_10,name,Revathi Velu,REVATHI V,initial,acceptable
P03448,aadhaar,marksheet_12,name,Revathi Velu,REVATHI V,initial,acceptable
P03449,aadhaar,pan,name,Parth Mehta,PARTH MEHTA,case_spacing,acceptable
P03449,aadhaar,birth_certificate,father_name,Jay Mehta,Zay Mehta,spelling_variant,risky
P03450,aadhaar,pan,name,Rajib Mukherjee,RAJIB MUKHERJEE,case_spacing,acceptable
P03450,aadhaar,passport,address,"No. 184, Station Road, Kakkanad, Thiruvananthapuram, Kerala - 695337","No. 45, Lake View Road, Velachery, Kolkata, West Bengal - 700684",different_address,risky
P03451,aadhaar,pan,name,Sneha Sharma,SNEHA SHARMA,case_spacing,acceptable
P03451,aadhaar,birth_certificate,name,Sneha Sharma,Snneha Sharma,spelling_variant,risky
P03452,aadhaar,pan,name,Murugan Raju,MURUGAN RAJU,case_spacing,acceptable
P03452,aadhaar,marksheet_10,name,Murugan Raju,MURUGAN R,initial,acceptable
P03452,aadhaar,marksheet_12,name,Murugan Raju,MURUGAN R,initial,acceptable
P03453,aadhaar,pan,name,Bhavani Raju,Bhavaani Raju,spelling_variant,risky
P03454,aadhaar,pan,name,Girish Gowda,GIRISH GOWDA,case_spacing,acceptable
P03454,aadhaar,pan,dob,1998-09-29,1998-09-28,day_shift,critical
P03455,aadhaar,pan,name,Raghavendra Hegde,RAGHAVENDRA HEGDE,case_spacing,acceptable
P03456,aadhaar,pan,name,Venkatesh Reddy,VENKATESH REDDY,case_spacing,acceptable
P03457,aadhaar,pan,name,Spoorthi Gowda,SPOORTHI GOWDA,case_spacing,acceptable
P03458,aadhaar,pan,name,Yamini Saravanan,YAMINI SARAVANAN,case_spacing,acceptable
P03458,aadhaar,marksheet_10,name,Yamini Saravanan,Yasini Saravanan,spelling_variant,risky
P03458,aadhaar,marksheet_12,name,Yamini Saravanan,YAMINI S,initial,acceptable
P03459,aadhaar,pan,name,Harish Rao,HARISH RAO,case_spacing,acceptable
P03459,aadhaar,marksheet_12,name,Harish Rao,Harishh Rao,spelling_variant,risky
P03460,aadhaar,pan,name,Madhavan Babu,MADHAVAN BABU,case_spacing,acceptable
P03460,aadhaar,marksheet_10,name,Madhavan Babu,MADHAVAN B,initial,acceptable
P03460,aadhaar,marksheet_12,name,Madhavan Babu,MADHAVAN B,initial,acceptable
P03461,aadhaar,pan,name,Ramesh Selvam,RAMESH SELVAM,case_spacing,acceptable
P03461,aadhaar,marksheet_10,name,Ramesh Selvam,RAMESH S,initial,acceptable
P03461,aadhaar,marksheet_12,name,Ramesh Selvam,RAMESH S,initial,acceptable
P03462,aadhaar,pan,name,Suresh Reddy,SURESH REDDY,case_spacing,acceptable
P03462,aadhaar,marksheet_10,name,Suresh Reddy,Naresh Raju,different_person,critical
P03462,aadhaar,marksheet_12,name,Suresh Reddy,Sures Reddy,spelling_variant,risky
P03463,aadhaar,pan,name,Sagar Deshpande,SAGAR DESHPANDE,case_spacing,acceptable
P03463,aadhaar,passport,address,"No. 88, Temple Street, Sector 62, Delhi, Delhi - 110906","No. 162, Gandhi Road, Kakkanad, Pune, Maharashtra - 411496",different_address,risky
P03464,aadhaar,pan,name,Ajay Yadav,AJAY YADAV,case_spacing,acceptable
P03465,aadhaar,pan,name,Janani Prakash,JANANI PRAKASH,case_spacing,acceptable
P03465,aadhaar,marksheet_10,name,Janani Prakash,JANANI P,initial,acceptable
P03465,aadhaar,marksheet_12,name,Janani Prakash,JANANI P,initial,acceptable
P03466,aadhaar,pan,name,Anagha Pillai,ANAGHA PILLAI,case_spacing,acceptable
P03467,aadhaar,pan,name,Meena Sundar,MEENA SUNDAR,case_spacing,acceptable
P03467,aadhaar,marksheet_10,name,Meena Sundar,MEENA S,initial,acceptable
P03467,aadhaar,marksheet_12,name,Meena Sundar,MEENA S,initial,acceptable
P03467,aadhaar,birth_certificate,name,Meena Sundar,S. Meena,initial,acceptable
P03468,aadhaar,pan,name,Keerthana Raju,KEERTHANA RAJU,case_spacing,acceptable
P03468,aadhaar,marksheet_10,name,Keerthana Raju,KEERTHANA R,initial,acceptable
P03468,aadhaar,marksheet_12,name,Keerthana Raju,KEERTHANA R,initial,acceptable
P03469,aadhaar,pan,name,Lavanya Raju,LAVANYA RAJU,case_spacing,acceptable
P03469,aadhaar,pan,dob,2000-07-07,2000-07-08,day_shift,critical
P03469,aadhaar,marksheet_10,name,Lavanya Raju,Lawanya Raju,spelling_variant,risky
P03470,aadhaar,pan,name,Parth Patil,PARTH PATIL,case_spacing,acceptable
P03471,aadhaar,pan,name,Babu Murugan,Baabu Murugan,spelling_variant,risky
P03471,aadhaar,marksheet_10,name,Babu Murugan,BABU M,initial,acceptable
P03471,aadhaar,marksheet_12,name,Babu Murugan,BABU M,initial,acceptable
P03472,aadhaar,pan,name,Sravani Chowdary,Sravanee Chowdary,spelling_variant,risky
P03473,aadhaar,pan,name,Anjali Singh,ANJALI SINGH,case_spacing,acceptable
P03474,aadhaar,pan,name,Priyanka Chauhan,PRIYANKA CHAUHAN,case_spacing,acceptable
P03475,aadhaar,pan,name,Kumar Prakash,KUMAR PRAKASH,case_spacing,acceptable
P03475,aadhaar,marksheet_10,name,Kumar Prakash,KUMAR P,initial,acceptable
P03475,aadhaar,marksheet_12,name,Kumar Prakash,Shashank Gowda,different_person,critical
P03476,aadhaar,pan,name,Saranya Raju,SARANYA RAJU,case_spacing,acceptable
P03476,aadhaar,marksheet_10,name,Saranya Raju,SARANYA R,initial,acceptable
P03476,aadhaar,marksheet_12,name,Saranya Raju,SARANYA R,initial,acceptable
P03477,aadhaar,pan,name,Krishna Reddy,Kriehna Reddy,spelling_variant,risky
P03478,aadhaar,pan,name,Ayesha Sheikh,AYESHA SHEIKH,case_spacing,acceptable
P03478,aadhaar,marksheet_12,name,Ayesha Sheikh,Ayesa Sheikh,spelling_variant,risky
P03479,aadhaar,pan,name,Hetal Patil,Hesal Patil,spelling_variant,risky
P03479,aadhaar,marksheet_12,name,Hetal Patil,Anjali Pillai,different_person,critical
P03480,aadhaar,pan,name,Akhil Kurup,AKHIL KURUP,case_spacing,acceptable
P03481,aadhaar,pan,name,Kannan Vignesh,KANNAN VIGNESH,case_spacing,acceptable
P03481,aadhaar,marksheet_10,name,Kannan Vignesh,KANNAN V,initial,acceptable
P03481,aadhaar,marksheet_12,name,Kannan Vignesh,KANNAN V,initial,acceptable
P03481,aadhaar,birth_certificate,name,Kannan Vignesh,V. Kannan,initial,acceptable
P03482,aadhaar,pan,name,Simran Mishra,SIMRAN MISHRA,case_spacing,acceptable
P03483,aadhaar,pan,name,Debjani Sen,DEBJANI SEN,case_spacing,acceptable
P03484,aadhaar,pan,name,Priya Balaji,PRIYA BALAJI,case_spacing,acceptable
P03484,aadhaar,marksheet_10,name,Priya Balaji,PRIYA B,initial,acceptable
P03484,aadhaar,marksheet_12,name,Priya Balaji,PRIYA B,initial,acceptable
P03485,aadhaar,pan,name,Chaitanya Varma,CHAITANYA VARMA,case_spacing,acceptable
P03485,aadhaar,marksheet_10,dob,2002-01-05,2002-05-01,day_month_swap,critical
P03486,aadhaar,pan,name,Riya Ghosh,RIYA GHOSH,case_spacing,acceptable
P03487,aadhaar,pan,name,Yamini Arun,YAMINI ARUN,case_spacing,acceptable
P03487,aadhaar,marksheet_10,name,Yamini Arun,YAMINI A,initial,acceptable
P03487,aadhaar,marksheet_12,name,Yamini Arun,YAMINI A,initial,acceptable
P03488,aadhaar,pan,name,Sandeep Yadav,SANDEEP YADAV,case_spacing,acceptable
P03489,aadhaar,pan,name,Sunitha Raju,SUNITHA RAJU,case_spacing,acceptable
P03490,aadhaar,pan,name,Puneeth Bhat,PUNEETH BHAT,case_spacing,acceptable
P03490,aadhaar,marksheet_10,name,Puneeth Bhat,Pureeth Bhat,spelling_variant,risky
P03490,aadhaar,birth_certificate,name,Puneeth Bhat,Padma Varma,different_person,critical
P03491,aadhaar,pan,name,Irfan Khan,IRFAN KHAN,case_spacing,acceptable
P03492,aadhaar,pan,name,Kavitha Rao,KAVITHA RAO,case_spacing,acceptable
P03493,aadhaar,pan,name,Neha Verma,NEHA VERMA,case_spacing,acceptable
P03494,aadhaar,pan,name,Kumar Sundar,KUMAR SUNDAR,case_spacing,acceptable
P03494,aadhaar,marksheet_10,name,Kumar Sundar,KUMAR S,initial,acceptable
P03494,aadhaar,marksheet_12,name,Kumar Sundar,KUMAR S,initial,acceptable
P03494,aadhaar,passport,address,"No. 217, MG Road, Salt Lake, Coimbatore, Tamil Nadu - 641531","No. 77, Nehru Street, Navrangpura, Bengaluru, Karnataka - 560866",different_address,risky
P03494,aadhaar,birth_certificate,name,Kumar Sundar,S. Kumar,initial,acceptable
P03495,aadhaar,pan,name,Samuel Fernandes,SAMUEL FERNANDES,case_spacing,acceptable
P03496,aadhaar,pan,name,Raghavendra Kulkarni,RAGHAVENDRA KULKARNI,case_spacing,acceptable
P03497,aadhaar,pan,name,Farhan Khan,FARHAN KHAN,case_spacing,acceptable
P03497,aadhaar,marksheet_12,name,Farhan Khan,Farhaan Khan,spelling_variant,risky
P03498,aadhaar,pan,name,Sushma Tiwari,SUSHMA TIWARI,case_spacing,acceptable
P03499,aadhaar,pan,name,Shashank Kulkarni,SHASHANK KULKARNI,case_spacing,acceptable
P03500,aadhaar,pan,name,John Thomas,JOHN THOMAS,case_spacing,acceptable
P03501,aadhaar,pan,name,Rukhsar Ansari,RUKHSAR ANSARI,case_spacing,acceptable
P03502,aadhaar,pan,name,Ravi Chowdary,RAVI CHOWDARY,case_spacing,acceptable
P03503,aadhaar,pan,name,Velu Karthik,Vnlu Karthik,spelling_variant,risky
P03503,aadhaar,marksheet_10,name,Velu Karthik,VELU K,initial,acceptable
P03503,aadhaar,marksheet_12,name,Velu Karthik,VELU K,initial,acceptable
P03504,aadhaar,pan,name,Merlin Joseph,MERLIN JOSEPH,case_spacing,acceptable
P03505,aadhaar,pan,name,Ramesh Sundar,RAMESH SUNDAR,case_spacing,acceptable
P03505,aadhaar,marksheet_10,name,Ramesh Sundar,RAMESH S,initial,acceptable
P03505,aadhaar,marksheet_12,name,Ramesh Sundar,RAMESH S,initial,acceptable
P03506,aadhaar,pan,name,Arjun Nair,ARJUN NAIR,case_spacing,acceptable
P03507,aadhaar,pan,name,Nazia Qureshi,NAZIA QURESHI,case_spacing,acceptable
P03508,aadhaar,pan,name,Akhil Kurup,AKHIL KURUP,case_spacing,acceptable
P03509,aadhaar,pan,name,Ritu Singh,RITU SINGH,case_spacing,acceptable
P03509,aadhaar,passport,name,Ritu Singh,Riitu Singh,spelling_variant,risky
P03509,aadhaar,passport,address,"No. 134, 4th Cross, Salt Lake, Jaipur, Rajasthan - 302435","No. 198, Cross Road, Velachery, Hyderabad, Telangana - 500621",different_address,risky
P03510,aadhaar,pan,name,Babu Manikandan,BABU MANIKANDAN,case_spacing,acceptable
P03510,aadhaar,marksheet_10,name,Babu Manikandan,BABU M,initial,acceptable
P03510,aadhaar,marksheet_12,name,Babu Manikandan,BABU M,initial,acceptable
P03511,aadhaar,pan,name,Zainab Khan,ZAINAB KHAN,case_spacing,acceptable
P03512,aadhaar,pan,name,Anagha Pillai,ANAGHA PILLAI,case_spacing,acceptable
P03512,aadhaar,pan,dob,2000-12-24,2000-12-26,day_shift,critical
P03513,aadhaar,pan,name,Payel Das,PAYEL DAS,case_spacing,acceptable
P03514,aadhaar,pan,name,Anagha Varghese,ANAGHA VARGHESE,case_spacing,acceptable
P03514,aadhaar,pan,dob,2002-01-12,2002-12-01,day_month_swap,critical
P03515,aadhaar,pan,name,Indhu Vignesh,INDHU VIGNESH,case_spacing,acceptable
P03515,aadhaar,marksheet_10,name,Indhu Vignesh,INDHU V,initial,acceptable
P03515,aadhaar,marksheet_10,father_name,Vignesh,Vignnesh,spelling_variant,risky
P03515,aadhaar,marksheet_12,name,Indhu Vignesh,INDHU V,initial,acceptable
P03516,aadhaar,pan,name,Mary D'Souza,MARY D'SOUZA,case_spacing,acceptable
P03516,aadhaar,marksheet_12,name,Mary D'Souza,Mari D'Souza,spelling_variant,risky
P03517,aadhaar,pan,name,Manjunath Shetty,MANJUNATH SHETTY,case_spacing,acceptable
P03518,aadhaar,pan,name,Saranya Elango,SARANYA ELANGO,case_spacing,acceptable
P03518,aadhaar,marksheet_10,name,Saranya Elango,SARANYA E,initial,acceptable
P03518,aadhaar,marksheet_12,name,Saranya Elango,SARANYA E,initial,acceptable
P03519,aadhaar,pan,name,Neethu Pillai,NEETHU PILLAI,case_spacing,acceptable
P03520,aadhaar,pan,name,Balaji Babu,BALAJI BABU,case_spacing,acceptable
P03520,aadhaar,marksheet_10,name,Balaji Babu,BALAJI B,initial,acceptable
P03520,aadhaar,marksheet_12,name,Balaji Babu,BALAJI B,initial,acceptable
P03521,aadhaar,pan,name,Kannan Kumar,KANNAN KUMAR,case_spacing,acceptable
P03521,aadhaar,marksheet_10,name,Kannan Kumar,KANNAN K,initial,acceptable
P03521,aadhaar,marksheet_12,name,Kannan Kumar,KANNAN K,initial,acceptable
P03522,aadhaar,pan,name,Indhu Ramesh,INDHU RAMESH,case_spacing,acceptable
P03522,aadhaar,marksheet_10,name,Indhu Ramesh,INDHU R,initial,acceptable
P03522,aadhaar,marksheet_12,name,Indhu Ramesh,Abdul Khan,different_person,critical
P03523,aadhaar,pan,name,Payel Banerjee,Panel Banerjee,spelling_variant,risky
P03524,aadhaar,pan,name,Archana Tiwari,ARCHANA TIWARI,case_spacing,acceptable
P03525,aadhaar,pan,name,Pradeep Agarwal,PRADEEP AGARWAL,case_spacing,acceptable
P03525,aadhaar,marksheet_10,name,Pradeep Agarwal,Praadeep Agarwal,spelling_variant,risky
P03526,aadhaar,pan,name,Moumita Ghosh,MOUMITA GHOSH,case_spacing,acceptable
P03526,aadhaar,marksheet_12,name,Moumita Ghosh,Moumitta Ghosh,spelling_variant,risky
P03527,aadhaar,pan,name,Asha Hegde,ASHA HEGDE,case_spacing,acceptable
P03528,aadhaar,pan,name,Balaji Karthik,BALAJI KARTHIK,case_spacing,acceptable
P03528,aadhaar,marksheet_10,name,Balaji Karthik,BALAJI K,initial,acceptable
P03528,aadhaar,marksheet_12,name,Balaji Karthik,Baalaji Karthik,spelling_variant,risky
P03529,aadhaar,pan,name,Payel Das,Payell Das,spelling_variant,risky
P03530,aadhaar,pan,name,Sangeetha Balaji,SANGEETHA BALAJI,case_spacing,acceptable
P03530,aadhaar,marksheet_10,name,Sangeetha Balaji,SANGEETHA B,initial,acceptable
P03530,aadhaar,marksheet_12,name,Sangeetha Balaji,SANGEETHA B,initial,acceptable
P03530,aadhaar,birth_certificate,name,Sangeetha Balaji,B. Sangeetha,initial,acceptable
P03531,aadhaar,pan,name,Kavitha Hegde,KAVITHA HEGDE,case_spacing,acceptable
P03532,aadhaar,pan,name,Ananya Bose,ANANYA BOSE,case_spacing,acceptable
P03532,aadhaar,marksheet_12,father_name,Sayan Bose,Saayan Bose,spelling_variant,risky
P03533,aadhaar,pan,name,Debashis Banerjee,DEBASHIS BANERJEE,case_spacing,acceptable
P03534,aadhaar,pan,name,Krupa Joshi,KRUPA JOSHI,case_spacing,acceptable
P03535,aadhaar,pan,name,Keerthana Elango,KEERTHANA ELANGO,case_spacing,acceptable
P03535,aadhaar,marksheet_10,name,Keerthana Elango,KEERTHANA E,initial,acceptable
P03535,aadhaar,marksheet_12,name,Keerthana Elango,KEERTHANA E,initial,acceptable
P03536,aadhaar,pan,name,Bhavani Reddy,BHAVANI REDDY,case_spacing,acceptable
P03536,aadhaar,marksheet_10,father_name,Srinivas Reddy,Sreenivas Reddy,spelling_variant,risky
P03536,aadhaar,passport,address,"No. 174, Main Road, Kothrud, Noida, Uttar Pradesh - 201549","No. 29, Cross Road, Kakkanad, Jaipur, Rajasthan - 302370",different_address,risky
P03537,aadhaar,pan,name,Nikhil Pillai,NIKHIL PILLAI,case_spacing,acceptable
P03537,aadhaar,pan,father_name,Vishnu Pillai,Vishnnu Pillai,spelling_variant,risky
P03538,aadhaar,pan,name,Thomas Pereira,THOMAS PEREIRA,case_spacing,acceptable
P03539,aadhaar,pan,name,Jyothi Rao,JYOTHI RAO,case_spacing,acceptable
P03539,aadhaar,marksheet_10,dob,2003-01-24,2004-01-24,year_shift,critical
P03540,aadhaar,pan,name,Kumar Prakash,KUMAR PRAKASH,case_spacing,acceptable
P03540,aadhaar,marksheet_10,name,Kumar Prakash,KUMAR P,initial,acceptable
P03540,aadhaar,marksheet_12,name,Kumar Prakash,KUMAR P,initial,acceptable
P03541,aadhaar,pan,name,Mahesh Naidu,MAHESH NAIDU,case_spacing,acceptable
P03541,aadhaar,birth_certificate,dob,2002-11-01,2001-11-01,year_shift,critical
P03542,aadhaar,pan,name,Sahana Shetty,SAHANA SHETTY,case_spacing,acceptable
P03542,aadhaar,marksheet_10,name,Sahana Shetty,Saahana Shetty,spelling_variant,risky
P03543,aadhaar,pan,name,Shashank Hegde,Shaashank Hegde,spelling_variant,risky
P03544,aadhaar,pan,name,Priyanka Pandey,PRIYANKA PANDEY,case_spacing,acceptable
P03545,aadhaar,pan,name,Jithin Kurup,JITHIN KURUP,case_spacing,acceptable
P03546,aadhaar,pan,name,Haritha Raju,HARITHA RAJU,case_spacing,acceptable
P03547,aadhaar,pan,name,Gopika Pillai,GOPIKA PILLAI,case_spacing,acceptable
P03548,aadhaar,pan,name,Gaurav Chauhan,GAURAV CHAUHAN,case_spacing,acceptable
P03548,aadhaar,birth_certificate,name,Gaurav Chauhan,Gauarv Chauhan,spelling_variant,risky
P03549,aadhaar,pan,name,Lavanya Raju,LAVANYA RAJU,case_spacing,acceptable
P03550,aadhaar,pan,name,Ramesh Raju,RAMESH RAJU,case_spacing,acceptable
P03550,aadhaar,marksheet_10,name,Ramesh Raju,RAMESH R,initial,acceptable
P03550,aadhaar,marksheet_12,name,Ramesh Raju,RAMESH R,initial,acceptable
P03551,aadhaar,pan,name,Sanjay Pandey,SANJAY PANDEY,case_spacing,acceptable
P03552,aadhaar,pan,name,Riya Sharma,RIYA SHARMA,case_spacing,acceptable
P03553,aadhaar,pan,name,Sundar Murugan,SUNDAR MURUGAN,case_spacing,acceptable
P03553,aadhaar,marksheet_10,name,Sundar Murugan,SUNDAR M,initial,acceptable
P03553,aadhaar,marksheet_12,name,Sundar Murugan,SUNDAR M,initial,acceptable
P03554,aadhaar,pan,name,Darshan Kulkarni,DARSHAN KULKARNI,case_spacing,acceptable
P03555,aadhaar,pan,name,Senthil Velu,SENTHIL VELU,case_spacing,acceptable
P03555,aadhaar,marksheet_10,name,Senthil Velu,SENTHIL V,initial,acceptable
P03555,aadhaar,marksheet_12,name,Senthil Velu,SENTHIL V,initial,acceptable
P03555,aadhaar,birth_certificate,name,Senthil Velu,Shreya Pandey,different_person,critical
P03556,aadhaar,pan,name,Sanju Varghese,SANJU VARGHESE,case_spacing,acceptable
P03556,aadhaar,pan,dob,1998-11-01,1998-10-31,day_shift,critical
P03557,aadhaar,pan,name,Rohit Singh,ROHIT SINGH,case_spacing,acceptable
P03557,aadhaar,marksheet_10,father_name,Deepak Singh,Dheepak Singh,spelling_variant,risky
P03558,aadhaar,pan,name,Prashanth Bhat,PRASHANTH BHAT,case_spacing,acceptable
P03558,aadhaar,marksheet_10,dob,2000-07-13,2000-07-14,day_shift,critical
P03559,aadhaar,pan,name,Darshan Rao,DARSHAN RAO,case_spacing,acceptable
P03560,aadhaar,pan,name,George Joseph,GEORGE JOSEPH,case_spacing,acceptable
P03561,aadhaar,pan,name,Kannan Karthik,KANNAN KARTHIK,case_spacing,acceptable
P03561,aadhaar,marksheet_10,name,Kannan Karthik,Kannaan Karthik,spelling_variant,risky
P03561,aadhaar,marksheet_10,dob,2004-01-02,2005-01-02,year_shift,critical
P03561,aadhaar,marksheet_12,name,Kannan Karthik,KANNAN K,initial,acceptable
P03562,aadhaar,pan,name,Gaurav Singh,GAURAV SINGH,case_spacing,acceptable
P03563,aadhaar,pan,name,Parth Mehta,PARTH MEHTA,case_spacing,acceptable
P03564,aadhaar,pan,name,Rohit Agarwal,ROHIT AGARWAL,case_spacing,acceptable
P03565,aadhaar,pan,name,Sourav Bose,SOURAV BOSE,case_spacing,acceptable
P03565,aadhaar,marksheet_10,dob,1998-01-23,1998-01-22,day_shift,critical
P03566,aadhaar,pan,name,Archana Singh,ARCHANA SINGH,case_spacing,acceptable
P03566,aadhaar,marksheet_10,dob,2002-07-09,2002-07-10,day_shift,critical
P03567,aadhaar,pan,name,Malathi Murugan,MALATHI MURUGAN,case_spacing,acceptable
P03567,aadhaar,marksheet_10,name,Malathi Murugan,MALATHI M,initial,acceptable
P03567,aadhaar,marksheet_12,name,Malathi Murugan,MALATHI M,initial,acceptable
P03568,aadhaar,pan,name,Priyanka Pandey,PRIYANKA PANDEY,case_spacing,acceptable
P03569,aadhaar,pan,name,Rahul Gupta,RAHUL GUPTA,case_spacing,acceptable
P03570,aadhaar,pan,name,Arnab Banerjee,ARNAB BANERJEE,case_spacing,acceptable
P03570,aadhaar,marksheet_12,name,Arnab Banerjee,Vaishnavi Sundar,different_person,critical
P03571,aadhaar,pan,name,Sharon Fernandes,SHARON FERNANDES,case_spacing,acceptable
P03572,aadhaar,pan,name,Shreya Verma,SHREYA VERMA,case_spacing,acceptable
P03573,aadhaar,pan,name,Sushma Pandey,SUSHMA PANDEY,case_spacing,acceptable
P03574,aadhaar,pan,name,Rahul Chauhan,RAHUL CHAUHAN,case_spacing,acceptable
P03575,aadhaar,pan,name,Nikhil Kurup,NIKHIL KURUP,case_spacing,acceptable
P03576,aadhaar,pan,name,Deepak Agarwal,DEEPAK AGARWAL,case_spacing,acceptable
P03577,aadhaar,pan,name,Kavya Velu,Kaavya Velu,spelling_variant,risky
P03577,aadhaar,marksheet_10,name,Kavya Velu,KAVYA V,initial,acceptable
P03577,aadhaar,marksheet_12,name,Kavya Velu,KAVYA V,initial,acceptable
P03578,aadhaar,pan,name,Kiran Varma,KIRAN VARMA,case_spacing,acceptable
P03578,aadhaar,marksheet_12,father_name,Venkatesh Varma,Venkates Varma,spelling_variant,risky
P03579,aadhaar,pan,name,Sundar Madhavan,SUNDAR MADHAVAN,case_spacing,acceptable
P03579,aadhaar,marksheet_10,name,Sundar Madhavan,SUNDAR M,initial,acceptable
P03579,aadhaar,marksheet_12,name,Sundar Madhavan,SUNDAR M,initial,acceptable
P03580,aadhaar,pan,name,Sumit Mishra,SUMIT MISHRA,case_spacing,acceptable
P03580,aadhaar,marksheet_10,name,Sumit Mishra,Soomit Mishra,spelling_variant,risky
P03580,aadhaar,birth_certificate,gender,M,F,flipped,critical
P03581,aadhaar,pan,name,Sagar Deshpande,SAGAR DESHPANDE,case_spacing,acceptable
P03582,aadhaar,pan,name,Jithin Kurup,JITHIN KURUP,case_spacing,acceptable
P03582,aadhaar,birth_certificate,dob,2001-12-16,2001-12-17,day_shift,critical
P03583,aadhaar,pan,name,Abirami Sundar,ABIRAMI SUNDAR,case_spacing,acceptable
P03583,aadhaar,marksheet_10,name,Abirami Sundar,ABIRAMI S,initial,acceptable
P03583,aadhaar,marksheet_12,name,Abirami Sundar,ABIRAMI S,initial,acceptable
P03583,aadhaar,birth_certificate,name,Abirami Sundar,S. Abirami,initial,acceptable
P03584,aadhaar,pan,name,Heena Qureshi,HEENA QURESHI,case_spacing,acceptable
P03584,aadhaar,marksheet_12,name,Heena Qureshi,Rukhsar Qureshi,different_person,critical
P03585,aadhaar,pan,name,Puneeth Bhat,PUNEETH BHAT,case_spacing,acceptable
P03586,aadhaar,pan,name,Vaishnavi Raju,VAISHNAVI RAJU,case_spacing,acceptable
P03586,aadhaar,pan,father_name,Raju,Raaju,spelling_variant,risky
P03586,aadhaar,marksheet_10,name,Vaishnavi Raju,VAISHNAVI R,initial,acceptable
P03586,aadhaar,marksheet_12,name,Vaishnavi Raju,VAISHNAVI R,initial,acceptable
P03587,aadhaar,pan,name,Imran Syed,IMRAN SYED,case_spacing,acceptable
P03588,aadhaar,pan,name,Rashmi Bhat,RASHMI BHAT,case_spacing,acceptable
P03588,aadhaar,marksheet_12,name,Rashmi Bhat,Rasrmi Bhat,spelling_variant,risky
P03589,aadhaar,pan,name,Riya Verma,RIYA VERMA,case_spacing,acceptable
P03589,aadhaar,marksheet_10,name,Riya Verma,Rya Verma,spelling_variant,risky
P03590,aadhaar,pan,name,Ajay Singh,AJAY SINGH,case_spacing,acceptable
P03591,aadhaar,pan,name,Grace Thomas,GRACE THOMAS,case_spacing,acceptable
P03592,aadhaar,pan,name,Nithya Elango,NITHYA ELANGO,case_spacing,acceptable
P03592,aadhaar,marksheet_10,name,Nithya Elango,NITHYA E,initial,acceptable
P03592,aadhaar,marksheet_12,name,Nithya Elango,Nitha Elango,spelling_variant,risky
P03593,aadhaar,pan,name,Ajay Gupta,AJAY GUPTA,case_spacing,acceptable
P03593,aadhaar,marksheet_10,name,Ajay Gupta,Ajai Gupta,spelling_variant,risky
P03594,aadhaar,pan,name,Dhwani Shah,DHWANI SHAH,case_spacing,acceptable
P03595,aadhaar,pan,name,Harini Velu,HARINI VELU,case_spacing,acceptable
P03595,aadhaar,marksheet_10,name,Harini Velu,Hariti Velu,spelling_variant,risky
P03595,aadhaar,marksheet_12,name,Harini Velu,HARINI V,initial,acceptable
P03596,aadhaar,pan,name,Swathi Reddy,SWATHI REDDY,case_spacing,acceptable
P03597,aadhaar,pan,name,Anagha Menon,Annagha Menon,spelling_variant,risky
P03598,aadhaar,pan,name,Pooja Singh,POOJA SINGH,case_spacing,acceptable
P03599,aadhaar,pan,name,Heena Syed,HEENA SYED,case_spacing,acceptable
P03599,aadhaar,pan,dob,1999-05-04,1999-05-06,day_shift,critical
P03600,aadhaar,pan,name,Riya Chatterjee,RIYA CHATTERJEE,case_spacing,acceptable
P03601,aadhaar,pan,name,Jessica Pereira,JESSICA PEREIRA,case_spacing,acceptable
P03602,aadhaar,pan,name,Darshan Hegde,DARSHAN HEGDE,case_spacing,acceptable
P03602,aadhaar,marksheet_10,dob,2005-02-05,2005-02-06,day_shift,critical
P03603,aadhaar,pan,name,Lavanya Rao,LAVANYA RAO,case_spacing,acceptable
P03604,aadhaar,pan,name,Sangeetha Karthik,Sangeeha Karthik,spelling_variant,risky
P03604,aadhaar,marksheet_10,name,Sangeetha Karthik,SANGEETHA K,initial,acceptable
P03604,aadhaar,marksheet_12,name,Sangeetha Karthik,SANGEETHA K,initial,acceptable
P03605,aadhaar,pan,name,Neha Agarwal,Nneha Agarwal,spelling_variant,risky
P03606,aadhaar,pan,name,Chaitanya Rao,CHAITANYA RAO,case_spacing,acceptable
P03607,aadhaar,pan,name,Pallavi Gowda,PALLAVI GOWDA,case_spacing,acceptable
P03608,aadhaar,pan,name,Sneha Yadav,SNEHA YADAV,case_spacing,acceptable
P03608,aadhaar,marksheet_12,name,Sneha Yadav,Snneha Yadav,spelling_variant,risky
P03609,aadhaar,pan,name,Harish Shetty,HARISH SHETTY,case_spacing,acceptable
P03610,aadhaar,pan,name,Indhu Elango,INDHU ELANGO,case_spacing,acceptable
P03610,aadhaar,marksheet_10,name,Indhu Elango,INDHU E,initial,acceptable
P03610,aadhaar,marksheet_12,name,Indhu Elango,Indhhu Elango,spelling_variant,risky
P03610,aadhaar,birth_certificate,father_name,Elango,Elanngo,spelling_variant,risky
P03611,aadhaar,pan,name,Saranya Murugan,SARANYA MURUGAN,case_spacing,acceptable
P03611,aadhaar,pan,dob,2000-09-03,2000-09-02,day_shift,critical
P03611,aadhaar,marksheet_10,name,Saranya Murugan,SARANYA M,initial,acceptable
P03611,aadhaar,marksheet_12,name,Saranya Murugan,SARANYA M,initial,acceptable
P03611,aadhaar,marksheet_12,father_name,Murugan,Moorugan,spelling_variant,risky
P03612,aadhaar,pan,name,Shreya Gupta,SHREYA GUPTA,case_spacing,acceptable
P03612,aadhaar,marksheet_12,father_name,Vikram Gupta,Wikram Gupta,spelling_variant,risky
P03613,aadhaar,pan,name,Velu Elango,VELU ELANGO,case_spacing,acceptable
P03613,aadhaar,marksheet_10,name,Velu Elango,VELU E,initial,acceptable
P03613,aadhaar,marksheet_12,name,Velu Elango,VELU E,initial,acceptable
P03614,aadhaar,pan,name,Balaji Vignesh,BALAJI VIGNESH,case_spacing,acceptable
P03614,aadhaar,marksheet_10,name,Balaji Vignesh,BALAJI V,initial,acceptable
P03614,aadhaar,marksheet_12,name,Balaji Vignesh,BALAJI V,initial,acceptable
P03615,aadhaar,pan,name,Krishna Naidu,KRISHNA NAIDU,case_spacing,acceptable
P03616,aadhaar,pan,name,Kannan Murugan,KANNAN MURUGAN,case_spacing,acceptable
P03616,aadhaar,pan,father_name,Murugan,Moorugan,spelling_variant,risky
P03616,aadhaar,marksheet_10,name,Kannan Murugan,KANNAN M,initial,acceptable
P03616,aadhaar,marksheet_12,name,Kannan Murugan,Kaannan Murugan,spelling_variant,risky
P03616,aadhaar,birth_certificate,name,Kannan Murugan,M. Kannan,initial,acceptable
P03617,aadhaar,pan,name,Sandeep Verma,SANDEEP VERMA,case_spacing,acceptable
P03618,aadhaar,pan,name,Sanju Panicker,SANJU PANICKER,case_spacing,acceptable
P03618,aadhaar,birth_certificate,gender,M,F,flipped,critical
P03619,aadhaar,pan,name,Nandini Hegde,NANDINI HEGDE,case_spacing,acceptable
P03620,aadhaar,pan,name,Ramesh Manikandan,Rmaesh Manikandan,spelling_variant,risky
P03620,aadhaar,marksheet_10,name,Ramesh Manikandan,RAMESH M,initial,acceptable
P03620,aadhaar,marksheet_12,name,Ramesh Manikandan,RAMESH M,initial,acceptable
P03621,aadhaar,pan,name,Anjali Kurup,ANJALI KURUP,case_spacing,acceptable
P03622,aadhaar,pan,name,Riya Ghosh,RIYA GHOSH,case_spacing,acceptable
P03622,aadhaar,marksheet_12,name,Riya Ghosh,Riyaa Ghosh,spelling_variant,risky
P03623,aadhaar,pan,name,Haritha Reddy,HARITHA REDDY,case_spacing,acceptable
P03624,aadhaar,pan,name,Debjani Mukherjee,DEBJANI MUKHERJEE,case_spacing,acceptable
P03624,aadhaar,marksheet_10,dob,1998-05-06,1997-05-06,year_shift,critical
P03625,aadhaar,pan,name,Teresa Fernandes,TERESA FERNANDES,case_spacing,acceptable
P03626,aadhaar,pan,name,Vishnu Panicker,VISHNU PANICKER,case_spacing,acceptable
P03627,aadhaar,pan,name,Nazia Pathan,NAZIA PATHAN,case_spacing,acceptable
P03628,aadhaar,pan,name,Ayesha Ansari,AYESHA ANSARI,case_spacing,acceptable
P03628,aadhaar,marksheet_10,dob,2004-07-25,2004-07-24,day_shift,critical
P03629,aadhaar,pan,name,Prasad Rao,PRASAD RAO,case_spacing,acceptable
P03629,aadhaar,marksheet_10,father_name,Venkatesh Rao,Wenkatesh Rao,spelling_variant,risky
P03630,aadhaar,pan,name,Keerthana Manikandan,Sanjay Mishra,different_person,critical
P03630,aadhaar,pan,dob,2002-09-09,2002-09-08,day_shift,critical
P03630,aadhaar,marksheet_10,name,Keerthana Manikandan,KEERTHANA M,initial,acceptable
P03630,aadhaar,marksheet_12,name,Keerthana Manikandan,KEERTHANA M,initial,acceptable
P03631,aadhaar,pan,name,Sneha Chauhan,SNEHA CHAUHAN,case_spacing,acceptable
P03631,aadhaar,passport,dob,1999-11-03,1998-11-03,year_shift,critical
P03631,aadhaar,passport,address,"No. 206, Gandhi Road, Anna Nagar, Madurai, Tamil Nadu - 625858","No. 11, Main Road, Sector 62, Ahmedabad, Gujarat - 380849",different_address,risky
P03632,aadhaar,pan,name,Salman Khan,SALMAN KHAN,case_spacing,acceptable
P03633,aadhaar,pan,name,Elango Saravanan,ELANGO SARAVANAN,case_spacing,acceptable
P03633,aadhaar,marksheet_10,name,Elango Saravanan,ELANGO S,initial,acceptable
P03633,aadhaar,marksheet_12,name,Elango Saravanan,ELANGO S,initial,acceptable
P03633,aadhaar,birth_certificate,name,Elango Saravanan,S. Elango,initial,acceptable
P03634,aadhaar,pan,name,Bhavani Naidu,BHAVANI NAIDU,case_spacing,acceptable
P03634,aadhaar,passport,address,"No. 238, Market Street, Malviya Nagar, Chennai, Tamil Nadu - 600588","No. 204, Main Road, Jayanagar, Madurai, Tamil Nadu - 625853",different_address,risky
P03635,aadhaar,pan,name,Riya Das,RIYA DAS,case_spacing,acceptable
P03635,aadhaar,marksheet_12,father_name,Arnab Das,Arnnab Das,spelling_variant,risky
P03636,aadhaar,pan,name,Tamilselvi Balaji,TAMILSELVI BALAJI,case_spacing,acceptable
P03636,aadhaar,marksheet_10,name,Tamilselvi Balaji,TAMILSELVI B,initial,acceptable
P03636,aadhaar,marksheet_12,name,Tamilselvi Balaji,TAMILSELVI B,initial,acceptable
P03637,aadhaar,pan,name,Salman Syed,SALMAN SYED,case_spacing,acceptable
P03637,aadhaar,marksheet_10,name,Salman Syed,Saalman Syed,spelling_variant,risky
P03638,aadhaar,pan,name,Shabana Pathan,Shaabana Pathan,spelling_variant,risky
P03638,aadhaar,pan,dob,2000-04-30,2000-04-29,day_shift,critical
P03639,aadhaar,pan,name,Anjali Singh,ANJALI SINGH,case_spacing,acceptable
P03640,aadhaar,pan,name,Archana Agarwal,ARCHANA AGARWAL,case_spacing,acceptable
P03641,aadhaar,pan,name,Archana Tiwari,ARCHANA TIWARI,case_spacing,acceptable
P03641,aadhaar,passport,name,Archana Tiwari,Teresa D'Souza,different_person,critical
P03642,aadhaar,pan,name,Divya Pillai,DIVYA PILLAI,case_spacing,acceptable
P03643,aadhaar,pan,name,Sumit Tiwari,SUMIT TIWARI,case_spacing,acceptable
P03644,aadhaar,pan,name,Balaji Murugan,Balazi Murugan,spelling_variant,risky
P03644,aadhaar,marksheet_10,name,Balaji Murugan,BALAJI M,initial,acceptable
P03644,aadhaar,marksheet_12,name,Balaji Murugan,BALAJI M,initial,acceptable
P03645,aadhaar,pan,name,Jithin Panicker,JITHIN PANICKER,case_spacing,acceptable
P03645,aadhaar,marksheet_12,name,Jithin Panicker,Jeethin Panicker,spelling_variant,risky
P03646,aadhaar,pan,name,Riya Gupta,RIYA GUPTA,case_spacing,acceptable
P03647,aadhaar,pan,name,Hetal Kulkarni,HETAL KULKARNI,case_spacing,acceptable
P03648,aadhaar,pan,name,Sayan Mukherjee,Sanan Mukherjee,spelling_variant,risky
P03649,aadhaar,pan,name,Madhavan Kannan,MADHAVAN KANNAN,case_spacing,acceptable
P03649,aadhaar,marksheet_10,name,Madhavan Kannan,MADHAVAN K,initial,acceptable
P03649,aadhaar,marksheet_12,name,Madhavan Kannan,MADHAVAN K,initial,acceptable
P03650,aadhaar,pan,name,Omkar Mehta,OMKAR MEHTA,case_spacing,acceptable
P03650,aadhaar,marksheet_10,father_name,Jay Mehta,Jai Mehta,spelling_variant,risky
P03651,aadhaar,pan,name,Senthil Sundar,SENTHIL SUNDAR,case_spacing,acceptable
P03651,aadhaar,marksheet_10,name,Senthil Sundar,SENTHIL S,initial,acceptable
P03651,aadhaar,marksheet_10,father_name,Sundar,Shundar,spelling_variant,risky
P03651,aadhaar,marksheet_12,name,Senthil Sundar,SENTHIL S,initial,acceptable
P03652,aadhaar,pan,name,Sravani Rao,SRAVANI RAO,case_spacing,acceptable
P03653,aadhaar,pan,name,Lekshmi Menon,LEKSHMI MENON,case_spacing,acceptable
P03654,aadhaar,pan,name,Prakash Babu,PRAKASH BABU,case_spacing,acceptable
P03654,aadhaar,pan,father_name,Babu,Baboo,spelling_variant,risky
P03654,aadhaar,marksheet_10,name,Prakash Babu,PRAKASH B,initial,acceptable
P03654,aadhaar,marksheet_12,name,Prakash Babu,PRAKASH B,initial,acceptable
P03654,aadhaar,birth_certificate,name,Prakash Babu,B. Prakash,initial,acceptable
P03655,aadhaar,pan,name,Nandini Bhat,NANDINI BHAT,case_spacing,acceptable
P03656,aadhaar,pan,name,Ritu Agarwal,RITU AGARWAL,case_spacing,acceptable
P03656,aadhaar,birth_certificate,name,Ritu Agarwal,Risu Agarwal,spelling_variant,risky
P03657,aadhaar,pan,name,Rajib Chatterjee,RAJIB CHATTERJEE,case_spacing,acceptable
P03658,aadhaar,pan,name,Swathi Reddy,SWATHI REDDY,case_spacing,acceptable
P03659,aadhaar,pan,name,Amit Pandey,AMIT PANDEY,case_spacing,acceptable
P03659,aadhaar,passport,address,"No. 82, Market Street, Banjara Hills, Jaipur, Rajasthan - 302789","No. 53, Market Street, Saket, Kolkata, West Bengal - 700660",different_address,risky
P03660,aadhaar,pan,name,Rohit Sharma,ROHIT SHARMA,case_spacing,acceptable
P03660,aadhaar,marksheet_10,father_name,Rahul Sharma,Raahul Sharma,spelling_variant,risky
P03661,aadhaar,pan,name,Asha Hegde,ASHA HEGDE,case_spacing,acceptable
P03661,aadhaar,marksheet_10,dob,2000-06-30,2000-06-29,day_shift,critical
P03662,aadhaar,pan,name,Nandini Gowda,NANDINI GOWDA,case_spacing,acceptable
P03662,aadhaar,pan,father_name,Manjunath Gowda,Maanjunath Gowda,spelling_variant,risky
P03663,aadhaar,pan,name,Pooja Chauhan,POOJA CHAUHAN,case_spacing,acceptable
P03664,aadhaar,pan,name,Indhu Balaji,INDHU BALAJI,case_spacing,acceptable
P03664,aadhaar,marksheet_10,name,Indhu Balaji,INDHU B,initial,acceptable
P03664,aadhaar,marksheet_12,name,Indhu Balaji,INDHU B,initial,acceptable
P03665,aadhaar,pan,name,Riya Mukherjee,RIYA MUKHERJEE,case_spacing,acceptable
P03666,aadhaar,pan,name,Samuel Mathew,SAMUEL MATHEW,case_spacing,acceptable
P03666,aadhaar,marksheet_10,name,Samuel Mathew,Shamuel Mathew,spelling_variant,risky
P03667,aadhaar,pan,name,Rahul Verma,Rahull Verma,spelling_variant,risky
P03668,aadhaar,pan,name,Priya Prakash,PRIYA PRAKASH,case_spacing,acceptable
P03668,aadhaar,marksheet_10,name,Priya Prakash,PRIYA P,initial,acceptable
P03668,aadhaar,marksheet_12,name,Priya Prakash,PRIYA P,initial,acceptable
P03669,aadhaar,pan,name,Srinivas Chowdary,SRINIVAS CHOWDARY,case_spacing,acceptable
P03670,aadhaar,pan,name,Shilpa Rao,SHILPA RAO,case_spacing,acceptable
P03670,aadhaar,marksheet_10,name,Shilpa Rao,Shilpaa Rao,spelling_variant,risky
P03670,aadhaar,marksheet_10,dob,2002-03-09,2003-03-09,year_shift,critical
P03671,aadhaar,pan,name,Arun Manikandan,ARUN MANIKANDAN,case_spacing,acceptable
P03671,aadhaar,marksheet_10,name,Arun Manikandan,ARUN M,initial,acceptable
P03671,aadhaar,marksheet_12,name,Arun Manikandan,ARUN M,initial,acceptable
P03672,aadhaar,pan,name,Zainab Syed,ZAINAB SYED,case_spacing,acceptable
P03673,aadhaar,pan,name,Teresa D'Souza,TERESA D'SOUZA,case_spacing,acceptable
P03674,aadhaar,pan,name,Neha Tiwari,NEHA TIWARI,case_spacing,acceptable
P03674,aadhaar,pan,father_name,Gaurav Tiwari,Gaoorav Tiwari,spelling_variant,risky
P03674,aadhaar,marksheet_10,name,Neha Tiwari,Nehaa Tiwari,spelling_variant,risky
P03675,aadhaar,pan,name,Padma Naidu,PADMA NAIDU,case_spacing,acceptable
P03675,aadhaar,marksheet_12,name,Padma Naidu,Anagha Menon,different_person,critical
P03676,aadhaar,pan,name,Darshan Shetty,DARSHAN SHETTY,case_spacing,acceptable
P03677,aadhaar,pan,name,Ravi Rao,RAVI RAO,case_spacing,acceptable
P03678,aadhaar,pan,name,Payel Roy,PAYEL ROY,case_spacing,acceptable
P03678,aadhaar,marksheet_10,dob,2001-07-07,2001-07-05,day_shift,critical
P03678,aadhaar,marksheet_12,name,Payel Roy,Haritha Chowdary,different_person,critical
P03679,aadhaar,pan,name,Ishita Roy,ISHITA ROY,case_spacing,acceptable
P03680,aadhaar,pan,name,Ankit Gupta,ANKIT GUPTA,case_spacing,acceptable
P03680,aadhaar,passport,gender,M,F,flipped,critical
P03681,aadhaar,pan,name,Meena Siva,MEENA SIVA,case_spacing,acceptable
P03681,aadhaar,pan,father_name,Siva,Seeva,spelling_variant,risky
P03681,aadhaar,marksheet_10,name,Meena Siva,Meean Siva,spelling_variant,risky
P03681,aadhaar,marksheet_12,name,Meena Siva,MEENA S,initial,acceptable
P03682,aadhaar,pan,name,Samuel Fernandes,SAMUEL FERNANDES,case_spacing,acceptable
P03682,aadhaar,pan,father_name,David Fernandes,Dhavid Fernandes,spelling_variant,risky
P03683,aadhaar,pan,name,Dhwani Joshi,DHWANI JOSHI,case_spacing,acceptable
P03684,aadhaar,pan,name,Sunitha Rao,Soonitha Rao,spelling_variant,risky
P03685,aadhaar,pan,name,Ajay Verma,AJAY VERMA,case_spacing,acceptable
P03686,aadhaar,pan,name,Priyanka Pandey,PRIYANKA PANDEY,case_spacing,acceptable
P03687,aadhaar,pan,name,Selvam Manikandan,SELVAM MANIKANDAN,case_spacing,acceptable
P03687,aadhaar,marksheet_10,name,Selvam Manikandan,SELVAM M,initial,acceptable
P03687,aadhaar,marksheet_12,name,Selvam Manikandan,SELVAM M,initial,acceptable
P03688,aadhaar,pan,name,Harsh Kulkarni,HARSH KULKARNI,case_spacing,acceptable
P03688,aadhaar,marksheet_10,father_name,Omkar Kulkarni,Omkaar Kulkarni,spelling_variant,risky
P03689,aadhaar,pan,name,Sayali Deshpande,SAYALI DESHPANDE,case_spacing,acceptable
P03690,aadhaar,pan,name,Geetha Gowda,GEETHA GOWDA,case_spacing,acceptable
P03690,aadhaar,marksheet_12,name,Geetha Gowda,Githa Gowda,spelling_variant,risky
P03691,aadhaar,pan,name,Pooja Chauhan,POOJA CHAUHAN,case_spacing,acceptable
P03692,aadhaar,pan,name,Reshma Menon,RESHMA MENON,case_spacing,acceptable
P03693,aadhaar,pan,name,Jennifer Joseph,JENNIFER JOSEPH,case_spacing,acceptable
P03693,aadhaar,marksheet_12,name,Jennifer Joseph,Zennifer Joseph,spelling_variant,risky
P03694,aadhaar,pan,name,Karthik Siva,KARTHIK SIVA,case_spacing,acceptable
P03694,aadhaar,marksheet_10,name,Karthik Siva,KARTHIK S,initial,acceptable
P03694,aadhaar,marksheet_12,name,Karthik Siva,KARTHIK S,initial,acceptable
P03695,aadhaar,pan,name,Priyanka Chauhan,PRIYANKA CHAUHAN,case_spacing,acceptable
P03696,aadhaar,pan,name,Prasad Rao,PRASAD RAO,case_spacing,acceptable
P03697,aadhaar,pan,name,Rahul Chauhan,RAHUL CHAUHAN,case_spacing,acceptable
P03698,aadhaar,pan,name,Kumar Velu,KUMAR VELU,case_spacing,acceptable
P03698,aadhaar,marksheet_10,name,Kumar Velu,KUMAR V,initial,acceptable
P03698,aadhaar,marksheet_12,name,Kumar Velu,KUMAR V,initial,acceptable
P03699,aadhaar,pan,name,Madhavan Arun,MADHAVAN ARUN,case_spacing,acceptable
P03699,aadhaar,marksheet_10,name,Madhavan Arun,MADHAVAN A,initial,acceptable
P03699,aadhaar,marksheet_12,name,Madhavan Arun,MADHAVAN A,initial,acceptable
P03700,aadhaar,pan,name,Divya Pillai,DIVYA PILLAI,case_spacing,acceptable
P03701,aadhaar,pan,name,Payel Sen,PAYEL SEN,case_spacing,acceptable
P03702,aadhaar,pan,name,Hetal Shah,HETAL SHAH,case_spacing,acceptable
P03703,aadhaar,pan,name,Merlin Fernandes,MERLIN FERNANDES,case_spacing,acceptable
P03704,aadhaar,pan,name,Ritu Sharma,RITU SHARMA,case_spacing,acceptable
P03704,aadhaar,marksheet_12,father_name,Gaurav Sharma,Gaaurav Sharma,spelling_variant,risky
P03705,aadhaar,pan,name,Madhuri Raju,MADHURI RAJU,case_spacing,acceptable
P03705,aadhaar,passport,name,Madhuri Raju,Maadhuri Raju,spelling_variant,risky
P03706,aadhaar,pan,name,Debjani Bose,DEBJANI BOSE,case_spacing,acceptable
P03707,aadhaar,pan,name,Murugan Selvam,MURUGAN SELVAM,case_spacing,acceptable
P03707,aadhaar,marksheet_10,name,Murugan Selvam,MURUGAN S,initial,acceptable
P03707,aadhaar,marksheet_12,name,Murugan Selvam,Moorugan Selvam,spelling_variant,risky
P03708,aadhaar,pan,name,Kiran Raju,KIRAN RAJU,case_spacing,acceptable
P03709,aadhaar,pan,name,Siva Balaji,SIVA BALAJI,case_spacing,acceptable
P03709,aadhaar,marksheet_10,name,Siva Balaji,SIVA B,initial,acceptable
P03709,aadhaar,marksheet_12,name,Siva Balaji,SIVA B,initial,acceptable
P03710,aadhaar,pan,name,Akhil Pillai,AKHIL PILLAI,case_spacing,acceptable
P03711,aadhaar,pan,name,George Fernandes,GEORGE FERNANDES,case_spacing,acceptable
P03712,aadhaar,pan,name,Archana Yadav,ARCHANA YADAV,case_spacing,acceptable
P03713,aadhaar,pan,name,Sushma Tiwari,SUSHMA TIWARI,case_spacing,acceptable
P03714,aadhaar,pan,name,Arjun Kurup,ARJUN KURUP,case_spacing,acceptable
P03715,aadhaar,pan,name,Shilpa Hegde,SHILPA HEGDE,case_spacing,acceptable
P03716,aadhaar,pan,name,Neha Singh,NEHA SINGH,case_spacing,acceptable
P03717,aadhaar,pan,name,Asha Rao,ASHA RAO,case_spacing,acceptable
P03717,aadhaar,passport,address,"No. 130, Station Road, Kakkanad, Madurai, Tamil Nadu - 625516","No. 240, Station Road, Indiranagar, Coimbatore, Tamil Nadu - 641557",different_address,risky
P03718,aadhaar,pan,name,Nikhil Pillai,NIKHIL PILLAI,case_spacing,acceptable
P03719,aadhaar,pan,name,Naveen Hegde,NAVEEN HEGDE,case_spacing,acceptable
P03719,aadhaar,marksheet_12,name,Naveen Hegde,Navin Hegde,spelling_variant,risky
P03720,aadhaar,pan,name,Archana Mishra,ARCHANA MISHRA,case_spacing,acceptable
P03721,aadhaar,pan,name,Padma Raju,PADMA RAJU,case_spacing,acceptable
P03722,aadhaar,pan,name,Pooja Singh,POOJA SINGH,case_spacing,acceptable
P03722,aadhaar,passport,address,"No. 98, Main Road, Navrangpura, Kolkata, West Bengal - 700171","No. 152, Cross Road, Kothrud, Mumbai, Maharashtra - 400196",different_address,risky
P03723,aadhaar,pan,name,Ravi Naidu,RAVI NAIDU,case_spacing,acceptable
P03724,aadhaar,pan,name,Keerthana Murugan,KEERTHANA MURUGAN,case_spacing,acceptable
P03724,aadhaar,marksheet_10,name,Keerthana Murugan,KEERTHANA M,initial,acceptable
P03724,aadhaar,marksheet_12,name,Keerthana Murugan,KEERTHANA M,initial,acceptable
P03725,aadhaar,pan,name,Joel D'Souza,JOEL D'SOUZA,case_spacing,acceptable
P03726,aadhaar,pan,name,Heena Sheikh,HEENA SHEIKH,case_spacing,acceptable
P03726,aadhaar,marksheet_10,name,Heena Sheikh,Hina Sheikh,spelling_variant,risky
P03726,aadhaar,passport,address,"No. 107, Gandhi Road, Malviya Nagar, Mumbai, Maharashtra - 400909","No. 149, Market Street, Sector 62, Hyderabad, Telangana - 500641",different_address,risky
P03727,aadhaar,pan,name,Prachi Shah,PRACHI SHAH,case_spacing,acceptable
P03728,aadhaar,pan,name,Sreejith Panicker,SREEJITH PANICKER,case_spacing,acceptable
P03729,aadhaar,pan,name,Rutuja Joshi,RUTUJA JOSHI,case_spacing,acceptable
P03730,aadhaar,pan,name,Abirami Velu,ABIRAMI VELU,case_spacing,acceptable
P03730,aadhaar,marksheet_10,name,Abirami Velu,ABIRAMI V,initial,acceptable
P03730,aadhaar,marksheet_12,name,Abirami Velu,ABIRAMI V,initial,acceptable
P03730,aadhaar,birth_certificate,name,Abirami Velu,V. Abirami,initial,acceptable
P03731,aadhaar,pan,name,Satish Shetty,SATISH SHETTY,case_spacing,acceptable
P03732,aadhaar,pan,name,Zainab Qureshi,ZAINAB QURESHI,case_spacing,acceptable
P03733,aadhaar,pan,name,Saravanan Elango,SARAVANAN ELANGO,case_spacing,acceptable
P03733,aadhaar,marksheet_10,name,Saravanan Elango,SARAVANAN E,initial,acceptable
P03733,aadhaar,marksheet_12,name,Saravanan Elango,SARAVANAN E,initial,acceptable
P03733,aadhaar,birth_certificate,name,Saravanan Elango,E. Saravanan,initial,acceptable
P03734,aadhaar,pan,name,Hetal Deshpande,HETAL DESHPANDE,case_spacing,acceptable
P03734,aadhaar,marksheet_12,name,Hetal Deshpande,Revathi Senthil,different_person,critical
P03735,aadhaar,pan,name,Shashank Rao,SHASHANK RAO,case_spacing,acceptable
P03736,aadhaar,pan,name,Nikhil Patel,NIKHIL PATEL,case_spacing,acceptable
P03737,aadhaar,pan,name,Imran Khan,IMRAN KHAN,case_spacing,acceptable
P03738,aadhaar,pan,name,Nandini Shetty,NANDINI SHETTY,case_spacing,acceptable
P03738,aadhaar,pan,dob,2003-09-29,2004-09-28,year_shift,critical
P03738,aadhaar,marksheet_12,name,Nandini Shetty,Nandeeni Shetty,spelling_variant,risky
P03739,aadhaar,pan,name,Simran Pandey,SIMRAN PANDEY,case_spacing,acceptable
P03740,aadhaar,pan,name,Sruthi Varghese,SRUTHI VARGHESE,case_spacing,acceptable
P03740,aadhaar,marksheet_10,name,Sruthi Varghese,Stuthi Varghese,spelling_variant,risky
P03741,aadhaar,pan,name,Krupa Desai,KRUPA DESAI,case_spacing,acceptable
P03741,aadhaar,marksheet_10,name,Krupa Desai,Kripa Desai,spelling_variant,risky
P03741,aadhaar,birth_certificate,dob,2003-11-01,2003-11-02,day_shift,critical
P03742,aadhaar,pan,name,Velu Madhavan,VELU MADHAVAN,case_spacing,acceptable
P03742,aadhaar,marksheet_10,name,Velu Madhavan,VELU M,initial,acceptable
P03742,aadhaar,marksheet_12,name,Velu Madhavan,VELU M,initial,acceptable
P03743,aadhaar,pan,name,Sameer Sheikh,SAMEER SHEIKH,case_spacing,acceptable
P03743,aadhaar,marksheet_10,father_name,Imran Sheikh,Imrann Sheikh,spelling_variant,risky
P03743,aadhaar,marksheet_12,name,Sameer Sheikh,Saeeer Sheikh,spelling_variant,risky
P03744,aadhaar,pan,name,Neha Chauhan,NEHA CHAUHAN,case_spacing,acceptable
P03744,aadhaar,pan,father_name,Deepak Chauhan,Dipak Chauhan,spelling_variant,risky
P03745,aadhaar,pan,name,Parth Joshi,PARTH JOSHI,case_spacing,acceptable
P03746,aadhaar,pan,name,Murugan Senthil,MURUGAN SENTHIL,case_spacing,acceptable
P03746,aadhaar,marksheet_10,name,Murugan Senthil,MURUGAN S,initial,acceptable
P03746,aadhaar,marksheet_12,name,Murugan Senthil,MURUGAN S,initial,acceptable
P03747,aadhaar,pan,name,Puneeth Bhat,PUNEETH BHAT,case_spacing,acceptable
P03748,aadhaar,pan,name,Janani Siva,JANANI SIVA,case_spacing,acceptable
P03748,aadhaar,marksheet_10,name,Janani Siva,JANANI S,initial,acceptable
P03748,aadhaar,marksheet_12,name,Janani Siva,JANANI S,initial,acceptable
P03749,aadhaar,pan,name,Raju Vignesh,RAJU VIGNESH,case_spacing,acceptable
P03749,aadhaar,marksheet_10,name,Raju Vignesh,RAJU V,initial,acceptable
P03749,aadhaar,marksheet_10,dob,2004-03-17,2004-03-19,day_shift,critical
P03749,aadhaar,marksheet_12,name,Raju Vignesh,RAJU V,initial,acceptable
P03750,aadhaar,pan,name,Kavya Prakash,Kayva Prakash,spelling_variant,risky
P03750,aadhaar,pan,father_name,Prakash,Praakash,spelling_variant,risky
P03750,aadhaar,marksheet_10,name,Kavya Prakash,KAVYA P,initial,acceptable
P03750,aadhaar,marksheet_12,name,Kavya Prakash,KAVYA P,initial,acceptable
P03750,aadhaar,birth_certificate,name,Kavya Prakash,P. Kavya,initial,acceptable
P03751,aadhaar,pan,name,Naveen Rao,NAVEEN RAO,case_spacing,acceptable
P03752,aadhaar,pan,name,Arif Pathan,ARIF PATHAN,case_spacing,acceptable
P03753,aadhaar,pan,name,Puneeth Shetty,PUNEETH SHETTY,case_spacing,acceptable
P03754,aadhaar,pan,name,Sowmya Arun,SOWMYA ARUN,case_spacing,acceptable
P03754,aadhaar,marksheet_10,name,Sowmya Arun,SOWMYA A,initial,acceptable
P03754,aadhaar,marksheet_12,name,Sowmya Arun,SOWMYA A,initial,acceptable
P03755,aadhaar,pan,name,Murugan Sundar,MURUGAN SUNDAR,case_spacing,acceptable
P03755,aadhaar,marksheet_10,name,Murugan Sundar,MURUGAN S,initial,acceptable
P03755,aadhaar,marksheet_12,name,Murugan Sundar,MURUGAN S,initial,acceptable
P03756,aadhaar,pan,name,Kavitha Shetty,KAVITHA SHETTY,case_spacing,acceptable
P03757,aadhaar,pan,name,Vikram Singh,VIKRAM SINGH,case_spacing,acceptable
P03757,aadhaar,pan,father_name,Ankit Singh,Annkit Singh,spelling_variant,risky
P03757,aadhaar,marksheet_12,name,Vikram Singh,Wikram Singh,spelling_variant,risky
P03758,aadhaar,pan,name,Archana Verma,ARCHANA VERMA,case_spacing,acceptable
P03759,aadhaar,pan,name,Anjali Pandey,ANJALI PANDEY,case_spacing,acceptable
P03760,aadhaar,pan,name,Aniket Mehta,ANIKET MEHTA,case_spacing,acceptable
P03760,aadhaar,pan,dob,1998-03-20,1998-03-19,day_shift,critical
P03761,aadhaar,pan,name,Neha Tiwari,NEHA TIWARI,case_spacing,acceptable
P03762,aadhaar,pan,name,Sayan Das,SAYAN DAS,case_spacing,acceptable
P03763,aadhaar,pan,name,Harish Kulkarni,HARISH KULKARNI,case_spacing,acceptable
P03763,aadhaar,marksheet_10,father_name,Darshan Kulkarni,Dharshan Kulkarni,spelling_variant,risky
P03764,aadhaar,pan,name,Vignesh Balaji,VIGNESH BALAJI,case_spacing,acceptable
P03764,aadhaar,marksheet_10,name,Vignesh Balaji,VIGNESH B,initial,acceptable
P03764,aadhaar,marksheet_12,name,Vignesh Balaji,VIGNESH B,initial,acceptable
P03764,aadhaar,birth_certificate,name,Vignesh Balaji,B. Vignesh,initial,acceptable
P03765,aadhaar,pan,name,Payel Bose,PAYEL BOSE,case_spacing,acceptable
P03766,aadhaar,pan,name,Neha Singh,NEHA SINGH,case_spacing,acceptable
P03766,aadhaar,marksheet_12,name,Neha Singh,Janani Babu,different_person,critical
P03767,aadhaar,pan,name,Madhavan Siva,MADHAVAN SIVA,case_spacing,acceptable
P03767,aadhaar,marksheet_10,name,Madhavan Siva,MADHAVAN S,initial,acceptable
P03767,aadhaar,marksheet_12,name,Madhavan Siva,MADHAVAN S,initial,acceptable
P03767,aadhaar,passport,address,"No. 159, Lake View Road, Kakkanad, Chennai, Tamil Nadu - 600865","No. 39, Cross Road, Saket, Mysuru, Karnataka - 570234",different_address,risky
P03768,aadhaar,pan,name,Harish Hegde,HARISH HEGDE,case_spacing,acceptable
P03768,aadhaar,passport,name,Harish Hegde,Hareesh Hegde,spelling_variant,risky
P03769,aadhaar,pan,name,Gayathri Selvam,GAYATHRI SELVAM,case_spacing,acceptable
P03769,aadhaar,pan,father_name,Selvam,Selwam,spelling_variant,risky
P03769,aadhaar,marksheet_10,name,Gayathri Selvam,GAYATHRI S,initial,acceptable
P03769,aadhaar,marksheet_12,name,Gayathri Selvam,GAYATHRI S,initial,acceptable
P03770,aadhaar,pan,name,Kavitha Shetty,KAVITHA SHETTY,case_spacing,acceptable
P03771,aadhaar,pan,name,Arjun Menon,ARJUN MENON,case_spacing,acceptable
P03771,aadhaar,marksheet_12,name,Arjun Menon,Grace Pereira,different_person,critical
P03772,aadhaar,pan,name,Priya Prakash,PRIYA PRAKASH,case_spacing,acceptable
P03772,aadhaar,marksheet_10,name,Priya Prakash,PRIYA P,initial,acceptable
P03772,aadhaar,marksheet_12,name,Priya Prakash,PRIYA P,initial,acceptable
P03772,aadhaar,birth_certificate,name,Priya Prakash,P. Priya,initial,acceptable
P03773,aadhaar,pan,name,Anjali Menon,ANJALI MENON,case_spacing,acceptable
P03773,aadhaar,passport,name,Anjali Menon,Komal Verma,different_person,critical
P03774,aadhaar,pan,name,Sravani Varma,SRAVANI VARMA,case_spacing,acceptable
P03775,aadhaar,pan,name,Heena Qureshi,HEENA QURESHI,case_spacing,acceptable
P03776,aadhaar,pan,name,Saravanan Raju,SARAVANAN RAJU,case_spacing,acceptable
P03776,aadhaar,marksheet_10,name,Saravanan Raju,SARAVANAN R,initial,acceptable
P03776,aadhaar,marksheet_12,name,Saravanan Raju,SARAVANAN R,initial,acceptable
P03777,aadhaar,pan,name,Anirban Sen,ANIRBAN SEN,case_spacing,acceptable
P03778,aadhaar,pan,name,Naresh Chowdary,NARESH CHOWDARY,case_spacing,acceptable
P03779,aadhaar,pan,name,Vikram Gupta,VIKRAM GUPTA,case_spacing,acceptable
P03779,aadhaar,pan,dob,2000-01-26,2000-01-24,day_shift,critical
P03780,aadhaar,pan,name,Ajay Chauhan,AJAY CHAUHAN,case_spacing,acceptable
P03780,aadhaar,pan,father_name,Amit Chauhan,Ameet Chauhan,spelling_variant,risky
P03781,aadhaar,pan,name,Gaurav Gupta,GAURAV GUPTA,case_spacing,acceptable
P03782,aadhaar,pan,name,Sowmya Arun,SOWMYA ARUN,case_spacing,acceptable
P03782,aadhaar,marksheet_10,name,Sowmya Arun,SOWMYA A,initial,acceptable
P03782,aadhaar,marksheet_12,name,Sowmya Arun,SOWMYA A,initial,acceptable
P03782,aadhaar,marksheet_12,father_name,Arun,Arunn,spelling_variant,risky
P03783,aadhaar,pan,name,Gayathri Arun,GAYATHRI ARUN,case_spacing,acceptable
P03783,aadhaar,marksheet_10,name,Gayathri Arun,GAYATHRI A,initial,acceptable
P03783,aadhaar,marksheet_12,name,Gayathri Arun,GAYATHRI A,initial,acceptable
P03783,aadhaar,passport,address,"No. 171, Park Avenue, Anna Nagar, Kochi, Kerala - 682629","No. 115, Station Road, Saket, Kochi, Kerala - 682945",different_address,risky
P03783,aadhaar,birth_certificate,name,Gayathri Arun,A. Gayathri,initial,acceptable
P03784,aadhaar,pan,name,Sravani Chowdary,SRAVANI CHOWDARY,case_spacing,acceptable
P03785,aadhaar,pan,name,Hetal Mehta,HETAL MEHTA,case_spacing,acceptable
P03786,aadhaar,pan,name,Arif Pathan,ARIF PATHAN,case_spacing,acceptable
P03787,aadhaar,pan,name,Sameer Pathan,SAMEER PATHAN,case_spacing,acceptable
P03787,aadhaar,marksheet_10,dob,2000-08-08,2000-08-07,day_shift,critical
P03787,aadhaar,passport,address,"No. 166, Main Road, T Nagar, Bengaluru, Karnataka - 560715","No. 68, Gandhi Road, Banjara Hills, Chennai, Tamil Nadu - 600302",different_address,risky
P03788,aadhaar,pan,name,Sourav Mukherjee,SOURAV MUKHERJEE,case_spacing,acceptable
P03788,aadhaar,pan,dob,2003-07-24,2002-07-24,year_shift,critical
P03789,aadhaar,pan,name,Arif Qureshi,ARIF QURESHI,case_spacing,acceptable
P03789,aadhaar,passport,name,Arif Qureshi,Arfi Qureshi,spelling_variant,risky
P03790,aadhaar,pan,name,Amit Agarwal,AMIT AGARWAL,case_spacing,acceptable
P03791,aadhaar,pan,name,Raghavendra Rao,RAGHAVENDRA RAO,case_spacing,acceptable
P03791,aadhaar,birth_certificate,name,Raghavendra Rao,Raghvaendra Rao,spelling_variant,risky
P03792,aadhaar,pan,name,Amit Agarwal,AMIT AGARWAL,case_spacing,acceptable
P03792,aadhaar,pan,father_name,Gaurav Agarwal,Gauraw Agarwal,spelling_variant,risky
P03793,aadhaar,pan,name,Sumit Gupta,SUMIT GUPTA,case_spacing,acceptable
P03794,aadhaar,pan,name,Vaishnavi Sundar,VAISHNAVI SUNDAR,case_spacing,acceptable
P03794,aadhaar,marksheet_10,name,Vaishnavi Sundar,VAISHNAVI S,initial,acceptable
P03794,aadhaar,marksheet_12,name,Vaishnavi Sundar,VAISHNAVI S,initial,acceptable
P03795,aadhaar,pan,name,Naresh Chowdary,Nares Chowdary,spelling_variant,risky
P03796,aadhaar,pan,name,Prachi Patil,PRACHI PATIL,case_spacing,acceptable
P03796,aadhaar,passport,address,"No. 144, 2nd Main, Koramangala, Coimbatore, Tamil Nadu - 641526","No. 76, Gandhi Road, Velachery, Ahmedabad, Gujarat - 380551",different_address,risky
P03796,aadhaar,birth_certificate,name,Prachi Patil,Praachi Patil,spelling_variant,risky
P03797,aadhaar,pan,name,Sunitha Raju,SUNITHA RAJU,case_spacing,acceptable
P03798,aadhaar,pan,name,Sneha Singh,SNEHA SINGH,case_spacing,acceptable
P03799,aadhaar,pan,name,Rahul Mishra,Rahool Mishra,spelling_variant,risky
P03799,aadhaar,pan,dob,2004-01-02,2004-02-01,day_month_swap,critical
P03800,aadhaar,pan,name,Ankit Chauhan,ANKIT CHAUHAN,case_spacing,acceptable
P03801,aadhaar,pan,name,Omkar Kulkarni,OMKAR KULKARNI,case_spacing,acceptable
P03802,aadhaar,pan,name,Manjunath Rao,MANJUNATH RAO,case_spacing,acceptable
P03803,aadhaar,pan,name,Ankit Singh,ANKIT SINGH,case_spacing,acceptable
P03803,aadhaar,birth_certificate,dob,1999-10-11,1999-11-10,day_month_swap,critical
P03804,aadhaar,pan,name,Sandeep Pandey,SANDEEP PANDEY,case_spacing,acceptable
P03804,aadhaar,passport,name,Sandeep Pandey,Girish Hegde,different_person,critical
P03805,aadhaar,pan,name,Grace Thomas,GRACE THOMAS,case_spacing,acceptable
P03806,aadhaar,pan,name,Ritu Gupta,RITU GUPTA,case_spacing,acceptable
P03807,aadhaar,pan,name,Shilpa Rao,SHILPA RAO,case_spacing,acceptable
P03808,aadhaar,pan,name,Lavanya Chowdary,LAVANYA CHOWDARY,case_spacing,acceptable
P03808,aadhaar,marksheet_12,name,Lavanya Chowdary,Lahanya Chowdary,spelling_variant,risky
P03808,aadhaar,marksheet_12,father_name,Srinivas Chowdary,Srinnivas Chowdary,spelling_variant,risky
P03809,aadhaar,pan,name,Sameer Syed,SAMEER SYED,case_spacing,acceptable
P03809,aadhaar,marksheet_10,name,Sameer Syed,Revathi Siva,different_person,critical
P03810,aadhaar,pan,name,Mahesh Reddy,MAHESH REDDY,case_spacing,acceptable
P03810,aadhaar,pan,dob,2000-10-24,2000-10-25,day_shift,critical
P03811,aadhaar,pan,name,Daniel Joseph,DANIEL JOSEPH,case_spacing,acceptable
P03812,aadhaar,pan,name,Abhijit Mukherjee,Abihjit Mukherjee,spelling_variant,risky
P03812,aadhaar,marksheet_12,father_name,Debashis Mukherjee,Debashhis Mukherjee,spelling_variant,risky
P03813,aadhaar,pan,name,Revathi Saravanan,REVATHI SARAVANAN,case_spacing,acceptable
P03813,aadhaar,marksheet_10,name,Revathi Saravanan,REVATHI S,initial,acceptable
P03813,aadhaar,marksheet_12,name,Revathi Saravanan,REVATHI S,initial,acceptable
P03814,aadhaar,pan,name,Sneha Verma,SNEHA VERMA,case_spacing,acceptable
P03815,aadhaar,pan,name,Venkatesh Varma,VENKATESH VARMA,case_spacing,acceptable
P03815,aadhaar,pan,father_name,Kiran Varma,Kirann Varma,spelling_variant,risky
P03816,aadhaar,pan,name,Sushma Tiwari,SUSHMA TIWARI,case_spacing,acceptable
P03817,aadhaar,pan,name,Sangeetha Prakash,SANGEETHA PRAKASH,case_spacing,acceptable
P03817,aadhaar,marksheet_10,name,Sangeetha Prakash,SANGEETHA P,initial,acceptable
P03817,aadhaar,marksheet_12,name,Sangeetha Prakash,Sangeettha Prakash,spelling_variant,risky
P03818,aadhaar,pan,name,Imran Qureshi,IMRAN QURESHI,case_spacing,acceptable
P03818,aadhaar,marksheet_12,name,Imran Qureshi,Imraan Qureshi,spelling_variant,risky
P03819,aadhaar,pan,name,Naveen Hegde,NAVEEN HEGDE,case_spacing,acceptable
P03820,aadhaar,pan,name,Ajay Yadav,AJAY YADAV,case_spacing,acceptable
P03821,aadhaar,pan,name,Satish Shetty,SATISH SHETTY,case_spacing,acceptable
P03822,aadhaar,pan,name,Kalaiselvi Saravanan,KALAISELVI SARAVANAN,case_spacing,acceptable
P03822,aadhaar,marksheet_10,name,Kalaiselvi Saravanan,KALAISELVI S,initial,acceptable
P03822,aadhaar,marksheet_12,name,Kalaiselvi Saravanan,KALAISELVI S,initial,acceptable
P03823,aadhaar,pan,name,Swathi Chowdary,SWATHI CHOWDARY,case_spacing,acceptable
P03824,aadhaar,pan,name,Heena Sheikh,Heena Sheikh,spelling_variant,risky
P03825,aadhaar,pan,name,Priyanka Mishra,PRIYANKA MISHRA,case_spacing,acceptable
P03826,aadhaar,pan,name,Gopika Varghese,GOPIKA VARGHESE,case_spacing,acceptable
P03827,aadhaar,pan,name,Teresa Fernandes,TERESA FERNANDES,case_spacing,acceptable
P03828,aadhaar,pan,name,Ishita Chatterjee,ISHITA CHATTERJEE,case_spacing,acceptable
P03828,aadhaar,marksheet_10,name,Ishita Chatterjee,Ishiua Chatterjee,spelling_variant,risky
P03829,aadhaar,pan,name,David Fernandes,DAVID FERNANDES,case_spacing,acceptable
P03829,aadhaar,pan,dob,2003-09-20,2002-09-20,year_shift,critical
P03829,aadhaar,marksheet_10,father_name,Thomas Fernandes,Thhomas Fernandes,spelling_variant,risky
P03830,aadhaar,pan,name,Tejas Desai,TEJAS DESAI,case_spacing,acceptable
P03831,aadhaar,pan,name,Imran Pathan,IMRAN PATHAN,case_spacing,acceptable
P03831,aadhaar,marksheet_12,name,Imran Pathan,Subhajit Sen,different_person,critical
P03832,aadhaar,pan,name,Mahesh Rao,MAHESH RAO,case_spacing,acceptable
P03833,aadhaar,pan,name,Nandini Kulkarni,NANDINI KULKARNI,case_spacing,acceptable
P03834,aadhaar,pan,name,Anjali Agarwal,ANJALI AGARWAL,case_spacing,acceptable
P03835,aadhaar,pan,name,Ankit Verma,ANKIT VERMA,case_spacing,acceptable
P03836,aadhaar,pan,name,Malathi Murugan,Mahathi Murugan,spelling_variant,risky
P03836,aadhaar,marksheet_10,name,Malathi Murugan,MALATHI M,initial,acceptable
P03836,aadhaar,marksheet_12,name,Malathi Murugan,MALATHI M,initial,acceptable
P03837,aadhaar,pan,name,Elango Prakash,ELANGO PRAKASH,case_spacing,acceptable
P03837,aadhaar,marksheet_10,name,Elango Prakash,ELANGO P,initial,acceptable
P03837,aadhaar,marksheet_12,name,Elango Prakash,ELANGO P,initial,acceptable
P03838,aadhaar,pan,name,John Joseph,JOHN JOSEPH,case_spacing,acceptable
P03839,aadhaar,pan,name,Sundar Madhavan,SUNDAR MADHAVAN,case_spacing,acceptable
P03839,aadhaar,marksheet_10,name,Sundar Madhavan,SUNDAR M,initial,acceptable
P03839,aadhaar,marksheet_12,name,Sundar Madhavan,SUNDAR M,initial,acceptable
P03840,aadhaar,pan,name,Abhijit Sen,ABHIJIT SEN,case_spacing,acceptable
P03841,aadhaar,pan,name,Zainab Khan,ZAINAB KHAN,case_spacing,acceptable
P03841,aadhaar,marksheet_10,name,Zainab Khan,Zaainab Khan,spelling_variant,risky
P03842,aadhaar,pan,name,Merlin Mathew,MERLIN MATHEW,case_spacing,acceptable
P03842,aadhaar,pan,father_name,Samuel Mathew,Samuell Mathew,spelling_variant,risky
P03842,aadhaar,birth_certificate,gender,F,M,flipped,critical
P03843,aadhaar,pan,name,Nikhil Patil,NIKHIL PATIL,case_spacing,acceptable
P03843,aadhaar,marksheet_10,name,Nikhil Patil,Nikhill Patil,spelling_variant,risky
P03844,aadhaar,pan,name,Tamilselvi Kumar,TAMILSELVI KUMAR,case_spacing,acceptable
P03844,aadhaar,pan,dob,2003-02-25,2003-02-24,day_shift,critical
P03844,aadhaar,marksheet_10,name,Tamilselvi Kumar,TAMILSELVI K,initial,acceptable
P03844,aadhaar,marksheet_12,name,Tamilselvi Kumar,TAMILSELVI K,initial,acceptable
P03845,aadhaar,pan,name,Sagar Patil,SAGAR PATIL,case_spacing,acceptable
P03846,aadhaar,pan,name,Farhan Pathan,FARHAN PATHAN,case_spacing,acceptable
P03847,aadhaar,pan,name,Archana Mishra,ARCHANA MISHRA,case_spacing,acceptable
P03847,aadhaar,marksheet_10,name,Archana Mishra,Archanna Mishra,spelling_variant,risky
P03847,aadhaar,marksheet_10,father_name,Sumit Mishra,Sumith Mishra,spelling_variant,risky
P03848,aadhaar,pan,name,Madhavan Velu,MADHAVAN VELU,case_spacing,acceptable
P03848,aadhaar,marksheet_10,name,Madhavan Velu,MADHAVAN V,initial,acceptable
P03848,aadhaar,marksheet_12,name,Madhavan Velu,MADHAVAN V,initial,acceptable
P03849,aadhaar,pan,name,Athira Pillai,ATHIRA PILLAI,case_spacing,acceptable
P03850,aadhaar,pan,name,Sandeep Gupta,SANDEEP GUPTA,case_spacing,acceptable
P03850,aadhaar,marksheet_12,name,Sandeep Gupta,Sanndeep Gupta,spelling_variant,risky
P03851,aadhaar,pan,name,Heena Khan,HEENA KHAN,case_spacing,acceptable
P03851,aadhaar,pan,dob,2002-09-07,2003-09-07,year_shift,critical
P03852,aadhaar,pan,name,Merlin Fernandes,MERLIN FERNANDES,case_spacing,acceptable
P03853,aadhaar,pan,name,Ankit Sharma,ANKIT SHARMA,case_spacing,acceptable
P03854,aadhaar,pan,name,Komal Gupta,KOMAL GUPTA,case_spacing,acceptable
P03854,aadhaar,marksheet_10,father_name,Deepak Gupta,Deepaak Gupta,spelling_variant,risky
P03854,aadhaar,passport,name,Komal Gupta,Komaal Gupta,spelling_variant,risky
P03854,aadhaar,passport,address,"No. 11, Station Road, Malviya Nagar, Jaipur, Rajasthan - 302845","No. 234, 4th Cross, T Nagar, Ahmedabad, Gujarat - 380191",different_address,risky
P03855,aadhaar,pan,name,Sandeep Sharma,SANDEEP SHARMA,case_spacing,acceptable
P03856,aadhaar,pan,name,Manjunath Bhat,MANJUNATH BHAT,case_spacing,acceptable
P03857,aadhaar,pan,name,Ravi Reddy,RAVI REDDY,case_spacing,acceptable
P03858,aadhaar,pan,name,Mahesh Chowdary,MAHESH CHOWDARY,case_spacing,acceptable
P03859,aadhaar,pan,name,Revathi Vignesh,REVATHI VIGNESH,case_spacing,acceptable
P03859,aadhaar,marksheet_10,name,Revathi Vignesh,REVATHI V,initial,acceptable
P03859,aadhaar,marksheet_12,name,Revathi Vignesh,REVATHI V,initial,acceptable
P03859,aadhaar,passport,gender,F,M,flipped,critical
P03860,aadhaar,pan,name,Spoorthi Rao,SPOORTHI RAO,case_spacing,acceptable
P03861,aadhaar,pan,name,Chaitanya Rao,CHAITANYA RAO,case_spacing,acceptable
P03862,aadhaar,pan,name,Vishnu Pillai,Vishnnu Pillai,spelling_variant,risky
P03863,aadhaar,pan,name,Sneha Pandey,SNEHA PANDEY,case_spacing,acceptable
P03863,aadhaar,marksheet_12,name,Sneha Pandey,Snneha Pandey,spelling_variant,risky
P03864,aadhaar,pan,name,Payel Ghosh,PAYEL GHOSH,case_spacing,acceptable
P03865,aadhaar,pan,name,Anjali Panicker,ANJALI PANICKER,case_spacing,acceptable
P03866,aadhaar,pan,name,Sumit Tiwari,SUMIT TIWARI,case_spacing,acceptable
P03867,aadhaar,pan,name,Sumit Gupta,SUMIT GUPTA,case_spacing,acceptable
P03868,aadhaar,pan,name,Madhuri Shah,Maduhri Shah,spelling_variant,risky
P03869,aadhaar,pan,name,Simran Chauhan,SIMRAN CHAUHAN,case_spacing,acceptable
P03870,aadhaar,pan,name,Deepak Chauhan,DEEPAK CHAUHAN,case_spacing,acceptable
P03870,aadhaar,passport,address,"No. 100, MG Road, Jayanagar, Kolkata, West Bengal - 700008","No. 88, Lake View Road, Velachery, Bengaluru, Karnataka - 560708",different_address,risky
P03871,aadhaar,pan,name,Anjali Chauhan,ANJALI CHAUHAN,case_spacing,acceptable
P03872,aadhaar,pan,name,Krishna Chowdary,KRISHNA CHOWDARY,case_spacing,acceptable
P03873,aadhaar,pan,name,Saravanan Madhavan,Sharavanan Madhavan,spelling_variant,risky
P03873,aadhaar,pan,dob,2002-03-20,2002-03-18,day_shift,critical
P03873,aadhaar,marksheet_10,name,Saravanan Madhavan,SARAVANAN M,initial,acceptable
P03873,aadhaar,marksheet_12,name,Saravanan Madhavan,SARAVANAN M,initial,acceptable
P03873,aadhaar,birth_certificate,name,Saravanan Madhavan,M. Saravanan,initial,acceptable
P03874,aadhaar,pan,name,Neha Sharma,NEHA SHARMA,case_spacing,acceptable
P03874,aadhaar,marksheet_10,name,Neha Sharma,Padma Naidu,different_person,critical
P03875,aadhaar,pan,name,Pooja Agarwal,POOJA AGARWAL,case_spacing,acceptable
P03876,aadhaar,pan,name,Vignesh Balaji,VIGNESH BALAJI,case_spacing,acceptable
P03876,aadhaar,marksheet_10,name,Vignesh Balaji,VIGNESH B,initial,acceptable
P03876,aadhaar,marksheet_12,name,Vignesh Balaji,VIGNESH B,initial,acceptable
P03876,aadhaar,passport,name,Vignesh Balaji,Veegnesh Balaji,spelling_variant,risky
P03877,aadhaar,pan,name,Sneha Singh,SNEHA SINGH,case_spacing,acceptable
P03878,aadhaar,pan,name,Arun Murugan,ARUN MURUGAN,case_spacing,acceptable
P03878,aadhaar,marksheet_10,name,Arun Murugan,ARUN M,initial,acceptable
P03878,aadhaar,marksheet_12,name,Arun Murugan,ARUN M,initial,acceptable
P03879,aadhaar,pan,name,Abirami Manikandan,ABIRAMI MANIKANDAN,case_spacing,acceptable
P03879,aadhaar,marksheet_10,name,Abirami Manikandan,ABIRAMI M,initial,acceptable
P03879,aadhaar,marksheet_12,name,Abirami Manikandan,Abiami Manikandan,spelling_variant,risky
P03880,aadhaar,pan,name,Velu Kannan,VELU KANNAN,case_spacing,acceptable
P03880,aadhaar,marksheet_10,name,Velu Kannan,VELU K,initial,acceptable
P03880,aadhaar,marksheet_12,name,Velu Kannan,VELU K,initial,acceptable
P03880,aadhaar,passport,address,"No. 125, Gandhi Road, Saket, Coimbatore, Tamil Nadu - 641895","No. 58, Lake View Road, Andheri, Chennai, Tamil Nadu - 600302",different_address,risky
P03881,aadhaar,pan,name,Ramesh Selvam,RAMESH SELVAM,case_spacing,acceptable
P03881,aadhaar,marksheet_10,name,Ramesh Selvam,Rameshh Selvam,spelling_variant,risky
P03881,aadhaar,marksheet_12,name,Ramesh Selvam,RAMESH S,initial,acceptable
P03882,aadhaar,pan,name,Ajay Sharma,AJAY SHARMA,case_spacing,acceptable
P03883,aadhaar,pan,name,Sumit Mishra,SUMIT MISHRA,case_spacing,acceptable
P03884,aadhaar,pan,name,Sanju Varghese,SANJU VARGHESE,case_spacing,acceptable
P03885,aadhaar,pan,name,Girish Bhat,GIRISH BHAT,case_spacing,acceptable
P03885,aadhaar,pan,dob,2005-11-24,2005-11-26,day_shift,critical
P03886,aadhaar,pan,name,Pooja Sharma,POOJA SHARMA,case_spacing,acceptable
P03887,aadhaar,pan,name,Simran Yadav,SIMRAN YADAV,case_spacing,acceptable
P03887,aadhaar,passport,name,Simran Yadav,Manikandan Madhavan,different_person,critical
P03888,aadhaar,pan,name,Puneeth Rao,PUNEETH RAO,case_spacing,acceptable
P03889,aadhaar,pan,name,Malathi Babu,MALATHI BABU,case_spacing,acceptable
P03889,aadhaar,marksheet_10,name,Malathi Babu,MALATHI B,initial,acceptable
P03889,aadhaar,marksheet_12,name,Malathi Babu,MALATHI B,initial,acceptable
P03889,aadhaar,birth_certificate,name,Malathi Babu,B. Malathi,initial,acceptable
P03890,aadhaar,pan,name,Deepak Agarwal,DEEPAK AGARWAL,case_spacing,acceptable
P03890,aadhaar,pan,dob,2005-08-04,2005-08-06,day_shift,critical
P03890,aadhaar,marksheet_12,father_name,Sumit Agarwal,Sumith Agarwal,spelling_variant,risky
P03891,aadhaar,pan,name,Ramesh Kumar,RAMESH KUMAR,case_spacing,acceptable
P03891,aadhaar,marksheet_10,name,Ramesh Kumar,RAMESH K,initial,acceptable
P03891,aadhaar,marksheet_12,name,Ramesh Kumar,RAMESH K,initial,acceptable
P03892,aadhaar,pan,name,Senthil Vignesh,SENTHIL VIGNESH,case_spacing,acceptable
P03892,aadhaar,marksheet_10,name,Senthil Vignesh,SENTHIL V,initial,acceptable
P03892,aadhaar,marksheet_12,name,Senthil Vignesh,SENTHIL V,initial,acceptable
P03893,aadhaar,pan,name,Rohit Agarwal,ROHIT AGARWAL,case_spacing,acceptable
P03894,aadhaar,pan,name,Lekshmi Kurup,LEKSHMI KURUP,case_spacing,acceptable
P03895,aadhaar,pan,name,Omkar Patil,OMKAR PATIL,case_spacing,acceptable
P03896,aadhaar,pan,name,Joel Mathew,JOEL MATHEW,case_spacing,acceptable
P03897,aadhaar,pan,name,Sahana Gowda,SAHANA GOWDA,case_spacing,acceptable
P03898,aadhaar,pan,name,Shreya Yadav,SHREYA YADAV,case_spacing,acceptable
P03899,aadhaar,pan,name,Abdul Qureshi,ABDUL QURESHI,case_spacing,acceptable
P03899,aadhaar,marksheet_10,name,Abdul Qureshi,Abdhul Qureshi,spelling_variant,risky
P03900,aadhaar,pan,name,Rohit Agarwal,ROHIT AGARWAL,case_spacing,acceptable
P03901,aadhaar,pan,name,Darshan Rao,DARSHAN RAO,case_spacing,acceptable
P03901,aadhaar,birth_certificate,name,Darshan Rao,Dharshan Rao,spelling_variant,risky
P03902,aadhaar,pan,name,Sreejith Nair,SREEJITH NAIR,case_spacing,acceptable
P03903,aadhaar,pan,name,Sundar Arun,SUNDAR ARUN,case_spacing,acceptable
P03903,aadhaar,marksheet_10,name,Sundar Arun,SUNDAR A,initial,acceptable
P03903,aadhaar,marksheet_12,name,Sundar Arun,SUNDAR A,initial,acceptable
P03904,aadhaar,pan,name,Tamilselvi Kannan,TAMILSELVI KANNAN,case_spacing,acceptable
P03904,aadhaar,marksheet_10,name,Tamilselvi Kannan,TAMILSELVI K,initial,acceptable
P03904,aadhaar,marksheet_12,name,Tamilselvi Kannan,TAMILSELVI K,initial,acceptable
P03905,aadhaar,pan,name,Fathima Qureshi,FATHIMA QURESHI,case_spacing,acceptable
P03905,aadhaar,marksheet_12,name,Fathima Qureshi,Fatihma Qureshi,spelling_variant,risky
P03906,aadhaar,pan,name,David Thomas,DAVID THOMAS,case_spacing,acceptable
P03907,aadhaar,pan,name,Saranya Karthik,SARANYA KARTHIK,case_spacing,acceptable
P03907,aadhaar,pan,dob,2002-06-15,2002-06-16,day_shift,critical
P03907,aadhaar,marksheet_10,name,Saranya Karthik,SARANYA K,initial,acceptable
P03907,aadhaar,marksheet_12,name,Saranya Karthik,SARANYA K,initial,acceptable
P03907,aadhaar,birth_certificate,name,Saranya Karthik,K. Saranya,initial,acceptable
P03908,aadhaar,pan,name,Bhoomika Kulkarni,BHOOMIKA KULKARNI,case_spacing,acceptable
P03909,aadhaar,pan,name,Nithya Arun,Nitthya Arun,spelling_variant,risky
P03909,aadhaar,marksheet_10,name,Nithya Arun,NITHYA A,initial,acceptable
P03909,aadhaar,marksheet_12,name,Nithya Arun,NITHYA A,initial,acceptable
P03909,aadhaar,birth_certificate,dob,2002-08-20,2002-08-22,day_shift,critical
P03910,aadhaar,pan,name,Tejas Patel,TEJAS PATEL,case_spacing,acceptable
P03910,aadhaar,marksheet_10,name,Tejas Patel,Tehas Patel,spelling_variant,risky
P03911,aadhaar,pan,name,Ayesha Sheikh,AYESHA SHEIKH,case_spacing,acceptable
P03911,aadhaar,marksheet_12,name,Ayesha Sheikh,Ayeshha Sheikh,spelling_variant,risky
P03912,aadhaar,pan,name,Gaurav Agarwal,GAURAV AGARWAL,case_spacing,acceptable
P03913,aadhaar,pan,name,Kavya Arun,KAVYA ARUN,case_spacing,acceptable
P03913,aadhaar,marksheet_10,name,Kavya Arun,KAVYA A,initial,acceptable
P03913,aadhaar,marksheet_10,dob,2002-06-01,2002-05-31,day_shift,critical
P03913,aadhaar,marksheet_12,name,Kavya Arun,KAVYA A,initial,acceptable
P03914,aadhaar,pan,name,Riya Verma,RIYA VERMA,case_spacing,acceptable
P03915,aadhaar,pan,name,Abdul Ansari,ABDUL ANSARI,case_spacing,acceptable
P03915,aadhaar,pan,father_name,Farhan Ansari,Faarhan Ansari,spelling_variant,risky
P03915,aadhaar,marksheet_10,dob,1998-05-22,1998-05-21,day_shift,critical
P03916,aadhaar,pan,name,Kiran Naidu,KIRAN NAIDU,case_spacing,acceptable
P03917,aadhaar,pan,name,Sunitha Reddy,SUNITHA REDDY,case_spacing,acceptable
P03918,aadhaar,pan,name,Akhil Varghese,Akheel Varghese,spelling_variant,risky
P03918,aadhaar,marksheet_10,name,Akhil Varghese,Rashmi Kulkarni,different_person,critical
P03919,aadhaar,pan,name,Saravanan Arun,SARAVANAN ARUN,case_spacing,acceptable
P03919,aadhaar,marksheet_10,name,Saravanan Arun,SARAVANAN A,initial,acceptable
P03919,aadhaar,marksheet_12,name,Saravanan Arun,SARAVANAN A,initial,acceptable
P03920,aadhaar,pan,name,Nazia Syed,NAZIA SYED,case_spacing,acceptable
P03920,aadhaar,marksheet_10,dob,2002-07-02,2002-02-07,day_month_swap,critical
P03921,aadhaar,pan,name,Kalaiselvi Sundar,KALAISELVI SUNDAR,case_spacing,acceptable
P03921,aadhaar,marksheet_10,name,Kalaiselvi Sundar,KALAISELVI S,initial,acceptable
P03921,aadhaar,marksheet_12,name,Kalaiselvi Sundar,KALAISELVI S,initial,acceptable
P03922,aadhaar,pan,name,Satish Bhat,SATISH BHAT,case_spacing,acceptable
P03922,aadhaar,marksheet_10,name,Satish Bhat,Satsh Bhat,spelling_variant,risky
P03923,aadhaar,pan,name,Rukhsar Ansari,RUKHSAR ANSARI,case_spacing,acceptable
P03924,aadhaar,pan,name,Aniket Joshi,ANIKET JOSHI,case_spacing,acceptable
P03924,aadhaar,marksheet_12,name,Aniket Joshi,Aneeket Joshi,spelling_variant,risky
P03924,aadhaar,passport,address,"No. 18, Lake View Road, Banjara Hills, Ahmedabad, Gujarat - 380207","No. 199, 2nd Main, Banjara Hills, Bengaluru, Karnataka - 560453",different_address,risky
P03925,aadhaar,pan,name,Shilpa Shetty,SHILPA SHETTY,case_spacing,acceptable
P03926,aadhaar,pan,name,Nandini Gowda,NANDINI GOWDA,case_spacing,acceptable
P03927,aadhaar,pan,name,Sunitha Reddy,SUNITHA REDDY,case_spacing,acceptable
P03927,aadhaar,marksheet_12,name,Sunitha Reddy,Sunitna Reddy,spelling_variant,risky
P03928,aadhaar,pan,name,Meena Ramesh,MEENA RAMESH,case_spacing,acceptable
P03928,aadhaar,marksheet_10,name,Meena Ramesh,MEENA R,initial,acceptable
P03928,aadhaar,marksheet_12,name,Meena Ramesh,MEENA R,initial,acceptable
P03929,aadhaar,pan,name,Senthil Babu,SENTHIL BABU,case_spacing,acceptable
P03929,aadhaar,marksheet_10,name,Senthil Babu,SENTHIL B,initial,acceptable
P03929,aadhaar,marksheet_12,name,Senthil Babu,SENTHIL B,initial,acceptable
P03929,aadhaar,marksheet_12,father_name,Babu,Baboo,spelling_variant,risky
P03929,aadhaar,birth_certificate,name,Senthil Babu,B. Senthil,initial,acceptable
P03930,aadhaar,pan,name,Sagar Patel,SAGAR PATEL,case_spacing,acceptable
P03930,aadhaar,marksheet_10,name,Sagar Patel,Saagar Patel,spelling_variant,risky
P03931,aadhaar,pan,name,Rutuja Deshpande,RUTUJA DESHPANDE,case_spacing,acceptable
P03931,aadhaar,marksheet_12,name,Rutuja Deshpande,Rutusa Deshpande,spelling_variant,risky
P03931,aadhaar,birth_certificate,dob,1998-07-28,1998-07-26,day_shift,critical
P03932,aadhaar,pan,name,Saravanan Selvam,SARAVANAN SELVAM,case_spacing,acceptable
P03932,aadhaar,pan,dob,2002-04-15,2002-04-17,day_shift,critical
P03932,aadhaar,marksheet_10,name,Saravanan Selvam,SARAVANAN S,initial,acceptable
P03932,aadhaar,marksheet_12,name,Saravanan Selvam,SARAVANAN S,initial,acceptable
P03933,aadhaar,pan,name,Nandini Shetty,NANDINI SHETTY,case_spacing,acceptable
P03934,aadhaar,pan,name,Sushma Chauhan,SUSHMA CHAUHAN,case_spacing,acceptable
P03935,aadhaar,pan,name,Spoorthi Kulkarni,SPOORTHI KULKARNI,case_spacing,acceptable
P03935,aadhaar,pan,father_name,Prashanth Kulkarni,Prasanth Kulkarni,spelling_variant,risky
P03936,aadhaar,pan,name,Puneeth Hegde,PUNEETH HEGDE,case_spacing,acceptable
P03937,aadhaar,pan,name,Kalaiselvi Kumar,KALAISELVI KUMAR,case_spacing,acceptable
P03937,aadhaar,marksheet_10,name,Kalaiselvi Kumar,KALAISELVI K,initial,acceptable
P03937,aadhaar,marksheet_12,name,Kalaiselvi Kumar,KALAISELVI K,initial,acceptable
P03937,aadhaar,birth_certificate,name,Kalaiselvi Kumar,Kaluiselvi Kumar,spelling_variant,risky
P03937,aadhaar,birth_certificate,dob,2002-03-26,2002-03-27,day_shift,critical
P03938,aadhaar,pan,name,Ramesh Vignesh,RAMESH VIGNESH,case_spacing,acceptable
P03938,aadhaar,marksheet_10,name,Ramesh Vignesh,RAMESH V,initial,acceptable
P03938,aadhaar,marksheet_12,name,Ramesh Vignesh,RAMESH V,initial,acceptable
P03939,aadhaar,pan,name,Spoorthi Kulkarni,SPOORTHI KULKARNI,case_spacing,acceptable
P03940,aadhaar,pan,name,Ajay Verma,AJAY VERMA,case_spacing,acceptable
P03940,aadhaar,marksheet_10,dob,1998-12-01,1998-01-12,day_month_swap,critical
P03941,aadhaar,pan,name,Sangeetha Kannan,SANGEETHA KANNAN,case_spacing,acceptable
P03941,aadhaar,marksheet_10,name,Sangeetha Kannan,SANGEETHA K,initial,acceptable
P03941,aadhaar,marksheet_12,name,Sangeetha Kannan,SANGEETHA K,initial,acceptable
P03941,aadhaar,passport,name,Sangeetha Kannan,Sangeeta Kannan,spelling_variant,risky
P03942,aadhaar,pan,name,Sowmya Siva,SOWMYA SIVA,case_spacing,acceptable
P03942,aadhaar,marksheet_10,name,Sowmya Siva,SOWMYA S,initial,acceptable
P03942,aadhaar,marksheet_12,name,Sowmya Siva,SOWMYA S,initial,acceptable
P03943,aadhaar,pan,name,Yamini Ramesh,YAMINI RAMESH,case_spacing,acceptable
P03943,aadhaar,marksheet_10,name,Yamini Ramesh,Yamiai Ramesh,spelling_variant,risky
P03943,aadhaar,marksheet_12,name,Yamini Ramesh,YAMINI R,initial,acceptable
P03943,aadhaar,birth_certificate,name,Yamini Ramesh,R. Yamini,initial,acceptable
P03944,aadhaar,pan,name,Madhavan Karthik,MADHAVAN KARTHIK,case_spacing,acceptable
P03944,aadhaar,marksheet_10,name,Madhavan Karthik,MADHAVAN K,initial,acceptable
P03944,aadhaar,marksheet_12,name,Madhavan Karthik,MADHAVAN K,initial,acceptable
P03945,aadhaar,pan,name,Rahul Verma,Raiul Verma,spelling_variant,risky
P03946,aadhaar,pan,name,Ramesh Manikandan,RAMESH MANIKANDAN,case_spacing,acceptable
P03946,aadhaar,marksheet_10,name,Ramesh Manikandan,RAMESH M,initial,acceptable
P03946,aadhaar,marksheet_12,name,Ramesh Manikandan,RAMESH M,initial,acceptable
P03947,aadhaar,pan,name,Sneha Gupta,SNEHA GUPTA,case_spacing,acceptable
P03948,aadhaar,pan,name,Sunitha Raju,SUNITHA RAJU,case_spacing,acceptable
P03949,aadhaar,pan,name,Teresa Mathew,TERESA MATHEW,case_spacing,acceptable
P03950,aadhaar,pan,name,Jyothi Chowdary,JYOTHI CHOWDARY,case_spacing,acceptable
P03951,aadhaar,pan,name,Daniel Fernandes,DANIEL FERNANDES,case_spacing,acceptable
P03952,aadhaar,pan,name,Kannan Raju,KANNAN RAJU,case_spacing,acceptable
P03952,aadhaar,marksheet_10,name,Kannan Raju,KANNAN R,initial,acceptable
P03952,aadhaar,marksheet_10,dob,2000-02-07,2000-02-05,day_shift,critical
P03952,aadhaar,marksheet_12,name,Kannan Raju,KANNAN R,initial,acceptable
P03953,aadhaar,pan,name,Pooja Mishra,POOJA MISHRA,case_spacing,acceptable
P03954,aadhaar,pan,name,Sowmya Balaji,SOWMYA BALAJI,case_spacing,acceptable
P03954,aadhaar,marksheet_10,name,Sowmya Balaji,SOWMYA B,initial,acceptable
P03954,aadhaar,marksheet_12,name,Sowmya Balaji,SOWMYA B,initial,acceptable
P03954,aadhaar,birth_certificate,name,Sowmya Balaji,B. Sowmya,initial,acceptable
P03955,aadhaar,pan,name,Parth Kulkarni,PARTH KULKARNI,case_spacing,acceptable
P03955,aadhaar,passport,address,"No. 113, MG Road, Malviya Nagar, Mumbai, Maharashtra - 400140","No. 9, Temple Street, T Nagar, Mumbai, Maharashtra - 400692",different_address,risky
P03956,aadhaar,pan,name,Chaitanya Reddy,CHAITANYA REDDY,case_spacing,acceptable
P03956,aadhaar,marksheet_10,dob,2005-02-27,2004-02-27,year_shift,critical
P03957,aadhaar,pan,name,Ayesha Syed,AYESHA SYED,case_spacing,acceptable
P03957,aadhaar,marksheet_10,name,Ayesha Syed,Aiesha Syed,spelling_variant,risky
P03958,aadhaar,pan,name,Priya Ramesh,PRIYA RAMESH,case_spacing,acceptable
P03958,aadhaar,marksheet_10,name,Priya Ramesh,PRIYA R,initial,acceptable
P03958,aadhaar,marksheet_12,name,Priya Ramesh,PRIYA R,initial,acceptable
P03958,aadhaar,birth_certificate,name,Priya Ramesh,R. Priya,initial,acceptable
P03959,aadhaar,pan,name,Ishita Bose,ISHITA BOSE,case_spacing,acceptable
P03959,aadhaar,marksheet_10,dob,2002-01-27,2003-01-27,year_shift,critical
P03960,aadhaar,pan,name,Haritha Rao,HARITHA RAO,case_spacing,acceptable
P03961,aadhaar,pan,name,Omkar Patel,OMKAR PATEL,case_spacing,acceptable
P03961,aadhaar,marksheet_12,name,Omkar Patel,Omkaar Patel,spelling_variant,risky
P03962,aadhaar,pan,name,Rahul Chauhan,RAHUL CHAUHAN,case_spacing,acceptable
P03963,aadhaar,pan,name,Mahesh Naidu,MAHESH NAIDU,case_spacing,acceptable
P03964,aadhaar,pan,name,Sameer Sheikh,SAMEER SHEIKH,case_spacing,acceptable
P03965,aadhaar,pan,name,Rahul Pillai,RAHUL PILLAI,case_spacing,acceptable
P03965,aadhaar,marksheet_10,name,Rahul Pillai,Rauhl Pillai,spelling_variant,risky
P03966,aadhaar,pan,name,Raghavendra Gowda,RAGHAVENDRA GOWDA,case_spacing,acceptable
P03966,aadhaar,pan,father_name,Manjunath Gowda,Manjunat Gowda,spelling_variant,risky
P03967,aadhaar,pan,name,Naveen Shetty,NAVEEN SHETTY,case_spacing,acceptable
P03968,aadhaar,pan,name,Komal Verma,KOMAL VERMA,case_spacing,acceptable
P03969,aadhaar,pan,name,Nazia Ansari,NAZIA ANSARI,case_spacing,acceptable
P03969,aadhaar,pan,dob,2005-03-11,2004-03-11,year_shift,critical
P03970,aadhaar,pan,name,David Fernandes,DAVID FERNANDES,case_spacing,acceptable
P03971,aadhaar,pan,name,Sangeetha Arun,SANGEETHA ARUN,case_spacing,acceptable
P03971,aadhaar,marksheet_10,name,Sangeetha Arun,SANGEETHA A,initial,acceptable
P03971,aadhaar,marksheet_10,dob,2002-02-11,2002-11-02,day_month_swap,critical
P03971,aadhaar,marksheet_12,name,Sangeetha Arun,SANGEETHA A,initial,acceptable
P03972,aadhaar,pan,name,Asha Kulkarni,ASHA KULKARNI,case_spacing,acceptable
P03972,aadhaar,marksheet_12,father_name,Manjunath Kulkarni,Manjoonath Kulkarni,spelling_variant,risky
P03973,aadhaar,pan,name,Lavanya Varma,LAVANYA VARMA,case_spacing,acceptable
P03974,aadhaar,pan,name,Neha Gupta,NEHA GUPTA,case_spacing,acceptable
P03975,aadhaar,pan,name,Murugan Vignesh,MURUGAN VIGNESH,case_spacing,acceptable
P03975,aadhaar,pan,dob,2002-06-28,2001-06-28,year_shift,critical
P03975,aadhaar,marksheet_10,name,Murugan Vignesh,MURUGAN V,initial,acceptable
P03975,aadhaar,marksheet_12,name,Murugan Vignesh,MURUGAN V,initial,acceptable
P03976,aadhaar,pan,name,Prashanth Shetty,Praashanth Shetty,spelling_variant,risky
P03977,aadhaar,pan,name,Simran Chauhan,SIMRAN CHAUHAN,case_spacing,acceptable
P03977,aadhaar,marksheet_12,father_name,Amit Chauhan,Amith Chauhan,spelling_variant,risky
P03978,aadhaar,pan,name,Pooja Agarwal,POOJA AGARWAL,case_spacing,acceptable
P03979,aadhaar,pan,name,Deepak Gupta,DEEPAK GUPTA,case_spacing,acceptable
P03980,aadhaar,pan,name,Sandeep Mishra,SANDEEP MISHRA,case_spacing,acceptable
P03981,aadhaar,pan,name,Lekshmi Kurup,Lekshmmi Kurup,spelling_variant,risky
P03982,aadhaar,pan,name,Selvam Elango,SELVAM ELANGO,case_spacing,acceptable
P03982,aadhaar,pan,dob,2000-05-25,2000-05-27,day_shift,critical
P03982,aadhaar,marksheet_10,name,Selvam Elango,SELVAM E,initial,acceptable
P03982,aadhaar,marksheet_12,name,Selvam Elango,SELVAM E,initial,acceptable
P03983,aadhaar,pan,name,Snehal Deshpande,SNEHAL DESHPANDE,case_spacing,acceptable
P03983,aadhaar,pan,dob,1999-12-07,2000-12-07,year_shift,critical
P03984,aadhaar,pan,name,Vignesh Ramesh,VIGNESH RAMESH,case_spacing,acceptable
P03984,aadhaar,marksheet_10,name,Vignesh Ramesh,VIGNESH R,initial,acceptable
P03984,aadhaar,marksheet_12,name,Vignesh Ramesh,VIGNESH R,initial,acceptable
P03984,aadhaar,birth_certificate,name,Vignesh Ramesh,R. Vignesh,initial,acceptable
P03985,aadhaar,pan,name,Neha Verma,NEHA VERMA,case_spacing,acceptable
P03986,aadhaar,pan,name,Riya Bose,RIYA BOSE,case_spacing,acceptable
P03986,aadhaar,marksheet_10,name,Riya Bose,Ryia Bose,spelling_variant,risky
P03987,aadhaar,pan,name,Elango Senthil,ELANGO SENTHIL,case_spacing,acceptable
P03987,aadhaar,marksheet_10,name,Elango Senthil,ELANGO S,initial,acceptable
P03987,aadhaar,marksheet_12,name,Elango Senthil,ELANGO S,initial,acceptable
P03987,aadhaar,passport,address,"No. 19, Lake View Road, Koramangala, Kolkata, West Bengal - 700720","No. 232, Market Street, Saket, Pune, Maharashtra - 411809",different_address,risky
P03988,aadhaar,pan,name,Sreejith Varghese,SREEJITH VARGHESE,case_spacing,acceptable
P03989,aadhaar,pan,name,Debjani Banerjee,DEBJANI BANERJEE,case_spacing,acceptable
P03990,aadhaar,pan,name,Velu Senthil,VELU SENTHIL,case_spacing,acceptable
P03990,aadhaar,marksheet_10,name,Velu Senthil,VELU S,initial,acceptable
P03990,aadhaar,marksheet_12,name,Velu Senthil,VELU S,initial,acceptable
P03990,aadhaar,birth_certificate,name,Velu Senthil,S. Velu,initial,acceptable
P03991,aadhaar,pan,name,Saravanan Arun,SARAVANAN ARUN,case_spacing,acceptable
P03991,aadhaar,pan,father_name,Arun,Arunn,spelling_variant,risky
P03991,aadhaar,marksheet_10,name,Saravanan Arun,SARAVANAN A,initial,acceptable
P03991,aadhaar,marksheet_12,name,Saravanan Arun,SARAVANAN A,initial,acceptable
P03992,aadhaar,pan,name,Anand Pillai,ANAND PILLAI,case_spacing,acceptable
P03992,aadhaar,pan,dob,1998-02-25,1998-02-24,day_shift,critical
P03993,aadhaar,pan,name,Arun Siva,ARUN SIVA,case_spacing,acceptable
P03993,aadhaar,marksheet_10,name,Arun Siva,ARUN S,initial,acceptable
P03993,aadhaar,marksheet_12,name,Arun Siva,Arunn Siva,spelling_variant,risky
P03994,aadhaar,pan,name,Priya Arun,PRIYA ARUN,case_spacing,acceptable
P03994,aadhaar,marksheet_10,name,Priya Arun,PRIYA A,initial,acceptable
P03994,aadhaar,marksheet_12,name,Priya Arun,PRIYA A,initial,acceptable
P03995,aadhaar,pan,name,Rashmi Shetty,RASHMI SHETTY,case_spacing,acceptable
P03995,aadhaar,marksheet_12,name,Rashmi Shetty,Rashhmi Shetty,spelling_variant,risky
P03996,aadhaar,pan,name,Venkatesh Varma,Vennkatesh Varma,spelling_variant,risky
P03997,aadhaar,pan,name,Mohammed Syed,MOHAMMED SYED,case_spacing,acceptable
P03998,aadhaar,pan,name,Mahesh Rao,MAHESH RAO,case_spacing,acceptable
P03998,aadhaar,marksheet_10,name,Mahesh Rao,Masesh Rao,spelling_variant,risky
P03999,aadhaar,pan,name,Rahul Gupta,RAHUL GUPTA,case_spacing,acceptable
P03999,aadhaar,marksheet_10,dob,1999-02-21,1999-02-20,day_shift,critical
P03999,aadhaar,passport,name,Rahul Gupta,Rahull Gupta,spelling_variant,risky
P04000,aadhaar,pan,name,Selvam Velu,SELVAM VELU,case_spacing,acceptable
P04000,aadhaar,marksheet_10,name,Selvam Velu,SELVAM V,initial,acceptable
P04000,aadhaar,marksheet_12,name,Selvam Velu,SELVAM V,initial,acceptable
P04000,aadhaar,birth_certificate,name,Selvam Velu,V. Selvam,initial,acceptable
P04001,aadhaar,pan,name,Satish Gowda,SATISH GOWDA,case_spacing,acceptable
P04002,aadhaar,pan,name,Priya Selvam,PRIYA SELVAM,case_spacing,acceptable
P04002,aadhaar,marksheet_10,name,Priya Selvam,PRIYA S,initial,acceptable
P04002,aadhaar,marksheet_12,name,Priya Selvam,PRIYA S,initial,acceptable
P04003,aadhaar,pan,name,Lekshmi Pillai,LEKSHMI PILLAI,case_spacing,acceptable
P04003,aadhaar,passport,name,Lekshmi Pillai,Sagar Mehta,different_person,critical
P04004,aadhaar,pan,name,Neethu Pillai,NEETHU PILLAI,case_spacing,acceptable
P04005,aadhaar,pan,name,Sayali Deshpande,SAYALI DESHPANDE,case_spacing,acceptable
P04006,aadhaar,pan,name,Kiran Chowdary,KIRAN CHOWDARY,case_spacing,acceptable
P04007,aadhaar,pan,name,Shreya Agarwal,SHREYA AGARWAL,case_spacing,acceptable
P04008,aadhaar,pan,name,Vignesh Balaji,VIGNESH BALAJI,case_spacing,acceptable
P04008,aadhaar,marksheet_10,name,Vignesh Balaji,VIGNESH B,initial,acceptable
P04008,aadhaar,marksheet_12,name,Vignesh Balaji,VIGNESH B,initial,acceptable
P04009,aadhaar,pan,name,Venkatesh Naidu,VENKATESH NAIDU,case_spacing,acceptable
P04010,aadhaar,pan,name,Pallavi Kulkarni,PALLAVI KULKARNI,case_spacing,acceptable
P04011,aadhaar,pan,name,Rukhsar Qureshi,Ruukhsar Qureshi,spelling_variant,risky
P04012,aadhaar,pan,name,Rukhsar Syed,RUKHSAR SYED,case_spacing,acceptable
P04012,aadhaar,marksheet_10,name,Rukhsar Syed,Rukhsaar Syed,spelling_variant,risky
P04013,aadhaar,pan,name,Joel Pereira,JOEL PEREIRA,case_spacing,acceptable
P04013,aadhaar,pan,father_name,John Pereira,Zohn Pereira,spelling_variant,risky
P04014,aadhaar,pan,name,Amit Agarwal,AMIT AGARWAL,case_spacing,acceptable
P04014,aadhaar,marksheet_12,name,Amit Agarwal,Ameet Agarwal,spelling_variant,risky
P04015,aadhaar,pan,name,Anjali Agarwal,Anjalee Agarwal,spelling_variant,risky
P04016,aadhaar,pan,name,Shreya Tiwari,SHREYA TIWARI,case_spacing,acceptable
P04017,aadhaar,pan,name,Sowmya Siva,SOWMYA SIVA,case_spacing,acceptable
P04017,aadhaar,marksheet_10,name,Sowmya Siva,SOWMYA S,initial,acceptable
P04017,aadhaar,marksheet_12,name,Sowmya Siva,Sowmmya Siva,spelling_variant,risky
P04017,aadhaar,passport,address,"No. 150, 2nd Main, Koramangala, Kochi, Kerala - 682383","No. 44, Church Street, Anna Nagar, Mumbai, Maharashtra - 400099",different_address,risky
P04018,aadhaar,pan,name,Ajay Gupta,AJAY GUPTA,case_spacing,acceptable
P04019,aadhaar,pan,name,Ajay Sharma,Sanjay Verma,different_person,critical
P04020,aadhaar,pan,name,Prakash Madhavan,PRAKASH MADHAVAN,case_spacing,acceptable
P04020,aadhaar,marksheet_10,name,Prakash Madhavan,PRAKASH M,initial,acceptable
P04020,aadhaar,marksheet_12,name,Prakash Madhavan,PRAKASH M,initial,acceptable
P04021,aadhaar,pan,name,Komal Sharma,KOMAL SHARMA,case_spacing,acceptable
P04022,aadhaar,pan,name,Neethu Varghese,NEETHU VARGHESE,case_spacing,acceptable
P04022,aadhaar,marksheet_10,name,Neethu Varghese,Nenthu Varghese,spelling_variant,risky
P04022,aadhaar,birth_certificate,father_name,Rahul Varghese,Raahul Varghese,spelling_variant,risky
P04023,aadhaar,pan,name,Pradeep Singh,PRADEEP SINGH,case_spacing,acceptable
P04023,aadhaar,marksheet_12,father_name,Ankit Singh,Ankith Singh,spelling_variant,risky
P04024,aadhaar,pan,name,Rukhsar Syed,RUKHSAR SYED,case_spacing,acceptable
P04025,aadhaar,pan,name,Shreya Pandey,SHREYA PANDEY,case_spacing,acceptable
P04026,aadhaar,pan,name,Nazia Sheikh,NAZIA SHEIKH,case_spacing,acceptable
P04027,aadhaar,pan,name,Snehal Kulkarni,SNEHAL KULKARNI,case_spacing,acceptable
P04027,aadhaar,marksheet_12,name,Snehal Kulkarni,Shnehal Kulkarni,spelling_variant,risky
P04028,aadhaar,pan,name,Sravani Varma,SRAVANI VARMA,case_spacing,acceptable
P04029,aadhaar,pan,name,Rajib Roy,RAJIB ROY,case_spacing,acceptable
P04030,aadhaar,pan,name,Spoorthi Hegde,SPOORTHI HEGDE,case_spacing,acceptable
P04031,aadhaar,pan,name,Joel Mathew,JOEL MATHEW,case_spacing,acceptable
P04031,aadhaar,birth_certificate,gender,M,F,flipped,critical
P04032,aadhaar,pan,name,Prashanth Hegde,PRASHANTH HEGDE,case_spacing,acceptable
P04033,aadhaar,pan,name,Pradeep Pandey,PRADEEP PANDEY,case_spacing,acceptable
P04034,aadhaar,pan,name,Bhavani Raju,BHAVANI RAJU,case_spacing,acceptable
P04035,aadhaar,pan,name,Shashank Hegde,SHASHANK HEGDE,case_spacing,acceptable
P04035,aadhaar,birth_certificate,father_name,Puneeth Hegde,Punith Hegde,spelling_variant,risky
P04036,aadhaar,pan,name,Deepak Pandey,DEEPAK PANDEY,case_spacing,acceptable
P04037,aadhaar,pan,name,Neha Tiwari,NEHA TIWARI,case_spacing,acceptable
P04038,aadhaar,pan,name,Angel Thomas,ANGEL THOMAS,case_spacing,acceptable
P04039,aadhaar,pan,name,Raju Selvam,RAJU SELVAM,case_spacing,acceptable
P04039,aadhaar,marksheet_10,name,Raju Selvam,RAJU S,initial,acceptable
P04039,aadhaar,marksheet_12,name,Raju Selvam,RAJU S,initial,acceptable
P04039,aadhaar,passport,address,"No. 218, Market Street, Banjara Hills, Jaipur, Rajasthan - 302742","No. 153, Park Avenue, Malviya Nagar, Mysuru, Karnataka - 570119",different_address,risky
P04039,aadhaar,birth_certificate,name,Raju Selvam,S. Raju,initial,acceptable
P04040,aadhaar,pan,name,Madhavan Senthil,MADHAVAN SENTHIL,case_spacing,acceptable
P04040,aadhaar,marksheet_10,name,Madhavan Senthil,MADHAVAN S,initial,acceptable
P04040,aadhaar,marksheet_12,name,Madhavan Senthil,MADHAVAN S,initial,acceptable
P04041,aadhaar,pan,name,John Pereira,JOHN PEREIRA,case_spacing,acceptable
P04042,aadhaar,pan,name,Sharon Joseph,SHARON JOSEPH,case_spacing,acceptable
P04043,aadhaar,pan,name,Sowmya Saravanan,SOWMYA SARAVANAN,case_spacing,acceptable
P04043,aadhaar,pan,father_name,Saravanan,Sharavanan,spelling_variant,risky
P04043,aadhaar,marksheet_10,name,Sowmya Saravanan,SOWMYA S,initial,acceptable
P04043,aadhaar,marksheet_12,name,Sowmya Saravanan,SOWMYA S,initial,acceptable
P04043,aadhaar,birth_certificate,name,Sowmya Saravanan,S. Sowmya,initial,acceptable
P04044,aadhaar,pan,name,Salman Sheikh,SALMAN SHEIKH,case_spacing,acceptable
P04045,aadhaar,pan,name,Mahesh Varma,MAHESH VARMA,case_spacing,acceptable
P04046,aadhaar,pan,name,Hari Panicker,HARI PANICKER,case_spacing,acceptable
P04047,aadhaar,pan,name,Komal Agarwal,KOMAL AGARWAL,case_spacing,acceptable
P04048,aadhaar,pan,name,Ajay Gupta,AJAY GUPTA,case_spacing,acceptable
P04049,aadhaar,pan,name,Shreya Gupta,SHREYA GUPTA,case_spacing,acceptable
P04050,aadhaar,pan,name,Ayesha Qureshi,AYESHA QURESHI,case_spacing,acceptable
P04051,aadhaar,pan,name,Irfan Pathan,Irfaan Pathan,spelling_variant,risky
P04051,aadhaar,pan,father_name,Sameer Pathan,Shameer Pathan,spelling_variant,risky
P04052,aadhaar,pan,name,Madhavan Balaji,MADHAVAN BALAJI,case_spacing,acceptable
P04052,aadhaar,marksheet_10,name,Madhavan Balaji,MADHAVAN B,initial,acceptable
P04052,aadhaar,marksheet_12,name,Madhavan Balaji,MADHAVAN B,initial,acceptable
P04053,aadhaar,pan,name,Sanjay Verma,Sanjjay Verma,spelling_variant,risky
P04054,aadhaar,pan,name,Gaurav Agarwal,GAURAV AGARWAL,case_spacing,acceptable
P04054,aadhaar,pan,dob,1999-01-15,1999-01-16,day_shift,critical
P04055,aadhaar,pan,name,Sayan Bose,SAYAN BOSE,case_spacing,acceptable
P04056,aadhaar,pan,name,Harini Madhavan,HARINI MADHAVAN,case_spacing,acceptable
P04056,aadhaar,marksheet_10,name,Harini Madhavan,HARINI M,initial,acceptable
P04056,aadhaar,marksheet_12,name,Harini Madhavan,HARINI M,initial,acceptable
P04057,aadhaar,pan,name,Neethu Menon,NEETHU MENON,case_spacing,acceptable
P04058,aadhaar,pan,name,Suresh Rao,SURESH RAO,case_spacing,acceptable
P04058,aadhaar,passport,address,"No. 191, MG Road, Koramangala, Kolkata, West Bengal - 700614","No. 242, Temple Street, Jayanagar, Mumbai, Maharashtra - 400008",different_address,risky
P04059,aadhaar,pan,name,Vishnu Nair,VISHNU NAIR,case_spacing,acceptable
P04059,aadhaar,pan,father_name,Nikhil Nair,Nnikhil Nair,spelling_variant,risky
P04060,aadhaar,pan,name,Ravi Naidu,RAVI NAIDU,case_spacing,acceptable
P04061,aadhaar,pan,name,Jennifer Joseph,JENNIFER JOSEPH,case_spacing,acceptable
P04062,aadhaar,pan,name,Neethu Pillai,NEETHU PILLAI,case_spacing,acceptable
P04062,aadhaar,birth_certificate,father_name,Akhil Pillai,Akil Pillai,spelling_variant,risky
P04063,aadhaar,pan,name,Ayesha Qureshi,AYESHA QURESHI,case_spacing,acceptable
P04063,aadhaar,marksheet_10,name,Ayesha Qureshi,Ayesa Qureshi,spelling_variant,risky
P04064,aadhaar,pan,name,Archana Sharma,ARCHANA SHARMA,case_spacing,acceptable
P04065,aadhaar,pan,name,Abdul Sheikh,ABDUL SHEIKH,case_spacing,acceptable
P04065,aadhaar,marksheet_10,name,Abdul Sheikh,Abdull Sheikh,spelling_variant,risky
P04066,aadhaar,pan,name,Sagar Desai,SAGAR DESAI,case_spacing,acceptable
P04066,aadhaar,marksheet_12,name,Sagar Desai,Sagrr Desai,spelling_variant,risky
P04067,aadhaar,pan,name,Vishnu Varghese,VISHNU VARGHESE,case_spacing,acceptable
P04068,aadhaar,pan,name,Jessica Thomas,JESSICA THOMAS,case_spacing,acceptable
P04069,aadhaar,pan,name,Anagha Panicker,ANAGHA PANICKER,case_spacing,acceptable
P04070,aadhaar,pan,name,Nandini Shetty,NANDINI SHETTY,case_spacing,acceptable
P04071,aadhaar,pan,name,Pradeep Mishra,PRADEEP MISHRA,case_spacing,acceptable
P04072,aadhaar,pan,name,Sneha Mishra,SNEHA MISHRA,case_spacing,acceptable
P04072,aadhaar,marksheet_10,dob,2001-10-30,2002-10-28,year_shift,critical
P04073,aadhaar,pan,name,Sourav Chatterjee,SOURAV CHATTERJEE,case_spacing,acceptable
P04073,aadhaar,marksheet_12,name,Sourav Chatterjee,Sooorav Chatterjee,spelling_variant,risky
P04074,aadhaar,pan,name,Kavya Sundar,KAVYA SUNDAR,case_spacing,acceptable
P04074,aadhaar,marksheet_10,name,Kavya Sundar,KAVYA S,initial,acceptable
P04074,aadhaar,marksheet_12,name,Kavya Sundar,KAVYA S,initial,acceptable
P04075,aadhaar,pan,name,Kiran Naidu,KIRAN NAIDU,case_spacing,acceptable
P04075,aadhaar,marksheet_10,name,Kiran Naidu,Kirann Naidu,spelling_variant,risky
P04076,aadhaar,pan,name,Abhijit Mukherjee,ABHIJIT MUKHERJEE,case_spacing,acceptable
P04076,aadhaar,birth_certificate,father_name,Sourav Mukherjee,Shourav Mukherjee,spelling_variant,risky
P04077,aadhaar,pan,name,Sushma Gupta,SUSHMA GUPTA,case_spacing,acceptable
P04078,aadhaar,pan,name,Janani Saravanan,JANANI SARAVANAN,case_spacing,acceptable
P04078,aadhaar,marksheet_10,name,Janani Saravanan,JANANI S,initial,acceptable
P04078,aadhaar,marksheet_12,name,Janani Saravanan,JANANI S,initial,acceptable
P04079,aadhaar,pan,name,Sowmya Sundar,SOWMYA SUNDAR,case_spacing,acceptable
P04079,aadhaar,marksheet_10,name,Sowmya Sundar,SOWMYA S,initial,acceptable
P04079,aadhaar,marksheet_12,name,Sowmya Sundar,SOWMYA S,initial,acceptable
P04079,aadhaar,passport,address,"No. 167, Lake View Road, Jayanagar, Jaipur, Rajasthan - 302386","No. 249, Cross Road, Jayanagar, Kochi, Kerala - 682430",different_address,risky
P04080,aadhaar,pan,name,Sreya Mukherjee,Sreia Mukherjee,spelling_variant,risky
P04081,aadhaar,pan,name,Madhuri Shah,MADHURI SHAH,case_spacing,acceptable
P04081,aadhaar,marksheet_10,name,Madhuri Shah,Madhuir Shah,spelling_variant,risky
P04082,aadhaar,pan,name,Snehal Kulkarni,SNEHAL KULKARNI,case_spacing,acceptable
P04083,aadhaar,pan,name,Ramesh Saravanan,RAMESH SARAVANAN,case_spacing,acceptable
P04083,aadhaar,marksheet_10,name,Ramesh Saravanan,RAMESH S,initial,acceptable
P04083,aadhaar,marksheet_12,name,Ramesh Saravanan,RAMESH S,initial,acceptable
P04083,aadhaar,birth_certificate,name,Ramesh Saravanan,S. Ramesh,initial,acceptable
P04084,aadhaar,pan,name,Asha Gowda,ASHA GOWDA,case_spacing,acceptable
P04085,aadhaar,pan,name,Aswathy Panicker,ASWATHY PANICKER,case_spacing,acceptable
P04085,aadhaar,passport,address,"No. 170, Main Road, Navrangpura, Chennai, Tamil Nadu - 600733","No. 146, Park Avenue, Saket, Delhi, Delhi - 110393",different_address,risky
P04086,aadhaar,pan,name,Yamini Saravanan,YAMINI SARAVANAN,case_spacing,acceptable
P04086,aadhaar,marksheet_10,name,Yamini Saravanan,YAMINI S,initial,acceptable
P04086,aadhaar,marksheet_12,name,Yamini Saravanan,YAMINI S,initial,acceptable
P04087,aadhaar,pan,name,Srinivas Chowdary,SRINIVAS CHOWDARY,case_spacing,acceptable
P04088,aadhaar,pan,name,Simran Singh,SIMRAN SINGH,case_spacing,acceptable
P04089,aadhaar,pan,name,Angel Thomas,ANGEL THOMAS,case_spacing,acceptable
P04090,aadhaar,pan,name,Janani Karthik,JANANI KARTHIK,case_spacing,acceptable
P04090,aadhaar,marksheet_10,name,Janani Karthik,JANANI K,initial,acceptable
P04090,aadhaar,marksheet_12,name,Janani Karthik,JANANI K,initial,acceptable
P04091,aadhaar,pan,name,Selvam Murugan,SELVAM MURUGAN,case_spacing,acceptable
P04091,aadhaar,marksheet_10,name,Selvam Murugan,SELVAM M,initial,acceptable
P04091,aadhaar,marksheet_12,name,Selvam Murugan,SELVAM M,initial,acceptable
P04092,aadhaar,pan,name,Krishna Rao,KRISHNA RAO,case_spacing,acceptable
P04093,aadhaar,pan,name,Mahesh Rao,MAHESH RAO,case_spacing,acceptable
P04094,aadhaar,pan,name,Hetal Kulkarni,HETAL KULKARNI,case_spacing,acceptable
P04095,aadhaar,pan,name,Parth Patil,PARTH PATIL,case_spacing,acceptable
P04096,aadhaar,pan,name,Aniket Shah,ANIKET SHAH,case_spacing,acceptable
P04097,aadhaar,pan,name,Sruthi Nair,SRUTHI NAIR,case_spacing,acceptable
P04098,aadhaar,pan,name,Keerthana Senthil,KEERTHANA SENTHIL,case_spacing,acceptable
P04098,aadhaar,marksheet_10,name,Keerthana Senthil,KEERTHANA S,initial,acceptable
P04098,aadhaar,marksheet_12,name,Keerthana Senthil,KEERTHANA S,initial,acceptable
P04098,aadhaar,passport,dob,1998-09-10,1998-09-12,day_shift,critical
P04099,aadhaar,pan,name,Ananya Ghosh,ANANYA GHOSH,case_spacing,acceptable
P04100,aadhaar,pan,name,Manikandan Velu,MANIKANDAN VELU,case_spacing,acceptable
P04100,aadhaar,marksheet_10,name,Manikandan Velu,MANIKANDAN V,initial,acceptable
P04100,aadhaar,marksheet_12,name,Manikandan Velu,MANIKANDAN V,initial,acceptable
P04101,aadhaar,pan,name,Spoorthi Shetty,SPOORTHI SHETTY,case_spacing,acceptable
P04102,aadhaar,pan,name,Asha Hegde,ASHA HEGDE,case_spacing,acceptable
P04102,aadhaar,marksheet_10,dob,2001-03-17,2001-03-19,day_shift,critical
P04103,aadhaar,pan,name,Mohammed Sheikh,MOHAMMED SHEIKH,case_spacing,acceptable
P04103,aadhaar,marksheet_10,father_name,Irfan Sheikh,Irfaan Sheikh,spelling_variant,risky
P04104,aadhaar,pan,name,Ajay Yadav,AJAY YADAV,case_spacing,acceptable
P04105,aadhaar,pan,name,Shreya Tiwari,SHREYA TIWARI,case_spacing,acceptable
P04105,aadhaar,pan,dob,1999-10-11,1999-11-10,day_month_swap,critical
P04106,aadhaar,pan,name,Naveen Hegde,NAVEEN HEGDE,case_spacing,acceptable
P04107,aadhaar,pan,name,Prachi Shah,PRACHI SHAH,case_spacing,acceptable
P04108,aadhaar,pan,name,Padma Chowdary,Paadma Chowdary,spelling_variant,risky
P04109,aadhaar,pan,name,Rukhsar Syed,Rukhssar Syed,spelling_variant,risky
P04110,aadhaar,pan,name,Prasad Reddy,PRASAD REDDY,case_spacing,acceptable
P04111,aadhaar,pan,name,Gaurav Verma,GAURAV VERMA,case_spacing,acceptable
P04112,aadhaar,pan,name,Riya Roy,RIYA ROY,case_spacing,acceptable
P04112,aadhaar,birth_certificate,gender,F,M,flipped,critical
P04113,aadhaar,pan,name,Selvam Manikandan,SELVAM MANIKANDAN,case_spacing,acceptable
P04113,aadhaar,marksheet_10,name,Selvam Manikandan,SELVAM M,initial,acceptable
P04113,aadhaar,marksheet_12,name,Selvam Manikandan,SELVAM M,initial,acceptable
P04114,aadhaar,pan,name,Sandeep Yadav,SANDEEP YADAV,case_spacing,acceptable
P04114,aadhaar,marksheet_12,name,Sandeep Yadav,Sandepe Yadav,spelling_variant,risky
P04115,aadhaar,pan,name,Vishnu Panicker,VISHNU PANICKER,case_spacing,acceptable
P04116,aadhaar,pan,name,Gayathri Sundar,GAYATHRI SUNDAR,case_spacing,acceptable
P04116,aadhaar,marksheet_10,name,Gayathri Sundar,GAYATHRI S,initial,acceptable
P04116,aadhaar,marksheet_12,name,Gayathri Sundar,GAYATHRI S,initial,acceptable
P04117,aadhaar,pan,name,Payel Chatterjee,PAYEL CHATTERJEE,case_spacing,acceptable
P04118,aadhaar,pan,name,Rashmi Kulkarni,RASHMI KULKARNI,case_spacing,acceptable
P04119,aadhaar,pan,name,Velu Sundar,VELU SUNDAR,case_spacing,acceptable
P04119,aadhaar,marksheet_10,name,Velu Sundar,VELU S,initial,acceptable
P04119,aadhaar,marksheet_12,name,Velu Sundar,VELU S,initial,acceptable
P04119,aadhaar,birth_certificate,gender,M,F,flipped,critical
P04120,aadhaar,pan,name,Farhan Syed,FARHAN SYED,case_spacing,acceptable
P04121,aadhaar,pan,name,Sahana Hegde,SAHANA HEGDE,case_spacing,acceptable
P04122,aadhaar,pan,name,Malathi Ramesh,MALATHI RAMESH,case_spacing,acceptable
P04122,aadhaar,marksheet_10,name,Malathi Ramesh,MALATHI R,initial,acceptable
P04122,aadhaar,marksheet_12,name,Malathi Ramesh,Malathee Ramesh,spelling_variant,risky
P04122,aadhaar,birth_certificate,name,Malathi Ramesh,R. Malathi,initial,acceptable
P04123,aadhaar,pan,name,Rukhsar Sheikh,RUKHSAR SHEIKH,case_spacing,acceptable
P04123,aadhaar,marksheet_12,name,Rukhsar Sheikh,Ruksar Sheikh,spelling_variant,risky
P04124,aadhaar,pan,name,Anjali Kurup,ANJALI KURUP,case_spacing,acceptable
P04125,aadhaar,pan,name,Daniel Pereira,DANIEL PEREIRA,case_spacing,acceptable
P04126,aadhaar,pan,name,Abhijit Roy,ABHIJIT ROY,case_spacing,acceptable
P04127,aadhaar,pan,name,Gaurav Mishra,GAURAV MISHRA,case_spacing,acceptable
P04127,aadhaar,marksheet_12,name,Gaurav Mishra,Gaurv Mishra,spelling_variant,risky
P04128,aadhaar,pan,name,Vikram Mishra,VIKRAM MISHRA,case_spacing,acceptable
P04128,aadhaar,birth_certificate,name,Vikram Mishra,Virkam Mishra,spelling_variant,risky
P04129,aadhaar,pan,name,Pallavi Rao,PALLAVI RAO,case_spacing,acceptable
P04130,aadhaar,pan,name,Simran Mishra,SIMRAN MISHRA,case_spacing,acceptable
P04131,aadhaar,pan,name,Jessica Joseph,JESSICA JOSEPH,case_spacing,acceptable
P04132,aadhaar,pan,name,Kannan Senthil,KANNAN SENTHIL,case_spacing,acceptable
P04132,aadhaar,marksheet_10,name,Kannan Senthil,KANNAN S,initial,acceptable
P04132,aadhaar,marksheet_12,name,Kannan Senthil,KANNAN S,initial,acceptable
P04132,aadhaar,birth_certificate,dob,2002-03-23,2001-03-23,year_shift,critical
P04133,aadhaar,pan,name,Kavya Madhavan,KAVYA MADHAVAN,case_spacing,acceptable
P04133,aadhaar,marksheet_10,name,Kavya Madhavan,KAVYA M,initial,acceptable
P04133,aadhaar,marksheet_12,name,Kavya Madhavan,KAVYA M,initial,acceptable
P04134,aadhaar,pan,name,Omkar Joshi,OMKAR JOSHI,case_spacing,acceptable
P04135,aadhaar,pan,name,Aswathy Kurup,ASWATHY KURUP,case_spacing,acceptable
P04136,aadhaar,pan,name,Madhuri Shah,MADHURI SHAH,case_spacing,acceptable
P04136,aadhaar,marksheet_10,dob,2003-10-08,2003-08-10,day_month_swap,critical
P04136,aadhaar,marksheet_12,father_name,Harsh Shah,Harshh Shah,spelling_variant,risky
P04137,aadhaar,pan,name,Geetha Hegde,GEETHA HEGDE,case_spacing,acceptable
P04138,aadhaar,pan,name,Rohit Pandey,ROHIT PANDEY,case_spacing,acceptable
P04138,aadhaar,pan,father_name,Gaurav Pandey,Gaoorav Pandey,spelling_variant,risky
P04139,aadhaar,pan,name,Deepak Sharma,DEEPAK SHARMA,case_spacing,acceptable
P04139,aadhaar,pan,father_name,Pradeep Sharma,Praadeep Sharma,spelling_variant,risky
P04139,aadhaar,passport,dob,1999-05-23,2000-05-23,year_shift,critical
P04139,aadhaar,passport,address,"No. 69, 2nd Main, Saket, Thiruvananthapuram, Kerala - 695311","No. 33, Park Avenue, Malviya Nagar, Delhi, Delhi - 110680",different_address,risky
P04140,aadhaar,pan,name,Kavya Kumar,KAVYA KUMAR,case_spacing,acceptable
P04140,aadhaar,marksheet_10,name,Kavya Kumar,KAVYA K,initial,acceptable
P04140,aadhaar,marksheet_12,name,Kavya Kumar,KAVYA K,initial,acceptable
P04141,aadhaar,pan,name,Debjani Roy,DEBJANI ROY,case_spacing,acceptable
P04142,aadhaar,pan,name,Sundar Senthil,SUNDAR SENTHIL,case_spacing,acceptable
P04142,aadhaar,marksheet_10,name,Sundar Senthil,SUNDAR S,initial,acceptable
P04142,aadhaar,marksheet_12,name,Sundar Senthil,SUNDAR S,initial,acceptable
P04143,aadhaar,pan,name,Pradeep Pandey,PRADEEP PANDEY,case_spacing,acceptable
P04143,aadhaar,marksheet_12,name,Pradeep Pandey,Pradheep Pandey,spelling_variant,risky
P04144,aadhaar,pan,name,Irfan Pathan,IRFAN PATHAN,case_spacing,acceptable
P04144,aadhaar,marksheet_12,father_name,Mohammed Pathan,Mohaammed Pathan,spelling_variant,risky
P04145,aadhaar,pan,name,Rohit Singh,ROHIT SINGH,case_spacing,acceptable
P04146,aadhaar,pan,name,Divya Rao,DIVYA RAO,case_spacing,acceptable
P04146,aadhaar,marksheet_12,name,Divya Rao,Dhivya Rao,spelling_variant,risky
P04147,aadhaar,pan,name,Vishnu Panicker,VISHNU PANICKER,case_spacing,acceptable
P04148,aadhaar,pan,name,Manjunath Shetty,MANJUNATH SHETTY,case_spacing,acceptable
P04149,aadhaar,pan,name,Arun Manikandan,ARUN MANIKANDAN,case_spacing,acceptable
P04149,aadhaar,marksheet_10,name,Arun Manikandan,ARUN M,initial,acceptable
P04149,aadhaar,marksheet_12,name,Arun Manikandan,ARUN M,initial,acceptable
P04150,aadhaar,pan,name,Revathi Karthik,REVATHI KARTHIK,case_spacing,acceptable
P04150,aadhaar,marksheet_10,name,Revathi Karthik,REVATHI K,initial,acceptable
P04150,aadhaar,marksheet_12,name,Revathi Karthik,REVATHI K,initial,acceptable
P04151,aadhaar,pan,name,Archana Pandey,ARCHANA PANDEY,case_spacing,acceptable
P04152,aadhaar,pan,name,Omkar Patel,OMKAR PATEL,case_spacing,acceptable
P04153,aadhaar,pan,name,Sameer Syed,SAMEER SYED,case_spacing,acceptable
P04154,aadhaar,pan,name,Nazia Qureshi,NAZIA QURESHI,case_spacing,acceptable
P04155,aadhaar,pan,name,Sandeep Chauhan,SANDEEP CHAUHAN,case_spacing,acceptable
P04156,aadhaar,pan,name,Subhajit Chatterjee,SUBHAJIT CHATTERJEE,case_spacing,acceptable
P04157,aadhaar,pan,name,Teresa Joseph,TERESA JOSEPH,case_spacing,acceptable
P04158,aadhaar,pan,name,Vaishnavi Vignesh,VAISHNAVI VIGNESH,case_spacing,acceptable
P04158,aadhaar,marksheet_10,name,Vaishnavi Vignesh,VAISHNAVI V,initial,acceptable
P04158,aadhaar,marksheet_12,name,Vaishnavi Vignesh,VAISHNAVI V,initial,acceptable
P04158,aadhaar,birth_certificate,name,Vaishnavi Vignesh,V. Vaishnavi,initial,acceptable
P04159,aadhaar,pan,name,Mahesh Reddy,MAHESH REDDY,case_spacing,acceptable
P04160,aadhaar,pan,name,Sneha Sharma,SNEHA SHARMA,case_spacing,acceptable
P04161,aadhaar,pan,name,Rajib Chatterjee,RAJIB CHATTERJEE,case_spacing,acceptable
P04162,aadhaar,pan,name,Sandeep Pandey,SANDEEP PANDEY,case_spacing,acceptable
P04163,aadhaar,pan,name,Harini Madhavan,HARINI MADHAVAN,case_spacing,acceptable
P04163,aadhaar,marksheet_10,name,Harini Madhavan,HARINI M,initial,acceptable
P04163,aadhaar,marksheet_12,name,Harini Madhavan,HARINI M,initial,acceptable
P04163,aadhaar,birth_certificate,name,Harini Madhavan,M. Harini,initial,acceptable
P04164,aadhaar,pan,name,Babu Saravanan,BABU SARAVANAN,case_spacing,acceptable
P04164,aadhaar,marksheet_10,name,Babu Saravanan,BABU S,initial,acceptable
P04164,aadhaar,marksheet_10,dob,2002-03-18,2002-03-17,day_shift,critical
P04164,aadhaar,marksheet_12,name,Babu Saravanan,BABU S,initial,acceptable
P04165,aadhaar,pan,name,Ajay Pandey,AJAY PANDEY,case_spacing,acceptable
P04166,aadhaar,pan,name,Murugan Prakash,MURUGAN PRAKASH,case_spacing,acceptable
P04166,aadhaar,marksheet_10,name,Murugan Prakash,MURUGAN P,initial,acceptable
P04166,aadhaar,marksheet_12,name,Murugan Prakash,Muruggan Prakash,spelling_variant,risky
P04167,aadhaar,pan,name,Sowmya Velu,SOWMYA VELU,case_spacing,acceptable
P04167,aadhaar,pan,father_name,Velu,Veloo,spelling_variant,risky
P04167,aadhaar,marksheet_10,name,Sowmya Velu,SOWMYA V,initial,acceptable
P04167,aadhaar,marksheet_12,name,Sowmya Velu,SOWMYA V,initial,acceptable
P04167,aadhaar,birth_certificate,name,Sowmya Velu,V. Sowmya,initial,acceptable
P04168,aadhaar,pan,name,Rahul Pandey,RAHUL PANDEY,case_spacing,acceptable
P04169,aadhaar,pan,name,Rahul Kurup,RAHUL KURUP,case_spacing,acceptable
P04170,aadhaar,pan,name,Vishnu Panicker,VISHNU PANICKER,case_spacing,acceptable
P04170,aadhaar,birth_certificate,father_name,Hari Panicker,Haree Panicker,spelling_variant,risky
P04171,aadhaar,pan,name,Sanjay Pandey,SANJAY PANDEY,case_spacing,acceptable
P04171,aadhaar,pan,father_name,Sandeep Pandey,Sanndeep Pandey,spelling_variant,risky
P04172,aadhaar,pan,name,Chaitanya Raju,CHAITANYA RAJU,case_spacing,acceptable
P04173,aadhaar,pan,name,Indhu Velu,INDHU VELU,case_spacing,acceptable
P04173,aadhaar,marksheet_10,name,Indhu Velu,INDHU V,initial,acceptable
P04173,aadhaar,marksheet_12,name,Indhu Velu,Inndhu Velu,spelling_variant,risky
P04174,aadhaar,pan,name,Malathi Manikandan,MALATHI MANIKANDAN,case_spacing,acceptable
P04174,aadhaar,marksheet_10,name,Malathi Manikandan,MALATHI M,initial,acceptable
P04174,aadhaar,marksheet_12,name,Malathi Manikandan,MALATHI M,initial,acceptable
P04175,aadhaar,pan,name,Janani Manikandan,JANANI MANIKANDAN,case_spacing,acceptable
P04175,aadhaar,marksheet_10,name,Janani Manikandan,JANANI M,initial,acceptable
P04175,aadhaar,marksheet_12,name,Janani Manikandan,JANANI M,initial,acceptable
P04176,aadhaar,pan,name,Amit Yadav,AMIT YADAV,case_spacing,acceptable
P04176,aadhaar,marksheet_10,name,Amit Yadav,Ait Yadav,spelling_variant,risky
P04176,aadhaar,passport,address,"No. 20, Church Street, Salt Lake, Mysuru, Karnataka - 570841","No. 125, Church Street, Andheri, Mumbai, Maharashtra - 400107",different_address,risky
P04177,aadhaar,pan,name,Gayathri Selvam,GAYATHRI SELVAM,case_spacing,acceptable
P04177,aadhaar,marksheet_10,name,Gayathri Selvam,GAYATHRI S,initial,acceptable
P04177,aadhaar,marksheet_12,name,Gayathri Selvam,GAYATHRI S,initial,acceptable
P04178,aadhaar,pan,name,Zainab Qureshi,ZAINAB QURESHI,case_spacing,acceptable
P04179,aadhaar,pan,name,Sravani Varma,SRAVANI VARMA,case_spacing,acceptable
P04180,aadhaar,pan,name,Satish Shetty,Irfan Ansari,different_person,critical
P04181,aadhaar,pan,name,Vishnu Menon,VISHNU MENON,case_spacing,acceptable
P04182,aadhaar,pan,name,Janani Prakash,JANANI PRAKASH,case_spacing,acceptable
P04182,aadhaar,marksheet_10,name,Janani Prakash,JANANI P,initial,acceptable
P04182,aadhaar,marksheet_12,name,Janani Prakash,JANANI P,initial,acceptable
P04183,aadhaar,pan,name,Kavya Vignesh,KAVYA VIGNESH,case_spacing,acceptable
P04183,aadhaar,marksheet_10,name,Kavya Vignesh,KAVYA V,initial,acceptable
P04183,aadhaar,marksheet_12,name,Kavya Vignesh,KAVYA V,initial,acceptable
P04184,aadhaar,pan,name,Rashmi Gowda,RASHMI GOWDA,case_spacing,acceptable
P04184,aadhaar,marksheet_10,father_name,Shashank Gowda,Shaashank Gowda,spelling_variant,risky
P04185,aadhaar,pan,name,Mohammed Ansari,MOHAMMED ANSARI,case_spacing,acceptable
P04186,aadhaar,pan,name,Fathima Khan,FATHIMA KHAN,case_spacing,acceptable
P04187,aadhaar,pan,name,Madhuri Joshi,MADHURI JOSHI,case_spacing,acceptable
P04188,aadhaar,pan,name,Harish Gowda,HARISH GOWDA,case_spacing,acceptable
P04188,aadhaar,marksheet_10,dob,2002-03-17,2002-03-18,day_shift,critical
P04188,aadhaar,marksheet_12,name,Harish Gowda,Anjali Singh,different_person,critical
P04189,aadhaar,pan,name,Omkar Patil,OMKAR PATIL,case_spacing,acceptable
P04189,aadhaar,marksheet_12,name,Omkar Patil,Omkaar Patil,spelling_variant,risky
P04190,aadhaar,pan,name,Arun Siva,ARUN SIVA,case_spacing,acceptable
P04190,aadhaar,marksheet_10,name,Arun Siva,Aroon Siva,spelling_variant,risky
P04190,aadhaar,marksheet_12,name,Arun Siva,ARUN S,initial,acceptable
P04190,aadhaar,birth_certificate,name,Arun Siva,S. Arun,initial,acceptable
P04191,aadhaar,pan,name,Sruthi Panicker,SRUTHI PANICKER,case_spacing,acceptable
P04191,aadhaar,marksheet_12,name,Sruthi Panicker,Indhu Balaji,different_person,critical
P04191,aadhaar,passport,name,Sruthi Panicker,Srthi Panicker,spelling_variant,risky
P04192,aadhaar,pan,name,Mary Thomas,MARY THOMAS,case_spacing,acceptable
P04193,aadhaar,pan,name,Sanjay Mishra,SANJAY MISHRA,case_spacing,acceptable
P04194,aadhaar,pan,name,Payel Mukherjee,PAYEL MUKHERJEE,case_spacing,acceptable
P04194,aadhaar,pan,dob,2001-09-10,2002-09-10,year_shift,critical
P04194,aadhaar,passport,name,Payel Mukherjee,Paiel Mukherjee,spelling_variant,risky
P04195,aadhaar,pan,name,Shreya Yadav,SHREYA YADAV,case_spacing,acceptable
P04195,aadhaar,marksheet_10,dob,1998-07-24,1998-07-23,day_shift,critical
P04196,aadhaar,pan,name,Kalaiselvi Elango,KALAISELVI ELANGO,case_spacing,acceptable
P04196,aadhaar,marksheet_10,name,Kalaiselvi Elango,KALAISELVI E,initial,acceptable
P04196,aadhaar,marksheet_12,name,Kalaiselvi Elango,KALAISELVI E,initial,acceptable
P04196,aadhaar,birth_certificate,name,Kalaiselvi Elango,Kaalaiselvi Elango,spelling_variant,risky
P04197,aadhaar,pan,name,Sowmya Arun,Sovmya Arun,spelling_variant,risky
P04197,aadhaar,marksheet_10,name,Sowmya Arun,SOWMYA A,initial,acceptable
P04197,aadhaar,marksheet_12,name,Sowmya Arun,SOWMYA A,initial,acceptable
P04198,aadhaar,pan,name,Hetal Patel,HETAL PATEL,case_spacing,acceptable
P04199,aadhaar,pan,name,Nikhil Desai,NIKHIL DESAI,case_spacing,acceptable
P04200,aadhaar,pan,name,Amit Sharma,AMIT SHARMA,case_spacing,acceptable
P04200,aadhaar,passport,name,Amit Sharma,Amot Sharma,spelling_variant,risky
P04201,aadhaar,pan,name,Imran Sheikh,Imraan Sheikh,spelling_variant,risky
P04202,aadhaar,pan,name,Sundar Prakash,SUNDAR PRAKASH,case_spacing,acceptable
P04202,aadhaar,marksheet_10,name,Sundar Prakash,SUNDAR P,initial,acceptable
P04202,aadhaar,marksheet_12,name,Sundar Prakash,SUNDAR P,initial,acceptable
P04202,aadhaar,passport,address,"No. 113, Cross Road, Velachery, Madurai, Tamil Nadu - 625896","No. 228, 4th Cross, Indiranagar, Coimbatore, Tamil Nadu - 641109",different_address,risky
P04203,aadhaar,pan,name,Simran Mishra,SIMRAN MISHRA,case_spacing,acceptable
P04203,aadhaar,marksheet_10,father_name,Gaurav Mishra,Gaaurav Mishra,spelling_variant,risky
P04203,aadhaar,marksheet_12,name,Simran Mishra,Simrann Mishra,spelling_variant,risky
P04204,aadhaar,pan,name,Meena Elango,Mina Elango,spelling_variant,risky
P04204,aadhaar,marksheet_10,name,Meena Elango,MEENA E,initial,acceptable
P04204,aadhaar,marksheet_12,name,Meena Elango,MEENA E,initial,acceptable
P04204,aadhaar,passport,address,"No. 167, MG Road, Banjara Hills, Coimbatore, Tamil Nadu - 641990","No. 152, 4th Cross, Sector 62, Ahmedabad, Gujarat - 380050",different_address,risky
P04205,aadhaar,pan,name,Heena Qureshi,HEENA QURESHI,case_spacing,acceptable
P04205,aadhaar,passport,address,"No. 238, Gandhi Road, Navrangpura, Bengaluru, Karnataka - 560782","No. 140, Lake View Road, Velachery, Mumbai, Maharashtra - 400384",different_address,risky
P04206,aadhaar,pan,name,Harini Ramesh,HARINI RAMESH,case_spacing,acceptable
P04206,aadhaar,marksheet_10,name,Harini Ramesh,HARINI R,initial,acceptable
P04206,aadhaar,marksheet_12,name,Harini Ramesh,HARINI R,initial,acceptable
P04207,aadhaar,pan,name,Keerthana Arun,KEERTHANA ARUN,case_spacing,acceptable
P04207,aadhaar,marksheet_10,name,Keerthana Arun,KEERTHANA A,initial,acceptable
P04207,aadhaar,marksheet_12,name,Keerthana Arun,KEERTHANA A,initial,acceptable
P04208,aadhaar,pan,name,Madhavan Kumar,MADHAVAN KUMAR,case_spacing,acceptable
P04208,aadhaar,marksheet_10,name,Madhavan Kumar,MADHAVAN K,initial,acceptable
P04208,aadhaar,marksheet_12,name,Madhavan Kumar,MADHAVAN K,initial,acceptable
P04209,aadhaar,pan,name,Sharon Thomas,SHARON THOMAS,case_spacing,acceptable
P04209,aadhaar,marksheet_10,name,Sharon Thomas,Shharon Thomas,spelling_variant,risky
P04210,aadhaar,pan,name,Teresa D'Souza,TERESA D'SOUZA,case_spacing,acceptable
P04211,aadhaar,pan,name,Nazia Ansari,NAZIA ANSARI,case_spacing,acceptable
P04212,aadhaar,pan,name,Neha Agarwal,NEHA AGARWAL,case_spacing,acceptable
P04213,aadhaar,pan,name,Indhu Kannan,INDHU KANNAN,case_spacing,acceptable
P04213,aadhaar,marksheet_10,name,Indhu Kannan,INDHU K,initial,acceptable
P04213,aadhaar,marksheet_12,name,Indhu Kannan,INDHU K,initial,acceptable
P04214,aadhaar,pan,name,Jay Kulkarni,JAY KULKARNI,case_spacing,acceptable
P04214,aadhaar,passport,address,"No. 119, Cross Road, Saket, Madurai, Tamil Nadu - 625654","No. 13, Nehru Street, Kakkanad, Ahmedabad, Gujarat - 380336",different_address,risky
P04215,aadhaar,pan,name,Harish Hegde,HARISH HEGDE,case_spacing,acceptable
P04216,aadhaar,pan,name,Kannan Babu,KANNAN BABU,case_spacing,acceptable
P04216,aadhaar,marksheet_10,name,Kannan Babu,KANNAN B,initial,acceptable
P04216,aadhaar,marksheet_12,name,Kannan Babu,KANNAN B,initial,acceptable
P04217,aadhaar,pan,name,Farhan Sheikh,FARHAN SHEIKH,case_spacing,acceptable
P04217,aadhaar,pan,father_name,Mohammed Sheikh,Mohammedh Sheikh,spelling_variant,risky
P04217,aadhaar,birth_certificate,name,Farhan Sheikh,Faarhan Sheikh,spelling_variant,risky
P04218,aadhaar,pan,name,Tejas Deshpande,TEJAS DESHPANDE,case_spacing,acceptable
P04219,aadhaar,pan,name,Sneha Singh,SNEHA SINGH,case_spacing,acceptable
P04219,aadhaar,birth_certificate,father_name,Deepak Singh,Deepaak Singh,spelling_variant,risky
P04220,aadhaar,pan,name,Athira Pillai,ATHIRA PILLAI,case_spacing,acceptable
P04220,aadhaar,pan,dob,2005-06-08,2005-08-06,day_month_swap,critical
P04220,aadhaar,passport,name,Athira Pillai,Atira Pillai,spelling_variant,risky
P04221,aadhaar,pan,name,Janani Murugan,JANANI MURUGAN,case_spacing,acceptable
P04221,aadhaar,marksheet_10,name,Janani Murugan,Naresh Chowdary,different_person,critical
P04221,aadhaar,marksheet_12,name,Janani Murugan,JANANI M,initial,acceptable
P04222,aadhaar,pan,name,Deepak Verma,DEEPAK VERMA,case_spacing,acceptable
P04223,aadhaar,pan,name,Sravani Naidu,SRAVANI NAIDU,case_spacing,acceptable
P04224,aadhaar,pan,name,Gaurav Yadav,GAURAV YADAV,case_spacing,acceptable
P04225,aadhaar,pan,name,Abirami Siva,ABIRAMI SIVA,case_spacing,acceptable
P04225,aadhaar,marksheet_10,name,Abirami Siva,ABIRAMI S,initial,acceptable
P04225,aadhaar,marksheet_12,name,Abirami Siva,ABIRAMI S,initial,acceptable
P04225,aadhaar,marksheet_12,father_name,Siva,Shiva,spelling_variant,risky
P04226,aadhaar,pan,name,Gayathri Prakash,GAYATHRI PRAKASH,case_spacing,acceptable
P04226,aadhaar,marksheet_10,name,Gayathri Prakash,GAYATHRI P,initial,acceptable
P04226,aadhaar,marksheet_12,name,Gayathri Prakash,GAYATHRI P,initial,acceptable
P04227,aadhaar,pan,name,Sanjay Yadav,SANJAY YADAV,case_spacing,acceptable
P04228,aadhaar,pan,name,Ayesha Syed,AYESHA SYED,case_spacing,acceptable
P04229,aadhaar,pan,name,Shreya Pandey,SHREYA PANDEY,case_spacing,acceptable
P04229,aadhaar,birth_certificate,gender,F,M,flipped,critical
P04230,aadhaar,pan,name,Pradeep Verma,PRADEEP VERMA,case_spacing,acceptable
P04231,aadhaar,pan,name,Ramesh Madhavan,RAMESH MADHAVAN,case_spacing,acceptable
P04231,aadhaar,marksheet_10,name,Ramesh Madhavan,RAMESH M,initial,acceptable
P04231,aadhaar,marksheet_12,name,Ramesh Madhavan,RAMESH M,initial,acceptable
P04232,aadhaar,pan,name,Zainab Sheikh,ZAINAB SHEIKH,case_spacing,acceptable
P04233,aadhaar,pan,name,Chaitanya Varma,CHAITANYA VARMA,case_spacing,acceptable
P04234,aadhaar,pan,name,Riya Verma,RIYA VERMA,case_spacing,acceptable
P04234,aadhaar,marksheet_10,father_name,Sumit Verma,Sumeet Verma,spelling_variant,risky
P04235,aadhaar,pan,name,Angel Pereira,ANGEL PEREIRA,case_spacing,acceptable
P04236,aadhaar,pan,name,Anand Panicker,ANAND PANICKER,case_spacing,acceptable
P04237,aadhaar,pan,name,Indhu Sundar,INDHU SUNDAR,case_spacing,acceptable
P04237,aadhaar,marksheet_10,name,Indhu Sundar,INDHU S,initial,acceptable
P04237,aadhaar,marksheet_12,name,Indhu Sundar,INDHU S,initial,acceptable
P04237,aadhaar,passport,dob,2002-12-01,2002-01-12,day_month_swap,critical
P04238,aadhaar,pan,name,Sunitha Varma,SUNITHA VARMA,case_spacing,acceptable
P04238,aadhaar,marksheet_10,name,Sunitha Varma,Soonitha Varma,spelling_variant,risky
P04239,aadhaar,pan,name,Sowmya Manikandan,SOWMYA MANIKANDAN,case_spacing,acceptable
P04239,aadhaar,marksheet_10,name,Sowmya Manikandan,SOWMYA M,initial,acceptable
P04239,aadhaar,marksheet_12,name,Sowmya Manikandan,SOWMYA M,initial,acceptable
P04240,aadhaar,pan,name,Ayesha Syed,AYESHA SYED,case_spacing,acceptable
P04241,aadhaar,pan,name,Neha Tiwari,NEHA TIWARI,case_spacing,acceptable
P04242,aadhaar,pan,name,Ajay Tiwari,AJAY TIWARI,case_spacing,acceptable
P04242,aadhaar,marksheet_10,father_name,Vikram Tiwari,Wikram Tiwari,spelling_variant,risky
P04243,aadhaar,pan,name,Ishita Das,Ishitaa Das,spelling_variant,risky
P04244,aadhaar,pan,name,Sneha Yadav,SNEHA YADAV,case_spacing,acceptable
P04245,aadhaar,pan,name,Pradeep Singh,PRADEEP SINGH,case_spacing,acceptable
P04246,aadhaar,pan,name,Teresa Thomas,TERESA THOMAS,case_spacing,acceptable
P04247,aadhaar,pan,name,Girish Hegde,GIRISH HEGDE,case_spacing,acceptable
P04247,aadhaar,birth_certificate,name,Girish Hegde,Harini Ramesh,different_person,critical
P04248,aadhaar,pan,name,Vishnu Panicker,VISHNU PANICKER,case_spacing,acceptable
P04248,aadhaar,birth_certificate,father_name,Rahul Panicker,Rahull Panicker,spelling_variant,risky
P04249,aadhaar,pan,name,Tamilselvi Sundar,TAMILSELVI SUNDAR,case_spacing,acceptable
P04249,aadhaar,marksheet_10,name,Tamilselvi Sundar,TAMILSELVI S,initial,acceptable
P04249,aadhaar,marksheet_12,name,Tamilselvi Sundar,TAMILSELVI S,initial,acceptable
P04250,aadhaar,pan,name,John Joseph,JOHN JOSEPH,case_spacing,acceptable
P04250,aadhaar,birth_certificate,name,John Joseph,Jon Joseph,spelling_variant,risky
P04250,aadhaar,birth_certificate,father_name,Joseph Joseph,Josef Joseph,spelling_variant,risky
P04251,aadhaar,pan,name,Anjali Verma,ANJALI VERMA,case_spacing,acceptable
P04251,aadhaar,birth_certificate,father_name,Rahul Verma,Rahull Verma,spelling_variant,risky
P04252,aadhaar,pan,name,Irfan Ansari,IRFAN ANSARI,case_spacing,acceptable
P04252,aadhaar,marksheet_10,dob,2003-06-26,2003-06-28,day_shift,critical
P04253,aadhaar,pan,name,Padma Reddy,PADMA REDDY,case_spacing,acceptable
P04253,aadhaar,passport,address,"No. 123, Cross Road, Anna Nagar, Pune, Maharashtra - 411177","No. 120, Nehru Street, Navrangpura, Bengaluru, Karnataka - 560999",different_address,risky
P04254,aadhaar,pan,name,Ravi Chowdary,RAVI CHOWDARY,case_spacing,acceptable
P04254,aadhaar,marksheet_10,name,Ravi Chowdary,Ruvi Chowdary,spelling_variant,risky
P04255,aadhaar,pan,name,Elango Raju,ELANGO RAJU,case_spacing,acceptable
P04255,aadhaar,marksheet_10,name,Elango Raju,ELANGO R,initial,acceptable
P04255,aadhaar,marksheet_12,name,Elango Raju,ELANGO R,initial,acceptable
P04256,aadhaar,pan,name,Abhijit Roy,ABHIJIT ROY,case_spacing,acceptable
P04256,aadhaar,marksheet_10,name,Abhijit Roy,Abhizit Roy,spelling_variant,risky
P04257,aadhaar,pan,name,Simran Mishra,SIMRAN MISHRA,case_spacing,acceptable
P04258,aadhaar,pan,name,Nazia Syed,NAZIA SYED,case_spacing,acceptable
P04258,aadhaar,passport,name,Nazia Syed,Nnazia Syed,spelling_variant,risky
P04259,aadhaar,pan,name,Pallavi Gowda,Pallawi Gowda,spelling_variant,risky
P04260,aadhaar,pan,name,Arjun Varghese,ARJUN VARGHESE,case_spacing,acceptable
P04261,aadhaar,pan,name,Vikram Sharma,VIKRAM SHARMA,case_spacing,acceptable
P04262,aadhaar,pan,name,Archana Verma,Archanna Verma,spelling_variant,risky
P04263,aadhaar,pan,name,Irfan Syed,IRFAN SYED,case_spacing,acceptable
P04263,aadhaar,marksheet_10,name,Irfan Syed,Ifan Syed,spelling_variant,risky
P04264,aadhaar,pan,name,Kalaiselvi Murugan,KALAISELVI MURUGAN,case_spacing,acceptable
P04264,aadhaar,marksheet_10,name,Kalaiselvi Murugan,KALAISELVI M,initial,acceptable
P04264,aadhaar,marksheet_12,name,Kalaiselvi Murugan,KALAISELVI M,initial,acceptable
P04265,aadhaar,pan,name,Bhoomika Shetty,BHOOMIKA SHETTY,case_spacing,acceptable
P04265,aadhaar,marksheet_10,father_name,Raghavendra Shetty,Raghavendhra Shetty,spelling_variant,risky
P04266,aadhaar,pan,name,Anirban Bose,ANIRBAN BOSE,case_spacing,acceptable
P04267,aadhaar,pan,name,Murugan Kannan,MURUGAN KANNAN,case_spacing,acceptable
P04267,aadhaar,marksheet_10,name,Murugan Kannan,MURUGAN K,initial,acceptable
P04267,aadhaar,marksheet_12,name,Murugan Kannan,MURUGAN K,initial,acceptable
P04267,aadhaar,birth_certificate,name,Murugan Kannan,K. Murugan,initial,acceptable
P04268,aadhaar,pan,name,Saranya Senthil,SARANYA SENTHIL,case_spacing,acceptable
P04268,aadhaar,marksheet_10,name,Saranya Senthil,SARANYA S,initial,acceptable
P04268,aadhaar,marksheet_12,name,Saranya Senthil,SARANYA S,initial,acceptable
P04269,aadhaar,pan,name,Manjunath Kulkarni,MANJUNATH KULKARNI,case_spacing,acceptable
P04270,aadhaar,pan,name,Suresh Raju,SURESH RAJU,case_spacing,acceptable
P04271,aadhaar,pan,name,Simran Chauhan,SIMRAN CHAUHAN,case_spacing,acceptable
P04272,aadhaar,pan,name,Rahul Yadav,RAHUL YADAV,case_spacing,acceptable
P04273,aadhaar,pan,name,Arjun Kurup,ARJUN KURUP,case_spacing,acceptable
P04274,aadhaar,pan,name,Merlin Joseph,MERLIN JOSEPH,case_spacing,acceptable
P04274,aadhaar,marksheet_10,name,Merlin Joseph,Melin Joseph,spelling_variant,risky
P04275,aadhaar,pan,name,Arnab Banerjee,ARNAB BANERJEE,case_spacing,acceptable
P04276,aadhaar,pan,name,Angel Fernandes,ANGEL FERNANDES,case_spacing,acceptable
P04277,aadhaar,pan,name,Ankit Sharma,ANKIT SHARMA,case_spacing,acceptable
P04277,aadhaar,marksheet_10,name,Ankit Sharma,Amit Verma,different_person,critical
P04277,aadhaar,marksheet_12,father_name,Pradeep Sharma,Pradheep Sharma,spelling_variant,risky
P04278,aadhaar,pan,name,Ankit Chauhan,ANKIT CHAUHAN,case_spacing,acceptable
P04278,aadhaar,marksheet_10,name,Ankit Chauhan,Ankeet Chauhan,spelling_variant,risky
P04279,aadhaar,pan,name,Chaitanya Varma,Caitanya Varma,spelling_variant,risky
P04280,aadhaar,pan,name,Divya Raju,DIVYA RAJU,case_spacing,acceptable
P04281,aadhaar,pan,name,Yamini Vignesh,YAMINI VIGNESH,case_spacing,acceptable
P04281,aadhaar,marksheet_10,name,Yamini Vignesh,YAMINI V,initial,acceptable
P04281,aadhaar,marksheet_12,name,Yamini Vignesh,YAMINI V,initial,acceptable
P04281,aadhaar,birth_certificate,name,Yamini Vignesh,V. Yamini,initial,acceptable
P04282,aadhaar,pan,name,Jessica Fernandes,JESSICA FERNANDES,case_spacing,acceptable
P04283,aadhaar,pan,name,Simran Gupta,SIMRAN GUPTA,case_spacing,acceptable
P04284,aadhaar,pan,name,Kumar Vignesh,KUMAR VIGNESH,case_spacing,acceptable
P04284,aadhaar,marksheet_10,name,Kumar Vignesh,Koomar Vignesh,spelling_variant,risky
P04284,aadhaar,marksheet_12,name,Kumar Vignesh,KUMAR V,initial,acceptable
P04284,aadhaar,birth_certificate,name,Kumar Vignesh,V. Kumar,initial,acceptable
P04285,aadhaar,pan,name,Anjali Tiwari,ANJALI TIWARI,case_spacing,acceptable
P04286,aadhaar,pan,name,Sana Khan,SANA KHAN,case_spacing,acceptable
P04286,aadhaar,pan,father_name,Sameer Khan,Saameer Khan,spelling_variant,risky
P04287,aadhaar,pan,name,Akhil Nair,AKHIL NAIR,case_spacing,acceptable
P04287,aadhaar,birth_certificate,name,Akhil Nair,Kavya Babu,different_person,critical
P04288,aadhaar,pan,name,Subhajit Das,Subhaajit Das,spelling_variant,risky
P04289,aadhaar,pan,name,Debashis Chatterjee,DEBASHIS CHATTERJEE,case_spacing,acceptable
P04289,aadhaar,birth_certificate,dob,1999-10-19,1999-10-21,day_shift,critical
P04290,aadhaar,pan,name,George Fernandes,GEORGE FERNANDES,case_spacing,acceptable
P04291,aadhaar,pan,name,Ajay Mishra,AJAY MISHRA,case_spacing,acceptable
P04291,aadhaar,marksheet_10,dob,2003-11-09,2003-09-11,day_month_swap,critical
P04292,aadhaar,pan,name,Sayali Joshi,SAYALI JOSHI,case_spacing,acceptable
P04293,aadhaar,pan,name,Vignesh Saravanan,VIGNESH SARAVANAN,case_spacing,acceptable
P04293,aadhaar,marksheet_10,name,Vignesh Saravanan,VIGNESH S,initial,acceptable
P04293,aadhaar,marksheet_12,name,Vignesh Saravanan,Wignesh Saravanan,spelling_variant,risky
P04294,aadhaar,pan,name,Arun Balaji,Arnu Balaji,spelling_variant,risky
P04294,aadhaar,marksheet_10,name,Arun Balaji,ARUN B,initial,acceptable
P04294,aadhaar,marksheet_12,name,Arun Balaji,ARUN B,initial,acceptable
P04294,aadhaar,birth_certificate,gender,M,F,flipped,critical
P04295,aadhaar,pan,name,Sagar Mehta,SAGAR MEHTA,case_spacing,acceptable
P04296,aadhaar,pan,name,Tejas Patil,TEJAS PATIL,case_spacing,acceptable
P04297,aadhaar,pan,name,Neha Chauhan,NEHA CHAUHAN,case_spacing,acceptable
P04298,aadhaar,pan,name,Ayesha Pathan,AYESHA PATHAN,case_spacing,acceptable
P04299,aadhaar,pan,name,Sameer Ansari,SAMEER ANSARI,case_spacing,acceptable
P04300,aadhaar,pan,name,Nazia Sheikh,NAZIA SHEIKH,case_spacing,acceptable
P04301,aadhaar,pan,name,Ritu Sharma,RITU SHARMA,case_spacing,acceptable
P04302,aadhaar,pan,name,Nandini Rao,NANDINI RAO,case_spacing,acceptable
P04303,aadhaar,pan,name,Saranya Elango,SARANYA ELANGO,case_spacing,acceptable
P04303,aadhaar,marksheet_10,name,Saranya Elango,SARANYA E,initial,acceptable
P04303,aadhaar,marksheet_12,name,Saranya Elango,SARANYA E,initial,acceptable
P04303,aadhaar,passport,address,"No. 177, Gandhi Road, Banjara Hills, Kolkata, West Bengal - 700872","No. 126, Cross Road, Jayanagar, Mumbai, Maharashtra - 400436",different_address,risky
P04304,aadhaar,pan,name,Samuel D'Souza,SAMUEL D'SOUZA,case_spacing,acceptable
P04305,aadhaar,pan,name,Haritha Reddy,HARITHA REDDY,case_spacing,acceptable
P04305,aadhaar,marksheet_12,name,Haritha Reddy,Harithha Reddy,spelling_variant,risky
P04306,aadhaar,pan,name,Priya Murugan,PRIYA MURUGAN,case_spacing,acceptable
P04306,aadhaar,marksheet_10,name,Priya Murugan,PRIYA M,initial,acceptable
P04306,aadhaar,marksheet_12,name,Priya Murugan,PRIYA M,initial,acceptable
P04307,aadhaar,pan,name,Harini Prakash,HARINI PRAKASH,case_spacing,acceptable
P04307,aadhaar,marksheet_10,name,Harini Prakash,HARINI P,initial,acceptable
P04307,aadhaar,marksheet_12,name,Harini Prakash,HARINI P,initial,acceptable
P04308,aadhaar,pan,name,Elango Siva,Elaango Siva,spelling_variant,risky
P04308,aadhaar,marksheet_10,name,Elango Siva,ELANGO S,initial,acceptable
P04308,aadhaar,marksheet_12,name,Elango Siva,ELANGO S,initial,acceptable
P04308,aadhaar,passport,address,"No. 115, Park Avenue, Sector 62, Pune, Maharashtra - 411623","No. 207, MG Road, Saket, Thiruvananthapuram, Kerala - 695195",different_address,risky
P04309,aadhaar,pan,name,Zainab Ansari,ZAINAB ANSARI,case_spacing,acceptable
P04310,aadhaar,pan,name,Raju Siva,RAJU SIVA,case_spacing,acceptable
P04310,aadhaar,marksheet_10,name,Raju Siva,RAJU S,initial,acceptable
P04310,aadhaar,marksheet_12,name,Raju Siva,RAJU S,initial,acceptable
P04311,aadhaar,pan,name,Sushma Singh,SUSHMA SINGH,case_spacing,acceptable
P04312,aadhaar,pan,name,Nazia Ansari,NAZIA ANSARI,case_spacing,acceptable
P04313,aadhaar,pan,name,Sanjay Pandey,SANJAY PANDEY,case_spacing,acceptable
P04314,aadhaar,pan,name,Anjali Kurup,ANJALI KURUP,case_spacing,acceptable
P04315,aadhaar,pan,name,Sourav Mukherjee,SOURAV MUKHERJEE,case_spacing,acceptable
P04315,aadhaar,marksheet_10,name,Sourav Mukherjee,Shourav Mukherjee,spelling_variant,risky
P04316,aadhaar,pan,name,Joseph Thomas,JOSEPH THOMAS,case_spacing,acceptable
P04317,aadhaar,pan,name,Priyanka Yadav,PRIYANKA YADAV,case_spacing,acceptable
P04318,aadhaar,pan,name,Madhavan Kannan,MADHAVAN KANNAN,case_spacing,acceptable
P04318,aadhaar,marksheet_10,name,Madhavan Kannan,MADHAVAN K,initial,acceptable
P04318,aadhaar,marksheet_10,dob,2003-07-06,2003-06-07,day_month_swap,critical
P04318,aadhaar,marksheet_12,name,Madhavan Kannan,MADHAVAN K,initial,acceptable
P04319,aadhaar,pan,name,Madhavan Arun,MADHAVAN ARUN,case_spacing,acceptable
P04319,aadhaar,marksheet_10,name,Madhavan Arun,MADHAVAN A,initial,acceptable
P04319,aadhaar,marksheet_12,name,Madhavan Arun,MADHAVAN A,initial,acceptable
P04320,aadhaar,pan,name,Rutuja Patil,RUTUJA PATIL,case_spacing,acceptable
P04320,aadhaar,marksheet_10,dob,1999-03-26,2000-03-26,year_shift,critical
P04321,aadhaar,pan,name,Sneha Pandey,SNEHA PANDEY,case_spacing,acceptable
P04321,aadhaar,pan,father_name,Ankit Pandey,Annkit Pandey,spelling_variant,risky
P04322,aadhaar,pan,name,Omkar Patil,OMKAR PATIL,case_spacing,acceptable
P04323,aadhaar,pan,name,Mahesh Varma,MAHESH VARMA,case_spacing,acceptable
P04323,aadhaar,marksheet_10,dob,2000-10-26,2000-10-28,day_shift,critical
P04323,aadhaar,birth_certificate,father_name,Venkatesh Varma,Wenkatesh Varma,spelling_variant,risky
P04324,aadhaar,pan,name,Deepak Sharma,DEEPAK SHARMA,case_spacing,acceptable
P04325,aadhaar,pan,name,Arjun Pillai,ARJUN PILLAI,case_spacing,acceptable
P04325,aadhaar,marksheet_10,name,Arjun Pillai,Arzun Pillai,spelling_variant,risky
P04325,aadhaar,birth_certificate,gender,M,F,flipped,critical
P04326,aadhaar,pan,name,Sanjay Mishra,Sannjay Mishra,spelling_variant,risky
P04326,aadhaar,marksheet_10,dob,2004-06-26,2004-06-24,day_shift,critical
P04327,aadhaar,pan,name,Vignesh Selvam,VIGNESH SELVAM,case_spacing,acceptable
P04327,aadhaar,marksheet_10,name,Vignesh Selvam,VIGNESH S,initial,acceptable
P04327,aadhaar,marksheet_12,name,Vignesh Selvam,VIGNESH S,initial,acceptable
P04328,aadhaar,pan,name,Ajay Verma,AJAY VERMA,case_spacing,acceptable
P04328,aadhaar,marksheet_12,father_name,Vikram Verma,Veekram Verma,spelling_variant,risky
P04329,aadhaar,pan,name,Kiran Chowdary,KIRAN CHOWDARY,case_spacing,acceptable
P04329,aadhaar,pan,dob,1999-09-07,1998-09-07,year_shift,critical
P04330,aadhaar,pan,name,Sameer Pathan,SAMEER PATHAN,case_spacing,acceptable
P04331,aadhaar,pan,name,Gayathri Velu,GAYATHRI VELU,case_spacing,acceptable
P04331,aadhaar,pan,dob,2003-09-17,2003-09-15,day_shift,critical
P04331,aadhaar,marksheet_10,name,Gayathri Velu,GAYATHRI V,initial,acceptable
P04331,aadhaar,marksheet_12,name,Gayathri Velu,GAYATHRI V,initial,acceptable
P04332,aadhaar,pan,name,Nandini Rao,Nandinni Rao,spelling_variant,risky
P04333,aadhaar,pan,name,Chaitanya Naidu,CHAITANYA NAIDU,case_spacing,acceptable
P04334,aadhaar,pan,name,Bhavani Raju,BHAVANI RAJU,case_spacing,acceptable
P04335,aadhaar,pan,name,Venkatesh Rao,VENKATESH RAO,case_spacing,acceptable
P04335,aadhaar,passport,dob,2005-06-02,2005-02-06,day_month_swap,critical
P04336,aadhaar,pan,name,Aswathy Menon,ASWATHY MENON,case_spacing,acceptable
P04337,aadhaar,pan,name,George Mathew,GEORGE MATHEW,case_spacing,acceptable
P04338,aadhaar,pan,name,Siva Ramesh,SIVA RAMESH,case_spacing,acceptable
P04338,aadhaar,marksheet_10,name,Siva Ramesh,Srva Ramesh,spelling_variant,risky
P04338,aadhaar,marksheet_12,name,Siva Ramesh,SIVA R,initial,acceptable
P04339,aadhaar,pan,name,Abdul Sheikh,ABDUL SHEIKH,case_spacing,acceptable
P04339,aadhaar,pan,dob,2005-04-25,2005-04-23,day_shift,critical
P04339,aadhaar,marksheet_12,name,Abdul Sheikh,Abdool Sheikh,spelling_variant,risky
P04340,aadhaar,pan,name,Ajay Verma,AJAY VERMA,case_spacing,acceptable
P04340,aadhaar,marksheet_10,father_name,Rohit Verma,Roheet Verma,spelling_variant,risky
P04341,aadhaar,pan,name,Parth Kulkarni,PARTH KULKARNI,case_spacing,acceptable
P04342,aadhaar,pan,name,Vaishnavi Murugan,VAISHNAVI MURUGAN,case_spacing,acceptable
P04342,aadhaar,pan,father_name,Murugan,Murugann,spelling_variant,risky
P04342,aadhaar,pan,dob,2004-10-07,2003-10-07,year_shift,critical
P04342,aadhaar,marksheet_10,name,Vaishnavi Murugan,VAISHNAVI M,initial,acceptable
P04342,aadhaar,marksheet_12,name,Vaishnavi Murugan,Vaishhnavi Murugan,spelling_variant,risky
P04343,aadhaar,pan,name,Payel Roy,Paayel Roy,spelling_variant,risky
P04344,aadhaar,pan,name,Rohit Pandey,ROHIT PANDEY,case_spacing,acceptable
P04345,aadhaar,pan,name,Riya Banerjee,RIYA BANERJEE,case_spacing,acceptable
P04346,aadhaar,pan,name,Sana Qureshi,SANA QURESHI,case_spacing,acceptable
P04346,aadhaar,passport,dob,2003-07-13,2002-07-13,year_shift,critical
P04347,aadhaar,pan,name,Ayesha Khan,AYESHA KHAN,case_spacing,acceptable
P04348,aadhaar,pan,name,Sravani Chowdary,SRAVANI CHOWDARY,case_spacing,acceptable
P04349,aadhaar,pan,name,Ayesha Sheikh,Komal Agarwal,different_person,critical
P04350,aadhaar,pan,name,Aswathy Varghese,ASWATHY VARGHESE,case_spacing,acceptable
P04351,aadhaar,pan,name,Komal Agarwal,KOMAL AGARWAL,case_spacing,acceptable
P04352,aadhaar,pan,name,Harish Rao,HARISH RAO,case_spacing,acceptable
P04353,aadhaar,pan,name,Daniel Joseph,DANIEL JOSEPH,case_spacing,acceptable
P04354,aadhaar,pan,name,Sushma Sharma,Malathi Saravanan,different_person,critical
P04354,aadhaar,marksheet_10,name,Sushma Sharma,Suhma Sharma,spelling_variant,risky
P04355,aadhaar,pan,name,Mohammed Pathan,Mohammedh Pathan,spelling_variant,risky
P04356,aadhaar,pan,name,Abhijit Chatterjee,ABHIJIT CHATTERJEE,case_spacing,acceptable
P04356,aadhaar,pan,dob,1998-03-12,1998-03-10,day_shift,critical
P04357,aadhaar,pan,name,Salman Khan,SALMAN KHAN,case_spacing,acceptable
P04358,aadhaar,pan,name,Prasad Raju,PRASAD RAJU,case_spacing,acceptable
P04359,aadhaar,pan,name,Lakshmi Madhavan,LAKSHMI MADHAVAN,case_spacing,acceptable
P04359,aadhaar,marksheet_10,name,Lakshmi Madhavan,LAKSHMI M,initial,acceptable
P04359,aadhaar,marksheet_12,name,Lakshmi Madhavan,LAKSHMI M,initial,acceptable
P04359,aadhaar,birth_certificate,name,Lakshmi Madhavan,M. Lakshmi,initial,acceptable
P04360,aadhaar,pan,name,Prashanth Kulkarni,Prasanth Kulkarni,spelling_variant,risky
P04361,aadhaar,pan,name,Farhan Ansari,FARHAN ANSARI,case_spacing,acceptable
P04361,aadhaar,marksheet_10,father_name,Salman Ansari,Sallman Ansari,spelling_variant,risky
P04361,aadhaar,birth_certificate,name,Farhan Ansari,Fsrhan Ansari,spelling_variant,risky
P04362,aadhaar,pan,name,Manikandan Karthik,MANIKANDAN KARTHIK,case_spacing,acceptable
P04362,aadhaar,marksheet_10,name,Manikandan Karthik,MANIKANDAN K,initial,acceptable
P04362,aadhaar,marksheet_12,name,Manikandan Karthik,MANIKANDAN K,initial,acceptable
P04363,aadhaar,pan,name,Shabana Khan,Shbana Khan,spelling_variant,risky
P04363,aadhaar,pan,father_name,Irfan Khan,Irfann Khan,spelling_variant,risky
P04364,aadhaar,pan,name,Gaurav Agarwal,GAURAV AGARWAL,case_spacing,acceptable
P04365,aadhaar,pan,name,Jyothi Raju,JYOTHI RAJU,case_spacing,acceptable
P04366,aadhaar,pan,name,Janani Madhavan,JANANI MADHAVAN,case_spacing,acceptable
P04366,aadhaar,marksheet_10,name,Janani Madhavan,JANANI M,initial,acceptable
P04366,aadhaar,marksheet_12,name,Janani Madhavan,JANANI M,initial,acceptable
P04367,aadhaar,pan,name,Rajib Banerjee,RAJIB BANERJEE,case_spacing,acceptable
P04367,aadhaar,marksheet_12,father_name,Abhijit Banerjee,Abhizit Banerjee,spelling_variant,risky
P04367,aadhaar,passport,address,"No. 130, Station Road, Malviya Nagar, Delhi, Delhi - 110630","No. 146, 4th Cross, Koramangala, Bengaluru, Karnataka - 560161",different_address,risky
P04368,aadhaar,pan,name,Srinivas Raju,SRINIVAS RAJU,case_spacing,acceptable
P04369,aadhaar,pan,name,Lavanya Raju,LAVANYA RAJU,case_spacing,acceptable
P04370,aadhaar,pan,name,Pradeep Yadav,PRADEEP YADAV,case_spacing,acceptable
P04370,aadhaar,marksheet_12,name,Pradeep Yadav,Praadeep Yadav,spelling_variant,risky
P04371,aadhaar,pan,name,Madhavan Sundar,MADHAVAN SUNDAR,case_spacing,acceptable
P04371,aadhaar,marksheet_10,name,Madhavan Sundar,MADHAVAN S,initial,acceptable
P04371,aadhaar,marksheet_12,name,Madhavan Sundar,MADHAVAN S,initial,acceptable
P04372,aadhaar,pan,name,Archana Pandey,Archanna Pandey,spelling_variant,risky
P04373,aadhaar,pan,name,Krupa Joshi,KRUPA JOSHI,case_spacing,acceptable
P04374,aadhaar,pan,name,Sneha Tiwari,SNEHA TIWARI,case_spacing,acceptable
P04374,aadhaar,marksheet_12,name,Sneha Tiwari,Snneha Tiwari,spelling_variant,risky
P04375,aadhaar,pan,name,Sana Qureshi,SANA QURESHI,case_spacing,acceptable
P04375,aadhaar,passport,name,Sana Qureshi,Saana Qureshi,spelling_variant,risky
P04376,aadhaar,pan,name,Rahul Tiwari,RAHUL TIWARI,case_spacing,acceptable
P04376,aadhaar,pan,dob,2005-03-27,2004-03-27,year_shift,critical
P04376,aadhaar,marksheet_12,father_name,Deepak Tiwari,Deepaak Tiwari,spelling_variant,risky
P04377,aadhaar,pan,name,Athira Varghese,ATHIRA VARGHESE,case_spacing,acceptable
P04378,aadhaar,pan,name,Kiran Rao,KIRAN RAO,case_spacing,acceptable
P04379,aadhaar,pan,name,Omkar Patel,OMKAR PATEL,case_spacing,acceptable
P04380,aadhaar,pan,name,Imran Khan,IMRAN KHAN,case_spacing,acceptable
P04381,aadhaar,pan,name,Sandeep Yadav,SANDEEP YADAV,case_spacing,acceptable
P04382,aadhaar,pan,name,Subhajit Ghosh,SUBHAJIT GHOSH,case_spacing,acceptable
P04382,aadhaar,marksheet_10,father_name,Sayan Ghosh,Saayan Ghosh,spelling_variant,risky
P04382,aadhaar,passport,name,Subhajit Ghosh,Subhazit Ghosh,spelling_variant,risky
P04383,aadhaar,pan,name,Lavanya Naidu,LAVANYA NAIDU,case_spacing,acceptable
P04384,aadhaar,pan,name,Nandini Kulkarni,NANDINI KULKARNI,case_spacing,acceptable
P04385,aadhaar,pan,name,Vikram Agarwal,VIKRAM AGARWAL,case_spacing,acceptable
P04386,aadhaar,pan,name,Sameer Syed,SAMEER SYED,case_spacing,acceptable
P04386,aadhaar,marksheet_12,name,Sameer Syed,Samere Syed,spelling_variant,risky
P04387,aadhaar,pan,name,Hetal Desai,HETAL DESAI,case_spacing,acceptable
P04388,aadhaar,pan,name,Naveen Shetty,NAVEEN SHETTY,case_spacing,acceptable
P04388,aadhaar,pan,father_name,Satish Shetty,Sathish Shetty,spelling_variant,risky
P04389,aadhaar,pan,name,Rutuja Mehta,RUTUJA MEHTA,case_spacing,acceptable
P04390,aadhaar,pan,name,Lekshmi Pillai,LEKSHMI PILLAI,case_spacing,acceptable
P04390,aadhaar,marksheet_12,father_name,Akhil Pillai,Akhill Pillai,spelling_variant,risky
P04391,aadhaar,pan,name,Murugan Saravanan,MURUGAN SARAVANAN,case_spacing,acceptable
P04391,aadhaar,marksheet_10,name,Murugan Saravanan,MURUGAN S,initial,acceptable
P04391,aadhaar,marksheet_12,name,Murugan Saravanan,MURUGAN S,initial,acceptable
P04392,aadhaar,pan,name,Abdul Khan,ABDUL KHAN,case_spacing,acceptable
P04393,aadhaar,pan,name,Rahul Verma,RAHUL VERMA,case_spacing,acceptable
P04394,aadhaar,pan,name,Lakshmi Murugan,LAKSHMI MURUGAN,case_spacing,acceptable
P04394,aadhaar,pan,dob,1999-07-03,1999-03-07,day_month_swap,critical
P04394,aadhaar,marksheet_10,name,Lakshmi Murugan,LAKSHMI M,initial,acceptable
P04394,aadhaar,marksheet_12,name,Lakshmi Murugan,LAKSHMI M,initial,acceptable
P04395,aadhaar,pan,name,Parth Patil,PARTH PATIL,case_spacing,acceptable
P04395,aadhaar,pan,father_name,Omkar Patil,Omkaar Patil,spelling_variant,risky
P04396,aadhaar,pan,name,Rahul Agarwal,RAHUL AGARWAL,case_spacing,acceptable
P04397,aadhaar,pan,name,Revathi Sundar,REVATHI SUNDAR,case_spacing,acceptable
P04397,aadhaar,marksheet_10,name,Revathi Sundar,REVATHI S,initial,acceptable
P04397,aadhaar,marksheet_12,name,Revathi Sundar,Revati Sundar,spelling_variant,risky
P04398,aadhaar,pan,name,Sravani Reddy,SRAVANI REDDY,case_spacing,acceptable
P04398,aadhaar,marksheet_10,dob,2003-08-22,2002-08-22,year_shift,critical
P04399,aadhaar,pan,name,Chaitanya Reddy,CHAITANYA REDDY,case_spacing,acceptable
P04399,aadhaar,marksheet_12,name,Chaitanya Reddy,Chiatanya Reddy,spelling_variant,risky
P04399,aadhaar,passport,address,"No. 147, Temple Street, Banjara Hills, Madurai, Tamil Nadu - 625762","No. 130, Nehru Street, Kakkanad, Madurai, Tamil Nadu - 625510",different_address,risky
P04400,aadhaar,pan,name,Girish Gowda,GIRISH GOWDA,case_spacing,acceptable
P04401,aadhaar,pan,name,Rahul Varghese,Rhul Varghese,spelling_variant,risky
P04401,aadhaar,pan,father_name,Jithin Varghese,Jeethin Varghese,spelling_variant,risky
P04402,aadhaar,pan,name,Asha Shetty,ASHA SHETTY,case_spacing,acceptable
P04402,aadhaar,pan,father_name,Raghavendra Shetty,Raaghavendra Shetty,spelling_variant,risky
P04403,aadhaar,pan,name,Ravi Naidu,RAVI NAIDU,case_spacing,acceptable
P04403,aadhaar,passport,name,Ravi Naidu,Ravee Naidu,spelling_variant,risky
P04404,aadhaar,pan,name,Imran Sheikh,IMRAN SHEIKH,case_spacing,acceptable
P04405,aadhaar,pan,name,Bhavani Chowdary,BHAVANI CHOWDARY,case_spacing,acceptable
P04406,aadhaar,pan,name,Daniel D'Souza,DANIEL D'SOUZA,case_spacing,acceptable
P04406,aadhaar,marksheet_12,name,Daniel D'Souza,Daneeel D'Souza,spelling_variant,risky
P04407,aadhaar,pan,name,Zainab Syed,ZAINAB SYED,case_spacing,acceptable
P04407,aadhaar,marksheet_10,dob,1998-06-18,1997-06-18,year_shift,critical
P04407,aadhaar,marksheet_12,name,Zainab Syed,Zaeenab Syed,spelling_variant,risky
P04408,aadhaar,pan,name,Jithin Panicker,JITHIN PANICKER,case_spacing,acceptable
P04409,aadhaar,pan,name,Elango Murugan,ELANGO MURUGAN,case_spacing,acceptable
P04409,aadhaar,marksheet_10,name,Elango Murugan,ELANGO M,initial,acceptable
P04409,aadhaar,marksheet_12,name,Elango Murugan,ELANGO M,initial,acceptable
P04410,aadhaar,pan,name,Vikram Chauhan,VIKRAM CHAUHAN,case_spacing,acceptable
P04411,aadhaar,pan,name,Pradeep Mishra,PRADEEP MISHRA,case_spacing,acceptable
P04412,aadhaar,pan,name,Babu Saravanan,BABU SARAVANAN,case_spacing,acceptable
P04412,aadhaar,marksheet_10,name,Babu Saravanan,BABU S,initial,acceptable
P04412,aadhaar,marksheet_12,name,Babu Saravanan,BABU S,initial,acceptable
P04413,aadhaar,pan,name,Geetha Shetty,GEETHA SHETTY,case_spacing,acceptable
P04414,aadhaar,pan,name,Sreya Roy,Simran Agarwal,different_person,critical
P04415,aadhaar,pan,name,Thomas Pereira,THOMAS PEREIRA,case_spacing,acceptable
P04415,aadhaar,marksheet_10,father_name,George Pereira,George Pereira,spelling_variant,risky
P04416,aadhaar,pan,name,Kiran Rao,KIRAN RAO,case_spacing,acceptable
P04417,aadhaar,pan,name,Madhuri Raju,MADHURI RAJU,case_spacing,acceptable
P04418,aadhaar,pan,name,Rahul Gupta,RAHUL GUPTA,case_spacing,acceptable
P04419,aadhaar,pan,name,Kiran Naidu,KIRAN NAIDU,case_spacing,acceptable
P04420,aadhaar,pan,name,Arjun Menon,Arun Menon,spelling_variant,risky
P04421,aadhaar,pan,name,Sanjay Agarwal,SANJAY AGARWAL,case_spacing,acceptable
P04421,aadhaar,pan,dob,2004-05-18,2004-05-19,day_shift,critical
P04422,aadhaar,pan,name,Ravi Reddy,RAVI REDDY,case_spacing,acceptable
P04423,aadhaar,pan,name,Arnab Sen,ARNAB SEN,case_spacing,acceptable
P04424,aadhaar,pan,name,Girish Gowda,GIRISH GOWDA,case_spacing,acceptable
P04425,aadhaar,pan,name,Vaishnavi Babu,VAISHNAVI BABU,case_spacing,acceptable
P04425,aadhaar,marksheet_10,name,Vaishnavi Babu,VAISHNAVI B,initial,acceptable
P04425,aadhaar,marksheet_12,name,Vaishnavi Babu,VAISHNAVI B,initial,acceptable
P04426,aadhaar,pan,name,Teresa Thomas,TERESA THOMAS,case_spacing,acceptable
P04427,aadhaar,pan,name,Sana Khan,SANA KHAN,case_spacing,acceptable
P04428,aadhaar,pan,name,Madhuri Naidu,MADHURI NAIDU,case_spacing,acceptable
P04428,aadhaar,pan,dob,2004-04-11,2005-04-11,year_shift,critical
P04429,aadhaar,pan,name,Sanjay Chauhan,SANJAY CHAUHAN,case_spacing,acceptable
P04430,aadhaar,pan,name,Kalaiselvi Saravanan,KALAISELVI SARAVANAN,case_spacing,acceptable
P04430,aadhaar,marksheet_10,name,Kalaiselvi Saravanan,KALAISELVI S,initial,acceptable
P04430,aadhaar,marksheet_12,name,Kalaiselvi Saravanan,KALAISELVI S,initial,acceptable
P04431,aadhaar,pan,name,Swathi Varma,SWATHI VARMA,case_spacing,acceptable
P04432,aadhaar,pan,name,Lavanya Varma,LAVANYA VARMA,case_spacing,acceptable
P04433,aadhaar,pan,name,Tamilselvi Karthik,TAMILSELVI KARTHIK,case_spacing,acceptable
P04433,aadhaar,marksheet_10,name,Tamilselvi Karthik,TAMILSELVI K,initial,acceptable
P04433,aadhaar,marksheet_12,name,Tamilselvi Karthik,TAMILSELVI K,initial,acceptable
P04434,aadhaar,pan,name,Pradeep Yadav,PRADEEP YADAV,case_spacing,acceptable
P04435,aadhaar,pan,name,Ayesha Ansari,AYESHA ANSARI,case_spacing,acceptable
P04436,aadhaar,pan,name,Nikhil Kulkarni,NIKHIL KULKARNI,case_spacing,acceptable
P04437,aadhaar,pan,name,Rohit Agarwal,ROHIT AGARWAL,case_spacing,acceptable
P04438,aadhaar,pan,name,Subhajit Ghosh,SUBHAJIT GHOSH,case_spacing,acceptable
P04439,aadhaar,pan,name,Mohammed Sheikh,MOHAMMED SHEIKH,case_spacing,acceptable
P04440,aadhaar,pan,name,Arif Sheikh,ARIF SHEIKH,case_spacing,acceptable
P04440,aadhaar,birth_certificate,name,Arif Sheikh,Areef Sheikh,spelling_variant,risky
P04441,aadhaar,pan,name,Krupa Patel,KRUPA PATEL,case_spacing,acceptable
P04442,aadhaar,pan,name,Darshan Shetty,DARSHAN SHETTY,case_spacing,acceptable
P04443,aadhaar,pan,name,Ajay Verma,AJAY VERMA,case_spacing,acceptable
P04444,aadhaar,pan,name,Naresh Naidu,NARESH NAIDU,case_spacing,acceptable
P04445,aadhaar,pan,name,Chaitanya Varma,CHAITANYA VARMA,case_spacing,acceptable
P04445,aadhaar,birth_certificate,dob,2004-08-17,2004-08-15,day_shift,critical
P04446,aadhaar,pan,name,Ayesha Sheikh,AYESHA SHEIKH,case_spacing,acceptable
P04447,aadhaar,pan,name,Priyanka Verma,PRIYANKA VERMA,case_spacing,acceptable
P04448,aadhaar,pan,name,Rashmi Rao,RASHMI RAO,case_spacing,acceptable
P04448,aadhaar,marksheet_10,father_name,Shashank Rao,Shhashank Rao,spelling_variant,risky
P04449,aadhaar,pan,name,Padma Rao,PADMA RAO,case_spacing,acceptable
P04449,aadhaar,pan,dob,2005-04-13,2005-04-14,day_shift,critical
P04450,aadhaar,pan,name,Priyanka Yadav,PRIYANKA YADAV,case_spacing,acceptable
P04450,aadhaar,passport,address,"No. 174, Gandhi Road, Navrangpura, Pune, Maharashtra - 411401","No. 216, Park Avenue, Anna Nagar, Bengaluru, Karnataka - 560865",different_address,risky
P04451,aadhaar,pan,name,Prashanth Hegde,PRASHANTH HEGDE,case_spacing,acceptable
P04451,aadhaar,passport,address,"No. 195, 4th Cross, Kakkanad, Coimbatore, Tamil Nadu - 641657","No. 99, Gandhi Road, Salt Lake, Chennai, Tamil Nadu - 600142",different_address,risky
P04452,aadhaar,pan,name,Gaurav Tiwari,GAURAV TIWARI,case_spacing,acceptable
P04453,aadhaar,pan,name,Simran Tiwari,SIMRAN TIWARI,case_spacing,acceptable
P04454,aadhaar,pan,name,Lavanya Rao,LAVANYA RAO,case_spacing,acceptable
P04455,aadhaar,pan,name,Imran Syed,IMRAN SYED,case_spacing,acceptable
P04455,aadhaar,marksheet_12,father_name,Farhan Syed,Farhann Syed,spelling_variant,risky
P04456,aadhaar,pan,name,Harini Sundar,HARINI SUNDAR,case_spacing,acceptable
P04456,aadhaar,marksheet_10,name,Harini Sundar,HARINI S,initial,acceptable
P04456,aadhaar,marksheet_12,name,Harini Sundar,HARINI S,initial,acceptable
P04457,aadhaar,pan,name,Archana Yadav,Arohana Yadav,spelling_variant,risky
P04458,aadhaar,pan,name,Suresh Chowdary,Shuresh Chowdary,spelling_variant,risky
P04459,aadhaar,pan,name,Saravanan Manikandan,SARAVANAN MANIKANDAN,case_spacing,acceptable
P04459,aadhaar,marksheet_10,name,Saravanan Manikandan,SARAVANAN M,initial,acceptable
P04459,aadhaar,marksheet_12,name,Saravanan Manikandan,SARAVANAN M,initial,acceptable
P04459,aadhaar,birth_certificate,name,Saravanan Manikandan,Sarvanan Manikandan,spelling_variant,risky
P04460,aadhaar,pan,name,Murugan Velu,MURUGAN VELU,case_spacing,acceptable
P04460,aadhaar,marksheet_10,name,Murugan Velu,MURUGAN V,initial,acceptable
P04460,aadhaar,marksheet_12,name,Murugan Velu,MURUGAN V,initial,acceptable
P04460,aadhaar,birth_certificate,name,Murugan Velu,V. Murugan,initial,acceptable
P04461,aadhaar,pan,name,Rohit Singh,ROHIT SINGH,case_spacing,acceptable
P04462,aadhaar,pan,name,Sumit Tiwari,Sumst Tiwari,spelling_variant,risky
P04463,aadhaar,pan,name,Vikram Agarwal,VIKRAM AGARWAL,case_spacing,acceptable
P04463,aadhaar,passport,address,"No. 185, 2nd Main, Kakkanad, Madurai, Tamil Nadu - 625199","No. 91, MG Road, Jayanagar, Kolkata, West Bengal - 700262",different_address,risky
P04464,aadhaar,pan,name,Angel Mathew,Anngel Mathew,spelling_variant,risky
P04464,aadhaar,passport,address,"No. 220, Market Street, Jayanagar, Coimbatore, Tamil Nadu - 641934","No. 44, 2nd Main, Banjara Hills, Pune, Maharashtra - 411699",different_address,risky
P04465,aadhaar,pan,name,Sushma Verma,SUSHMA VERMA,case_spacing,acceptable
P04465,aadhaar,marksheet_10,name,Sushma Verma,Suushma Verma,spelling_variant,risky
P04466,aadhaar,pan,name,Gaurav Chauhan,GAURAV CHAUHAN,case_spacing,acceptable
P04466,aadhaar,marksheet_10,dob,2004-01-19,2003-01-19,year_shift,critical
P04467,aadhaar,pan,name,Priya Selvam,PRIYA SELVAM,case_spacing,acceptable
P04467,aadhaar,marksheet_10,name,Priya Selvam,PRIYA S,initial,acceptable
P04467,aadhaar,marksheet_12,name,Priya Selvam,PRIYA S,initial,acceptable
P04467,aadhaar,birth_certificate,name,Priya Selvam,S. Priya,initial,acceptable
P04468,aadhaar,pan,name,Madhuri Desai,MADHURI DESAI,case_spacing,acceptable
P04469,aadhaar,pan,name,Parth Shah,PARTH SHAH,case_spacing,acceptable
P04470,aadhaar,pan,name,Murugan Raju,MURUGAN RAJU,case_spacing,acceptable
P04470,aadhaar,marksheet_10,name,Murugan Raju,MURUGAN R,initial,acceptable
P04470,aadhaar,marksheet_12,name,Murugan Raju,MURUGAN R,initial,acceptable
P04470,aadhaar,birth_certificate,name,Murugan Raju,R. Murugan,initial,acceptable
P04471,aadhaar,pan,name,Sushma Gupta,SUSHMA GUPTA,case_spacing,acceptable
P04472,aadhaar,pan,name,Ishita Sen,Ishitaa Sen,spelling_variant,risky
P04473,aadhaar,pan,name,Teresa Pereira,TERESA PEREIRA,case_spacing,acceptable
P04474,aadhaar,pan,name,Geetha Gowda,GEETHA GOWDA,case_spacing,acceptable
P04475,aadhaar,pan,name,Rahul Gupta,RAHUL GUPTA,case_spacing,acceptable
P04476,aadhaar,pan,name,Sayali Joshi,SAYALI JOSHI,case_spacing,acceptable
P04476,aadhaar,marksheet_10,name,Sayali Joshi,Shayali Joshi,spelling_variant,risky
P04477,aadhaar,pan,name,Priyanka Verma,PRIYANKA VERMA,case_spacing,acceptable
P04478,aadhaar,pan,name,Satish Kulkarni,SATISH KULKARNI,case_spacing,acceptable
P04478,aadhaar,marksheet_10,dob,2003-03-26,2003-03-28,day_shift,critical
P04479,aadhaar,pan,name,Vikram Mishra,VIKRAM MISHRA,case_spacing,acceptable
P04480,aadhaar,pan,name,Haritha Rao,HARITHA RAO,case_spacing,acceptable
P04480,aadhaar,passport,dob,1998-06-07,1999-06-07,year_shift,critical
P04481,aadhaar,pan,name,Tejas Kulkarni,TEJAS KULKARNI,case_spacing,acceptable
P04481,aadhaar,marksheet_10,name,Tejas Kulkarni,Tejash Kulkarni,spelling_variant,risky
P04482,aadhaar,pan,name,Kalaiselvi Saravanan,KALAISELVI SARAVANAN,case_spacing,acceptable
P04482,aadhaar,marksheet_10,name,Kalaiselvi Saravanan,KALAISELVI S,initial,acceptable
P04482,aadhaar,marksheet_12,name,Kalaiselvi Saravanan,KALAISELVI S,initial,acceptable
P04482,aadhaar,birth_certificate,name,Kalaiselvi Saravanan,S. Kalaiselvi,initial,acceptable
P04483,aadhaar,pan,name,Sunitha Varma,SUNITHA VARMA,case_spacing,acceptable
P04484,aadhaar,pan,name,Manikandan Vignesh,MANIKANDAN VIGNESH,case_spacing,acceptable
P04484,aadhaar,marksheet_10,name,Manikandan Vignesh,MANIKANDAN V,initial,acceptable
P04484,aadhaar,marksheet_12,name,Manikandan Vignesh,MANIKANDAN V,initial,acceptable
P04484,aadhaar,birth_certificate,name,Manikandan Vignesh,V. Manikandan,initial,acceptable
P04485,aadhaar,pan,name,Srinivas Reddy,SRINIVAS REDDY,case_spacing,acceptable
P04485,aadhaar,marksheet_10,name,Srinivas Reddy,Srrinivas Reddy,spelling_variant,risky
P04485,aadhaar,passport,dob,2000-09-01,2000-01-09,day_month_swap,critical
P04486,aadhaar,pan,name,Manjunath Bhat,MANJUNATH BHAT,case_spacing,acceptable
P04487,aadhaar,pan,name,Abirami Karthik,ABIRAMI KARTHIK,case_spacing,acceptable
P04487,aadhaar,marksheet_10,name,Abirami Karthik,ABIRAMI K,initial,acceptable
P04487,aadhaar,marksheet_12,name,Abirami Karthik,ABIRAMI K,initial,acceptable
P04488,aadhaar,pan,name,Gayathri Raju,GAYATHRI RAJU,case_spacing,acceptable
P04488,aadhaar,marksheet_10,name,Gayathri Raju,GAYATHRI R,initial,acceptable
P04488,aadhaar,marksheet_12,name,Gayathri Raju,GAYATHRI R,initial,acceptable
P04488,aadhaar,marksheet_12,father_name,Raju,Razu,spelling_variant,risky
P04488,aadhaar,birth_certificate,name,Gayathri Raju,R. Gayathri,initial,acceptable
P04489,aadhaar,pan,name,Nazia Khan,NAZIA KHAN,case_spacing,acceptable
P04490,aadhaar,pan,name,Sayali Deshpande,SAYALI DESHPANDE,case_spacing,acceptable
P04491,aadhaar,pan,name,Venkatesh Rao,VENKATESH RAO,case_spacing,acceptable
P04491,aadhaar,birth_certificate,gender,M,F,flipped,critical
P04492,aadhaar,pan,name,Thomas Fernandes,THOMAS FERNANDES,case_spacing,acceptable
P04493,aadhaar,pan,name,Elango Madhavan,Elaango Madhavan,spelling_variant,risky
P04493,aadhaar,marksheet_10,name,Elango Madhavan,ELANGO M,initial,acceptable
P04493,aadhaar,marksheet_12,name,Elango Madhavan,ELANGO M,initial,acceptable
P04494,aadhaar,pan,name,Nikhil Patil,NIKHIL PATIL,case_spacing,acceptable
P04495,aadhaar,pan,name,Sneha Verma,SNEHA VERMA,case_spacing,acceptable
P04495,aadhaar,marksheet_12,father_name,Rohit Verma,Roheet Verma,spelling_variant,risky
P04496,aadhaar,pan,name,Bhoomika Kulkarni,BHOOMIKA KULKARNI,case_spacing,acceptable
P04497,aadhaar,pan,name,Samuel Pereira,SAMUEL PEREIRA,case_spacing,acceptable
P04497,aadhaar,marksheet_10,dob,2004-08-31,2004-08-29,day_shift,critical
P04498,aadhaar,pan,name,Chaitanya Rao,CHAITANYA RAO,case_spacing,acceptable
P04498,aadhaar,marksheet_10,name,Chaitanya Rao,Chaiatnya Rao,spelling_variant,risky
P04499,aadhaar,pan,name,Omkar Patil,OMKAR PATIL,case_spacing,acceptable
P04500,aadhaar,pan,name,Selvam Prakash,SELVAM PRAKASH,case_spacing,acceptable
P04500,aadhaar,marksheet_10,name,Selvam Prakash,SELVAM P,initial,acceptable
P04500,aadhaar,marksheet_12,name,Selvam Prakash,SELVAM P,initial,acceptable
P04501,aadhaar,pan,name,Archana Mishra,ARCHANA MISHRA,case_spacing,acceptable
P04501,aadhaar,pan,dob,2003-03-10,2003-03-11,day_shift,critical
P04501,aadhaar,marksheet_10,name,Archana Mishra,Archanna Mishra,spelling_variant,risky
P04502,aadhaar,pan,name,Geetha Bhat,GEETHA BHAT,case_spacing,acceptable
P04503,aadhaar,pan,name,Lakshmi Selvam,LAKSHMI SELVAM,case_spacing,acceptable
P04503,aadhaar,marksheet_10,name,Lakshmi Selvam,LAKSHMI S,initial,acceptable
P04503,aadhaar,marksheet_12,name,Lakshmi Selvam,Laakshmi Selvam,spelling_variant,risky
P04504,aadhaar,pan,name,Manikandan Senthil,MANIKANDAN SENTHIL,case_spacing,acceptable
P04504,aadhaar,marksheet_10,name,Manikandan Senthil,MANIKANDAN S,initial,acceptable
P04504,aadhaar,marksheet_12,name,Manikandan Senthil,MANIKANDAN S,initial,acceptable
P04504,aadhaar,birth_certificate,name,Manikandan Senthil,S. Manikandan,initial,acceptable
P04505,aadhaar,pan,name,Venkatesh Varma,VENKATESH VARMA,case_spacing,acceptable
P04506,aadhaar,pan,name,Satish Hegde,SATISH HEGDE,case_spacing,acceptable
P04507,aadhaar,pan,name,Sanju Menon,SANJU MENON,case_spacing,acceptable
P04507,aadhaar,birth_certificate,name,Sanju Menon,Sanu Menon,spelling_variant,risky
P04508,aadhaar,pan,name,Chaitanya Varma,CHAITANYA VARMA,case_spacing,acceptable
P04508,aadhaar,pan,father_name,Mahesh Varma,Maahesh Varma,spelling_variant,risky
P04509,aadhaar,pan,name,Geetha Rao,Geethha Rao,spelling_variant,risky
P04510,aadhaar,pan,name,Kumar Kannan,KUMAR KANNAN,case_spacing,acceptable
P04510,aadhaar,pan,father_name,Kannan,Kaannan,spelling_variant,risky
P04510,aadhaar,marksheet_10,name,Kumar Kannan,KUMAR K,initial,acceptable
P04510,aadhaar,marksheet_12,name,Kumar Kannan,Kumaar Kannan,spelling_variant,risky
P04511,aadhaar,pan,name,Ayesha Sheikh,Ankit Singh,different_person,critical
P04512,aadhaar,pan,name,Prachi Kulkarni,PRACHI KULKARNI,case_spacing,acceptable
P04513,aadhaar,pan,name,Nandini Shetty,NANDINI SHETTY,case_spacing,acceptable
P04513,aadhaar,marksheet_10,dob,2005-01-01,2005-01-02,day_shift,critical
P04514,aadhaar,pan,name,Sunitha Raju,SUNITHA RAJU,case_spacing,acceptable
P04515,aadhaar,pan,name,Prachi Mehta,PRACHI MEHTA,case_spacing,acceptable
P04516,aadhaar,pan,name,Harish Hegde,HARISH HEGDE,case_spacing,acceptable
P04516,aadhaar,pan,dob,1998-10-05,1998-10-03,day_shift,critical
P04517,aadhaar,pan,name,Mahesh Chowdary,MAHESH CHOWDARY,case_spacing,acceptable
P04517,aadhaar,marksheet_10,name,Mahesh Chowdary,Maahesh Chowdary,spelling_variant,risky
P04518,aadhaar,pan,name,Harsh Patil,HARSH PATIL,case_spacing,acceptable
P04519,aadhaar,pan,name,Archana Tiwari,ARCHANA TIWARI,case_spacing,acceptable
P04520,aadhaar,pan,name,Grace D'Souza,GRACE D'SOUZA,case_spacing,acceptable
P04521,aadhaar,pan,name,Elango Murugan,ELANGO MURUGAN,case_spacing,acceptable
P04521,aadhaar,marksheet_10,name,Elango Murugan,ELANGO M,initial,acceptable
P04521,aadhaar,marksheet_12,name,Elango Murugan,ELANGO M,initial,acceptable
P04522,aadhaar,pan,name,Nithya Selvam,NITHYA SELVAM,case_spacing,acceptable
P04522,aadhaar,marksheet_10,name,Nithya Selvam,NITHYA S,initial,acceptable
P04522,aadhaar,marksheet_12,name,Nithya Selvam,Nithhya Selvam,spelling_variant,risky
P04523,aadhaar,pan,name,Riya Verma,RIYA VERMA,case_spacing,acceptable
P04523,aadhaar,pan,dob,2005-07-26,2005-07-27,day_shift,critical
P04523,aadhaar,marksheet_10,name,Riya Verma,Ria Verma,spelling_variant,risky
P04524,aadhaar,pan,name,Kannan Velu,KANNAN VELU,case_spacing,acceptable
P04524,aadhaar,marksheet_10,name,Kannan Velu,KANNAN V,initial,acceptable
P04524,aadhaar,marksheet_12,name,Kannan Velu,KANNAN V,initial,acceptable
P04524,aadhaar,passport,name,Kannan Velu,Karnan Velu,spelling_variant,risky
P04525,aadhaar,pan,name,Madhavan Manikandan,MADHAVAN MANIKANDAN,case_spacing,acceptable
P04525,aadhaar,marksheet_10,name,Madhavan Manikandan,MADHAVAN M,initial,acceptable
P04525,aadhaar,marksheet_12,name,Madhavan Manikandan,MADHAVAN M,initial,acceptable
P04526,aadhaar,pan,name,Debjani Das,DEBJANI DAS,case_spacing,acceptable
P04526,aadhaar,marksheet_10,name,Debjani Das,Dejani Das,spelling_variant,risky
P04527,aadhaar,pan,name,Spoorthi Bhat,SPOORTHI BHAT,case_spacing,acceptable
P04528,aadhaar,pan,name,Farhan Syed,FARHAN SYED,case_spacing,acceptable
P04529,aadhaar,pan,name,Shashank Kulkarni,SHASHANK KULKARNI,case_spacing,acceptable
P04529,aadhaar,birth_certificate,name,Shashank Kulkarni,Shahsank Kulkarni,spelling_variant,risky
P04530,aadhaar,pan,name,Farhan Qureshi,FARHAN QURESHI,case_spacing,acceptable
P04530,aadhaar,passport,address,"No. 35, Main Road, Malviya Nagar, Madurai, Tamil Nadu - 625174","No. 199, 2nd Main, Sector 62, Noida, Uttar Pradesh - 201267",different_address,risky
P04531,aadhaar,pan,name,Darshan Rao,DARSHAN RAO,case_spacing,acceptable
P04531,aadhaar,marksheet_12,father_name,Manjunath Rao,Manzunath Rao,spelling_variant,risky
P04532,aadhaar,pan,name,Chaitanya Chowdary,CHAITANYA CHOWDARY,case_spacing,acceptable
P04533,aadhaar,pan,name,Sreya Sen,SREYA SEN,case_spacing,acceptable
P04533,aadhaar,marksheet_12,father_name,Arnab Sen,Arnnab Sen,spelling_variant,risky
P04534,aadhaar,pan,name,Vishnu Pillai,VISHNU PILLAI,case_spacing,acceptable
P04534,aadhaar,marksheet_10,name,Vishnu Pillai,Vshnu Pillai,spelling_variant,risky
P04535,aadhaar,pan,name,Sumit Tiwari,SUMIT TIWARI,case_spacing,acceptable
P04535,aadhaar,passport,name,Sumit Tiwari,Summit Tiwari,spelling_variant,risky
P04536,aadhaar,pan,name,Vishnu Panicker,VISHNU PANICKER,case_spacing,acceptable
P04537,aadhaar,pan,name,Salman Pathan,SALMAN PATHAN,case_spacing,acceptable
P04537,aadhaar,pan,dob,1999-05-19,2000-05-19,year_shift,critical
P04537,aadhaar,marksheet_12,father_name,Sameer Pathan,Shameer Pathan,spelling_variant,risky
P04538,aadhaar,pan,name,Priyanka Sharma,PRIYANKA SHARMA,case_spacing,acceptable
P04538,aadhaar,birth_certificate,father_name,Deepak Sharma,Dipak Sharma,spelling_variant,risky
P04539,aadhaar,pan,name,Satish Shetty,SATISH SHETTY,case_spacing,acceptable
P04539,aadhaar,pan,father_name,Puneeth Shetty,Punneeth Shetty,spelling_variant,risky
P04540,aadhaar,pan,name,Sumit Singh,SUMIT SINGH,case_spacing,acceptable
P04540,aadhaar,birth_certificate,dob,2000-06-22,2000-06-21,day_shift,critical
P04541,aadhaar,pan,name,Asha Hegde,ASHA HEGDE,case_spacing,acceptable
P04542,aadhaar,pan,name,Archana Agarwal,ARCHANA AGARWAL,case_spacing,acceptable
P04543,aadhaar,pan,name,Sanjay Gupta,SANJAY GUPTA,case_spacing,acceptable
P04544,aadhaar,pan,name,Mahesh Rao,MAHESH RAO,case_spacing,acceptable
P04544,aadhaar,pan,dob,2004-02-07,2004-07-02,day_month_swap,critical
P04545,aadhaar,pan,name,Harish Bhat,HARISH BHAT,case_spacing,acceptable
P04546,aadhaar,pan,name,Aniket Patel,ANIKET PATEL,case_spacing,acceptable
P04547,aadhaar,pan,name,Aswathy Panicker,ASWATHY PANICKER,case_spacing,acceptable
P04547,aadhaar,marksheet_12,name,Aswathy Panicker,Aswahy Panicker,spelling_variant,risky
P04548,aadhaar,pan,name,Divya Reddy,DIVYA REDDY,case_spacing,acceptable
P04549,aadhaar,pan,name,Padma Raju,PADMA RAJU,case_spacing,acceptable
P04550,aadhaar,pan,name,Darshan Rao,Darshann Rao,spelling_variant,risky
P04551,aadhaar,pan,name,Babu Selvam,Babbu Selvam,spelling_variant,risky
P04551,aadhaar,marksheet_10,name,Babu Selvam,BABU S,initial,acceptable
P04551,aadhaar,marksheet_12,name,Babu Selvam,BABU S,initial,acceptable
P04552,aadhaar,pan,name,Pooja Agarwal,Indhu Madhavan,different_person,critical
P04553,aadhaar,pan,name,Amit Mishra,AMIT MISHRA,case_spacing,acceptable
P04554,aadhaar,pan,name,Omkar Deshpande,OMKAR DESHPANDE,case_spacing,acceptable
P04555,aadhaar,pan,name,Kalaiselvi Senthil,KALAISELVI SENTHIL,case_spacing,acceptable
P04555,aadhaar,marksheet_10,name,Kalaiselvi Senthil,KALAISELVI S,initial,acceptable
P04555,aadhaar,marksheet_12,name,Kalaiselvi Senthil,Kalaielvi Senthil,spelling_variant,risky
P04556,aadhaar,pan,name,Arun Ramesh,ARUN RAMESH,case_spacing,acceptable
P04556,aadhaar,marksheet_10,name,Arun Ramesh,ARUN R,initial,acceptable
P04556,aadhaar,marksheet_12,name,Arun Ramesh,ARUN R,initial,acceptable
P04556,aadhaar,birth_certificate,name,Arun Ramesh,R. Arun,initial,acceptable
P04557,aadhaar,pan,name,Rahul Nair,RAHUL NAIR,case_spacing,acceptable
P04558,aadhaar,pan,name,Madhuri Naidu,Kavya Senthil,different_person,critical
P04559,aadhaar,pan,name,Suresh Reddy,SURESH REDDY,case_spacing,acceptable
P04560,aadhaar,pan,name,Tejas Shah,TEJAS SHAH,case_spacing,acceptable
P04560,aadhaar,marksheet_10,name,Tejas Shah,Anagha Pillai,different_person,critical
P04560,aadhaar,marksheet_12,father_name,Jay Shah,Jai Shah,spelling_variant,risky
P04561,aadhaar,pan,name,Sangeetha Selvam,SANGEETHA SELVAM,case_spacing,acceptable
P04561,aadhaar,marksheet_10,name,Sangeetha Selvam,SANGEETHA S,initial,acceptable
P04561,aadhaar,marksheet_12,name,Sangeetha Selvam,SANGEETHA S,initial,acceptable
P04562,aadhaar,pan,name,Bhoomika Bhat,BHOOMIKA BHAT,case_spacing,acceptable
P04562,aadhaar,marksheet_12,name,Bhoomika Bhat,Boomika Bhat,spelling_variant,risky
P04563,aadhaar,pan,name,Mahesh Reddy,MAHESH REDDY,case_spacing,acceptable
P04564,aadhaar,pan,name,Gayathri Manikandan,GAYATHRI MANIKANDAN,case_spacing,acceptable
P04564,aadhaar,marksheet_10,name,Gayathri Manikandan,GAYATHRI M,initial,acceptable
P04564,aadhaar,marksheet_12,name,Gayathri Manikandan,GAYATHRI M,initial,acceptable
P04565,aadhaar,pan,name,Velu Babu,VELU BABU,case_spacing,acceptable
P04565,aadhaar,marksheet_10,name,Velu Babu,VELU B,initial,acceptable
P04565,aadhaar,marksheet_12,name,Velu Babu,VELU B,initial,acceptable
P04565,aadhaar,birth_certificate,name,Velu Babu,B. Velu,initial,acceptable
P04566,aadhaar,pan,name,Priyanka Agarwal,PRIYANKA AGARWAL,case_spacing,acceptable
P04567,aadhaar,pan,name,Asha Rao,ASHA RAO,case_spacing,acceptable
P04567,aadhaar,marksheet_10,name,Asha Rao,Asa Rao,spelling_variant,risky
P04568,aadhaar,pan,name,Harish Bhat,HARISH BHAT,case_spacing,acceptable
P04568,aadhaar,passport,address,"No. 116, Main Road, Anna Nagar, Noida, Uttar Pradesh - 201288","No. 250, Temple Street, Kakkanad, Mysuru, Karnataka - 570553",different_address,risky
P04569,aadhaar,pan,name,Divya Reddy,DIVYA REDDY,case_spacing,acceptable
P04570,aadhaar,pan,name,Krupa Shah,KRUPA SHAH,case_spacing,acceptable
P04571,aadhaar,pan,name,Amit Yadav,AMIT YADAV,case_spacing,acceptable
P04572,aadhaar,pan,name,Sravani Chowdary,SRAVANI CHOWDARY,case_spacing,acceptable
P04572,aadhaar,marksheet_10,name,Sravani Chowdary,Snavani Chowdary,spelling_variant,risky
P04573,aadhaar,pan,name,Geetha Kulkarni,GEETHA KULKARNI,case_spacing,acceptable
P04574,aadhaar,pan,name,Krishna Varma,KRISHNA VARMA,case_spacing,acceptable
P04575,aadhaar,pan,name,Naresh Rao,NARESH RAO,case_spacing,acceptable
P04576,aadhaar,pan,name,Sreejith Kurup,SREEJITH KURUP,case_spacing,acceptable
P04576,aadhaar,birth_certificate,name,Sreejith Kurup,Sreejith Kurup,spelling_variant,risky
P04577,aadhaar,pan,name,Sandeep Pandey,SANDEEP PANDEY,case_spacing,acceptable
P04578,aadhaar,pan,name,Aswathy Menon,ASWATHY MENON,case_spacing,acceptable
P04579,aadhaar,pan,name,Rahul Singh,RAHUL SINGH,case_spacing,acceptable
P04579,aadhaar,pan,dob,2001-03-21,2001-03-20,day_shift,critical
P04579,aadhaar,marksheet_12,father_name,Vikram Singh,Vikraam Singh,spelling_variant,risky
P04580,aadhaar,pan,name,Pallavi Gowda,PALLAVI GOWDA,case_spacing,acceptable
P04580,aadhaar,marksheet_12,father_name,Darshan Gowda,Darshann Gowda,spelling_variant,risky
P04581,aadhaar,pan,name,Jay Patil,JAY PATIL,case_spacing,acceptable
P04582,aadhaar,pan,name,Anjali Menon,ANJALI MENON,case_spacing,acceptable
P04582,aadhaar,passport,address,"No. 84, Temple Street, Banjara Hills, Kolkata, West Bengal - 700992","No. 130, 4th Cross, Velachery, Kolkata, West Bengal - 700929",different_address,risky
P04582,aadhaar,birth_certificate,name,Anjali Menon,Annjali Menon,spelling_variant,risky
P04583,aadhaar,pan,name,Sneha Gupta,SNEHA GUPTA,case_spacing,acceptable
P04584,aadhaar,pan,name,Sourav Roy,SOURAV ROY,case_spacing,acceptable
P04584,aadhaar,passport,dob,2003-02-15,2004-02-15,year_shift,critical
P04584,aadhaar,passport,address,"No. 222, Main Road, Salt Lake, Kochi, Kerala - 682173","No. 218, Park Avenue, Anna Nagar, Delhi, Delhi - 110211",different_address,risky
P04585,aadhaar,pan,name,Sana Sheikh,SANA SHEIKH,case_spacing,acceptable
P04586,aadhaar,pan,name,Manjunath Kulkarni,MANJUNATH KULKARNI,case_spacing,acceptable
P04586,aadhaar,marksheet_12,name,Manjunath Kulkarni,Mannjunath Kulkarni,spelling_variant,risky
P04587,aadhaar,pan,name,Vaishnavi Raju,VAISHNAVI RAJU,case_spacing,acceptable
P04587,aadhaar,marksheet_10,name,Vaishnavi Raju,VAISHNAVI R,initial,acceptable
P04587,aadhaar,marksheet_12,name,Vaishnavi Raju,VAISHNAVI R,initial,acceptable
P04587,aadhaar,passport,dob,2004-01-18,2004-01-19,day_shift,critical
P04587,aadhaar,birth_certificate,name,Vaishnavi Raju,R. Vaishnavi,initial,acceptable
P04588,aadhaar,pan,name,Harini Raju,HARINI RAJU,case_spacing,acceptable
P04588,aadhaar,marksheet_10,name,Harini Raju,HARINI R,initial,acceptable
P04588,aadhaar,marksheet_12,name,Harini Raju,HARINI R,initial,acceptable
P04588,aadhaar,birth_certificate,name,Harini Raju,R. Harini,initial,acceptable
P04589,aadhaar,pan,name,Jennifer Mathew,JENNIFER MATHEW,case_spacing,acceptable
P04590,aadhaar,pan,name,Rahul Nair,RAHUL NAIR,case_spacing,acceptable
P04591,aadhaar,pan,name,Rahul Kurup,RAHUL KURUP,case_spacing,acceptable
P04592,aadhaar,pan,name,Sumit Gupta,SUMIT GUPTA,case_spacing,acceptable
P04593,aadhaar,pan,name,Subhajit Bose,SUBHAJIT BOSE,case_spacing,acceptable
P04594,aadhaar,pan,name,Janani Karthik,JANANI KARTHIK,case_spacing,acceptable
P04594,aadhaar,marksheet_10,name,Janani Karthik,JANANI K,initial,acceptable
P04594,aadhaar,marksheet_12,name,Janani Karthik,JANANI K,initial,acceptable
P04594,aadhaar,birth_certificate,name,Janani Karthik,K. Janani,initial,acceptable
P04594,aadhaar,birth_certificate,dob,2002-07-14,2001-07-14,year_shift,critical
P04595,aadhaar,pan,name,Rohit Mishra,ROHIT MISHRA,case_spacing,acceptable
P04596,aadhaar,pan,name,Lekshmi Menon,LEKSHMI MENON,case_spacing,acceptable
P04596,aadhaar,marksheet_12,name,Lekshmi Menon,Lkshmi Menon,spelling_variant,risky
P04597,aadhaar,pan,name,Kannan Kumar,KANNAN KUMAR,case_spacing,acceptable
P04597,aadhaar,marksheet_10,name,Kannan Kumar,KANNAN K,initial,acceptable
P04597,aadhaar,marksheet_12,name,Kannan Kumar,KANNAN K,initial,acceptable
P04598,aadhaar,pan,name,David Thomas,DAVID THOMAS,case_spacing,acceptable
P04599,aadhaar,pan,name,Geetha Rao,GEETHA RAO,case_spacing,acceptable
P04599,aadhaar,marksheet_10,dob,2000-03-30,2000-03-31,day_shift,critical
P04600,aadhaar,pan,name,Akhil Nair,AKHIL NAIR,case_spacing,acceptable
P04601,aadhaar,pan,name,Ramesh Vignesh,RAMESH VIGNESH,case_spacing,acceptable
P04601,aadhaar,marksheet_10,name,Ramesh Vignesh,RAMESH V,initial,acceptable
P04601,aadhaar,marksheet_12,name,Ramesh Vignesh,RAMESH V,initial,acceptable
P04602,aadhaar,pan,name,Manikandan Balaji,MANIKANDAN BALAJI,case_spacing,acceptable
P04602,aadhaar,marksheet_10,name,Manikandan Balaji,MANIKANDAN B,initial,acceptable
P04602,aadhaar,marksheet_12,name,Manikandan Balaji,MANIKANDAN B,initial,acceptable
P04603,aadhaar,pan,name,Hari Panicker,HARI PANICKER,case_spacing,acceptable
P04604,aadhaar,pan,name,Pooja Sharma,POOJA SHARMA,case_spacing,acceptable
P04605,aadhaar,pan,name,Tamilselvi Karthik,TAMILSELVI KARTHIK,case_spacing,acceptable
P04605,aadhaar,marksheet_10,name,Tamilselvi Karthik,TAMILSELVI K,initial,acceptable
P04605,aadhaar,marksheet_12,name,Tamilselvi Karthik,TAMILSELVI K,initial,acceptable
P04605,aadhaar,birth_certificate,dob,2003-12-15,2003-12-17,day_shift,critical
P04606,aadhaar,pan,name,Jay Mehta,JAY MEHTA,case_spacing,acceptable
P04607,aadhaar,pan,name,Ankit Sharma,ANKIT SHARMA,case_spacing,acceptable
P04608,aadhaar,pan,name,Sandeep Mishra,SANDEEP MISHRA,case_spacing,acceptable
P04609,aadhaar,pan,name,Tejas Patil,TEJAS PATIL,case_spacing,acceptable
P04610,aadhaar,pan,name,Bhavani Naidu,BHAVANI NAIDU,case_spacing,acceptable
P04611,aadhaar,pan,name,Elango Sundar,ELANGO SUNDAR,case_spacing,acceptable
P04611,aadhaar,marksheet_10,name,Elango Sundar,ELANGO S,initial,acceptable
P04611,aadhaar,marksheet_12,name,Elango Sundar,ELANGO S,initial,acceptable
P04612,aadhaar,pan,name,Riya Roy,RIYA ROY,case_spacing,acceptable
P04613,aadhaar,pan,name,Madhuri Desai,MADHURI DESAI,case_spacing,acceptable
P04613,aadhaar,pan,dob,2002-08-22,2001-08-22,year_shift,critical
P04614,aadhaar,pan,name,Sneha Agarwal,SNEHA AGARWAL,case_spacing,acceptable
P04614,aadhaar,marksheet_10,father_name,Vikram Agarwal,Veekram Agarwal,spelling_variant,risky
P04615,aadhaar,pan,name,Ravi Reddy,RAVI REDDY,case_spacing,acceptable
P04616,aadhaar,pan,name,Mahesh Reddy,MAHESH REDDY,case_spacing,acceptable
P04616,aadhaar,passport,dob,2003-06-20,2003-06-18,day_shift,critical
P04617,aadhaar,pan,name,Bhavani Chowdary,BHAVANI CHOWDARY,case_spacing,acceptable
P04618,aadhaar,pan,name,Asha Rao,ASHA RAO,case_spacing,acceptable
P04619,aadhaar,pan,name,Reshma Varghese,RESHMA VARGHESE,case_spacing,acceptable
P04620,aadhaar,pan,name,Ankit Gupta,ANKIT GUPTA,case_spacing,acceptable
P04621,aadhaar,pan,name,Anjali Yadav,Anzali Yadav,spelling_variant,risky
P04622,aadhaar,pan,name,Merlin Mathew,MERLIN MATHEW,case_spacing,acceptable
P04623,aadhaar,pan,name,Pradeep Singh,PRADEEP SINGH,case_spacing,acceptable
P04624,aadhaar,pan,name,Ravi Reddy,RAVI REDDY,case_spacing,acceptable
P04625,aadhaar,pan,name,Velu Saravanan,VELU SARAVANAN,case_spacing,acceptable
P04625,aadhaar,marksheet_10,name,Velu Saravanan,VELU S,initial,acceptable
P04625,aadhaar,marksheet_12,name,Velu Saravanan,VELU S,initial,acceptable
P04625,aadhaar,birth_certificate,dob,2002-02-27,2002-02-25,day_shift,critical
P04626,aadhaar,pan,name,Balaji Saravanan,BALAJI SARAVANAN,case_spacing,acceptable
P04626,aadhaar,marksheet_10,name,Balaji Saravanan,BALAJI S,initial,acceptable
P04626,aadhaar,marksheet_12,name,Balaji Saravanan,BALAJI S,initial,acceptable
P04627,aadhaar,pan,name,Krupa Joshi,KRUPA JOSHI,case_spacing,acceptable
P04628,aadhaar,pan,name,Grace Joseph,GRACE JOSEPH,case_spacing,acceptable
P04629,aadhaar,pan,name,Sowmya Karthik,SOWMYA KARTHIK,case_spacing,acceptable
P04629,aadhaar,marksheet_10,name,Sowmya Karthik,SOWMYA K,initial,acceptable
P04629,aadhaar,marksheet_12,name,Sowmya Karthik,SOWMYA K,initial,acceptable
P04630,aadhaar,pan,name,Bhavani Chowdary,BHAVANI CHOWDARY,case_spacing,acceptable
P04630,aadhaar,pan,father_name,Krishna Chowdary,Kreeshna Chowdary,spelling_variant,risky
P04631,aadhaar,pan,name,Saranya Kannan,SARANYA KANNAN,case_spacing,acceptable
P04631,aadhaar,marksheet_10,name,Saranya Kannan,SARANYA K,initial,acceptable
P04631,aadhaar,marksheet_12,name,Saranya Kannan,SARANYA K,initial,acceptable
P04631,aadhaar,birth_certificate,name,Saranya Kannan,K. Saranya,initial,acceptable
P04632,aadhaar,pan,name,Rutuja Patel,RUTUJA PATEL,case_spacing,acceptable
P04633,aadhaar,pan,name,Merlin D'Souza,MERLIN D'SOUZA,case_spacing,acceptable
P04634,aadhaar,pan,name,Chaitanya Rao,CHAITANYA RAO,case_spacing,acceptable
P04635,aadhaar,pan,name,Srinivas Reddy,SRINIVAS REDDY,case_spacing,acceptable
P04635,aadhaar,passport,address,"No. 226, Station Road, Malviya Nagar, Pune, Maharashtra - 411133","No. 181, Main Road, Velachery, Thiruvananthapuram, Kerala - 695497",different_address,risky
P04635,aadhaar,birth_certificate,gender,M,F,flipped,critical
P04636,aadhaar,pan,name,Sandeep Agarwal,SANDEEP AGARWAL,case_spacing,acceptable
P04636,aadhaar,marksheet_10,name,Sandeep Agarwal,Shandeep Agarwal,spelling_variant,risky
P04637,aadhaar,pan,name,Balaji Manikandan,Balajji Manikandan,spelling_variant,risky
P04637,aadhaar,marksheet_10,name,Balaji Manikandan,BALAJI M,initial,acceptable
P04637,aadhaar,marksheet_12,name,Balaji Manikandan,BALAJI M,initial,acceptable
P04638,aadhaar,pan,name,Sanjay Verma,SANJAY VERMA,case_spacing,acceptable
P04639,aadhaar,pan,name,Heena Syed,HEENA SYED,case_spacing,acceptable
P04640,aadhaar,pan,name,Zainab Ansari,ZAINAB ANSARI,case_spacing,acceptable
P04640,aadhaar,marksheet_12,name,Zainab Ansari,Zaeenab Ansari,spelling_variant,risky
P04640,aadhaar,passport,dob,2004-06-10,2004-06-12,day_shift,critical
P04640,aadhaar,passport,gender,F,M,flipped,critical
P04640,aadhaar,passport,address,"No. 73, Lake View Road, Koramangala, Chennai, Tamil Nadu - 600907","No. 248, Cross Road, Banjara Hills, Thiruvananthapuram, Kerala - 695890",different_address,risky
P04641,aadhaar,pan,name,Rahul Agarwal,RAHUL AGARWAL,case_spacing,acceptable
P04641,aadhaar,marksheet_10,name,Rahul Agarwal,Rahhul Agarwal,spelling_variant,risky
P04642,aadhaar,pan,name,Athira Menon,ATHIRA MENON,case_spacing,acceptable
P04643,aadhaar,pan,name,Merlin Fernandes,MERLIN FERNANDES,case_spacing,acceptable
P04644,aadhaar,pan,name,Senthil Kannan,SENTHIL KANNAN,case_spacing,acceptable
P04644,aadhaar,marksheet_10,name,Senthil Kannan,SENTHIL K,initial,acceptable
P04644,aadhaar,marksheet_12,name,Senthil Kannan,SENTHIL K,initial,acceptable
P04645,aadhaar,pan,name,Ayesha Qureshi,AYESHA QURESHI,case_spacing,acceptable
P04646,aadhaar,pan,name,Keerthana Ramesh,KEERTHANA RAMESH,case_spacing,acceptable
P04646,aadhaar,marksheet_10,name,Keerthana Ramesh,KEERTHANA R,initial,acceptable
P04646,aadhaar,marksheet_12,name,Keerthana Ramesh,KEERTHANA R,initial,acceptable
P04647,aadhaar,pan,name,Harsh Desai,HARSH DESAI,case_spacing,acceptable
P04648,aadhaar,pan,name,Shreya Tiwari,SHREYA TIWARI,case_spacing,acceptable
P04648,aadhaar,passport,address,"No. 240, 2nd Main, Sector 62, Mysuru, Karnataka - 570031","No. 218, 2nd Main, Sector 62, Thiruvananthapuram, Kerala - 695349",different_address,risky
P04649,aadhaar,pan,name,Vignesh Saravanan,VIGNESH SARAVANAN,case_spacing,acceptable
P04649,aadhaar,marksheet_10,name,Vignesh Saravanan,VIGNESH S,initial,acceptable
P04649,aadhaar,marksheet_12,name,Vignesh Saravanan,VIGNESH S,initial,acceptable
P04649,aadhaar,passport,dob,2002-04-28,2002-04-30,day_shift,critical
P04650,aadhaar,pan,name,Jennifer D'Souza,JENNIFER D'SOUZA,case_spacing,acceptable
P04651,aadhaar,pan,name,Padma Rao,PADMA RAO,case_spacing,acceptable
P04652,aadhaar,pan,name,Harsh Joshi,HARSH JOSHI,case_spacing,acceptable
P04653,aadhaar,pan,name,Naveen Bhat,NAVEEN BHAT,case_spacing,acceptable
P04653,aadhaar,marksheet_10,father_name,Raghavendra Bhat,Raghawendra Bhat,spelling_variant,risky
P04654,aadhaar,pan,name,Kavya Vignesh,KAVYA VIGNESH,case_spacing,acceptable
P04654,aadhaar,marksheet_10,name,Kavya Vignesh,KAVYA V,initial,acceptable
P04654,aadhaar,marksheet_12,name,Kavya Vignesh,KAVYA V,initial,acceptable
P04655,aadhaar,pan,name,Merlin Thomas,MERLIN THOMAS,case_spacing,acceptable
P04655,aadhaar,pan,father_name,George Thomas,George Thomas,spelling_variant,risky
P04656,aadhaar,pan,name,Dhwani Deshpande,DHWANI DESHPANDE,case_spacing,acceptable
P04657,aadhaar,pan,name,Velu Manikandan,Welu Manikandan,spelling_variant,risky
P04657,aadhaar,marksheet_10,name,Velu Manikandan,VELU M,initial,acceptable
P04657,aadhaar,marksheet_12,name,Velu Manikandan,VELU M,initial,acceptable
P04658,aadhaar,pan,name,Parth Patel,PARTH PATEL,case_spacing,acceptable
P04659,aadhaar,pan,name,Madhuri Kulkarni,MADHURI KULKARNI,case_spacing,acceptable
P04660,aadhaar,pan,name,Lavanya Rao,LAVANYA RAO,case_spacing,acceptable
P04660,aadhaar,marksheet_12,father_name,Venkatesh Rao,Venkaatesh Rao,spelling_variant,risky
P04661,aadhaar,pan,name,Ishita Sen,ISHITA SEN,case_spacing,acceptable
P04661,aadhaar,marksheet_12,name,Ishita Sen,Ishhita Sen,spelling_variant,risky
P04662,aadhaar,pan,name,Janani Madhavan,JANANI MADHAVAN,case_spacing,acceptable
P04662,aadhaar,marksheet_10,name,Janani Madhavan,JANANI M,initial,acceptable
P04662,aadhaar,marksheet_12,name,Janani Madhavan,Abirami Madhavan,different_person,critical
P04662,aadhaar,passport,dob,1999-07-09,1999-07-10,day_shift,critical
P04663,aadhaar,pan,name,Arif Pathan,ARIF PATHAN,case_spacing,acceptable
P04664,aadhaar,pan,name,Ajay Verma,AJAY VERMA,case_spacing,acceptable
P04664,aadhaar,marksheet_10,name,Ajay Verma,Ajai Verma,spelling_variant,risky
P04665,aadhaar,pan,name,Lavanya Rao,LAVANYA RAO,case_spacing,acceptable
P04666,aadhaar,pan,name,Sagar Joshi,SAGAR JOSHI,case_spacing,acceptable
P04666,aadhaar,marksheet_10,name,Sagar Joshi,Sagra Joshi,spelling_variant,risky
P04667,aadhaar,pan,name,Priyanka Pandey,PRIYANKA PANDEY,case_spacing,acceptable
P04668,aadhaar,pan,name,Harsh Mehta,HARSH MEHTA,case_spacing,acceptable
P04669,aadhaar,pan,name,Mahesh Chowdary,MAHESH CHOWDARY,case_spacing,acceptable
P04670,aadhaar,pan,name,Naveen Kulkarni,NAVEEN KULKARNI,case_spacing,acceptable
P04671,aadhaar,pan,name,Sumit Chauhan,SUMIT CHAUHAN,case_spacing,acceptable
P04672,aadhaar,pan,name,Keerthana Velu,KEERTHANA VELU,case_spacing,acceptable
P04672,aadhaar,marksheet_10,name,Keerthana Velu,KEERTHANA V,initial,acceptable
P04672,aadhaar,marksheet_10,father_name,Velu,Veloo,spelling_variant,risky
P04672,aadhaar,marksheet_12,name,Keerthana Velu,KEERTHANA V,initial,acceptable
P04673,aadhaar,pan,name,Simran Singh,SIMRAN SINGH,case_spacing,acceptable
P04673,aadhaar,passport,address,"No. 3, Market Street, Jayanagar, Coimbatore, Tamil Nadu - 641097","No. 200, Church Street, Sector 62, Chennai, Tamil Nadu - 600539",different_address,risky
P04674,aadhaar,pan,name,Darshan Gowda,DARSHAN GOWDA,case_spacing,acceptable
P04675,aadhaar,pan,name,Tanushree Ghosh,TANUSHREE GHOSH,case_spacing,acceptable
P04676,aadhaar,pan,name,Sushma Agarwal,SUSHMA AGARWAL,case_spacing,acceptable
P04676,aadhaar,marksheet_12,father_name,Sandeep Agarwal,Shandeep Agarwal,spelling_variant,risky
P04677,aadhaar,pan,name,Siva Kannan,SIVA KANNAN,case_spacing,acceptable
P04677,aadhaar,marksheet_10,name,Siva Kannan,SIVA K,initial,acceptable
P04677,aadhaar,marksheet_12,name,Siva Kannan,SIVA K,initial,acceptable
P04677,aadhaar,birth_certificate,name,Siva Kannan,K. Siva,initial,acceptable
P04678,aadhaar,pan,name,Rohit Yadav,ROHIT YADAV,case_spacing,acceptable
P04678,aadhaar,marksheet_10,name,Rohit Yadav,Roheet Yadav,spelling_variant,risky
P04679,aadhaar,pan,name,Sana Qureshi,SANA QURESHI,case_spacing,acceptable
P04680,aadhaar,pan,name,Sruthi Kurup,SRUTHI KURUP,case_spacing,acceptable
P04680,aadhaar,marksheet_12,father_name,Sanju Kurup,Shanju Kurup,spelling_variant,risky
P04681,aadhaar,pan,name,Shashank Shetty,SHASHANK SHETTY,case_spacing,acceptable
P04682,aadhaar,pan,name,Naresh Varma,NARESH VARMA,case_spacing,acceptable
P04683,aadhaar,pan,name,Simran Sharma,SIMRAN SHARMA,case_spacing,acceptable
P04684,aadhaar,pan,name,Sandeep Sharma,SANDEEP SHARMA,case_spacing,acceptable
P04684,aadhaar,passport,dob,1998-03-14,1998-03-13,day_shift,critical
P04685,aadhaar,pan,name,Shreya Verma,SHREYA VERMA,case_spacing,acceptable
P04685,aadhaar,passport,dob,2003-06-14,2003-06-16,day_shift,critical
P04686,aadhaar,pan,name,Ananya Roy,ANANYA ROY,case_spacing,acceptable
P04687,aadhaar,pan,name,Rajib Mukherjee,RAJIB MUKHERJEE,case_spacing,acceptable
P04688,aadhaar,pan,name,Sneha Singh,SNEHA SINGH,case_spacing,acceptable
P04689,aadhaar,pan,name,Sruthi Panicker,SRUTHI PANICKER,case_spacing,acceptable
P04689,aadhaar,pan,father_name,Sreejith Panicker,Sreejit Panicker,spelling_variant,risky
P04690,aadhaar,pan,name,Srinivas Raju,SRINIVAS RAJU,case_spacing,acceptable
P04690,aadhaar,passport,name,Srinivas Raju,Sreenivas Raju,spelling_variant,risky
P04690,aadhaar,passport,address,"No. 195, Nehru Street, Saket, Ahmedabad, Gujarat - 380640","No. 102, Park Avenue, Koramangala, Madurai, Tamil Nadu - 625839",different_address,risky
P04691,aadhaar,pan,name,Babu Siva,BABU SIVA,case_spacing,acceptable
P04691,aadhaar,marksheet_10,name,Babu Siva,Baboo Siva,spelling_variant,risky
P04691,aadhaar,marksheet_12,name,Babu Siva,BABU S,initial,acceptable
P04691,aadhaar,marksheet_12,father_name,Siva,Sivaa,spelling_variant,risky
P04692,aadhaar,pan,name,Arif Ansari,ARIF ANSARI,case_spacing,acceptable
P04693,aadhaar,pan,name,Anjali Verma,ANJALI VERMA,case_spacing,acceptable
P04694,aadhaar,pan,name,Anjali Pillai,ANJALI PILLAI,case_spacing,acceptable
P04694,aadhaar,birth_certificate,dob,2000-09-12,2000-12-09,day_month_swap,critical
P04695,aadhaar,pan,name,Vignesh Madhavan,VIGNESH MADHAVAN,case_spacing,acceptable
P04695,aadhaar,pan,dob,1998-11-26,1998-11-28,day_shift,critical
P04695,aadhaar,marksheet_10,name,Vignesh Madhavan,VIGNESH M,initial,acceptable
P04695,aadhaar,marksheet_12,name,Vignesh Madhavan,VIGNESH M,initial,acceptable
P04696,aadhaar,pan,name,Amit Gupta,AMIT GUPTA,case_spacing,acceptable
P04696,aadhaar,marksheet_12,father_name,Deepak Gupta,Dheepak Gupta,spelling_variant,risky
P04697,aadhaar,pan,name,Akhil Kurup,AKHIL KURUP,case_spacing,acceptable
P04698,aadhaar,pan,name,Riya Agarwal,Riia Agarwal,spelling_variant,risky
P04698,aadhaar,birth_certificate,dob,2002-10-21,2002-10-22,day_shift,critical
P04699,aadhaar,pan,name,Velu Vignesh,Vellu Vignesh,spelling_variant,risky
P04699,aadhaar,marksheet_10,name,Velu Vignesh,VELU V,initial,acceptable
P04699,aadhaar,marksheet_12,name,Velu Vignesh,VELU V,initial,acceptable
P04700,aadhaar,pan,name,Daniel D'Souza,DANIEL D'SOUZA,case_spacing,acceptable
P04700,aadhaar,marksheet_12,father_name,John D'Souza,Zohn D'Souza,spelling_variant,risky
P04701,aadhaar,pan,name,Rukhsar Ansari,RUKHSAR ANSARI,case_spacing,acceptable
P04702,aadhaar,pan,name,Manikandan Elango,MANIKANDAN ELANGO,case_spacing,acceptable
P04702,aadhaar,marksheet_10,name,Manikandan Elango,MANIKANDAN E,initial,acceptable
P04702,aadhaar,marksheet_12,name,Manikandan Elango,MANIKANDAN E,initial,acceptable
P04703,aadhaar,pan,name,Nikhil Kurup,NIKHIL KURUP,case_spacing,acceptable
P04704,aadhaar,pan,name,Jithin Menon,JITHIN MENON,case_spacing,acceptable
P04705,aadhaar,pan,name,Suresh Rao,SURESH RAO,case_spacing,acceptable
P04705,aadhaar,marksheet_12,father_name,Krishna Rao,Krisna Rao,spelling_variant,risky
P04706,aadhaar,pan,name,Swathi Raju,SWATHI RAJU,case_spacing,acceptable
P04707,aadhaar,pan,name,Joel Mathew,JOEL MATHEW,case_spacing,acceptable
P04707,aadhaar,pan,dob,2000-11-30,2000-11-28,day_shift,critical
P04708,aadhaar,pan,name,Anirban Banerjee,ANIRBAN BANERJEE,case_spacing,acceptable
P04709,aadhaar,pan,name,Vikram Pandey,VIKRAM PANDEY,case_spacing,acceptable
P04710,aadhaar,pan,name,Puneeth Bhat,PUNEETH BHAT,case_spacing,acceptable
P04711,aadhaar,pan,name,Anjali Verma,ANJALI VERMA,case_spacing,acceptable
P04712,aadhaar,pan,name,Reshma Varghese,RESHMA VARGHESE,case_spacing,acceptable
P04713,aadhaar,pan,name,Arnab Bose,ARNAB BOSE,case_spacing,acceptable
P04714,aadhaar,pan,name,Teresa Thomas,TERESA THOMAS,case_spacing,acceptable
P04715,aadhaar,pan,name,Meena Selvam,MEENA SELVAM,case_spacing,acceptable
P04715,aadhaar,marksheet_10,name,Meena Selvam,MEENA S,initial,acceptable
P04715,aadhaar,marksheet_12,name,Meena Selvam,MEENA S,initial,acceptable
P04715,aadhaar,birth_certificate,name,Meena Selvam,S. Meena,initial,acceptable
P04716,aadhaar,pan,name,Nithya Balaji,Niahya Balaji,spelling_variant,risky
P04716,aadhaar,marksheet_10,name,Nithya Balaji,NITHYA B,initial,acceptable
P04716,aadhaar,marksheet_12,name,Nithya Balaji,NITHYA B,initial,acceptable
P04717,aadhaar,pan,name,Divya Menon,DIVYA MENON,case_spacing,acceptable
P04718,aadhaar,pan,name,Anjali Mishra,ANJALI MISHRA,case_spacing,acceptable
P04719,aadhaar,pan,name,Heena Sheikh,HEENA SHEIKH,case_spacing,acceptable
P04720,aadhaar,pan,name,Lakshmi Kannan,LAKSHMI KANNAN,case_spacing,acceptable
P04720,aadhaar,marksheet_10,name,Lakshmi Kannan,LAKSHMI K,initial,acceptable
P04720,aadhaar,marksheet_12,name,Lakshmi Kannan,LAKSHMI K,initial,acceptable
P04721,aadhaar,pan,name,Sushma Singh,SUSHMA SINGH,case_spacing,acceptable
P04722,aadhaar,pan,name,Sushma Verma,Sooshma Verma,spelling_variant,risky
P04723,aadhaar,pan,name,Sana Qureshi,SANA QURESHI,case_spacing,acceptable
P04724,aadhaar,pan,name,Madhuri Chowdary,MADHURI CHOWDARY,case_spacing,acceptable
P04725,aadhaar,pan,name,Hetal Deshpande,HETAL DESHPANDE,case_spacing,acceptable
P04725,aadhaar,passport,address,"No. 189, Gandhi Road, Koramangala, Hyderabad, Telangana - 500519","No. 243, Market Street, Koramangala, Coimbatore, Tamil Nadu - 641018",different_address,risky
P04726,aadhaar,pan,name,Ritu Mishra,Divya Panicker,different_person,critical
P04727,aadhaar,pan,name,Rahul Pandey,Rahool Pandey,spelling_variant,risky
P04728,aadhaar,pan,name,Vishnu Varghese,VISHNU VARGHESE,case_spacing,acceptable
P04729,aadhaar,pan,name,Jennifer D'Souza,JENNIFER D'SOUZA,case_spacing,acceptable
P04729,aadhaar,pan,dob,2002-12-09,2002-09-12,day_month_swap,critical
P04730,aadhaar,pan,name,John Joseph,JOHN JOSEPH,case_spacing,acceptable
P04730,aadhaar,marksheet_10,father_name,Samuel Joseph,Samuell Joseph,spelling_variant,risky
P04730,aadhaar,marksheet_12,name,John Joseph,Zohn Joseph,spelling_variant,risky
P04731,aadhaar,pan,name,Sreejith Kurup,SREEJITH KURUP,case_spacing,acceptable
P04732,aadhaar,pan,name,Geetha Rao,GEETHA RAO,case_spacing,acceptable
P04733,aadhaar,pan,name,Raju Prakash,RAJU PRAKASH,case_spacing,acceptable
P04733,aadhaar,marksheet_10,name,Raju Prakash,RAJU P,initial,acceptable
P04733,aadhaar,marksheet_12,name,Raju Prakash,RAJU P,initial,acceptable
P04733,aadhaar,birth_certificate,name,Raju Prakash,P. Raju,initial,acceptable
P04734,aadhaar,pan,name,Ritu Singh,RITU SINGH,case_spacing,acceptable
P04735,aadhaar,pan,name,Mohammed Qureshi,MOHAMMED QURESHI,case_spacing,acceptable
P04736,aadhaar,pan,name,Naveen Gowda,NAVEEN GOWDA,case_spacing,acceptable
P04737,aadhaar,pan,name,Krupa Desai,KRUPA DESAI,case_spacing,acceptable
P04738,aadhaar,pan,name,Chaitanya Raju,CHAITANYA RAJU,case_spacing,acceptable
P04739,aadhaar,pan,name,Babu Kannan,BABU KANNAN,case_spacing,acceptable
P04739,aadhaar,marksheet_10,name,Babu Kannan,BABU K,initial,acceptable
P04739,aadhaar,marksheet_12,name,Babu Kannan,Bahu Kannan,spelling_variant,risky
P04740,aadhaar,pan,name,Yamini Velu,YAMINI VELU,case_spacing,acceptable
P04740,aadhaar,marksheet_10,name,Yamini Velu,YAMINI V,initial,acceptable
P04740,aadhaar,marksheet_12,name,Yamini Velu,YAMINI V,initial,acceptable
P04741,aadhaar,pan,name,Ankit Singh,ANKIT SINGH,case_spacing,acceptable
P04741,aadhaar,passport,name,Ankit Singh,Ankeet Singh,spelling_variant,risky
P04742,aadhaar,pan,name,Krishna Reddy,KRISHNA REDDY,case_spacing,acceptable
P04743,aadhaar,pan,name,Sameer Ansari,SAMEER ANSARI,case_spacing,acceptable
P04744,aadhaar,pan,name,Sneha Pandey,SNEHA PANDEY,case_spacing,acceptable
P04745,aadhaar,pan,name,Malathi Ramesh,MALATHI RAMESH,case_spacing,acceptable
P04745,aadhaar,marksheet_10,name,Malathi Ramesh,MALATHI R,initial,acceptable
P04745,aadhaar,marksheet_12,name,Malathi Ramesh,MALATHI R,initial,acceptable
P04746,aadhaar,pan,name,Debashis Bose,DEBASHIS BOSE,case_spacing,acceptable
P04746,aadhaar,marksheet_10,name,Debashis Bose,Dbashis Bose,spelling_variant,risky
P04747,aadhaar,pan,name,Krishna Chowdary,KRISHNA CHOWDARY,case_spacing,acceptable
P04747,aadhaar,marksheet_10,name,Krishna Chowdary,Krishhna Chowdary,spelling_variant,risky
P04748,aadhaar,pan,name,Tanushree Mukherjee,Tanushaee Mukherjee,spelling_variant,risky
P04749,aadhaar,pan,name,Imran Sheikh,IMRAN SHEIKH,case_spacing,acceptable
P04750,aadhaar,pan,name,Snehal Joshi,SNEHAL JOSHI,case_spacing,acceptable
P04751,aadhaar,pan,name,Pooja Agarwal,POOJA AGARWAL,case_spacing,acceptable
P04752,aadhaar,pan,name,Satish Rao,SATISH RAO,case_spacing,acceptable
P04753,aadhaar,pan,name,Gaurav Verma,GAURAV VERMA,case_spacing,acceptable
P04754,aadhaar,pan,name,Sanjay Agarwal,SANJAY AGARWAL,case_spacing,acceptable
P04755,aadhaar,pan,name,Lavanya Rao,LAVANYA RAO,case_spacing,acceptable
P04756,aadhaar,pan,name,Gaurav Chauhan,GAURAV CHAUHAN,case_spacing,acceptable
P04756,aadhaar,passport,dob,2003-09-08,2004-09-08,year_shift,critical
P04757,aadhaar,pan,name,Dhwani Mehta,DHWANI MEHTA,case_spacing,acceptable
P04758,aadhaar,pan,name,Shashank Rao,SHASHANK RAO,case_spacing,acceptable
P04758,aadhaar,marksheet_12,name,Shashank Rao,Shashannk Rao,spelling_variant,risky
P04759,aadhaar,pan,name,Ajay Singh,AJAY SINGH,case_spacing,acceptable
P04759,aadhaar,marksheet_12,father_name,Sumit Singh,Soomit Singh,spelling_variant,risky
P04760,aadhaar,pan,name,Sruthi Menon,SRUTHI MENON,case_spacing,acceptable
P04760,aadhaar,marksheet_10,name,Sruthi Menon,Sruti Menon,spelling_variant,risky
P04760,aadhaar,birth_certificate,dob,2003-03-19,2004-03-19,year_shift,critical
P04761,aadhaar,pan,name,Madhuri Varma,MADHURI VARMA,case_spacing,acceptable
P04761,aadhaar,marksheet_10,dob,1998-08-09,1998-08-07,day_shift,critical
P04762,aadhaar,pan,name,Rohit Gupta,ROHIT GUPTA,case_spacing,acceptable
P04763,aadhaar,pan,name,Ravi Raju,RAVI RAJU,case_spacing,acceptable
P04764,aadhaar,pan,name,Manikandan Sundar,Ritu Agarwal,different_person,critical
P04764,aadhaar,marksheet_10,name,Manikandan Sundar,MANIKANDAN S,initial,acceptable
P04764,aadhaar,marksheet_12,name,Manikandan Sundar,MANIKANDAN S,initial,acceptable
P04765,aadhaar,pan,name,Rohit Sharma,ROHIT SHARMA,case_spacing,acceptable
P04766,aadhaar,pan,name,David Fernandes,DAVID FERNANDES,case_spacing,acceptable
P04767,aadhaar,pan,name,Prashanth Kulkarni,PRASHANTH KULKARNI,case_spacing,acceptable
P04768,aadhaar,pan,name,Priya Raju,PRIYA RAJU,case_spacing,acceptable
P04768,aadhaar,marksheet_10,name,Priya Raju,PRIYA R,initial,acceptable
P04768,aadhaar,marksheet_12,name,Priya Raju,PRIYA R,initial,acceptable
P04768,aadhaar,birth_certificate,gender,F,M,flipped,critical
P04769,aadhaar,pan,name,Rashmi Gowda,RASHMI GOWDA,case_spacing,acceptable
P04770,aadhaar,pan,name,Indhu Elango,INDHU ELANGO,case_spacing,acceptable
P04770,aadhaar,marksheet_10,name,Indhu Elango,INDHU E,initial,acceptable
P04770,aadhaar,marksheet_12,name,Indhu Elango,INDHU E,initial,acceptable
P04771,aadhaar,pan,name,Mahesh Raju,MAHESH RAJU,case_spacing,acceptable
P04772,aadhaar,pan,name,Sameer Qureshi,SAMEER QURESHI,case_spacing,acceptable
P04772,aadhaar,marksheet_10,dob,1998-09-06,1997-09-06,year_shift,critical
P04773,aadhaar,pan,name,David Pereira,DAVID PEREIRA,case_spacing,acceptable
P04773,aadhaar,marksheet_12,name,David Pereira,Dhavid Pereira,spelling_variant,risky
P04774,aadhaar,pan,name,Saravanan Vignesh,SARAVANAN VIGNESH,case_spacing,acceptable
P04774,aadhaar,marksheet_10,name,Saravanan Vignesh,SARAVANAN V,initial,acceptable
P04774,aadhaar,marksheet_12,name,Saravanan Vignesh,SARAVANAN V,initial,acceptable
P04775,aadhaar,pan,name,Sagar Deshpande,SAGAR DESHPANDE,case_spacing,acceptable
P04775,aadhaar,marksheet_12,name,Sagar Deshpande,Saagr Deshpande,spelling_variant,risky
P04776,aadhaar,pan,name,Siva Ramesh,SIVA RAMESH,case_spacing,acceptable
P04776,aadhaar,marksheet_10,name,Siva Ramesh,SIVA R,initial,acceptable
P04776,aadhaar,marksheet_12,name,Siva Ramesh,SIVA R,initial,acceptable
P04777,aadhaar,pan,name,Priyanka Pandey,PRIYANKA PANDEY,case_spacing,acceptable
P04778,aadhaar,pan,name,Saravanan Kannan,SARAVANAN KANNAN,case_spacing,acceptable
P04778,aadhaar,marksheet_10,name,Saravanan Kannan,SARAVANAN K,initial,acceptable
P04778,aadhaar,marksheet_12,name,Saravanan Kannan,SARAVANAN K,initial,acceptable
P04778,aadhaar,birth_certificate,name,Saravanan Kannan,K. Saravanan,initial,acceptable
P04779,aadhaar,pan,name,Amit Tiwari,AMIT TIWARI,case_spacing,acceptable
P04780,aadhaar,pan,name,Madhuri Kulkarni,MADHURI KULKARNI,case_spacing,acceptable
P04780,aadhaar,pan,father_name,Omkar Kulkarni,Omkaar Kulkarni,spelling_variant,risky
P04781,aadhaar,pan,name,Parth Kulkarni,PARTH KULKARNI,case_spacing,acceptable
P04782,aadhaar,pan,name,Riya Yadav,RIYA YADAV,case_spacing,acceptable
P04783,aadhaar,pan,name,Raju Arun,RAJU ARUN,case_spacing,acceptable
P04783,aadhaar,marksheet_10,name,Raju Arun,RAJU A,initial,acceptable
P04783,aadhaar,marksheet_12,name,Raju Arun,Rjau Arun,spelling_variant,risky
P04783,aadhaar,birth_certificate,name,Raju Arun,A. Raju,initial,acceptable
P04784,aadhaar,pan,name,Gayathri Arun,GAYATHRI ARUN,case_spacing,acceptable
P04784,aadhaar,pan,dob,1999-02-11,2000-02-11,year_shift,critical
P04784,aadhaar,marksheet_10,name,Gayathri Arun,GAYATHRI A,initial,acceptable
P04784,aadhaar,marksheet_12,name,Gayathri Arun,GAYATHRI A,initial,acceptable
P04785,aadhaar,pan,name,Tejas Patil,TEJAS PATIL,case_spacing,acceptable
P04786,aadhaar,pan,name,Jithin Pillai,JITHIN PILLAI,case_spacing,acceptable
P04787,aadhaar,pan,name,Saravanan Elango,SARAVANAN ELANGO,case_spacing,acceptable
P04787,aadhaar,marksheet_10,name,Saravanan Elango,SARAVANAN E,initial,acceptable
P04787,aadhaar,marksheet_12,name,Saravanan Elango,SARAVANAN E,initial,acceptable
P04788,aadhaar,pan,name,Gopika Pillai,GOPIKA PILLAI,case_spacing,acceptable
P04789,aadhaar,pan,name,Shashank Shetty,SHASHANK SHETTY,case_spacing,acceptable
P04789,aadhaar,birth_certificate,dob,2003-06-30,2004-06-28,year_shift,critical
P04790,aadhaar,pan,name,Deepak Verma,DEEPAK VERMA,case_spacing,acceptable
P04791,aadhaar,pan,name,Ankit Chauhan,ANKIT CHAUHAN,case_spacing,acceptable
P04791,aadhaar,pan,dob,2005-01-15,2005-01-14,day_shift,critical
P04792,aadhaar,pan,name,Sreejith Kurup,SREEJITH KURUP,case_spacing,acceptable
P04793,aadhaar,pan,name,Aswathy Menon,ASWATHY MENON,case_spacing,acceptable
P04794,aadhaar,pan,name,Jyothi Rao,JYOTHI RAO,case_spacing,acceptable
P04794,aadhaar,birth_certificate,name,Jyothi Rao,Jyoti Rao,spelling_variant,risky
P04795,aadhaar,pan,name,Kumar Madhavan,KUMAR MADHAVAN,case_spacing,acceptable
P04795,aadhaar,marksheet_10,name,Kumar Madhavan,KUMAR M,initial,acceptable
P04795,aadhaar,marksheet_12,name,Kumar Madhavan,KUMAR M,initial,acceptable
P04796,aadhaar,pan,name,Vikram Yadav,VIKRAM YADAV,case_spacing,acceptable
P04796,aadhaar,marksheet_12,name,Vikram Yadav,Wikram Yadav,spelling_variant,risky
P04797,aadhaar,pan,name,Satish Gowda,SATISH GOWDA,case_spacing,acceptable
P04798,aadhaar,pan,name,Gopika Varghese,GOPIKA VARGHESE,case_spacing,acceptable
P04798,aadhaar,marksheet_10,father_name,Hari Varghese,Haari Varghese,spelling_variant,risky
P04799,aadhaar,pan,name,Sandeep Yadav,SANDEEP YADAV,case_spacing,acceptable
P04800,aadhaar,pan,name,Nikhil Panicker,NIKHIL PANICKER,case_spacing,acceptable
P04800,aadhaar,passport,address,"No. 91, Gandhi Road, Indiranagar, Noida, Uttar Pradesh - 201377","No. 232, Cross Road, Kakkanad, Ahmedabad, Gujarat - 380121",different_address,risky
P04801,aadhaar,pan,name,Heena Syed,HEENA SYED,case_spacing,acceptable
P04802,aadhaar,pan,name,Jyothi Rao,JYOTHI RAO,case_spacing,acceptable
P04803,aadhaar,pan,name,Irfan Sheikh,IRFAN SHEIKH,case_spacing,acceptable
P04804,aadhaar,pan,name,Madhuri Chowdary,MADHURI CHOWDARY,case_spacing,acceptable
P04805,aadhaar,pan,name,Rutuja Mehta,RUTUJA MEHTA,case_spacing,acceptable
P04806,aadhaar,pan,name,Sharon Pereira,SHARON PEREIRA,case_spacing,acceptable
P04807,aadhaar,pan,name,Siva Ramesh,SIVA RAMESH,case_spacing,acceptable
P04807,aadhaar,marksheet_10,name,Siva Ramesh,SIVA R,initial,acceptable
P04807,aadhaar,marksheet_12,name,Siva Ramesh,SIVA R,initial,acceptable
P04807,aadhaar,birth_certificate,name,Siva Ramesh,Siwa Ramesh,spelling_variant,risky
P04808,aadhaar,pan,name,Joel Fernandes,JOEL FERNANDES,case_spacing,acceptable
P04809,aadhaar,pan,name,Kiran Reddy,KIRAN REDDY,case_spacing,acceptable
P04809,aadhaar,marksheet_12,name,Kiran Reddy,Kian Reddy,spelling_variant,risky
P04810,aadhaar,pan,name,Sneha Mishra,SNEHA MISHRA,case_spacing,acceptable
P04811,aadhaar,pan,name,Neha Sharma,NEHA SHARMA,case_spacing,acceptable
P04812,aadhaar,pan,name,Sangeetha Sundar,SANGEETHA SUNDAR,case_spacing,acceptable
P04812,aadhaar,marksheet_10,name,Sangeetha Sundar,SANGEETHA S,initial,acceptable
P04812,aadhaar,marksheet_12,name,Sangeetha Sundar,SANGEETHA S,initial,acceptable
P04813,aadhaar,pan,name,Pradeep Verma,PRADEEP VERMA,case_spacing,acceptable
P04813,aadhaar,passport,address,"No. 30, 2nd Main, Indiranagar, Madurai, Tamil Nadu - 625671","No. 181, Lake View Road, Indiranagar, Coimbatore, Tamil Nadu - 641655",different_address,risky
P04814,aadhaar,pan,name,Irfan Sheikh,IRFAN SHEIKH,case_spacing,acceptable
P04814,aadhaar,passport,name,Irfan Sheikh,Irfna Sheikh,spelling_variant,risky
P04814,aadhaar,passport,address,"No. 67, Temple Street, Kothrud, Ahmedabad, Gujarat - 380814","No. 218, 2nd Main, Sector 62, Mysuru, Karnataka - 570874",different_address,risky
P04815,aadhaar,pan,name,Shashank Bhat,SHASHANK BHAT,case_spacing,acceptable
P04816,aadhaar,pan,name,Neha Singh,NEHA SINGH,case_spacing,acceptable
P04816,aadhaar,pan,dob,2001-07-22,2001-07-20,day_shift,critical
P04817,aadhaar,pan,name,Kavitha Shetty,KAVITHA SHETTY,case_spacing,acceptable
P04818,aadhaar,pan,name,Sneha Mishra,SNEHA MISHRA,case_spacing,acceptable
P04819,aadhaar,pan,name,Puneeth Bhat,PUNEETH BHAT,case_spacing,acceptable
P04820,aadhaar,pan,name,Gopika Menon,GOPIKA MENON,case_spacing,acceptable
P04821,aadhaar,pan,name,Lavanya Chowdary,LAVANYA CHOWDARY,case_spacing,acceptable
P04821,aadhaar,passport,address,"No. 46, MG Road, Anna Nagar, Mumbai, Maharashtra - 400955","No. 58, Nehru Street, Kakkanad, Bengaluru, Karnataka - 560936",different_address,risky
P04822,aadhaar,pan,name,Nithya Arun,NITHYA ARUN,case_spacing,acceptable
P04822,aadhaar,marksheet_10,name,Nithya Arun,NITHYA A,initial,acceptable
P04822,aadhaar,marksheet_12,name,Nithya Arun,NITHYA A,initial,acceptable
P04822,aadhaar,birth_certificate,name,Nithya Arun,A. Nithya,initial,acceptable
P04823,aadhaar,pan,name,Salman Pathan,SALMAN PATHAN,case_spacing,acceptable
P04824,aadhaar,pan,name,Senthil Kannan,SENTHIL KANNAN,case_spacing,acceptable
P04824,aadhaar,marksheet_10,name,Senthil Kannan,SENTHIL K,initial,acceptable
P04824,aadhaar,marksheet_12,name,Senthil Kannan,SENTHIL K,initial,acceptable
P04825,aadhaar,pan,name,Debjani Das,DEBJANI DAS,case_spacing,acceptable
P04826,aadhaar,pan,name,Daniel Thomas,DANIEL THOMAS,case_spacing,acceptable
P04827,aadhaar,pan,name,Pooja Mishra,POOJA MISHRA,case_spacing,acceptable
P04827,aadhaar,marksheet_10,name,Pooja Mishra,Shreya Yadav,different_person,critical
P04828,aadhaar,pan,name,Rukhsar Ansari,RUKHSAR ANSARI,case_spacing,acceptable
P04829,aadhaar,pan,name,Salman Sheikh,SALMAN SHEIKH,case_spacing,acceptable
P04830,aadhaar,pan,name,Karthik Velu,KARTHIK VELU,case_spacing,acceptable
P04830,aadhaar,marksheet_10,name,Karthik Velu,KARTHIK V,initial,acceptable
P04830,aadhaar,marksheet_10,dob,2002-08-02,2002-02-08,day_month_swap,critical
P04830,aadhaar,marksheet_12,name,Karthik Velu,Karthhik Velu,spelling_variant,risky
P04831,aadhaar,pan,name,Sandeep Agarwal,SANDEEP AGARWAL,case_spacing,acceptable
P04831,aadhaar,birth_certificate,gender,M,F,flipped,critical
P04832,aadhaar,pan,name,Riya Singh,RIYA SINGH,case_spacing,acceptable
P04832,aadhaar,birth_certificate,dob,1998-07-06,1998-07-05,day_shift,critical
P04833,aadhaar,pan,name,Amit Chauhan,AMIT CHAUHAN,case_spacing,acceptable
P04834,aadhaar,pan,name,Tanushree Bose,TANUSHREE BOSE,case_spacing,acceptable
P04835,aadhaar,pan,name,Selvam Kannan,SELVAM KANNAN,case_spacing,acceptable
P04835,aadhaar,marksheet_10,name,Selvam Kannan,SELVAM K,initial,acceptable
P04835,aadhaar,marksheet_12,name,Selvam Kannan,SELVAM K,initial,acceptable
P04836,aadhaar,pan,name,Murugan Kannan,MURUGAN KANNAN,case_spacing,acceptable
P04836,aadhaar,marksheet_10,name,Murugan Kannan,MURUGAN K,initial,acceptable
P04836,aadhaar,marksheet_10,dob,1998-12-17,1999-12-17,year_shift,critical
P04836,aadhaar,marksheet_12,name,Murugan Kannan,MURUGAN K,initial,acceptable
P04837,aadhaar,pan,name,Karthik Balaji,KARTHIK BALAJI,case_spacing,acceptable
P04837,aadhaar,marksheet_10,name,Karthik Balaji,KARTHIK B,initial,acceptable
P04837,aadhaar,marksheet_12,name,Karthik Balaji,KARTHIK B,initial,acceptable
P04838,aadhaar,pan,name,Rahul Kurup,RAHUL KURUP,case_spacing,acceptable
P04839,aadhaar,pan,name,Deepak Tiwari,DEEPAK TIWARI,case_spacing,acceptable
P04840,aadhaar,pan,name,Abdul Pathan,ABDUL PATHAN,case_spacing,acceptable
P04841,aadhaar,pan,name,Spoorthi Kulkarni,SPOORTHI KULKARNI,case_spacing,acceptable
P04841,aadhaar,pan,father_name,Puneeth Kulkarni,Puneethh Kulkarni,spelling_variant,risky
P04842,aadhaar,pan,name,Anagha Kurup,ANAGHA KURUP,case_spacing,acceptable
P04843,aadhaar,pan,name,Jay Desai,JAY DESAI,case_spacing,acceptable
P04844,aadhaar,pan,name,Neha Singh,NEHA SINGH,case_spacing,acceptable
P04845,aadhaar,pan,name,Venkatesh Reddy,Venkaatesh Reddy,spelling_variant,risky
P04845,aadhaar,marksheet_10,father_name,Ravi Reddy,Rawi Reddy,spelling_variant,risky
P04846,aadhaar,pan,name,Sundar Velu,SUNDAR VELU,case_spacing,acceptable
P04846,aadhaar,pan,father_name,Velu,Vellu,spelling_variant,risky
P04846,aadhaar,marksheet_10,name,Sundar Velu,SUNDAR V,initial,acceptable
P04846,aadhaar,marksheet_12,name,Sundar Velu,SUNDAR V,initial,acceptable
P04847,aadhaar,pan,name,Rahul Sharma,RAHUL SHARMA,case_spacing,acceptable
P04847,aadhaar,marksheet_10,father_name,Pradeep Sharma,Praadeep Sharma,spelling_variant,risky
P04848,aadhaar,pan,name,Joel Fernandes,Arif Ansari,different_person,critical
P04849,aadhaar,pan,name,Jennifer Mathew,JENNIFER MATHEW,case_spacing,acceptable
P04849,aadhaar,marksheet_12,name,Jennifer Mathew,Jennnifer Mathew,spelling_variant,risky
P04850,aadhaar,pan,name,Bhoomika Bhat,BHOOMIKA BHAT,case_spacing,acceptable
P04851,aadhaar,pan,name,Swathi Rao,Swathhi Rao,spelling_variant,risky
P04852,aadhaar,pan,name,Pradeep Verma,PRADEEP VERMA,case_spacing,acceptable
P04852,aadhaar,marksheet_10,father_name,Ankit Verma,Ankeet Verma,spelling_variant,risky
P04853,aadhaar,pan,name,Shashank Bhat,SHASHANK BHAT,case_spacing,acceptable
P04854,aadhaar,pan,name,Anjali Agarwal,ANJALI AGARWAL,case_spacing,acceptable
P04855,aadhaar,pan,name,Selvam Siva,SELVAM SIVA,case_spacing,acceptable
P04855,aadhaar,marksheet_10,name,Selvam Siva,SELVAM S,initial,acceptable
P04855,aadhaar,marksheet_10,dob,2002-02-28,2002-02-26,day_shift,critical
P04855,aadhaar,marksheet_12,name,Selvam Siva,Slevam Siva,spelling_variant,risky
P04856,aadhaar,pan,name,Madhuri Rao,MADHURI RAO,case_spacing,acceptable
P04857,aadhaar,pan,name,Prashanth Hegde,PRASHANTH HEGDE,case_spacing,acceptable
P04858,aadhaar,pan,name,Sanjay Verma,SANJAY VERMA,case_spacing,acceptable
P04859,aadhaar,pan,name,Rajib Chatterjee,RAJIB CHATTERJEE,case_spacing,acceptable
P04859,aadhaar,birth_certificate,name,Rajib Chatterjee,Rajbi Chatterjee,spelling_variant,risky
P04860,aadhaar,pan,name,Arnab Bose,ARNAB BOSE,case_spacing,acceptable
P04861,aadhaar,pan,name,Rukhsar Pathan,RUKHSAR PATHAN,case_spacing,acceptable
P04861,aadhaar,birth_certificate,name,Rukhsar Pathan,Ruksar Pathan,spelling_variant,risky
P04862,aadhaar,pan,name,Naresh Raju,NARESH RAJU,case_spacing,acceptable
P04862,aadhaar,marksheet_12,father_name,Mahesh Raju,Maahesh Raju,spelling_variant,risky
P04863,aadhaar,pan,name,Madhavan Saravanan,MADHAVAN SARAVANAN,case_spacing,acceptable
P04863,aadhaar,marksheet_10,name,Madhavan Saravanan,MADHAVAN S,initial,acceptable
P04863,aadhaar,marksheet_10,dob,2002-01-22,2001-01-22,year_shift,critical
P04863,aadhaar,marksheet_12,name,Madhavan Saravanan,MADHAVAN S,initial,acceptable
P04863,aadhaar,birth_certificate,name,Madhavan Saravanan,Madhavna Saravanan,spelling_variant,risky
P04864,aadhaar,pan,name,Rukhsar Syed,RUKHSAR SYED,case_spacing,acceptable
P04864,aadhaar,marksheet_10,name,Rukhsar Syed,Spoorthi Hegde,different_person,critical
P04865,aadhaar,pan,name,Kannan Balaji,KANNAN BALAJI,case_spacing,acceptable
P04865,aadhaar,marksheet_10,name,Kannan Balaji,KANNAN B,initial,acceptable
P04865,aadhaar,marksheet_12,name,Kannan Balaji,KANNAN B,initial,acceptable
P04866,aadhaar,pan,name,Sushma Verma,SUSHMA VERMA,case_spacing,acceptable
P04866,aadhaar,birth_certificate,name,Sushma Verma,Suahma Verma,spelling_variant,risky
P04867,aadhaar,pan,name,Jay Joshi,JAY JOSHI,case_spacing,acceptable
P04868,aadhaar,pan,name,Imran Ansari,IMRAN ANSARI,case_spacing,acceptable
P04869,aadhaar,pan,name,Prasad Chowdary,PRASAD CHOWDARY,case_spacing,acceptable
P04869,aadhaar,marksheet_12,name,Prasad Chowdary,Prsad Chowdary,spelling_variant,risky
P04870,aadhaar,pan,name,Jennifer Joseph,JENNIFER JOSEPH,case_spacing,acceptable
P04871,aadhaar,pan,name,Anand Pillai,ANAND PILLAI,case_spacing,acceptable
P04872,aadhaar,pan,name,Debjani Mukherjee,DEBJANI MUKHERJEE,case_spacing,acceptable
P04873,aadhaar,pan,name,Sandeep Yadav,SANDEEP YADAV,case_spacing,acceptable
P04873,aadhaar,marksheet_10,name,Sandeep Yadav,Pooja Chauhan,different_person,critical
P04874,aadhaar,pan,name,Sundar Velu,SUNDAR VELU,case_spacing,acceptable
P04874,aadhaar,marksheet_10,name,Sundar Velu,SUNDAR V,initial,acceptable
P04874,aadhaar,marksheet_12,name,Sundar Velu,SUNDAR V,initial,acceptable
P04875,aadhaar,pan,name,Elango Prakash,ELANGO PRAKASH,case_spacing,acceptable
P04875,aadhaar,marksheet_10,name,Elango Prakash,ELANGO P,initial,acceptable
P04875,aadhaar,marksheet_12,name,Elango Prakash,ELANGO P,initial,acceptable
P04875,aadhaar,birth_certificate,name,Elango Prakash,P. Elango,initial,acceptable
P04876,aadhaar,pan,name,Anagha Kurup,ANAGHA KURUP,case_spacing,acceptable
P04877,aadhaar,pan,name,Sreya Banerjee,SREYA BANERJEE,case_spacing,acceptable
P04877,aadhaar,marksheet_10,father_name,Sayan Banerjee,Saayan Banerjee,spelling_variant,risky
P04878,aadhaar,pan,name,Shreya Sharma,SHREYA SHARMA,case_spacing,acceptable
P04879,aadhaar,pan,name,Sahana Shetty,SAHANA SHETTY,case_spacing,acceptable
P04880,aadhaar,pan,name,Madhuri Patil,Madhoori Patil,spelling_variant,risky
P04880,aadhaar,marksheet_10,father_name,Harsh Patil,Hars Patil,spelling_variant,risky
P04881,aadhaar,pan,name,Anagha Varghese,ANAGHA VARGHESE,case_spacing,acceptable
P04881,aadhaar,marksheet_12,name,Anagha Varghese,Annagha Varghese,spelling_variant,risky
P04882,aadhaar,pan,name,Sanju Pillai,SANJU PILLAI,case_spacing,acceptable
P04882,aadhaar,marksheet_10,dob,2000-09-09,2000-09-11,day_shift,critical
P04883,aadhaar,pan,name,Sandeep Singh,SANDEEP SINGH,case_spacing,acceptable
P04883,aadhaar,passport,gender,M,F,flipped,critical
P04884,aadhaar,pan,name,Nikhil Pillai,NIKHIL PILLAI,case_spacing,acceptable
P04885,aadhaar,pan,name,Kavya Velu,KAVYA VELU,case_spacing,acceptable
P04885,aadhaar,marksheet_10,name,Kavya Velu,KAVYA V,initial,acceptable
P04885,aadhaar,marksheet_12,name,Kavya Velu,KAVYA V,initial,acceptable
P04886,aadhaar,pan,name,Janani Madhavan,JANANI MADHAVAN,case_spacing,acceptable
P04886,aadhaar,marksheet_10,name,Janani Madhavan,JANANI M,initial,acceptable
P04886,aadhaar,marksheet_12,name,Janani Madhavan,JANANI M,initial,acceptable
P04887,aadhaar,pan,name,Tejas Deshpande,TEJAS DESHPANDE,case_spacing,acceptable
P04888,aadhaar,pan,name,John Joseph,JOHN JOSEPH,case_spacing,acceptable
P04888,aadhaar,pan,dob,2004-08-16,2003-08-16,year_shift,critical
P04889,aadhaar,pan,name,Subhajit Banerjee,SUBHAJIT BANERJEE,case_spacing,acceptable
P04890,aadhaar,pan,name,Anand Kurup,ANAND KURUP,case_spacing,acceptable
P04891,aadhaar,pan,name,Saravanan Sundar,SARAVANAN SUNDAR,case_spacing,acceptable
P04891,aadhaar,pan,father_name,Sundar,Sundaar,spelling_variant,risky
P04891,aadhaar,marksheet_10,name,Saravanan Sundar,SARAVANAN S,initial,acceptable
P04891,aadhaar,marksheet_12,name,Saravanan Sundar,SARAVANAN S,initial,acceptable
P04892,aadhaar,pan,name,Girish Gowda,GIRISH GOWDA,case_spacing,acceptable
P04893,aadhaar,pan,name,Kavya Karthik,KAVYA KARTHIK,case_spacing,acceptable
P04893,aadhaar,marksheet_10,name,Kavya Karthik,KAVYA K,initial,acceptable
P04893,aadhaar,marksheet_12,name,Kavya Karthik,KAVYA K,initial,acceptable
P04894,aadhaar,pan,name,Snehal Patel,SNEHAL PATEL,case_spacing,acceptable
P04895,aadhaar,pan,name,Thomas Thomas,THOMAS THOMAS,case_spacing,acceptable
P04895,aadhaar,marksheet_10,name,Thomas Thomas,Tiomas Thomas,spelling_variant,risky
P04896,aadhaar,pan,name,Anjali Nair,ANJALI NAIR,case_spacing,acceptable
P04897,aadhaar,pan,name,Deepak Gupta,DEEPAK GUPTA,case_spacing,acceptable
P04898,aadhaar,pan,name,Vikram Sharma,VIKRAM SHARMA,case_spacing,acceptable
P04899,aadhaar,pan,name,Kavitha Gowda,KAVITHA GOWDA,case_spacing,acceptable
P04900,aadhaar,pan,name,Fathima Ansari,FATHIMA ANSARI,case_spacing,acceptable
P04901,aadhaar,pan,name,Pradeep Yadav,PRADEEP YADAV,case_spacing,acceptable
P04901,aadhaar,marksheet_10,dob,2001-01-29,2001-01-30,day_shift,critical
P04901,aadhaar,marksheet_12,name,Pradeep Yadav,Padeep Yadav,spelling_variant,risky
P04902,aadhaar,pan,name,Pooja Sharma,POOJA SHARMA,case_spacing,acceptable
P04902,aadhaar,pan,dob,1998-02-27,1998-02-26,day_shift,critical
P04903,aadhaar,pan,name,Kavya Kumar,KAVYA KUMAR,case_spacing,acceptable
P04903,aadhaar,marksheet_10,name,Kavya Kumar,KAVYA K,initial,acceptable
P04903,aadhaar,marksheet_12,name,Kavya Kumar,KAVYA K,initial,acceptable
P04903,aadhaar,birth_certificate,gender,F,M,flipped,critical
P04904,aadhaar,pan,name,Rohit Chauhan,Rohith Chauhan,spelling_variant,risky
P04905,aadhaar,pan,name,Amit Agarwal,AMIT AGARWAL,case_spacing,acceptable
P04906,aadhaar,pan,name,Komal Tiwari,KOMAL TIWARI,case_spacing,acceptable
P04906,aadhaar,pan,father_name,Amit Tiwari,Amith Tiwari,spelling_variant,risky
P04907,aadhaar,pan,name,Divya Reddy,DIVYA REDDY,case_spacing,acceptable
P04908,aadhaar,pan,name,Ramesh Velu,RAMESH VELU,case_spacing,acceptable
P04908,aadhaar,marksheet_10,name,Ramesh Velu,RAMESH V,initial,acceptable
P04908,aadhaar,marksheet_12,name,Ramesh Velu,RAMESH V,initial,acceptable
P04908,aadhaar,birth_certificate,name,Ramesh Velu,V. Ramesh,initial,acceptable
P04909,aadhaar,pan,name,Arif Qureshi,Areef Qureshi,spelling_variant,risky
P04910,aadhaar,pan,name,Hetal Kulkarni,HETAL KULKARNI,case_spacing,acceptable
P04911,aadhaar,pan,name,Imran Pathan,IMRAN PATHAN,case_spacing,acceptable
P04912,aadhaar,pan,name,Joseph Fernandes,JOSEPH FERNANDES,case_spacing,acceptable
P04913,aadhaar,pan,name,Kalaiselvi Kumar,KALAISELVI KUMAR,case_spacing,acceptable
P04913,aadhaar,marksheet_10,name,Kalaiselvi Kumar,KALAISELVI K,initial,acceptable
P04913,aadhaar,marksheet_12,name,Kalaiselvi Kumar,KALAISELVI K,initial,acceptable
P04914,aadhaar,pan,name,Tamilselvi Arun,TAMILSELVI ARUN,case_spacing,acceptable
P04914,aadhaar,marksheet_10,name,Tamilselvi Arun,Tamislelvi Arun,spelling_variant,risky
P04914,aadhaar,marksheet_12,name,Tamilselvi Arun,TAMILSELVI A,initial,acceptable
P04914,aadhaar,birth_certificate,name,Tamilselvi Arun,A. Tamilselvi,initial,acceptable
P04915,aadhaar,pan,name,Kavitha Kulkarni,KAVITHA KULKARNI,case_spacing,acceptable
P04916,aadhaar,pan,name,Ajay Singh,AJAY SINGH,case_spacing,acceptable
P04917,aadhaar,pan,name,Chaitanya Rao,CHAITANYA RAO,case_spacing,acceptable
P04917,aadhaar,pan,father_name,Srinivas Rao,Srinivaas Rao,spelling_variant,risky
P04918,aadhaar,pan,name,Sandeep Tiwari,SANDEEP TIWARI,case_spacing,acceptable
P04919,aadhaar,pan,name,Zainab Syed,ZAINAB SYED,case_spacing,acceptable
P04920,aadhaar,pan,name,Abdul Syed,ABDUL SYED,case_spacing,acceptable
P04920,aadhaar,passport,name,Abdul Syed,Abudl Syed,spelling_variant,risky
P04920,aadhaar,passport,dob,2005-10-21,2004-10-21,year_shift,critical
P04921,aadhaar,pan,name,Suresh Varma,SURESH VARMA,case_spacing,acceptable
P04922,aadhaar,pan,name,Ravi Rao,RAVI RAO,case_spacing,acceptable
P04922,aadhaar,passport,name,Ravi Rao,Raavi Rao,spelling_variant,risky
P04923,aadhaar,pan,name,Ayesha Syed,AYESHA SYED,case_spacing,acceptable
P04923,aadhaar,passport,name,Ayesha Syed,Aysha Syed,spelling_variant,risky
P04924,aadhaar,pan,name,Parth Patil,PARTH PATIL,case_spacing,acceptable
P04924,aadhaar,marksheet_10,name,Parth Patil,Partth Patil,spelling_variant,risky
P04925,aadhaar,pan,name,Bhoomika Bhat,BHOOMIKA BHAT,case_spacing,acceptable
P04926,aadhaar,pan,name,Dhwani Kulkarni,DHWANI KULKARNI,case_spacing,acceptable
P04926,aadhaar,pan,dob,2005-04-20,2005-04-22,day_shift,critical
P04927,aadhaar,pan,name,Gopika Varghese,GOPIKA VARGHESE,case_spacing,acceptable
P04927,aadhaar,pan,dob,1999-09-07,1999-07-09,day_month_swap,critical
P04928,aadhaar,pan,name,Divya Chowdary,DIVYA CHOWDARY,case_spacing,acceptable
P04928,aadhaar,passport,address,"No. 249, 2nd Main, Anna Nagar, Pune, Maharashtra - 411700","No. 179, Cross Road, Indiranagar, Chennai, Tamil Nadu - 600363",different_address,risky
P04928,aadhaar,birth_certificate,dob,1998-09-25,1998-09-23,day_shift,critical
P04929,aadhaar,pan,name,Joel Joseph,JOEL JOSEPH,case_spacing,acceptable
P04929,aadhaar,passport,address,"No. 116, 4th Cross, Sector 62, Kochi, Kerala - 682355","No. 95, Station Road, T Nagar, Mysuru, Karnataka - 570557",different_address,risky
P04930,aadhaar,pan,name,Krupa Kulkarni,KRUPA KULKARNI,case_spacing,acceptable
P04931,aadhaar,pan,name,Sunitha Chowdary,SUNITHA CHOWDARY,case_spacing,acceptable
P04931,aadhaar,passport,address,"No. 9, Nehru Street, Malviya Nagar, Thiruvananthapuram, Kerala - 695370","No. 207, Market Street, Navrangpura, Bengaluru, Karnataka - 560682",different_address,risky
P04932,aadhaar,pan,name,Sushma Agarwal,SUSHMA AGARWAL,case_spacing,acceptable
P04933,aadhaar,pan,name,Suresh Rao,SURESH RAO,case_spacing,acceptable
P04934,aadhaar,pan,name,Selvam Senthil,SELVAM SENTHIL,case_spacing,acceptable
P04934,aadhaar,marksheet_10,name,Selvam Senthil,SELVAM S,initial,acceptable
P04934,aadhaar,marksheet_12,name,Selvam Senthil,SELVAM S,initial,acceptable
P04935,aadhaar,pan,name,Selvam Saravanan,SELVAM SARAVANAN,case_spacing,acceptable
P04935,aadhaar,marksheet_10,name,Selvam Saravanan,SELVAM S,initial,acceptable
P04935,aadhaar,marksheet_12,name,Selvam Saravanan,SELVAM S,initial,acceptable
P04936,aadhaar,pan,name,Teresa Fernandes,TERESA FERNANDES,case_spacing,acceptable
P04937,aadhaar,pan,name,Keerthana Raju,KEERTHANA RAJU,case_spacing,acceptable
P04937,aadhaar,marksheet_10,name,Keerthana Raju,KEERTHANA R,initial,acceptable
P04937,aadhaar,marksheet_12,name,Keerthana Raju,KEERTHANA R,initial,acceptable
P04937,aadhaar,birth_certificate,name,Keerthana Raju,R. Keerthana,initial,acceptable
P04938,aadhaar,pan,name,Ayesha Khan,AYESHA KHAN,case_spacing,acceptable
P04938,aadhaar,birth_certificate,father_name,Salman Khan,Sallman Khan,spelling_variant,risky
P04939,aadhaar,pan,name,Vishnu Nair,VISHNU NAIR,case_spacing,acceptable
P04939,aadhaar,pan,father_name,Sanju Nair,Sanzu Nair,spelling_variant,risky
P04939,aadhaar,marksheet_10,name,Vishnu Nair,Vishnnu Nair,spelling_variant,risky
P04940,aadhaar,pan,name,Zainab Khan,ZAINAB KHAN,case_spacing,acceptable
P04940,aadhaar,marksheet_12,name,Zainab Khan,Gaurav Tiwari,different_person,critical
P04941,aadhaar,pan,name,Farhan Syed,FARHAN SYED,case_spacing,acceptable
P04942,aadhaar,pan,name,Hari Nair,HARI NAIR,case_spacing,acceptable
P04943,aadhaar,pan,name,Raju Madhavan,RAJU MADHAVAN,case_spacing,acceptable
P04943,aadhaar,marksheet_10,name,Raju Madhavan,RAJU M,initial,acceptable
P04943,aadhaar,marksheet_10,father_name,Madhavan,Madavan,spelling_variant,risky
P04943,aadhaar,marksheet_12,name,Raju Madhavan,RAJU M,initial,acceptable
P04944,aadhaar,pan,name,Ajay Pandey,AJAY PANDEY,case_spacing,acceptable
P04944,aadhaar,pan,dob,2002-05-18,2002-05-16,day_shift,critical
P04945,aadhaar,pan,name,Rahul Yadav,RAHUL YADAV,case_spacing,acceptable
P04945,aadhaar,marksheet_12,name,Rahul Yadav,Rahull Yadav,spelling_variant,risky
P04946,aadhaar,pan,name,Thomas Mathew,THOMAS MATHEW,case_spacing,acceptable
P04946,aadhaar,marksheet_12,name,Thomas Mathew,Thomaas Mathew,spelling_variant,risky
P04947,aadhaar,pan,name,Nikhil Panicker,NIKHIL PANICKER,case_spacing,acceptable
P04948,aadhaar,pan,name,Aniket Mehta,ANIKET MEHTA,case_spacing,acceptable
P04949,aadhaar,pan,name,Riya Das,RIYA DAS,case_spacing,acceptable
P04950,aadhaar,pan,name,Fathima Khan,FATHIMA KHAN,case_spacing,acceptable
P04951,aadhaar,pan,name,Jyothi Chowdary,JYOTHI CHOWDARY,case_spacing,acceptable
P04951,aadhaar,marksheet_12,father_name,Mahesh Chowdary,Maahesh Chowdary,spelling_variant,risky
P04952,aadhaar,pan,name,Kavitha Bhat,KAVITHA BHAT,case_spacing,acceptable
P04953,aadhaar,pan,name,Joel Fernandes,JOEL FERNANDES,case_spacing,acceptable
P04954,aadhaar,pan,name,Komal Mishra,KOMAL MISHRA,case_spacing,acceptable
P04954,aadhaar,birth_certificate,name,Komal Mishra,Komall Mishra,spelling_variant,risky
P04955,aadhaar,pan,name,Arnab Roy,ARNAB ROY,case_spacing,acceptable
P04955,aadhaar,marksheet_10,dob,2003-02-03,2003-02-01,day_shift,critical
P04956,aadhaar,pan,name,Arjun Menon,ARJUN MENON,case_spacing,acceptable
P04957,aadhaar,pan,name,Ajay Tiwari,AJAY TIWARI,case_spacing,acceptable
P04958,aadhaar,pan,name,Harish Gowda,HARISH GOWDA,case_spacing,acceptable
P04959,aadhaar,pan,name,Jithin Varghese,JITHIN VARGHESE,case_spacing,acceptable
P04959,aadhaar,passport,address,"No. 227, MG Road, Kothrud, Chennai, Tamil Nadu - 600328","No. 4, Cross Road, Jayanagar, Delhi, Delhi - 110652",different_address,risky
P04960,aadhaar,pan,name,Nazia Ansari,NAZIA ANSARI,case_spacing,acceptable
P04961,aadhaar,pan,name,Daniel Mathew,DANIEL MATHEW,case_spacing,acceptable
P04962,aadhaar,pan,name,Tamilselvi Elango,TAMILSELVI ELANGO,case_spacing,acceptable
P04962,aadhaar,marksheet_10,name,Tamilselvi Elango,TAMILSELVI E,initial,acceptable
P04962,aadhaar,marksheet_12,name,Tamilselvi Elango,TAMILSELVI E,initial,acceptable
P04963,aadhaar,pan,name,Jennifer D'Souza,JENNIFER D'SOUZA,case_spacing,acceptable
P04964,aadhaar,pan,name,Nikhil Deshpande,NIKHIL DESHPANDE,case_spacing,acceptable
P04965,aadhaar,pan,name,Prasad Naidu,Praasad Naidu,spelling_variant,risky
P04965,aadhaar,passport,dob,2001-01-10,2001-01-09,day_shift,critical
P04966,aadhaar,pan,name,Shabana Ansari,SHABANA ANSARI,case_spacing,acceptable
P04966,aadhaar,passport,address,"No. 162, Cross Road, Sector 62, Ahmedabad, Gujarat - 380179","No. 110, Temple Street, Sector 62, Thiruvananthapuram, Kerala - 695705",different_address,risky
P04967,aadhaar,pan,name,Riya Das,RIYA DAS,case_spacing,acceptable
P04968,aadhaar,pan,name,Meena Prakash,MEENA PRAKASH,case_spacing,acceptable
P04968,aadhaar,marksheet_10,name,Meena Prakash,MEENA P,initial,acceptable
P04968,aadhaar,marksheet_12,name,Meena Prakash,MEENA P,initial,acceptable
P04968,aadhaar,passport,name,Meena Prakash,Meeha Prakash,spelling_variant,risky
P04969,aadhaar,pan,name,Arun Ramesh,ARUN RAMESH,case_spacing,acceptable
P04969,aadhaar,marksheet_10,name,Arun Ramesh,ARUN R,initial,acceptable
P04969,aadhaar,marksheet_12,name,Arun Ramesh,ARUN R,initial,acceptable
P04970,aadhaar,pan,name,Arif Syed,ARIF SYED,case_spacing,acceptable
P04971,aadhaar,pan,name,Sagar Patil,SAGAR PATIL,case_spacing,acceptable
P04971,aadhaar,passport,address,"No. 221, Nehru Street, Sector 62, Delhi, Delhi - 110506","No. 107, 4th Cross, Jayanagar, Mysuru, Karnataka - 570577",different_address,risky
P04972,aadhaar,pan,name,Rahul Chauhan,RAHUL CHAUHAN,case_spacing,acceptable
P04973,aadhaar,pan,name,Lavanya Reddy,LAVANYA REDDY,case_spacing,acceptable
P04973,aadhaar,pan,dob,2004-08-14,2003-08-14,year_shift,critical
P04973,aadhaar,marksheet_12,name,Lavanya Reddy,Lavania Reddy,spelling_variant,risky
P04974,aadhaar,pan,name,Sneha Chauhan,SNEHA CHAUHAN,case_spacing,acceptable
P04974,aadhaar,marksheet_12,father_name,Ajay Chauhan,Azay Chauhan,spelling_variant,risky
P04975,aadhaar,pan,name,Lavanya Reddy,LAVANYA REDDY,case_spacing,acceptable
P04976,aadhaar,pan,name,Priyanka Yadav,PRIYANKA YADAV,case_spacing,acceptable
P04976,aadhaar,passport,address,"No. 130, Gandhi Road, Malviya Nagar, Jaipur, Rajasthan - 302931","No. 145, Church Street, Saket, Jaipur, Rajasthan - 302956",different_address,risky
P04977,aadhaar,pan,name,Swathi Raju,SWATHI RAJU,case_spacing,acceptable
P04978,aadhaar,pan,name,Archana Yadav,ARCHANA YADAV,case_spacing,acceptable
P04978,aadhaar,birth_certificate,dob,2002-06-11,2002-06-12,day_shift,critical
P04979,aadhaar,pan,name,Rajib Bose,RAJIB BOSE,case_spacing,acceptable
P04980,aadhaar,pan,name,Rutuja Patil,RUTUJA PATIL,case_spacing,acceptable
P04981,aadhaar,pan,name,Selvam Karthik,SELVAM KARTHIK,case_spacing,acceptable
P04981,aadhaar,marksheet_10,name,Selvam Karthik,SELVAM K,initial,acceptable
P04981,aadhaar,marksheet_12,name,Selvam Karthik,SELVAM K,initial,acceptable
P04982,aadhaar,pan,name,Prashanth Kulkarni,PRASHANTH KULKARNI,case_spacing,acceptable
P04982,aadhaar,birth_certificate,dob,2002-10-01,2002-01-10,day_month_swap,critical
P04983,aadhaar,pan,name,Harsh Deshpande,HARSH DESHPANDE,case_spacing,acceptable
P04984,aadhaar,pan,name,Haritha Naidu,HARITHA NAIDU,case_spacing,acceptable
P04985,aadhaar,pan,name,Pooja Chauhan,POOJA CHAUHAN,case_spacing,acceptable
P04986,aadhaar,pan,name,Kannan Babu,KANNAN BABU,case_spacing,acceptable
P04986,aadhaar,marksheet_10,name,Kannan Babu,KANNAN B,initial,acceptable
P04986,aadhaar,marksheet_12,name,Kannan Babu,Shreya Yadav,different_person,critical
P04987,aadhaar,pan,name,Sumit Pandey,SUMIT PANDEY,case_spacing,acceptable
P04988,aadhaar,pan,name,Pooja Tiwari,POOJA TIWARI,case_spacing,acceptable
P04989,aadhaar,pan,name,Komal Pandey,KOMAL PANDEY,case_spacing,acceptable
P04990,aadhaar,pan,name,Joel Thomas,JOEL THOMAS,case_spacing,acceptable
P04991,aadhaar,pan,name,Pallavi Shetty,PALLAVI SHETTY,case_spacing,acceptable
P04991,aadhaar,marksheet_10,father_name,Puneeth Shetty,Puneethh Shetty,spelling_variant,risky
P04992,aadhaar,pan,name,Ajay Yadav,AJAY YADAV,case_spacing,acceptable
P04993,aadhaar,pan,name,Siva Senthil,SIVA SENTHIL,case_spacing,acceptable
P04993,aadhaar,marksheet_10,name,Siva Senthil,SIVA S,initial,acceptable
P04993,aadhaar,marksheet_12,name,Siva Senthil,SIVA S,initial,acceptable
P04994,aadhaar,pan,name,Raju Saravanan,RAJU SARAVANAN,case_spacing,acceptable
P04994,aadhaar,marksheet_10,name,Raju Saravanan,RAJU S,initial,acceptable
P04994,aadhaar,marksheet_12,name,Raju Saravanan,RAJU S,initial,acceptable
P04995,aadhaar,pan,name,Amit Agarwal,AMIT AGARWAL,case_spacing,acceptable
P04995,aadhaar,marksheet_10,dob,2001-04-30,2001-04-29,day_shift,critical
P04996,aadhaar,pan,name,Kumar Babu,KUMAR BABU,case_spacing,acceptable
P04996,aadhaar,marksheet_10,name,Kumar Babu,KUMAR B,initial,acceptable
P04996,aadhaar,marksheet_12,name,Kumar Babu,KUMAR B,initial,acceptable
P04996,aadhaar,marksheet_12,father_name,Babu,Baboo,spelling_variant,risky
P04996,aadhaar,passport,address,"No. 108, Nehru Street, Kakkanad, Coimbatore, Tamil Nadu - 641790","No. 151, MG Road, T Nagar, Chennai, Tamil Nadu - 600901",different_address,risky
P04996,aadhaar,birth_certificate,name,Kumar Babu,B. Kumar,initial,acceptable
P04997,aadhaar,pan,name,Jay Patel,JAY PATEL,case_spacing,acceptable
P04997,aadhaar,pan,dob,2005-10-07,2005-10-06,day_shift,critical
P04998,aadhaar,pan,name,Sumit Singh,Sumeet Singh,spelling_variant,risky
P04999,aadhaar,pan,name,Pallavi Rao,PALLAVI RAO,case_spacing,acceptable
