person_id,community,gender,given_name,family_name,naming_style,full_name,father_name,dob,address,split,verification_status
P00000,tamil,M,Karthik,Arun,given_father,Karthik Arun,Arun,2004-03-28,"No. 41, Lake View Road, Anna Nagar, Kolkata, West Bengal - 700951",train,clean
P00001,muslim,M,Sameer,Ansari,given_surname,Sameer Ansari,Mohammed Ansari,1999-03-08,"No. 182, Lake View Road, Malviya Nagar, Mumbai, Maharashtra - 400780",train,critical
P00002,north,F,Simran,Agarwal,given_surname,Simran Agarwal,Rohit Agarwal,2002-10-28,"No. 76, Station Road, Jayanagar, Mysuru, Karnataka - 570877",train,clean
P00003,north,F,Anjali,Pandey,given_surname,Anjali Pandey,Sandeep Pandey,2001-10-06,"No. 134, Church Street, Navrangpura, Kochi, Kerala - 682825",train,clean
P00004,muslim,M,Salman,Syed,given_surname,Salman Syed,Mohammed Syed,2005-07-25,"No. 70, Cross Road, Malviya Nagar, Mumbai, Maharashtra - 400554",train,needs_review
P00005,tamil,F,Sangeetha,Prakash,given_father,Sangeetha Prakash,Prakash,1999-04-15,"No. 6, Nehru Street, Jayanagar, Mumbai, Maharashtra - 400743",train,critical
P00006,tamil,F,Vaishnavi,Kumar,given_father,Vaishnavi Kumar,Kumar,2001-09-26,"No. 112, MG Road, Jayanagar, Ahmedabad, Gujarat - 380651",train,clean
P00007,kannada,F,Nandini,Gowda,given_surname,Nandini Gowda,Girish Gowda,2001-04-19,"No. 104, Lake View Road, Kakkanad, Delhi, Delhi - 110072",train,needs_review
P00008,muslim,F,Rukhsar,Syed,given_surname,Rukhsar Syed,Farhan Syed,2002-01-04,"No. 189, Church Street, Banjara Hills, Kochi, Kerala - 682780",train,needs_review
P00009,malayalam,F,Divya,Varghese,given_surname,Divya Varghese,Hari Varghese,2004-11-13,"No. 104, 4th Cross, Kothrud, Mumbai, Maharashtra - 400063",train,clean
P00010,tamil,F,Revathi,Velu,given_father,Revathi Velu,Velu,2000-02-28,"No. 176, 4th Cross, Navrangpura, Hyderabad, Telangana - 500094",train,critical
P00011,malayalam,M,Anand,Varghese,given_surname,Anand Varghese,Rahul Varghese,2004-04-09,"No. 96, Nehru Street, Koramangala, Kochi, Kerala - 682396",train,clean
P00012,tamil,M,Sundar,Madhavan,given_father,Sundar Madhavan,Madhavan,2002-12-06,"No. 174, Main Road, Koramangala, Madurai, Tamil Nadu - 625056",train,clean
P00013,marathi_gujarati,F,Krupa,Patil,given_surname,Krupa Patil,Harsh Patil,1998-09-13,"No. 30, Gandhi Road, Koramangala, Ahmedabad, Gujarat - 380784",train,needs_review
P00014,telugu,M,Venkatesh,Chowdary,given_surname,Venkatesh Chowdary,Kiran Chowdary,2002-10-29,"No. 127, Park Avenue, Anna Nagar, Jaipur, Rajasthan - 302636",val,clean
P00015,muslim,F,Ayesha,Syed,given_surname,Ayesha Syed,Arif Syed,2003-08-15,"No. 244, MG Road, Saket, Delhi, Delhi - 110619",val,needs_review
P00016,telugu,F,Jyothi,Raju,given_surname,Jyothi Raju,Venkatesh Raju,2001-12-27,"No. 164, Gandhi Road, Jayanagar, Mysuru, Karnataka - 570521",val,needs_review
P00017,malayalam,F,Neethu,Menon,given_surname,Neethu Menon,Sreejith Menon,1999-05-11,"No. 211, Main Road, Indiranagar, Coimbatore, Tamil Nadu - 641266",test,critical
P00018,telugu,F,Divya,Reddy,given_surname,Divya Reddy,Krishna Reddy,2004-08-27,"No. 218, Market Street, Indiranagar, Hyderabad, Telangana - 500314",test,clean
P00019,muslim,F,Rukhsar,Pathan,given_surname,Rukhsar Pathan,Imran Pathan,2002-11-22,"No. 133, 2nd Main, Indiranagar, Kolkata, West Bengal - 700163",test,critical
P00020,tamil,M,Arun,Saravanan,given_father,Arun Saravanan,Saravanan,2002-11-01,"No. 148, 4th Cross, Indiranagar, Madurai, Tamil Nadu - 625247",train,clean
P00021,malayalam,F,Anagha,Varghese,given_surname,Anagha Varghese,Akhil Varghese,2003-09-05,"No. 37, 4th Cross, Kakkanad, Kochi, Kerala - 682978",train,needs_review
P00022,north,F,Pooja,Chauhan,given_surname,Pooja Chauhan,Ankit Chauhan,2002-06-25,"No. 47, Park Avenue, Velachery, Coimbatore, Tamil Nadu - 641181",train,clean
P00023,telugu,F,Padma,Raju,given_surname,Padma Raju,Mahesh Raju,2000-04-08,"No. 139, Main Road, Indiranagar, Madurai, Tamil Nadu - 625070",train,critical
P00024,north,M,Rahul,Tiwari,given_surname,Rahul Tiwari,Amit Tiwari,2003-10-07,"No. 65, 4th Cross, Indiranagar, Delhi, Delhi - 110018",train,needs_review
P00025,north,M,Sumit,Agarwal,given_surname,Sumit Agarwal,Rohit Agarwal,2000-03-10,"No. 28, Church Street, Banjara Hills, Hyderabad, Telangana - 500509",train,clean
P00026,marathi_gujarati,M,Sagar,Shah,given_surname,Sagar Shah,Parth Shah,2001-12-09,"No. 121, Park Avenue, Anna Nagar, Delhi, Delhi - 110653",train,clean
P00027,north,M,Ankit,Tiwari,given_surname,Ankit Tiwari,Sumit Tiwari,2005-08-26,"No. 165, Park Avenue, Banjara Hills, Mumbai, Maharashtra - 400672",train,clean
P00028,telugu,M,Naresh,Rao,given_surname,Naresh Rao,Srinivas Rao,2002-02-08,"No. 26, Nehru Street, Banjara Hills, Mysuru, Karnataka - 570891",train,clean
P00029,bengali,M,Arnab,Chatterjee,given_surname,Arnab Chatterjee,Anirban Chatterjee,2003-10-22,"No. 85, Cross Road, Sector 62, Jaipur, Rajasthan - 302671",train,clean
P00030,kannada,F,Asha,Shetty,given_surname,Asha Shetty,Puneeth Shetty,2005-12-09,"No. 248, 2nd Main, T Nagar, Chennai, Tamil Nadu - 600842",train,needs_review
P00031,north,F,Shreya,Verma,given_surname,Shreya Verma,Pradeep Verma,2000-09-02,"No. 91, Church Street, Jayanagar, Jaipur, Rajasthan - 302243",train,clean
P00032,tamil,M,Madhavan,Siva,given_father,Madhavan Siva,Siva,1999-11-26,"No. 203, Temple Street, Salt Lake, Madurai, Tamil Nadu - 625225",train,clean
P00033,kannada,F,Bhoomika,Kulkarni,given_surname,Bhoomika Kulkarni,Darshan Kulkarni,2005-12-22,"No. 146, Cross Road, Anna Nagar, Noida, Uttar Pradesh - 201723",train,needs_review
P00034,kannada,M,Girish,Gowda,given_surname,Girish Gowda,Shashank Gowda,1999-07-23,"No. 154, Main Road, Anna Nagar, Bengaluru, Karnataka - 560417",val,clean
P00035,marathi_gujarati,M,Omkar,Joshi,given_surname,Omkar Joshi,Harsh Joshi,2002-08-06,"No. 200, Lake View Road, Koramangala, Bengaluru, Karnataka - 560748",val,clean
P00036,tamil,F,Janani,Selvam,given_father,Janani Selvam,Selvam,2004-11-12,"No. 128, Station Road, Banjara Hills, Chennai, Tamil Nadu - 600931",val,clean
P00037,telugu,F,Divya,Raju,given_surname,Divya Raju,Ravi Raju,2004-01-07,"No. 224, Gandhi Road, Salt Lake, Noida, Uttar Pradesh - 201250",test,clean
P00038,tamil,F,Janani,Babu,given_father,Janani Babu,Babu,2001-04-17,"No. 7, Market Street, Salt Lake, Kochi, Kerala - 682549",test,needs_review
P00039,telugu,F,Haritha,Naidu,given_surname,Haritha Naidu,Srinivas Naidu,1999-02-07,"No. 43, 2nd Main, Koramangala, Hyderabad, Telangana - 500091",test,critical
P00040,telugu,F,Swathi,Raju,given_surname,Swathi Raju,Kiran Raju,1998-07-17,"No. 71, Main Road, Anna Nagar, Mumbai, Maharashtra - 400563",train,clean
P00041,north,M,Amit,Tiwari,given_surname,Amit Tiwari,Sumit Tiwari,2000-12-14,"No. 121, Cross Road, Andheri, Hyderabad, Telangana - 500638",train,clean
P00042,north,F,Priyanka,Pandey,given_surname,Priyanka Pandey,Ankit Pandey,2005-07-26,"No. 16, Station Road, Navrangpura, Bengaluru, Karnataka - 560707",train,clean
P00043,telugu,F,Madhuri,Raju,given_surname,Madhuri Raju,Mahesh Raju,2000-10-08,"No. 53, MG Road, T Nagar, Kochi, Kerala - 682142",train,critical
P00044,tamil,F,Gayathri,Selvam,given_father,Gayathri Selvam,Selvam,2004-02-10,"No. 100, Station Road, Malviya Nagar, Kolkata, West Bengal - 700686",train,clean
P00045,kannada,M,Satish,Hegde,given_surname,Satish Hegde,Puneeth Hegde,2000-02-23,"No. 203, MG Road, Salt Lake, Chennai, Tamil Nadu - 600742",train,needs_review
P00046,telugu,M,Prasad,Naidu,given_surname,Prasad Naidu,Naresh Naidu,2000-07-08,"No. 66, Park Avenue, Kothrud, Kochi, Kerala - 682584",train,needs_review
P00047,north,M,Pradeep,Pandey,given_surname,Pradeep Pandey,Ankit Pandey,2003-04-11,"No. 191, 4th Cross, T Nagar, Noida, Uttar Pradesh - 201100",train,clean
P00048,north,F,Neha,Verma,given_surname,Neha Verma,Vikram Verma,2003-07-03,"No. 111, MG Road, Koramangala, Mysuru, Karnataka - 570425",train,clean
P00049,kannada,F,Sahana,Shetty,given_surname,Sahana Shetty,Naveen Shetty,2004-07-24,"No. 157, Church Street, Anna Nagar, Kolkata, West Bengal - 700226",train,clean
P00050,malayalam,M,Sanju,Pillai,given_surname,Sanju Pillai,Anand Pillai,1998-11-19,"No. 212, Station Road, Kothrud, Mysuru, Karnataka - 570288",train,clean
P00051,telugu,F,Divya,Raju,given_surname,Divya Raju,Chaitanya Raju,2003-11-26,"No. 114, Main Road, Andheri, Ahmedabad, Gujarat - 380901",train,clean
P00052,tamil,M,Madhavan,Babu,given_father,Madhavan Babu,Babu,2004-10-22,"No. 4, 2nd Main, Andheri, Thiruvananthapuram, Kerala - 695752",train,clean
P00053,marathi_gujarati,M,Harsh,Joshi,given_surname,Harsh Joshi,Sagar Joshi,2003-03-15,"No. 36, Lake View Road, T Nagar, Kolkata, West Bengal - 700068",train,needs_review
P00054,telugu,M,Suresh,Reddy,given_surname,Suresh Reddy,Ravi Reddy,2004-03-02,"No. 99, Church Street, Saket, Coimbatore, Tamil Nadu - 641561",val,clean
P00055,muslim,M,Mohammed,Qureshi,given_surname,Mohammed Qureshi,Arif Qureshi,2005-02-21,"No. 7, MG Road, Jayanagar, Hyderabad, Telangana - 500656",val,critical
P00056,telugu,M,Prasad,Varma,given_surname,Prasad Varma,Chaitanya Varma,1999-08-15,"No. 242, MG Road, Banjara Hills, Bengaluru, Karnataka - 560270",val,clean
P00057,kannada,F,Spoorthi,Shetty,given_surname,Spoorthi Shetty,Manjunath Shetty,2002-03-26,"No. 75, Park Avenue, Banjara Hills, Pune, Maharashtra - 411992",test,critical
P00058,marathi_gujarati,M,Harsh,Patel,given_surname,Harsh Patel,Nikhil Patel,2001-06-20,"No. 163, Market Street, Andheri, Chennai, Tamil Nadu - 600289",test,needs_review
P00059,marathi_gujarati,F,Madhuri,Patil,given_surname,Madhuri Patil,Omkar Patil,2003-06-12,"No. 81, Church Street, Koramangala, Kolkata, West Bengal - 700007",test,needs_review
P00060,christian,M,Daniel,Pereira,given_surname,Daniel Pereira,Joseph Pereira,2003-04-18,"No. 195, MG Road, Jayanagar, Bengaluru, Karnataka - 560539",train,clean
P00061,north,F,Simran,Pandey,given_surname,Simran Pandey,Vikram Pandey,2002-04-19,"No. 231, Market Street, Salt Lake, Hyderabad, Telangana - 500509",train,clean
P00062,telugu,F,Divya,Raju,given_surname,Divya Raju,Kiran Raju,2002-01-03,"No. 117, Church Street, Velachery, Noida, Uttar Pradesh - 201405",train,clean
P00063,tamil,F,Harini,Elango,given_father,Harini Elango,Elango,1999-04-21,"No. 156, Temple Street, Malviya Nagar, Madurai, Tamil Nadu - 625882",train,clean
P00064,tamil,F,Harini,Siva,given_father,Harini Siva,Siva,2005-09-30,"No. 170, Nehru Street, Banjara Hills, Coimbatore, Tamil Nadu - 641072",train,clean
P00065,muslim,M,Abdul,Ansari,given_surname,Abdul Ansari,Arif Ansari,2003-09-01,"No. 195, Gandhi Road, Sector 62, Coimbatore, Tamil Nadu - 641840",train,clean
P00066,marathi_gujarati,F,Hetal,Deshpande,given_surname,Hetal Deshpande,Jay Deshpande,2000-08-26,"No. 213, Cross Road, Velachery, Delhi, Delhi - 110579",train,clean
P00067,telugu,M,Chaitanya,Naidu,given_surname,Chaitanya Naidu,Ravi Naidu,1998-11-12,"No. 39, Main Road, Velachery, Delhi, Delhi - 110131",train,clean
P00068,muslim,F,Shabana,Ansari,given_surname,Shabana Ansari,Sameer Ansari,1999-08-12,"No. 219, 4th Cross, Koramangala, Coimbatore, Tamil Nadu - 641313",train,clean
P00069,north,M,Rohit,Tiwari,given_surname,Rohit Tiwari,Deepak Tiwari,2002-07-30,"No. 133, Main Road, Banjara Hills, Hyderabad, Telangana - 500081",train,clean
P00070,north,F,Neha,Mishra,given_surname,Neha Mishra,Sandeep Mishra,1998-09-15,"No. 1, 2nd Main, Sector 62, Thiruvananthapuram, Kerala - 695190",train,clean
P00071,north,F,Shreya,Yadav,given_surname,Shreya Yadav,Deepak Yadav,2000-01-09,"No. 176, Church Street, Kakkanad, Madurai, Tamil Nadu - 625214",train,needs_review
P00072,tamil,M,Ramesh,Velu,given_father,Ramesh Velu,Velu,2000-05-20,"No. 135, Cross Road, Koramangala, Jaipur, Rajasthan - 302773",train,clean
P00073,north,F,Komal,Sharma,given_surname,Komal Sharma,Vikram Sharma,2003-10-27,"No. 12, MG Road, Kakkanad, Chennai, Tamil Nadu - 600515",train,critical
P00074,telugu,M,Kiran,Varma,given_surname,Kiran Varma,Srinivas Varma,2003-05-22,"No. 244, Main Road, Salt Lake, Madurai, Tamil Nadu - 625160",val,clean
P00075,tamil,M,Balaji,Selvam,given_father,Balaji Selvam,Selvam,1998-04-08,"No. 40, Park Avenue, Saket, Pune, Maharashtra - 411938",val,clean
P00076,malayalam,M,Jithin,Pillai,given_surname,Jithin Pillai,Akhil Pillai,2001-09-18,"No. 224, 4th Cross, Kothrud, Delhi, Delhi - 110331",val,clean
P00077,telugu,M,Chaitanya,Reddy,given_surname,Chaitanya Reddy,Ravi Reddy,2004-12-18,"No. 84, Gandhi Road, Jayanagar, Kolkata, West Bengal - 700830",test,critical
P00078,tamil,M,Senthil,Manikandan,given_father,Senthil Manikandan,Manikandan,2001-02-10,"No. 84, 2nd Main, Salt Lake, Delhi, Delhi - 110087",test,clean
P00079,muslim,M,Mohammed,Ansari,given_surname,Mohammed Ansari,Arif Ansari,2001-01-19,"No. 8, Lake View Road, T Nagar, Chennai, Tamil Nadu - 600393",test,clean
P00080,tamil,M,Senthil,Manikandan,given_father,Senthil Manikandan,Manikandan,1998-10-08,"No. 161, Lake View Road, Indiranagar, Thiruvananthapuram, Kerala - 695646",train,clean
P00081,telugu,F,Bhavani,Raju,given_surname,Bhavani Raju,Srinivas Raju,1998-10-29,"No. 176, MG Road, Jayanagar, Bengaluru, Karnataka - 560414",train,clean
P00082,muslim,F,Ayesha,Sheikh,given_surname,Ayesha Sheikh,Sameer Sheikh,2002-11-04,"No. 150, Market Street, Indiranagar, Noida, Uttar Pradesh - 201124",train,clean
P00083,telugu,M,Prasad,Varma,given_surname,Prasad Varma,Srinivas Varma,1999-06-25,"No. 221, Cross Road, Navrangpura, Mumbai, Maharashtra - 400697",train,clean
P00084,telugu,F,Swathi,Raju,given_surname,Swathi Raju,Naresh Raju,2005-05-26,"No. 84, Nehru Street, Anna Nagar, Jaipur, Rajasthan - 302295",train,critical
P00085,tamil,F,Gayathri,Balaji,given_father,Gayathri Balaji,Balaji,1998-09-20,"No. 244, Station Road, Velachery, Chennai, Tamil Nadu - 600683",train,clean
P00086,kannada,F,Shilpa,Kulkarni,given_surname,Shilpa Kulkarni,Satish Kulkarni,2003-07-18,"No. 81, Lake View Road, T Nagar, Kolkata, West Bengal - 700568",train,clean
P00087,tamil,M,Kumar,Murugan,given_father,Kumar Murugan,Murugan,2001-08-05,"No. 158, Church Street, T Nagar, Coimbatore, Tamil Nadu - 641286",train,clean
P00088,kannada,M,Puneeth,Hegde,given_surname,Puneeth Hegde,Girish Hegde,2004-08-24,"No. 172, Church Street, Banjara Hills, Delhi, Delhi - 110066",train,clean
P00089,telugu,F,Swathi,Varma,given_surname,Swathi Varma,Suresh Varma,2003-03-22,"No. 123, Station Road, Malviya Nagar, Chennai, Tamil Nadu - 600880",train,needs_review
P00090,tamil,M,Prakash,Murugan,given_father,Prakash Murugan,Murugan,2002-09-20,"No. 51, 4th Cross, Malviya Nagar, Coimbatore, Tamil Nadu - 641537",train,needs_review
P00091,muslim,F,Rukhsar,Sheikh,given_surname,Rukhsar Sheikh,Sameer Sheikh,2000-06-16,"No. 204, 2nd Main, Salt Lake, Pune, Maharashtra - 411814",train,needs_review
P00092,kannada,M,Harish,Kulkarni,given_surname,Harish Kulkarni,Manjunath Kulkarni,2002-01-02,"No. 7, Temple Street, Salt Lake, Madurai, Tamil Nadu - 625249",train,clean
P00093,malayalam,M,Hari,Kurup,given_surname,Hari Kurup,Sanju Kurup,2002-07-24,"No. 239, 2nd Main, T Nagar, Pune, Maharashtra - 411021",train,clean
P00094,tamil,M,Vignesh,Babu,given_father,Vignesh Babu,Babu,2005-01-08,"No. 190, Cross Road, Banjara Hills, Mumbai, Maharashtra - 400122",val,clean
P00095,malayalam,M,Anand,Kurup,given_surname,Anand Kurup,Akhil Kurup,2002-09-07,"No. 231, 2nd Main, Salt Lake, Hyderabad, Telangana - 500178",val,needs_review
P00096,telugu,M,Venkatesh,Varma,given_surname,Venkatesh Varma,Mahesh Varma,2005-02-07,"No. 145, Main Road, Salt Lake, Jaipur, Rajasthan - 302053",val,clean
P00097,marathi_gujarati,M,Jay,Joshi,given_surname,Jay Joshi,Tejas Joshi,1998-01-31,"No. 84, Lake View Road, Andheri, Thiruvananthapuram, Kerala - 695350",test,clean
P00098,tamil,F,Meena,Ramesh,given_father,Meena Ramesh,Ramesh,2005-12-12,"No. 155, Lake View Road, Indiranagar, Kolkata, West Bengal - 700317",test,clean
P00099,telugu,F,Sravani,Naidu,given_surname,Sravani Naidu,Chaitanya Naidu,2003-04-23,"No. 28, Temple Street, Velachery, Ahmedabad, Gujarat - 380980",test,clean
P00100,bengali,M,Rajib,Bose,given_surname,Rajib Bose,Sayan Bose,2002-09-06,"No. 86, Temple Street, Malviya Nagar, Chennai, Tamil Nadu - 600162",train,needs_review
P00101,marathi_gujarati,F,Rutuja,Patel,given_surname,Rutuja Patel,Omkar Patel,2005-10-27,"No. 23, Park Avenue, Kakkanad, Noida, Uttar Pradesh - 201572",train,clean
P00102,telugu,F,Madhuri,Naidu,given_surname,Madhuri Naidu,Krishna Naidu,2002-05-21,"No. 236, Cross Road, Malviya Nagar, Thiruvananthapuram, Kerala - 695608",train,critical
P00103,north,M,Rohit,Sharma,given_surname,Rohit Sharma,Gaurav Sharma,1999-11-13,"No. 212, Nehru Street, Indiranagar, Bengaluru, Karnataka - 560364",train,clean
P00104,north,F,Anjali,Verma,given_surname,Anjali Verma,Gaurav Verma,1998-08-10,"No. 174, Market Street, Malviya Nagar, Chennai, Tamil Nadu - 600087",train,clean
P00105,tamil,F,Lakshmi,Sundar,given_father,Lakshmi Sundar,Sundar,2001-01-15,"No. 67, MG Road, Anna Nagar, Kolkata, West Bengal - 700310",train,clean
P00106,kannada,F,Nandini,Rao,given_surname,Nandini Rao,Darshan Rao,2005-05-01,"No. 91, 4th Cross, Navrangpura, Madurai, Tamil Nadu - 625802",train,critical
P00107,kannada,F,Pallavi,Shetty,given_surname,Pallavi Shetty,Darshan Shetty,2004-09-04,"No. 145, Market Street, Navrangpura, Bengaluru, Karnataka - 560371",train,needs_review
P00108,tamil,M,Saravanan,Raju,given_father,Saravanan Raju,Raju,1999-12-20,"No. 147, 4th Cross, Anna Nagar, Coimbatore, Tamil Nadu - 641051",train,needs_review
P00109,tamil,F,Nithya,Selvam,given_father,Nithya Selvam,Selvam,1998-04-20,"No. 193, Church Street, T Nagar, Ahmedabad, Gujarat - 380654",train,clean
P00110,malayalam,M,Akhil,Nair,given_surname,Akhil Nair,Sanju Nair,2002-04-01,"No. 35, Station Road, Koramangala, Coimbatore, Tamil Nadu - 641683",train,clean
P00111,marathi_gujarati,F,Prachi,Kulkarni,given_surname,Prachi Kulkarni,Parth Kulkarni,2000-12-30,"No. 60, MG Road, Salt Lake, Noida, Uttar Pradesh - 201456",train,needs_review
P00112,tamil,M,Madhavan,Manikandan,given_father,Madhavan Manikandan,Manikandan,2004-12-04,"No. 72, Market Street, Banjara Hills, Noida, Uttar Pradesh - 201566",train,needs_review
P00113,tamil,F,Vaishnavi,Velu,given_father,Vaishnavi Velu,Velu,1999-12-01,"No. 76, Station Road, Banjara Hills, Delhi, Delhi - 110895",train,clean
P00114,bengali,F,Tanushree,Chatterjee,given_surname,Tanushree Chatterjee,Arnab Chatterjee,2002-05-01,"No. 6, Nehru Street, Anna Nagar, Noida, Uttar Pradesh - 201221",val,needs_review
P00115,christian,M,Daniel,Pereira,given_surname,Daniel Pereira,David Pereira,2001-10-06,"No. 37, Cross Road, Andheri, Thiruvananthapuram, Kerala - 695789",val,needs_review
P00116,north,M,Rahul,Chauhan,given_surname,Rahul Chauhan,Rohit Chauhan,2003-04-10,"No. 138, Temple Street, Indiranagar, Kochi, Kerala - 682701",val,needs_review
P00117,muslim,F,Rukhsar,Pathan,given_surname,Rukhsar Pathan,Mohammed Pathan,1998-01-20,"No. 164, Station Road, Salt Lake, Pune, Maharashtra - 411469",test,clean
P00118,telugu,M,Prasad,Rao,given_surname,Prasad Rao,Ravi Rao,2002-10-13,"No. 150, Park Avenue, Navrangpura, Mumbai, Maharashtra - 400305",test,clean
P00119,north,M,Gaurav,Tiwari,given_surname,Gaurav Tiwari,Rohit Tiwari,1998-02-23,"No. 179, Church Street, Salt Lake, Ahmedabad, Gujarat - 380961",test,needs_review
P00120,north,F,Anjali,Pandey,given_surname,Anjali Pandey,Deepak Pandey,2005-10-21,"No. 101, Lake View Road, Anna Nagar, Jaipur, Rajasthan - 302729",train,clean
P00121,tamil,F,Tamilselvi,Murugan,given_father,Tamilselvi Murugan,Murugan,2001-02-14,"No. 211, Church Street, Anna Nagar, Pune, Maharashtra - 411258",train,needs_review
P00122,tamil,M,Velu,Babu,given_father,Velu Babu,Babu,2002-06-04,"No. 39, Market Street, Kothrud, Noida, Uttar Pradesh - 201015",train,needs_review
P00123,north,F,Sushma,Tiwari,given_surname,Sushma Tiwari,Gaurav Tiwari,2001-05-08,"No. 183, Nehru Street, Indiranagar, Jaipur, Rajasthan - 302207",train,needs_review
P00124,malayalam,F,Sruthi,Varghese,given_surname,Sruthi Varghese,Hari Varghese,2002-02-07,"No. 24, Park Avenue, T Nagar, Kolkata, West Bengal - 700986",train,clean
P00125,telugu,F,Haritha,Varma,given_surname,Haritha Varma,Naresh Varma,1999-03-12,"No. 8, Market Street, Banjara Hills, Noida, Uttar Pradesh - 201077",train,needs_review
P00126,tamil,M,Kannan,Arun,given_father,Kannan Arun,Arun,1999-06-29,"No. 14, Main Road, Velachery, Madurai, Tamil Nadu - 625639",train,needs_review
P00127,muslim,F,Rukhsar,Sheikh,given_surname,Rukhsar Sheikh,Farhan Sheikh,2005-04-26,"No. 87, Nehru Street, Sector 62, Ahmedabad, Gujarat - 380324",train,critical
P00128,tamil,M,Balaji,Vignesh,given_father,Balaji Vignesh,Vignesh,2005-07-16,"No. 185, 4th Cross, Andheri, Ahmedabad, Gujarat - 380036",train,clean
P00129,kannada,F,Bhoomika,Shetty,given_surname,Bhoomika Shetty,Darshan Shetty,2000-02-05,"No. 133, Temple Street, T Nagar, Thiruvananthapuram, Kerala - 695858",train,clean
P00130,north,F,Sneha,Mishra,given_surname,Sneha Mishra,Sumit Mishra,2001-09-25,"No. 160, Temple Street, Sector 62, Mysuru, Karnataka - 570600",train,critical
P00131,malayalam,M,Sreejith,Pillai,given_surname,Sreejith Pillai,Arjun Pillai,2000-05-14,"No. 238, Lake View Road, Sector 62, Hyderabad, Telangana - 500281",train,clean
P00132,tamil,F,Kavya,Raju,given_father,Kavya Raju,Raju,2003-11-16,"No. 137, Temple Street, T Nagar, Delhi, Delhi - 110291",train,clean
P00133,north,M,Sumit,Singh,given_surname,Sumit Singh,Pradeep Singh,2003-02-22,"No. 144, Church Street, Anna Nagar, Mysuru, Karnataka - 570318",train,clean
P00134,tamil,F,Gayathri,Murugan,given_father,Gayathri Murugan,Murugan,2003-12-15,"No. 106, Cross Road, Anna Nagar, Thiruvananthapuram, Kerala - 695425",val,needs_review
P00135,tamil,M,Senthil,Elango,given_father,Senthil Elango,Elango,1998-08-21,"No. 166, Main Road, Navrangpura, Bengaluru, Karnataka - 560035",val,clean
P00136,north,M,Ajay,Gupta,given_surname,Ajay Gupta,Sandeep Gupta,2005-07-23,"No. 135, Temple Street, Sector 62, Pune, Maharashtra - 411308",val,clean
P00137,tamil,M,Ramesh,Siva,given_father,Ramesh Siva,Siva,1999-09-27,"No. 76, Lake View Road, T Nagar, Jaipur, Rajasthan - 302969",test,clean
P00138,tamil,M,Madhavan,Saravanan,given_father,Madhavan Saravanan,Saravanan,2001-10-05,"No. 99, Market Street, Velachery, Pune, Maharashtra - 411469",test,clean
P00139,muslim,F,Heena,Syed,given_surname,Heena Syed,Irfan Syed,2004-07-23,"No. 88, MG Road, T Nagar, Thiruvananthapuram, Kerala - 695698",test,clean
P00140,telugu,M,Krishna,Chowdary,given_surname,Krishna Chowdary,Prasad Chowdary,2005-06-10,"No. 49, Church Street, Saket, Kochi, Kerala - 682238",train,clean
P00141,telugu,F,Sravani,Naidu,given_surname,Sravani Naidu,Suresh Naidu,2004-12-12,"No. 185, Nehru Street, Kothrud, Mumbai, Maharashtra - 400122",train,clean
P00142,muslim,F,Fathima,Sheikh,given_surname,Fathima Sheikh,Salman Sheikh,2001-07-27,"No. 30, MG Road, Koramangala, Jaipur, Rajasthan - 302293",train,clean
P00143,christian,M,George,Fernandes,given_surname,George Fernandes,David Fernandes,2003-02-11,"No. 212, Main Road, T Nagar, Kochi, Kerala - 682394",train,clean
P00144,north,F,Anjali,Chauhan,given_surname,Anjali Chauhan,Sandeep Chauhan,2001-07-16,"No. 192, Temple Street, Malviya Nagar, Kochi, Kerala - 682105",train,clean
P00145,tamil,F,Janani,Raju,given_father,Janani Raju,Raju,2004-04-24,"No. 75, Church Street, T Nagar, Kolkata, West Bengal - 700037",train,clean
P00146,tamil,M,Velu,Balaji,given_father,Velu Balaji,Balaji,1999-01-10,"No. 142, Lake View Road, Kothrud, Hyderabad, Telangana - 500727",train,clean
P00147,north,M,Amit,Tiwari,given_surname,Amit Tiwari,Ankit Tiwari,2005-04-14,"No. 21, 2nd Main, Kothrud, Coimbatore, Tamil Nadu - 641064",train,clean
P00148,tamil,M,Madhavan,Senthil,given_father,Madhavan Senthil,Senthil,2005-07-20,"No. 239, Station Road, Malviya Nagar, Ahmedabad, Gujarat - 380771",train,needs_review
P00149,bengali,M,Subhajit,Banerjee,given_surname,Subhajit Banerjee,Debashis Banerjee,2003-02-07,"No. 108, Church Street, Navrangpura, Mumbai, Maharashtra - 400531",train,clean
P00150,telugu,F,Lavanya,Reddy,given_surname,Lavanya Reddy,Kiran Reddy,1999-12-21,"No. 74, Temple Street, Velachery, Kochi, Kerala - 682447",train,clean
P00151,tamil,F,Priya,Arun,given_father,Priya Arun,Arun,2004-11-25,"No. 16, 2nd Main, Velachery, Noida, Uttar Pradesh - 201175",train,clean
P00152,tamil,M,Manikandan,Prakash,given_father,Manikandan Prakash,Prakash,2003-02-16,"No. 250, Station Road, Andheri, Chennai, Tamil Nadu - 600231",train,needs_review
P00153,marathi_gujarati,F,Rutuja,Patil,given_surname,Rutuja Patil,Jay Patil,1999-12-09,"No. 169, Gandhi Road, Kothrud, Hyderabad, Telangana - 500226",train,clean
P00154,telugu,M,Srinivas,Rao,given_surname,Srinivas Rao,Suresh Rao,2005-09-23,"No. 96, Nehru Street, Indiranagar, Coimbatore, Tamil Nadu - 641853",val,clean
P00155,north,M,Amit,Chauhan,given_surname,Amit Chauhan,Gaurav Chauhan,1999-09-19,"No. 228, Station Road, Kakkanad, Chennai, Tamil Nadu - 600717",val,clean
P00156,north,M,Rahul,Pandey,given_surname,Rahul Pandey,Sumit Pandey,2001-04-11,"No. 151, Temple Street, Malviya Nagar, Coimbatore, Tamil Nadu - 641339",val,clean
P00157,bengali,F,Ishita,Sen,given_surname,Ishita Sen,Rajib Sen,2002-08-14,"No. 183, 2nd Main, Koramangala, Noida, Uttar Pradesh - 201939",test,clean
P00158,bengali,F,Moumita,Bose,given_surname,Moumita Bose,Subhajit Bose,2005-01-02,"No. 223, Main Road, Malviya Nagar, Hyderabad, Telangana - 500528",test,clean
P00159,marathi_gujarati,F,Sayali,Kulkarni,given_surname,Sayali Kulkarni,Parth Kulkarni,1999-09-02,"No. 221, 2nd Main, Velachery, Thiruvananthapuram, Kerala - 695545",test,clean
P00160,malayalam,F,Athira,Menon,given_surname,Athira Menon,Nikhil Menon,2004-01-11,"No. 41, Church Street, Sector 62, Kolkata, West Bengal - 700759",train,needs_review
P00161,malayalam,M,Sreejith,Nair,given_surname,Sreejith Nair,Akhil Nair,2002-06-20,"No. 39, Cross Road, Navrangpura, Jaipur, Rajasthan - 302244",train,clean
P00162,malayalam,F,Neethu,Varghese,given_surname,Neethu Varghese,Vishnu Varghese,2000-07-27,"No. 1, Church Street, Andheri, Bengaluru, Karnataka - 560856",train,needs_review
P00163,north,F,Anjali,Yadav,given_surname,Anjali Yadav,Sandeep Yadav,2004-07-28,"No. 238, Temple Street, Saket, Jaipur, Rajasthan - 302652",train,needs_review
P00164,marathi_gujarati,M,Sagar,Joshi,given_surname,Sagar Joshi,Aniket Joshi,1999-12-16,"No. 29, Gandhi Road, Anna Nagar, Ahmedabad, Gujarat - 380981",train,needs_review
P00165,bengali,M,Arnab,Sen,given_surname,Arnab Sen,Sayan Sen,2002-04-17,"No. 61, MG Road, Navrangpura, Noida, Uttar Pradesh - 201030",train,clean
P00166,north,F,Anjali,Mishra,given_surname,Anjali Mishra,Amit Mishra,2000-03-05,"No. 240, Market Street, T Nagar, Bengaluru, Karnataka - 560522",train,needs_review
P00167,north,F,Sneha,Singh,given_surname,Sneha Singh,Ankit Singh,2004-07-12,"No. 105, Lake View Road, Kothrud, Mysuru, Karnataka - 570480",train,clean
P00168,muslim,M,Abdul,Syed,given_surname,Abdul Syed,Imran Syed,2004-12-29,"No. 245, Nehru Street, Jayanagar, Pune, Maharashtra - 411422",train,critical
P00169,christian,M,Joel,Fernandes,given_surname,Joel Fernandes,George Fernandes,2004-02-03,"No. 131, Market Street, Salt Lake, Pune, Maharashtra - 411929",train,clean
P00170,marathi_gujarati,F,Madhuri,Mehta,given_surname,Madhuri Mehta,Harsh Mehta,2001-06-23,"No. 60, Station Road, Kothrud, Delhi, Delhi - 110053",train,clean
P00171,kannada,F,Nandini,Shetty,given_surname,Nandini Shetty,Satish Shetty,2005-05-03,"No. 80, Gandhi Road, Malviya Nagar, Coimbatore, Tamil Nadu - 641737",train,clean
P00172,telugu,F,Madhuri,Chowdary,given_surname,Madhuri Chowdary,Chaitanya Chowdary,2004-01-28,"No. 145, Temple Street, Indiranagar, Kolkata, West Bengal - 700327",train,clean
P00173,kannada,M,Manjunath,Rao,given_surname,Manjunath Rao,Raghavendra Rao,2000-03-05,"No. 10, Station Road, Malviya Nagar, Chennai, Tamil Nadu - 600836",train,clean
P00174,north,F,Riya,Pandey,given_surname,Riya Pandey,Sandeep Pandey,1999-02-24,"No. 244, Temple Street, Saket, Hyderabad, Telangana - 500958",val,critical
P00175,kannada,F,Spoorthi,Bhat,given_surname,Spoorthi Bhat,Manjunath Bhat,2001-09-27,"No. 219, Gandhi Road, Sector 62, Jaipur, Rajasthan - 302392",val,clean
P00176,telugu,M,Mahesh,Rao,given_surname,Mahesh Rao,Chaitanya Rao,2003-09-01,"No. 230, MG Road, Andheri, Ahmedabad, Gujarat - 380585",val,clean
P00177,telugu,F,Jyothi,Varma,given_surname,Jyothi Varma,Prasad Varma,2005-07-10,"No. 169, Cross Road, T Nagar, Madurai, Tamil Nadu - 625961",test,clean
P00178,tamil,F,Tamilselvi,Sundar,given_father,Tamilselvi Sundar,Sundar,2005-11-07,"No. 75, Temple Street, Malviya Nagar, Coimbatore, Tamil Nadu - 641047",test,needs_review
P00179,malayalam,F,Reshma,Menon,given_surname,Reshma Menon,Akhil Menon,2002-01-23,"No. 180, MG Road, Kothrud, Hyderabad, Telangana - 500560",test,needs_review
P00180,muslim,M,Abdul,Pathan,given_surname,Abdul Pathan,Mohammed Pathan,2003-01-10,"No. 250, Park Avenue, Velachery, Coimbatore, Tamil Nadu - 641889",train,needs_review
P00181,kannada,M,Harish,Shetty,given_surname,Harish Shetty,Girish Shetty,2005-03-27,"No. 86, Temple Street, Indiranagar, Mysuru, Karnataka - 570607",train,clean
P00182,malayalam,F,Gopika,Pillai,given_surname,Gopika Pillai,Hari Pillai,2003-10-23,"No. 74, Market Street, Jayanagar, Kochi, Kerala - 682545",train,clean
P00183,tamil,M,Velu,Elango,given_father,Velu Elango,Elango,2003-05-09,"No. 105, Station Road, Koramangala, Ahmedabad, Gujarat - 380907",train,clean
P00184,north,M,Pradeep,Gupta,given_surname,Pradeep Gupta,Deepak Gupta,2003-06-23,"No. 219, 2nd Main, Andheri, Kochi, Kerala - 682971",train,clean
P00185,tamil,M,Babu,Karthik,given_father,Babu Karthik,Karthik,2000-10-18,"No. 100, Park Avenue, Navrangpura, Delhi, Delhi - 110131",train,critical
P00186,muslim,F,Fathima,Khan,given_surname,Fathima Khan,Imran Khan,2000-08-08,"No. 204, Park Avenue, Koramangala, Delhi, Delhi - 110233",train,clean
P00187,marathi_gujarati,F,Hetal,Mehta,given_surname,Hetal Mehta,Tejas Mehta,2003-07-12,"No. 87, MG Road, Indiranagar, Pune, Maharashtra - 411318",train,clean
P00188,telugu,F,Madhuri,Raju,given_surname,Madhuri Raju,Suresh Raju,2002-05-09,"No. 227, Station Road, Navrangpura, Chennai, Tamil Nadu - 600808",train,clean
P00189,muslim,F,Rukhsar,Sheikh,given_surname,Rukhsar Sheikh,Irfan Sheikh,2000-11-25,"No. 35, Nehru Street, Malviya Nagar, Bengaluru, Karnataka - 560894",train,needs_review
P00190,north,M,Pradeep,Chauhan,given_surname,Pradeep Chauhan,Deepak Chauhan,2004-09-20,"No. 41, Lake View Road, Indiranagar, Pune, Maharashtra - 411908",train,clean
P00191,tamil,F,Gayathri,Velu,given_father,Gayathri Velu,Velu,2004-12-25,"No. 205, Station Road, Sector 62, Jaipur, Rajasthan - 302911",train,clean
P00192,bengali,M,Subhajit,Roy,given_surname,Subhajit Roy,Anirban Roy,2003-09-12,"No. 183, Church Street, Saket, Ahmedabad, Gujarat - 380973",train,needs_review
P00193,kannada,M,Naveen,Bhat,given_surname,Naveen Bhat,Prashanth Bhat,2000-07-20,"No. 105, MG Road, Salt Lake, Kochi, Kerala - 682238",train,clean
P00194,marathi_gujarati,M,Tejas,Patel,given_surname,Tejas Patel,Omkar Patel,2005-10-04,"No. 58, Main Road, Velachery, Mumbai, Maharashtra - 400650",val,clean
P00195,christian,F,Jessica,Mathew,given_surname,Jessica Mathew,Joel Mathew,2003-10-16,"No. 236, 2nd Main, Andheri, Bengaluru, Karnataka - 560121",val,clean
P00196,muslim,M,Arif,Pathan,given_surname,Arif Pathan,Salman Pathan,2004-05-10,"No. 239, Temple Street, Salt Lake, Madurai, Tamil Nadu - 625036",val,clean
P00197,north,M,Sumit,Singh,given_surname,Sumit Singh,Deepak Singh,1998-12-25,"No. 20, Gandhi Road, Koramangala, Hyderabad, Telangana - 500806",test,critical
P00198,kannada,M,Satish,Kulkarni,given_surname,Satish Kulkarni,Naveen Kulkarni,2004-02-16,"No. 166, Station Road, Velachery, Madurai, Tamil Nadu - 625496",test,clean
P00199,marathi_gujarati,M,Tejas,Mehta,given_surname,Tejas Mehta,Aniket Mehta,2001-11-27,"No. 174, 2nd Main, Velachery, Ahmedabad, Gujarat - 380608",test,clean
P00200,kannada,F,Geetha,Bhat,given_surname,Geetha Bhat,Naveen Bhat,2002-01-18,"No. 95, 4th Cross, Indiranagar, Pune, Maharashtra - 411507",train,clean
P00201,north,F,Simran,Chauhan,given_surname,Simran Chauhan,Sumit Chauhan,1998-03-07,"No. 214, 4th Cross, Navrangpura, Hyderabad, Telangana - 500281",train,needs_review
P00202,tamil,F,Sowmya,Karthik,given_father,Sowmya Karthik,Karthik,1998-06-05,"No. 73, Nehru Street, Sector 62, Chennai, Tamil Nadu - 600552",train,clean
P00203,north,M,Sanjay,Yadav,given_surname,Sanjay Yadav,Sandeep Yadav,2001-12-01,"No. 139, 2nd Main, T Nagar, Madurai, Tamil Nadu - 625323",train,clean
P00204,bengali,F,Payel,Bose,given_surname,Payel Bose,Subhajit Bose,2000-05-01,"No. 17, Park Avenue, Andheri, Pune, Maharashtra - 411001",train,clean
P00205,telugu,M,Chaitanya,Naidu,given_surname,Chaitanya Naidu,Prasad Naidu,2000-02-09,"No. 3, Church Street, Banjara Hills, Coimbatore, Tamil Nadu - 641385",train,clean
P00206,kannada,M,Darshan,Gowda,given_surname,Darshan Gowda,Manjunath Gowda,2001-01-06,"No. 28, Gandhi Road, Navrangpura, Madurai, Tamil Nadu - 625136",train,clean
P00207,tamil,M,Prakash,Saravanan,given_father,Prakash Saravanan,Saravanan,1999-06-27,"No. 90, Nehru Street, Malviya Nagar, Chennai, Tamil Nadu - 600748",train,critical
P00208,tamil,F,Indhu,Balaji,given_father,Indhu Balaji,Balaji,2001-09-29,"No. 47, 4th Cross, Banjara Hills, Hyderabad, Telangana - 500204",train,needs_review
P00209,malayalam,M,Akhil,Kurup,given_surname,Akhil Kurup,Arjun Kurup,1999-05-24,"No. 154, 2nd Main, Navrangpura, Pune, Maharashtra - 411557",train,critical
P00210,tamil,F,Yamini,Vignesh,given_father,Yamini Vignesh,Vignesh,2000-05-24,"No. 188, Temple Street, Saket, Hyderabad, Telangana - 500331",train,needs_review
P00211,muslim,F,Fathima,Khan,given_surname,Fathima Khan,Abdul Khan,2001-01-13,"No. 68, Gandhi Road, Malviya Nagar, Madurai, Tamil Nadu - 625989",train,needs_review
P00212,telugu,F,Bhavani,Varma,given_surname,Bhavani Varma,Srinivas Varma,2003-01-07,"No. 150, Temple Street, Koramangala, Delhi, Delhi - 110542",train,clean
P00213,tamil,M,Kumar,Kannan,given_father,Kumar Kannan,Kannan,2002-10-06,"No. 94, Market Street, Malviya Nagar, Mysuru, Karnataka - 570455",train,needs_review
P00214,tamil,M,Babu,Siva,given_father,Babu Siva,Siva,2004-01-07,"No. 100, MG Road, Kothrud, Ahmedabad, Gujarat - 380847",val,clean
P00215,kannada,F,Geetha,Kulkarni,given_surname,Geetha Kulkarni,Manjunath Kulkarni,2005-10-29,"No. 13, Market Street, Navrangpura, Noida, Uttar Pradesh - 201297",val,needs_review
P00216,tamil,M,Sundar,Vignesh,given_father,Sundar Vignesh,Vignesh,2002-05-24,"No. 174, 2nd Main, Indiranagar, Mysuru, Karnataka - 570003",val,clean
P00217,marathi_gujarati,F,Rutuja,Joshi,given_surname,Rutuja Joshi,Aniket Joshi,1999-08-21,"No. 135, Park Avenue, Anna Nagar, Bengaluru, Karnataka - 560209",test,clean
P00218,tamil,M,Arun,Selvam,given_father,Arun Selvam,Selvam,2001-06-08,"No. 129, Main Road, Navrangpura, Jaipur, Rajasthan - 302018",test,clean
P00219,north,M,Ankit,Chauhan,given_surname,Ankit Chauhan,Rahul Chauhan,2001-02-28,"No. 156, MG Road, Indiranagar, Thiruvananthapuram, Kerala - 695264",test,clean
P00220,north,F,Ritu,Chauhan,given_surname,Ritu Chauhan,Rahul Chauhan,2004-12-29,"No. 239, Church Street, Jayanagar, Madurai, Tamil Nadu - 625168",train,clean
P00221,tamil,M,Kannan,Saravanan,given_father,Kannan Saravanan,Saravanan,2000-12-08,"No. 143, Park Avenue, Saket, Madurai, Tamil Nadu - 625631",train,needs_review
P00222,muslim,M,Imran,Ansari,given_surname,Imran Ansari,Salman Ansari,1998-03-27,"No. 168, Station Road, Salt Lake, Jaipur, Rajasthan - 302074",train,clean
P00223,muslim,M,Mohammed,Khan,given_surname,Mohammed Khan,Arif Khan,1999-06-08,"No. 23, Cross Road, Anna Nagar, Coimbatore, Tamil Nadu - 641334",train,clean
P00224,north,M,Gaurav,Agarwal,given_surname,Gaurav Agarwal,Sandeep Agarwal,2004-03-04,"No. 65, Church Street, Saket, Pune, Maharashtra - 411383",train,clean
P00225,north,F,Komal,Tiwari,given_surname,Komal Tiwari,Rahul Tiwari,2004-04-25,"No. 7, MG Road, Koramangala, Mumbai, Maharashtra - 400639",train,clean
P00226,muslim,F,Rukhsar,Sheikh,given_surname,Rukhsar Sheikh,Irfan Sheikh,2002-12-17,"No. 223, Cross Road, Jayanagar, Madurai, Tamil Nadu - 625659",train,needs_review
P00227,tamil,M,Manikandan,Balaji,given_father,Manikandan Balaji,Balaji,2005-08-04,"No. 199, Lake View Road, Kothrud, Chennai, Tamil Nadu - 600965",train,clean
P00228,north,F,Sushma,Gupta,given_surname,Sushma Gupta,Ankit Gupta,2004-03-23,"No. 137, Gandhi Road, Malviya Nagar, Kochi, Kerala - 682899",train,needs_review
P00229,tamil,F,Kalaiselvi,Karthik,given_father,Kalaiselvi Karthik,Karthik,1999-02-02,"No. 233, Nehru Street, Andheri, Ahmedabad, Gujarat - 380881",train,needs_review
P00230,tamil,F,Sangeetha,Elango,given_father,Sangeetha Elango,Elango,1999-09-29,"No. 88, Park Avenue, Koramangala, Kolkata, West Bengal - 700733",train,clean
P00231,malayalam,M,Arjun,Pillai,given_surname,Arjun Pillai,Hari Pillai,2001-08-24,"No. 145, Station Road, Saket, Ahmedabad, Gujarat - 380687",train,clean
P00232,tamil,M,Raju,Babu,given_father,Raju Babu,Babu,2005-04-03,"No. 78, Station Road, Banjara Hills, Delhi, Delhi - 110550",train,clean
P00233,tamil,M,Elango,Siva,given_father,Elango Siva,Siva,1998-12-22,"No. 81, Park Avenue, Sector 62, Ahmedabad, Gujarat - 380860",train,clean
P00234,tamil,F,Tamilselvi,Siva,given_father,Tamilselvi Siva,Siva,2003-11-19,"No. 85, Park Avenue, Saket, Hyderabad, Telangana - 500519",val,critical
P00235,tamil,M,Selvam,Manikandan,given_father,Selvam Manikandan,Manikandan,2003-03-10,"No. 211, Church Street, Kakkanad, Jaipur, Rajasthan - 302383",val,clean
P00236,kannada,F,Bhoomika,Hegde,given_surname,Bhoomika Hegde,Harish Hegde,2003-07-16,"No. 64, 2nd Main, Indiranagar, Delhi, Delhi - 110571",val,critical
P00237,christian,F,Mary,Joseph,given_surname,Mary Joseph,Samuel Joseph,1998-08-02,"No. 115, Nehru Street, Velachery, Hyderabad, Telangana - 500177",test,clean
P00238,north,M,Gaurav,Yadav,given_surname,Gaurav Yadav,Ajay Yadav,2000-03-13,"No. 247, 2nd Main, Anna Nagar, Hyderabad, Telangana - 500113",test,needs_review
P00239,telugu,M,Ravi,Rao,given_surname,Ravi Rao,Srinivas Rao,2000-11-22,"No. 201, Cross Road, Kakkanad, Bengaluru, Karnataka - 560176",test,critical
P00240,tamil,F,Yamini,Balaji,given_father,Yamini Balaji,Balaji,2004-02-01,"No. 8, Cross Road, Jayanagar, Jaipur, Rajasthan - 302657",train,clean
P00241,malayalam,M,Sreejith,Kurup,given_surname,Sreejith Kurup,Hari Kurup,2004-01-10,"No. 42, Park Avenue, Kothrud, Ahmedabad, Gujarat - 380337",train,needs_review
P00242,bengali,F,Ishita,Ghosh,given_surname,Ishita Ghosh,Subhajit Ghosh,2000-02-18,"No. 181, 2nd Main, Sector 62, Coimbatore, Tamil Nadu - 641723",train,clean
P00243,north,M,Sandeep,Tiwari,given_surname,Sandeep Tiwari,Sanjay Tiwari,1998-08-22,"No. 123, Nehru Street, Anna Nagar, Hyderabad, Telangana - 500651",train,clean
P00244,muslim,M,Abdul,Khan,given_surname,Abdul Khan,Irfan Khan,2004-09-27,"No. 96, 2nd Main, Malviya Nagar, Mysuru, Karnataka - 570365",train,clean
P00245,telugu,F,Haritha,Reddy,given_surname,Haritha Reddy,Krishna Reddy,2000-08-16,"No. 208, Cross Road, Koramangala, Mysuru, Karnataka - 570413",train,clean
P00246,muslim,M,Sameer,Khan,given_surname,Sameer Khan,Farhan Khan,2001-10-29,"No. 139, Lake View Road, Saket, Kochi, Kerala - 682509",train,critical
P00247,north,M,Gaurav,Agarwal,given_surname,Gaurav Agarwal,Deepak Agarwal,2003-09-12,"No. 48, Gandhi Road, Kothrud, Ahmedabad, Gujarat - 380998",train,clean
P00248,bengali,M,Abhijit,Ghosh,given_surname,Abhijit Ghosh,Sayan Ghosh,1999-09-18,"No. 118, Station Road, Salt Lake, Coimbatore, Tamil Nadu - 641530",train,clean
P00249,north,M,Pradeep,Tiwari,given_surname,Pradeep Tiwari,Amit Tiwari,2004-10-24,"No. 83, Cross Road, Saket, Bengaluru, Karnataka - 560190",train,clean
P00250,tamil,F,Yamini,Murugan,given_father,Yamini Murugan,Murugan,2005-03-06,"No. 70, MG Road, Andheri, Ahmedabad, Gujarat - 380111",train,clean
P00251,kannada,F,Pallavi,Bhat,given_surname,Pallavi Bhat,Girish Bhat,2002-03-12,"No. 133, Temple Street, Velachery, Noida, Uttar Pradesh - 201717",train,clean
P00252,telugu,M,Naresh,Reddy,given_surname,Naresh Reddy,Suresh Reddy,2002-12-10,"No. 248, Church Street, Banjara Hills, Coimbatore, Tamil Nadu - 641174",train,clean
P00253,telugu,F,Swathi,Varma,given_surname,Swathi Varma,Naresh Varma,1999-09-26,"No. 222, Temple Street, Jayanagar, Delhi, Delhi - 110564",train,clean
P00254,north,M,Ankit,Gupta,given_surname,Ankit Gupta,Vikram Gupta,2004-05-16,"No. 125, 2nd Main, Koramangala, Noida, Uttar Pradesh - 201316",val,needs_review
P00255,telugu,M,Mahesh,Raju,given_surname,Mahesh Raju,Naresh Raju,1998-02-10,"No. 89, Park Avenue, Indiranagar, Ahmedabad, Gujarat - 380138",val,clean
P00256,north,F,Priyanka,Yadav,given_surname,Priyanka Yadav,Sandeep Yadav,2000-12-15,"No. 198, Gandhi Road, T Nagar, Thiruvananthapuram, Kerala - 695004",val,clean
P00257,marathi_gujarati,M,Omkar,Deshpande,given_surname,Omkar Deshpande,Jay Deshpande,2005-05-03,"No. 24, 2nd Main, Banjara Hills, Ahmedabad, Gujarat - 380372",test,clean
P00258,bengali,F,Sreya,Bose,given_surname,Sreya Bose,Abhijit Bose,2000-01-02,"No. 232, Main Road, Andheri, Bengaluru, Karnataka - 560510",test,clean
P00259,kannada,F,Bhoomika,Rao,given_surname,Bhoomika Rao,Raghavendra Rao,2004-06-19,"No. 187, 4th Cross, Saket, Jaipur, Rajasthan - 302868",test,clean
P00260,north,M,Amit,Verma,given_surname,Amit Verma,Sanjay Verma,2005-10-29,"No. 217, Lake View Road, Banjara Hills, Chennai, Tamil Nadu - 600251",train,needs_review
P00261,marathi_gujarati,M,Tejas,Mehta,given_surname,Tejas Mehta,Omkar Mehta,1998-12-13,"No. 103, Cross Road, Indiranagar, Mumbai, Maharashtra - 400548",train,clean
P00262,tamil,M,Kannan,Prakash,given_father,Kannan Prakash,Prakash,2000-05-14,"No. 231, Station Road, Jayanagar, Pune, Maharashtra - 411385",train,needs_review
P00263,tamil,M,Madhavan,Kannan,given_father,Madhavan Kannan,Kannan,2000-06-09,"No. 7, Gandhi Road, Kothrud, Noida, Uttar Pradesh - 201701",train,clean
P00264,bengali,F,Ishita,Das,given_surname,Ishita Das,Subhajit Das,2004-11-16,"No. 8, Nehru Street, Kakkanad, Chennai, Tamil Nadu - 600295",train,needs_review
P00265,muslim,M,Imran,Pathan,given_surname,Imran Pathan,Salman Pathan,2001-11-03,"No. 244, Gandhi Road, Indiranagar, Mysuru, Karnataka - 570286",train,clean
P00266,north,M,Rahul,Chauhan,given_surname,Rahul Chauhan,Deepak Chauhan,2005-03-30,"No. 232, Temple Street, Koramangala, Delhi, Delhi - 110343",train,needs_review
P00267,tamil,M,Raju,Prakash,given_father,Raju Prakash,Prakash,2005-02-17,"No. 112, Nehru Street, Anna Nagar, Madurai, Tamil Nadu - 625869",train,needs_review
P00268,muslim,M,Mohammed,Khan,given_surname,Mohammed Khan,Irfan Khan,1999-06-20,"No. 169, Station Road, Saket, Mysuru, Karnataka - 570650",train,clean
P00269,north,M,Ankit,Tiwari,given_surname,Ankit Tiwari,Gaurav Tiwari,2001-10-03,"No. 101, Market Street, T Nagar, Mysuru, Karnataka - 570075",train,critical
P00270,christian,M,Joseph,Joseph,given_surname,Joseph Joseph,David Joseph,2003-03-06,"No. 110, MG Road, Koramangala, Noida, Uttar Pradesh - 201344",train,needs_review
P00271,north,F,Pooja,Yadav,given_surname,Pooja Yadav,Rohit Yadav,1999-07-29,"No. 231, 4th Cross, Kothrud, Kolkata, West Bengal - 700887",train,clean
P00272,malayalam,M,Anand,Nair,given_surname,Anand Nair,Rahul Nair,2004-03-30,"No. 4, Gandhi Road, Banjara Hills, Mumbai, Maharashtra - 400208",train,critical
P00273,tamil,F,Vaishnavi,Manikandan,given_father,Vaishnavi Manikandan,Manikandan,1999-06-22,"No. 196, MG Road, Koramangala, Ahmedabad, Gujarat - 380845",train,clean
P00274,tamil,F,Tamilselvi,Saravanan,given_father,Tamilselvi Saravanan,Saravanan,2002-07-26,"No. 133, 2nd Main, Velachery, Coimbatore, Tamil Nadu - 641013",val,clean
P00275,muslim,F,Fathima,Pathan,given_surname,Fathima Pathan,Arif Pathan,2000-12-25,"No. 226, 2nd Main, Banjara Hills, Thiruvananthapuram, Kerala - 695900",val,needs_review
P00276,tamil,F,Meena,Velu,given_father,Meena Velu,Velu,2001-04-17,"No. 41, Lake View Road, T Nagar, Jaipur, Rajasthan - 302510",val,clean
P00277,muslim,F,Rukhsar,Qureshi,given_surname,Rukhsar Qureshi,Imran Qureshi,2002-12-18,"No. 74, Main Road, Banjara Hills, Noida, Uttar Pradesh - 201838",test,clean
P00278,north,M,Ajay,Tiwari,given_surname,Ajay Tiwari,Sandeep Tiwari,2003-09-11,"No. 161, MG Road, Jayanagar, Pune, Maharashtra - 411145",test,needs_review
P00279,tamil,F,Vaishnavi,Babu,given_father,Vaishnavi Babu,Babu,2004-03-17,"No. 187, Church Street, Navrangpura, Noida, Uttar Pradesh - 201429",test,needs_review
P00280,muslim,F,Zainab,Sheikh,given_surname,Zainab Sheikh,Salman Sheikh,2005-02-09,"No. 191, Gandhi Road, Malviya Nagar, Hyderabad, Telangana - 500321",train,clean
P00281,telugu,M,Krishna,Raju,given_surname,Krishna Raju,Ravi Raju,2002-08-21,"No. 247, 2nd Main, Banjara Hills, Mumbai, Maharashtra - 400616",train,clean
P00282,north,M,Pradeep,Mishra,given_surname,Pradeep Mishra,Amit Mishra,2000-04-08,"No. 226, Nehru Street, Indiranagar, Mumbai, Maharashtra - 400725",train,needs_review
P00283,christian,F,Sharon,Pereira,given_surname,Sharon Pereira,Joel Pereira,2001-12-20,"No. 125, Church Street, Indiranagar, Kolkata, West Bengal - 700482",train,critical
P00284,kannada,M,Satish,Rao,given_surname,Satish Rao,Raghavendra Rao,2003-10-03,"No. 89, 4th Cross, T Nagar, Kochi, Kerala - 682312",train,needs_review
P00285,telugu,F,Jyothi,Chowdary,given_surname,Jyothi Chowdary,Kiran Chowdary,2002-01-18,"No. 226, Main Road, Saket, Delhi, Delhi - 110789",train,critical
P00286,north,M,Rahul,Tiwari,given_surname,Rahul Tiwari,Amit Tiwari,1998-03-08,"No. 154, Gandhi Road, Andheri, Noida, Uttar Pradesh - 201949",train,clean
P00287,tamil,F,Sangeetha,Balaji,given_father,Sangeetha Balaji,Balaji,1998-01-09,"No. 151, 4th Cross, Andheri, Thiruvananthapuram, Kerala - 695329",train,clean
P00288,bengali,F,Debjani,Mukherjee,given_surname,Debjani Mukherjee,Subhajit Mukherjee,2002-06-24,"No. 8, 2nd Main, Kakkanad, Delhi, Delhi - 110329",train,clean
P00289,north,M,Sumit,Singh,given_surname,Sumit Singh,Gaurav Singh,1999-03-07,"No. 121, 2nd Main, Banjara Hills, Mumbai, Maharashtra - 400128",train,clean
P00290,tamil,F,Kavya,Ramesh,given_father,Kavya Ramesh,Ramesh,2001-09-03,"No. 105, 4th Cross, Kakkanad, Hyderabad, Telangana - 500460",train,critical
P00291,kannada,M,Satish,Gowda,given_surname,Satish Gowda,Puneeth Gowda,1998-05-15,"No. 134, 4th Cross, Andheri, Mumbai, Maharashtra - 400210",train,clean
P00292,tamil,F,Lakshmi,Murugan,given_father,Lakshmi Murugan,Murugan,2005-08-02,"No. 97, Lake View Road, Kothrud, Jaipur, Rajasthan - 302040",train,critical
P00293,tamil,F,Saranya,Selvam,given_father,Saranya Selvam,Selvam,2000-04-02,"No. 94, Gandhi Road, Sector 62, Madurai, Tamil Nadu - 625535",train,clean
P00294,muslim,M,Sameer,Syed,given_surname,Sameer Syed,Salman Syed,1999-08-09,"No. 13, Lake View Road, Malviya Nagar, Noida, Uttar Pradesh - 201541",val,clean
P00295,marathi_gujarati,M,Tejas,Deshpande,given_surname,Tejas Deshpande,Harsh Deshpande,2002-01-11,"No. 215, 2nd Main, Kothrud, Bengaluru, Karnataka - 560572",val,clean
P00296,bengali,M,Subhajit,Chatterjee,given_surname,Subhajit Chatterjee,Arnab Chatterjee,1998-02-03,"No. 139, Park Avenue, Sector 62, Thiruvananthapuram, Kerala - 695544",val,critical
P00297,kannada,M,Prashanth,Rao,given_surname,Prashanth Rao,Girish Rao,1999-10-21,"No. 178, MG Road, Indiranagar, Bengaluru, Karnataka - 560292",test,clean
P00298,muslim,F,Ayesha,Qureshi,given_surname,Ayesha Qureshi,Sameer Qureshi,2000-02-26,"No. 71, Gandhi Road, Jayanagar, Pune, Maharashtra - 411111",test,needs_review
P00299,north,M,Vikram,Singh,given_surname,Vikram Singh,Amit Singh,2003-10-07,"No. 73, Cross Road, Malviya Nagar, Pune, Maharashtra - 411219",test,clean
P00300,malayalam,M,Vishnu,Panicker,given_surname,Vishnu Panicker,Jithin Panicker,2004-01-18,"No. 60, Cross Road, T Nagar, Delhi, Delhi - 110713",train,needs_review
P00301,marathi_gujarati,F,Dhwani,Patel,given_surname,Dhwani Patel,Sagar Patel,2005-03-30,"No. 231, Park Avenue, Andheri, Kolkata, West Bengal - 700140",train,needs_review
P00302,north,F,Sushma,Verma,given_surname,Sushma Verma,Vikram Verma,2002-01-27,"No. 137, Market Street, Kothrud, Hyderabad, Telangana - 500606",train,clean
P00303,marathi_gujarati,F,Madhuri,Joshi,given_surname,Madhuri Joshi,Sagar Joshi,2003-12-20,"No. 69, 4th Cross, Sector 62, Bengaluru, Karnataka - 560488",train,clean
P00304,marathi_gujarati,F,Hetal,Shah,given_surname,Hetal Shah,Jay Shah,2001-08-25,"No. 207, 4th Cross, Andheri, Bengaluru, Karnataka - 560861",train,clean
P00305,telugu,M,Kiran,Chowdary,given_surname,Kiran Chowdary,Ravi Chowdary,2004-08-19,"No. 40, Main Road, Indiranagar, Pune, Maharashtra - 411665",train,needs_review
P00306,tamil,M,Manikandan,Prakash,given_father,Manikandan Prakash,Prakash,1998-09-08,"No. 76, Main Road, Koramangala, Kolkata, West Bengal - 700446",train,clean
P00307,kannada,M,Girish,Bhat,given_surname,Girish Bhat,Puneeth Bhat,2004-04-06,"No. 201, Cross Road, Anna Nagar, Madurai, Tamil Nadu - 625049",train,clean
P00308,marathi_gujarati,M,Nikhil,Desai,given_surname,Nikhil Desai,Harsh Desai,2000-02-18,"No. 75, Cross Road, Kothrud, Noida, Uttar Pradesh - 201817",train,clean
P00309,kannada,M,Naveen,Shetty,given_surname,Naveen Shetty,Darshan Shetty,2003-08-09,"No. 80, Main Road, Indiranagar, Noida, Uttar Pradesh - 201298",train,critical
P00310,bengali,F,Payel,Mukherjee,given_surname,Payel Mukherjee,Sayan Mukherjee,2005-04-06,"No. 35, Cross Road, Saket, Delhi, Delhi - 110613",train,clean
P00311,tamil,M,Prakash,Selvam,given_father,Prakash Selvam,Selvam,2000-06-19,"No. 247, 2nd Main, Andheri, Jaipur, Rajasthan - 302010",train,clean
P00312,marathi_gujarati,F,Hetal,Shah,given_surname,Hetal Shah,Aniket Shah,2002-05-23,"No. 231, Cross Road, Banjara Hills, Ahmedabad, Gujarat - 380588",train,clean
P00313,tamil,F,Vaishnavi,Raju,given_father,Vaishnavi Raju,Raju,2001-12-01,"No. 62, Gandhi Road, Salt Lake, Delhi, Delhi - 110825",train,needs_review
P00314,north,F,Shreya,Pandey,given_surname,Shreya Pandey,Vikram Pandey,2002-12-02,"No. 65, Gandhi Road, Navrangpura, Kochi, Kerala - 682649",val,clean
P00315,muslim,F,Shabana,Ansari,given_surname,Shabana Ansari,Abdul Ansari,2001-03-26,"No. 234, 2nd Main, Velachery, Kolkata, West Bengal - 700784",val,clean
P00316,kannada,F,Kavitha,Rao,given_surname,Kavitha Rao,Manjunath Rao,2003-05-30,"No. 26, MG Road, Sector 62, Delhi, Delhi - 110387",val,clean
P00317,north,F,Neha,Gupta,given_surname,Neha Gupta,Ankit Gupta,1999-11-27,"No. 10, Cross Road, Andheri, Thiruvananthapuram, Kerala - 695344",test,needs_review
P00318,north,M,Rahul,Verma,given_surname,Rahul Verma,Ankit Verma,2002-07-30,"No. 238, 4th Cross, Velachery, Hyderabad, Telangana - 500826",test,clean
P00319,telugu,M,Chaitanya,Rao,given_surname,Chaitanya Rao,Ravi Rao,1998-09-01,"No. 237, Cross Road, Salt Lake, Kochi, Kerala - 682235",test,critical
P00320,north,F,Pooja,Singh,given_surname,Pooja Singh,Gaurav Singh,2002-06-13,"No. 137, Cross Road, Jayanagar, Delhi, Delhi - 110858",train,clean
P00321,kannada,M,Darshan,Hegde,given_surname,Darshan Hegde,Shashank Hegde,2001-05-26,"No. 244, Lake View Road, Navrangpura, Bengaluru, Karnataka - 560703",train,needs_review
P00322,malayalam,M,Vishnu,Kurup,given_surname,Vishnu Kurup,Sreejith Kurup,2004-05-15,"No. 223, Nehru Street, Anna Nagar, Kochi, Kerala - 682520",train,clean
P00323,telugu,F,Bhavani,Raju,given_surname,Bhavani Raju,Ravi Raju,2003-11-09,"No. 103, Temple Street, Banjara Hills, Delhi, Delhi - 110559",train,clean
P00324,tamil,F,Yamini,Velu,given_father,Yamini Velu,Velu,2005-05-12,"No. 177, Gandhi Road, Koramangala, Jaipur, Rajasthan - 302823",train,clean
P00325,north,F,Neha,Verma,given_surname,Neha Verma,Ajay Verma,1999-06-13,"No. 54, 4th Cross, Kakkanad, Madurai, Tamil Nadu - 625780",train,needs_review
P00326,kannada,F,Shilpa,Rao,given_surname,Shilpa Rao,Darshan Rao,2004-01-17,"No. 122, Lake View Road, Navrangpura, Mysuru, Karnataka - 570938",train,clean
P00327,malayalam,M,Hari,Varghese,given_surname,Hari Varghese,Sreejith Varghese,1998-07-27,"No. 88, Market Street, Koramangala, Coimbatore, Tamil Nadu - 641032",train,clean
P00328,christian,F,Jennifer,Pereira,given_surname,Jennifer Pereira,Joel Pereira,2002-08-23,"No. 191, MG Road, Andheri, Mumbai, Maharashtra - 400026",train,critical
P00329,malayalam,M,Hari,Pillai,given_surname,Hari Pillai,Jithin Pillai,2003-01-10,"No. 128, Lake View Road, Indiranagar, Hyderabad, Telangana - 500613",train,needs_review
P00330,marathi_gujarati,M,Tejas,Deshpande,given_surname,Tejas Deshpande,Jay Deshpande,2005-04-17,"No. 38, Station Road, Navrangpura, Coimbatore, Tamil Nadu - 641074",train,needs_review
P00331,tamil,M,Murugan,Saravanan,given_father,Murugan Saravanan,Saravanan,2002-01-13,"No. 161, Nehru Street, Navrangpura, Chennai, Tamil Nadu - 600948",train,clean
P00332,kannada,F,Bhoomika,Rao,given_surname,Bhoomika Rao,Manjunath Rao,2002-10-28,"No. 52, Lake View Road, Jayanagar, Pune, Maharashtra - 411461",train,clean
P00333,north,M,Ajay,Mishra,given_surname,Ajay Mishra,Pradeep Mishra,2003-06-29,"No. 78, Main Road, Navrangpura, Delhi, Delhi - 110901",train,needs_review
P00334,tamil,M,Senthil,Kumar,given_father,Senthil Kumar,Kumar,1999-03-21,"No. 124, Lake View Road, Saket, Bengaluru, Karnataka - 560068",val,needs_review
P00335,malayalam,F,Reshma,Panicker,given_surname,Reshma Panicker,Akhil Panicker,2005-04-27,"No. 195, Lake View Road, Salt Lake, Delhi, Delhi - 110683",val,needs_review
P00336,marathi_gujarati,M,Parth,Desai,given_surname,Parth Desai,Nikhil Desai,2001-10-21,"No. 183, Temple Street, Koramangala, Ahmedabad, Gujarat - 380468",val,clean
P00337,north,F,Shreya,Verma,given_surname,Shreya Verma,Pradeep Verma,2003-04-21,"No. 204, Temple Street, Anna Nagar, Chennai, Tamil Nadu - 600538",test,clean
P00338,muslim,M,Abdul,Ansari,given_surname,Abdul Ansari,Imran Ansari,1999-01-17,"No. 209, Station Road, Salt Lake, Madurai, Tamil Nadu - 625668",test,needs_review
P00339,telugu,F,Bhavani,Chowdary,given_surname,Bhavani Chowdary,Mahesh Chowdary,2003-10-02,"No. 145, 4th Cross, Sector 62, Noida, Uttar Pradesh - 201562",test,needs_review
P00340,north,F,Neha,Chauhan,given_surname,Neha Chauhan,Gaurav Chauhan,2000-09-11,"No. 234, 4th Cross, Banjara Hills, Kolkata, West Bengal - 700270",train,clean
P00341,telugu,F,Swathi,Chowdary,given_surname,Swathi Chowdary,Naresh Chowdary,1999-03-23,"No. 8, Station Road, Salt Lake, Thiruvananthapuram, Kerala - 695165",train,needs_review
P00342,christian,F,Angel,Mathew,given_surname,Angel Mathew,Joseph Mathew,2003-09-06,"No. 246, Cross Road, T Nagar, Ahmedabad, Gujarat - 380684",train,clean
P00343,north,F,Neha,Chauhan,given_surname,Neha Chauhan,Ankit Chauhan,2001-04-19,"No. 59, Temple Street, T Nagar, Coimbatore, Tamil Nadu - 641522",train,needs_review
P00344,telugu,M,Venkatesh,Chowdary,given_surname,Venkatesh Chowdary,Naresh Chowdary,2001-01-31,"No. 148, Cross Road, Salt Lake, Mysuru, Karnataka - 570015",train,clean
P00345,tamil,F,Janani,Siva,given_father,Janani Siva,Siva,2004-08-03,"No. 161, MG Road, Kothrud, Hyderabad, Telangana - 500337",train,clean
P00346,malayalam,F,Anagha,Menon,given_surname,Anagha Menon,Anand Menon,1999-05-17,"No. 78, Park Avenue, Indiranagar, Mysuru, Karnataka - 570479",train,clean
P00347,malayalam,F,Reshma,Varghese,given_surname,Reshma Varghese,Akhil Varghese,2005-07-24,"No. 213, Lake View Road, T Nagar, Kochi, Kerala - 682094",train,needs_review
P00348,muslim,F,Fathima,Syed,given_surname,Fathima Syed,Salman Syed,1999-05-18,"No. 130, Church Street, Malviya Nagar, Jaipur, Rajasthan - 302719",train,needs_review
P00349,tamil,M,Raju,Sundar,given_father,Raju Sundar,Sundar,2004-03-19,"No. 93, Park Avenue, Anna Nagar, Chennai, Tamil Nadu - 600622",train,clean
P00350,telugu,M,Naresh,Reddy,given_surname,Naresh Reddy,Suresh Reddy,1998-07-31,"No. 127, Lake View Road, Sector 62, Noida, Uttar Pradesh - 201097",train,critical
P00351,tamil,F,Indhu,Babu,given_father,Indhu Babu,Babu,2002-02-12,"No. 184, Temple Street, T Nagar, Mumbai, Maharashtra - 400810",train,needs_review
P00352,muslim,F,Heena,Qureshi,given_surname,Heena Qureshi,Arif Qureshi,2002-03-02,"No. 143, Church Street, Velachery, Hyderabad, Telangana - 500412",train,needs_review
P00353,telugu,F,Haritha,Rao,given_surname,Haritha Rao,Mahesh Rao,2002-06-14,"No. 153, Park Avenue, Kothrud, Delhi, Delhi - 110641",train,clean
P00354,malayalam,F,Neethu,Kurup,given_surname,Neethu Kurup,Sreejith Kurup,2002-02-01,"No. 218, Lake View Road, Kakkanad, Thiruvananthapuram, Kerala - 695718",val,clean
P00355,bengali,M,Sourav,Sen,given_surname,Sourav Sen,Subhajit Sen,1999-10-21,"No. 31, Cross Road, Anna Nagar, Delhi, Delhi - 110533",val,needs_review
P00356,tamil,F,Meena,Velu,given_father,Meena Velu,Velu,2002-08-27,"No. 41, Park Avenue, T Nagar, Bengaluru, Karnataka - 560367",val,clean
P00357,muslim,F,Nazia,Sheikh,given_surname,Nazia Sheikh,Imran Sheikh,1999-02-27,"No. 104, Temple Street, Anna Nagar, Mumbai, Maharashtra - 400529",test,clean
P00358,christian,M,Daniel,Fernandes,given_surname,Daniel Fernandes,John Fernandes,2002-02-21,"No. 139, 2nd Main, Jayanagar, Thiruvananthapuram, Kerala - 695985",test,needs_review
P00359,muslim,M,Irfan,Qureshi,given_surname,Irfan Qureshi,Imran Qureshi,2005-08-14,"No. 161, 4th Cross, Andheri, Mysuru, Karnataka - 570551",test,clean
P00360,marathi_gujarati,F,Prachi,Deshpande,given_surname,Prachi Deshpande,Parth Deshpande,2003-09-29,"No. 200, Market Street, Kothrud, Hyderabad, Telangana - 500916",train,needs_review
P00361,kannada,F,Rashmi,Bhat,given_surname,Rashmi Bhat,Raghavendra Bhat,2004-06-25,"No. 173, Gandhi Road, Anna Nagar, Bengaluru, Karnataka - 560578",train,needs_review
P00362,north,M,Gaurav,Pandey,given_surname,Gaurav Pandey,Sumit Pandey,2004-01-29,"No. 76, Nehru Street, Indiranagar, Jaipur, Rajasthan - 302202",train,clean
P00363,malayalam,M,Sanju,Varghese,given_surname,Sanju Varghese,Rahul Varghese,2001-08-28,"No. 81, Lake View Road, Koramangala, Mysuru, Karnataka - 570742",train,clean
P00364,bengali,F,Ishita,Sen,given_surname,Ishita Sen,Abhijit Sen,2004-08-05,"No. 160, Gandhi Road, Navrangpura, Mysuru, Karnataka - 570665",train,clean
P00365,bengali,M,Debashis,Das,given_surname,Debashis Das,Rajib Das,2001-04-03,"No. 145, Park Avenue, Andheri, Mumbai, Maharashtra - 400102",train,clean
P00366,muslim,F,Fathima,Khan,given_surname,Fathima Khan,Irfan Khan,2003-12-24,"No. 165, Station Road, Sector 62, Thiruvananthapuram, Kerala - 695143",train,needs_review
P00367,telugu,M,Ravi,Raju,given_surname,Ravi Raju,Kiran Raju,2004-07-02,"No. 51, Temple Street, Banjara Hills, Mysuru, Karnataka - 570743",train,critical
P00368,telugu,F,Swathi,Chowdary,given_surname,Swathi Chowdary,Srinivas Chowdary,2002-09-20,"No. 117, Nehru Street, Salt Lake, Kochi, Kerala - 682843",train,needs_review
P00369,telugu,F,Jyothi,Reddy,given_surname,Jyothi Reddy,Naresh Reddy,2001-02-10,"No. 45, MG Road, Koramangala, Mysuru, Karnataka - 570304",train,clean
P00370,malayalam,M,Arjun,Menon,given_surname,Arjun Menon,Akhil Menon,2002-03-12,"No. 137, Temple Street, Sector 62, Chennai, Tamil Nadu - 600402",train,clean
P00371,tamil,F,Meena,Kumar,given_father,Meena Kumar,Kumar,2005-11-09,"No. 230, 4th Cross, Salt Lake, Madurai, Tamil Nadu - 625649",train,clean
P00372,north,F,Priyanka,Singh,given_surname,Priyanka Singh,Pradeep Singh,2001-04-11,"No. 229, MG Road, Banjara Hills, Bengaluru, Karnataka - 560746",train,clean
P00373,north,M,Ankit,Agarwal,given_surname,Ankit Agarwal,Gaurav Agarwal,2003-04-11,"No. 107, Park Avenue, Malviya Nagar, Bengaluru, Karnataka - 560983",train,clean
P00374,malayalam,M,Anand,Pillai,given_surname,Anand Pillai,Akhil Pillai,2000-10-15,"No. 210, Temple Street, Salt Lake, Noida, Uttar Pradesh - 201593",val,needs_review
P00375,north,F,Priyanka,Tiwari,given_surname,Priyanka Tiwari,Vikram Tiwari,2000-09-11,"No. 18, Church Street, Indiranagar, Bengaluru, Karnataka - 560856",val,clean
P00376,kannada,F,Shilpa,Bhat,given_surname,Shilpa Bhat,Raghavendra Bhat,2002-11-29,"No. 209, Station Road, T Nagar, Coimbatore, Tamil Nadu - 641865",val,needs_review
P00377,kannada,F,Sahana,Bhat,given_surname,Sahana Bhat,Darshan Bhat,2002-03-29,"No. 119, 2nd Main, Navrangpura, Kolkata, West Bengal - 700928",test,needs_review
P00378,christian,F,Jessica,Thomas,given_surname,Jessica Thomas,George Thomas,2002-10-10,"No. 129, Main Road, Andheri, Mysuru, Karnataka - 570240",test,clean
P00379,north,M,Sumit,Tiwari,given_surname,Sumit Tiwari,Deepak Tiwari,2001-02-16,"No. 56, 4th Cross, Jayanagar, Delhi, Delhi - 110624",test,needs_review
P00380,north,M,Amit,Mishra,given_surname,Amit Mishra,Sandeep Mishra,2003-01-20,"No. 190, Nehru Street, Indiranagar, Mumbai, Maharashtra - 400376",train,clean
P00381,marathi_gujarati,M,Parth,Desai,given_surname,Parth Desai,Tejas Desai,2001-02-01,"No. 6, Station Road, Andheri, Coimbatore, Tamil Nadu - 641518",train,needs_review
P00382,christian,M,Thomas,Fernandes,given_surname,Thomas Fernandes,Samuel Fernandes,2000-10-31,"No. 207, 2nd Main, Kakkanad, Pune, Maharashtra - 411351",train,needs_review
P00383,muslim,M,Sameer,Ansari,given_surname,Sameer Ansari,Mohammed Ansari,1998-04-08,"No. 82, Market Street, Banjara Hills, Jaipur, Rajasthan - 302353",train,needs_review
P00384,north,F,Pooja,Yadav,given_surname,Pooja Yadav,Sumit Yadav,1999-12-15,"No. 27, Temple Street, Jayanagar, Kolkata, West Bengal - 700042",train,needs_review
P00385,kannada,F,Rashmi,Bhat,given_surname,Rashmi Bhat,Shashank Bhat,2001-06-05,"No. 190, Temple Street, T Nagar, Pune, Maharashtra - 411678",train,clean
P00386,tamil,F,Janani,Velu,given_father,Janani Velu,Velu,2002-06-08,"No. 105, 4th Cross, Indiranagar, Mysuru, Karnataka - 570108",train,clean
P00387,north,M,Pradeep,Agarwal,given_surname,Pradeep Agarwal,Vikram Agarwal,2002-04-03,"No. 214, Station Road, T Nagar, Delhi, Delhi - 110597",train,clean
P00388,north,F,Neha,Agarwal,given_surname,Neha Agarwal,Vikram Agarwal,2001-08-21,"No. 194, MG Road, Indiranagar, Coimbatore, Tamil Nadu - 641489",train,needs_review
P00389,kannada,F,Kavitha,Gowda,given_surname,Kavitha Gowda,Darshan Gowda,2001-11-12,"No. 37, MG Road, Malviya Nagar, Delhi, Delhi - 110008",train,clean
P00390,malayalam,F,Gopika,Nair,given_surname,Gopika Nair,Arjun Nair,2004-02-28,"No. 195, Lake View Road, Jayanagar, Hyderabad, Telangana - 500536",train,clean
P00391,telugu,M,Naresh,Reddy,given_surname,Naresh Reddy,Kiran Reddy,1998-04-03,"No. 129, Lake View Road, Salt Lake, Bengaluru, Karnataka - 560990",train,needs_review
P00392,kannada,F,Pallavi,Kulkarni,given_surname,Pallavi Kulkarni,Girish Kulkarni,2001-06-04,"No. 104, Temple Street, Malviya Nagar, Madurai, Tamil Nadu - 625812",train,clean
P00393,muslim,M,Arif,Qureshi,given_surname,Arif Qureshi,Sameer Qureshi,2000-04-15,"No. 224, Nehru Street, Koramangala, Mysuru, Karnataka - 570078",train,needs_review
P00394,muslim,F,Sana,Khan,given_surname,Sana Khan,Farhan Khan,1999-12-05,"No. 75, Nehru Street, Koramangala, Jaipur, Rajasthan - 302624",val,clean
P00395,tamil,F,Kalaiselvi,Prakash,given_father,Kalaiselvi Prakash,Prakash,2004-07-12,"No. 87, Main Road, Banjara Hills, Mumbai, Maharashtra - 400968",val,clean
P00396,kannada,M,Manjunath,Hegde,given_surname,Manjunath Hegde,Raghavendra Hegde,1998-09-29,"No. 111, Main Road, Indiranagar, Madurai, Tamil Nadu - 625753",val,needs_review
P00397,marathi_gujarati,F,Rutuja,Deshpande,given_surname,Rutuja Deshpande,Nikhil Deshpande,2000-07-03,"No. 170, Gandhi Road, Saket, Noida, Uttar Pradesh - 201275",test,critical
P00398,telugu,M,Venkatesh,Chowdary,given_surname,Venkatesh Chowdary,Krishna Chowdary,2003-11-21,"No. 135, Station Road, Navrangpura, Mumbai, Maharashtra - 400205",test,critical
P00399,marathi_gujarati,M,Aniket,Shah,given_surname,Aniket Shah,Sagar Shah,2004-08-03,"No. 45, Park Avenue, Salt Lake, Thiruvananthapuram, Kerala - 695147",test,clean
P00400,telugu,M,Prasad,Rao,given_surname,Prasad Rao,Suresh Rao,2001-05-02,"No. 80, Market Street, Sector 62, Bengaluru, Karnataka - 560743",train,clean
P00401,telugu,M,Ravi,Varma,given_surname,Ravi Varma,Krishna Varma,2004-06-25,"No. 219, Church Street, T Nagar, Chennai, Tamil Nadu - 600246",train,needs_review
P00402,kannada,F,Asha,Kulkarni,given_surname,Asha Kulkarni,Prashanth Kulkarni,2000-12-20,"No. 176, MG Road, Salt Lake, Kochi, Kerala - 682321",train,clean
P00403,marathi_gujarati,M,Aniket,Patel,given_surname,Aniket Patel,Jay Patel,2001-04-07,"No. 235, Church Street, Navrangpura, Noida, Uttar Pradesh - 201022",train,clean
P00404,muslim,M,Abdul,Qureshi,given_surname,Abdul Qureshi,Imran Qureshi,2004-12-18,"No. 60, Temple Street, Navrangpura, Chennai, Tamil Nadu - 600817",train,clean
P00405,muslim,F,Nazia,Qureshi,given_surname,Nazia Qureshi,Salman Qureshi,2004-07-31,"No. 150, Church Street, Kakkanad, Madurai, Tamil Nadu - 625907",train,clean
P00406,malayalam,M,Arjun,Pillai,given_surname,Arjun Pillai,Jithin Pillai,1999-10-24,"No. 160, MG Road, Andheri, Coimbatore, Tamil Nadu - 641361",train,needs_review
P00407,north,F,Simran,Sharma,given_surname,Simran Sharma,Ajay Sharma,2003-02-04,"No. 218, Station Road, T Nagar, Kochi, Kerala - 682415",train,clean
P00408,tamil,M,Kumar,Vignesh,given_father,Kumar Vignesh,Vignesh,2003-05-09,"No. 151, Temple Street, Koramangala, Mumbai, Maharashtra - 400635",train,needs_review
P00409,tamil,F,Saranya,Siva,given_father,Saranya Siva,Siva,2001-11-06,"No. 229, MG Road, Saket, Mumbai, Maharashtra - 400198",train,clean
P00410,tamil,M,Prakash,Saravanan,given_father,Prakash Saravanan,Saravanan,2003-08-11,"No. 87, 4th Cross, Andheri, Mumbai, Maharashtra - 400458",train,clean
P00411,kannada,F,Shilpa,Kulkarni,given_surname,Shilpa Kulkarni,Prashanth Kulkarni,2004-02-13,"No. 6, Nehru Street, Velachery, Noida, Uttar Pradesh - 201252",train,clean
P00412,telugu,F,Lavanya,Reddy,given_surname,Lavanya Reddy,Ravi Reddy,2005-02-09,"No. 203, Station Road, Navrangpura, Kolkata, West Bengal - 700633",train,clean
P00413,kannada,M,Harish,Hegde,given_surname,Harish Hegde,Prashanth Hegde,1999-09-11,"No. 139, Lake View Road, Salt Lake, Madurai, Tamil Nadu - 625081",train,critical
P00414,tamil,M,Selvam,Siva,given_father,Selvam Siva,Siva,1998-07-07,"No. 247, Nehru Street, Malviya Nagar, Pune, Maharashtra - 411927",val,clean
P00415,north,F,Archana,Agarwal,given_surname,Archana Agarwal,Amit Agarwal,1998-01-18,"No. 75, Temple Street, Velachery, Chennai, Tamil Nadu - 600959",val,clean
P00416,tamil,F,Saranya,Elango,given_father,Saranya Elango,Elango,2003-11-05,"No. 202, Lake View Road, Jayanagar, Hyderabad, Telangana - 500243",val,clean
P00417,marathi_gujarati,M,Sagar,Mehta,given_surname,Sagar Mehta,Nikhil Mehta,2005-06-29,"No. 192, MG Road, Sector 62, Thiruvananthapuram, Kerala - 695216",test,needs_review
P00418,telugu,M,Suresh,Raju,given_surname,Suresh Raju,Ravi Raju,2001-09-24,"No. 172, Gandhi Road, Navrangpura, Kochi, Kerala - 682102",test,clean
P00419,tamil,M,Karthik,Selvam,given_father,Karthik Selvam,Selvam,2000-04-03,"No. 182, 2nd Main, Saket, Kochi, Kerala - 682642",test,clean
P00420,north,M,Amit,Mishra,given_surname,Amit Mishra,Ajay Mishra,2001-06-06,"No. 186, Park Avenue, Anna Nagar, Hyderabad, Telangana - 500826",train,clean
P00421,malayalam,F,Neethu,Kurup,given_surname,Neethu Kurup,Jithin Kurup,1998-12-14,"No. 58, Market Street, Salt Lake, Madurai, Tamil Nadu - 625908",train,needs_review
P00422,kannada,M,Raghavendra,Bhat,given_surname,Raghavendra Bhat,Shashank Bhat,2001-05-25,"No. 162, 2nd Main, Andheri, Kochi, Kerala - 682633",train,clean
P00423,north,M,Deepak,Mishra,given_surname,Deepak Mishra,Gaurav Mishra,2000-03-11,"No. 152, Nehru Street, Kothrud, Kochi, Kerala - 682148",train,clean
P00424,telugu,F,Sravani,Naidu,given_surname,Sravani Naidu,Suresh Naidu,1998-09-18,"No. 64, Temple Street, Sector 62, Mumbai, Maharashtra - 400129",train,clean
P00425,north,M,Ajay,Agarwal,given_surname,Ajay Agarwal,Rohit Agarwal,2000-06-14,"No. 89, 4th Cross, Indiranagar, Chennai, Tamil Nadu - 600951",train,needs_review
P00426,muslim,F,Heena,Khan,given_surname,Heena Khan,Farhan Khan,2000-05-19,"No. 98, Market Street, Indiranagar, Kolkata, West Bengal - 700515",train,clean
P00427,christian,F,Jennifer,Fernandes,given_surname,Jennifer Fernandes,Daniel Fernandes,2005-09-24,"No. 248, 2nd Main, Anna Nagar, Thiruvananthapuram, Kerala - 695909",train,clean
P00428,christian,F,Mary,D'Souza,given_surname,Mary D'Souza,Thomas D'Souza,2002-01-25,"No. 61, Nehru Street, Banjara Hills, Coimbatore, Tamil Nadu - 641776",train,clean
P00429,bengali,F,Sreya,Roy,given_surname,Sreya Roy,Sayan Roy,2001-01-24,"No. 166, Park Avenue, Salt Lake, Hyderabad, Telangana - 500047",train,critical
P00430,telugu,F,Lavanya,Varma,given_surname,Lavanya Varma,Suresh Varma,2002-09-09,"No. 30, Cross Road, Malviya Nagar, Noida, Uttar Pradesh - 201439",train,clean
P00431,north,M,Ankit,Verma,given_surname,Ankit Verma,Deepak Verma,2005-12-26,"No. 159, Park Avenue, Velachery, Ahmedabad, Gujarat - 380263",train,critical
P00432,muslim,M,Salman,Ansari,given_surname,Salman Ansari,Farhan Ansari,2005-09-02,"No. 44, Main Road, Salt Lake, Mumbai, Maharashtra - 400772",train,clean
P00433,kannada,F,Asha,Bhat,given_surname,Asha Bhat,Manjunath Bhat,1998-02-28,"No. 14, MG Road, Sector 62, Mysuru, Karnataka - 570048",train,clean
P00434,malayalam,M,Vishnu,Kurup,given_surname,Vishnu Kurup,Rahul Kurup,2004-08-02,"No. 220, Main Road, Kakkanad, Ahmedabad, Gujarat - 380036",val,clean
P00435,marathi_gujarati,F,Rutuja,Kulkarni,given_surname,Rutuja Kulkarni,Tejas Kulkarni,2000-01-14,"No. 219, 4th Cross, Kothrud, Mumbai, Maharashtra - 400900",val,needs_review
P00436,telugu,M,Krishna,Rao,given_surname,Krishna Rao,Naresh Rao,1999-03-02,"No. 128, Nehru Street, Indiranagar, Coimbatore, Tamil Nadu - 641786",val,clean
P00437,north,F,Pooja,Verma,given_surname,Pooja Verma,Deepak Verma,2000-10-25,"No. 205, Nehru Street, Saket, Coimbatore, Tamil Nadu - 641036",test,clean
P00438,tamil,F,Meena,Velu,given_father,Meena Velu,Velu,2003-01-29,"No. 150, Market Street, Navrangpura, Kolkata, West Bengal - 700633",test,clean
P00439,telugu,F,Madhuri,Varma,given_surname,Madhuri Varma,Ravi Varma,2004-06-13,"No. 203, Church Street, Indiranagar, Kochi, Kerala - 682095",test,clean
P00440,telugu,F,Sunitha,Varma,given_surname,Sunitha Varma,Chaitanya Varma,2000-12-05,"No. 220, Lake View Road, Koramangala, Jaipur, Rajasthan - 302442",train,needs_review
P00441,malayalam,F,Athira,Nair,given_surname,Athira Nair,Vishnu Nair,2004-04-26,"No. 101, 2nd Main, Koramangala, Hyderabad, Telangana - 500131",train,clean
P00442,north,F,Sneha,Mishra,given_surname,Sneha Mishra,Rohit Mishra,2004-12-04,"No. 135, Lake View Road, Navrangpura, Coimbatore, Tamil Nadu - 641251",train,clean
P00443,tamil,M,Selvam,Madhavan,given_father,Selvam Madhavan,Madhavan,1998-01-30,"No. 194, Park Avenue, Indiranagar, Pune, Maharashtra - 411116",train,clean
P00444,marathi_gujarati,F,Madhuri,Desai,given_surname,Madhuri Desai,Aniket Desai,1998-01-20,"No. 176, Temple Street, Banjara Hills, Noida, Uttar Pradesh - 201091",train,needs_review
P00445,muslim,F,Fathima,Khan,given_surname,Fathima Khan,Farhan Khan,2001-03-21,"No. 6, Cross Road, Kakkanad, Madurai, Tamil Nadu - 625521",train,clean
P00446,malayalam,M,Sanju,Varghese,given_surname,Sanju Varghese,Hari Varghese,1998-04-29,"No. 20, Gandhi Road, T Nagar, Kolkata, West Bengal - 700457",train,needs_review
P00447,tamil,M,Saravanan,Siva,given_father,Saravanan Siva,Siva,1999-08-08,"No. 144, Market Street, Jayanagar, Chennai, Tamil Nadu - 600691",train,clean
P00448,north,M,Ajay,Singh,given_surname,Ajay Singh,Rahul Singh,1998-07-24,"No. 112, Station Road, Velachery, Coimbatore, Tamil Nadu - 641468",train,critical
P00449,malayalam,M,Sanju,Kurup,given_surname,Sanju Kurup,Arjun Kurup,2004-12-22,"No. 220, Lake View Road, Jayanagar, Delhi, Delhi - 110247",train,clean
P00450,telugu,M,Krishna,Rao,given_surname,Krishna Rao,Srinivas Rao,2000-04-04,"No. 82, Gandhi Road, Sector 62, Kochi, Kerala - 682352",train,clean
P00451,tamil,F,Janani,Raju,given_father,Janani Raju,Raju,2002-12-30,"No. 163, Main Road, Saket, Noida, Uttar Pradesh - 201910",train,needs_review
P00452,christian,F,Grace,Joseph,given_surname,Grace Joseph,John Joseph,2005-09-04,"No. 121, Cross Road, Andheri, Hyderabad, Telangana - 500473",train,needs_review
P00453,north,M,Rohit,Mishra,given_surname,Rohit Mishra,Vikram Mishra,2000-03-18,"No. 36, Temple Street, Saket, Delhi, Delhi - 110120",train,clean
P00454,tamil,F,Nithya,Madhavan,given_father,Nithya Madhavan,Madhavan,1998-03-09,"No. 92, Nehru Street, Velachery, Ahmedabad, Gujarat - 380896",val,critical
P00455,marathi_gujarati,F,Hetal,Shah,given_surname,Hetal Shah,Harsh Shah,2004-09-06,"No. 245, MG Road, Kakkanad, Kochi, Kerala - 682835",val,needs_review
P00456,north,F,Komal,Pandey,given_surname,Komal Pandey,Rohit Pandey,2003-03-06,"No. 169, Church Street, Sector 62, Noida, Uttar Pradesh - 201745",val,critical
P00457,north,F,Pooja,Sharma,given_surname,Pooja Sharma,Ankit Sharma,2002-04-22,"No. 113, Church Street, Koramangala, Delhi, Delhi - 110847",test,critical
P00458,north,F,Priyanka,Yadav,given_surname,Priyanka Yadav,Sumit Yadav,2001-08-19,"No. 246, Temple Street, Salt Lake, Pune, Maharashtra - 411193",test,clean
P00459,kannada,F,Pallavi,Hegde,given_surname,Pallavi Hegde,Darshan Hegde,2005-01-09,"No. 80, Church Street, Andheri, Chennai, Tamil Nadu - 600487",test,clean
P00460,north,M,Pradeep,Mishra,given_surname,Pradeep Mishra,Rohit Mishra,1999-09-02,"No. 24, Lake View Road, Jayanagar, Mysuru, Karnataka - 570072",train,clean
P00461,telugu,F,Lavanya,Varma,given_surname,Lavanya Varma,Chaitanya Varma,2003-04-07,"No. 17, Cross Road, Indiranagar, Chennai, Tamil Nadu - 600546",train,needs_review
P00462,kannada,M,Harish,Bhat,given_surname,Harish Bhat,Darshan Bhat,2004-02-05,"No. 188, MG Road, Salt Lake, Pune, Maharashtra - 411682",train,clean
P00463,telugu,M,Suresh,Reddy,given_surname,Suresh Reddy,Naresh Reddy,2003-03-18,"No. 182, Lake View Road, Navrangpura, Delhi, Delhi - 110669",train,clean
P00464,malayalam,F,Divya,Nair,given_surname,Divya Nair,Hari Nair,1998-12-04,"No. 130, Nehru Street, Velachery, Bengaluru, Karnataka - 560901",train,clean
P00465,north,M,Gaurav,Singh,given_surname,Gaurav Singh,Pradeep Singh,2005-11-04,"No. 163, Cross Road, Saket, Noida, Uttar Pradesh - 201491",train,needs_review
P00466,muslim,F,Ayesha,Ansari,given_surname,Ayesha Ansari,Salman Ansari,2003-03-31,"No. 99, Main Road, Navrangpura, Ahmedabad, Gujarat - 380154",train,clean
P00467,christian,F,Grace,Thomas,given_surname,Grace Thomas,Joseph Thomas,1998-11-21,"No. 180, Nehru Street, Sector 62, Bengaluru, Karnataka - 560811",train,clean
P00468,north,F,Sushma,Sharma,given_surname,Sushma Sharma,Sanjay Sharma,1999-09-20,"No. 37, Cross Road, Navrangpura, Ahmedabad, Gujarat - 380010",train,needs_review
P00469,bengali,F,Ishita,Sen,given_surname,Ishita Sen,Sayan Sen,2005-01-17,"No. 130, Cross Road, T Nagar, Noida, Uttar Pradesh - 201667",train,clean
P00470,tamil,F,Saranya,Prakash,given_father,Saranya Prakash,Prakash,2005-01-28,"No. 220, Market Street, Jayanagar, Bengaluru, Karnataka - 560970",train,clean
P00471,north,F,Anjali,Chauhan,given_surname,Anjali Chauhan,Deepak Chauhan,2000-01-11,"No. 101, Market Street, Salt Lake, Mysuru, Karnataka - 570374",train,needs_review
P00472,bengali,F,Debjani,Mukherjee,given_surname,Debjani Mukherjee,Anirban Mukherjee,2003-11-09,"No. 50, Nehru Street, Kothrud, Madurai, Tamil Nadu - 625578",train,needs_review
P00473,tamil,F,Yamini,Madhavan,given_father,Yamini Madhavan,Madhavan,2002-04-19,"No. 242, Lake View Road, Koramangala, Hyderabad, Telangana - 500800",train,needs_review
P00474,marathi_gujarati,F,Dhwani,Shah,given_surname,Dhwani Shah,Sagar Shah,1999-07-10,"No. 161, Station Road, Andheri, Coimbatore, Tamil Nadu - 641655",val,clean
P00475,north,M,Gaurav,Pandey,given_surname,Gaurav Pandey,Pradeep Pandey,2003-04-22,"No. 231, Market Street, T Nagar, Pune, Maharashtra - 411136",val,needs_review
P00476,north,M,Rohit,Singh,given_surname,Rohit Singh,Amit Singh,1998-05-18,"No. 167, Lake View Road, Kakkanad, Jaipur, Rajasthan - 302096",val,critical
P00477,north,M,Ajay,Pandey,given_surname,Ajay Pandey,Sandeep Pandey,2002-09-24,"No. 148, Church Street, T Nagar, Mysuru, Karnataka - 570061",test,critical
P00478,tamil,F,Janani,Elango,given_father,Janani Elango,Elango,1998-11-15,"No. 142, 4th Cross, Salt Lake, Pune, Maharashtra - 411571",test,critical
P00479,christian,M,Joel,Fernandes,given_surname,Joel Fernandes,Daniel Fernandes,2000-03-08,"No. 211, Temple Street, Saket, Noida, Uttar Pradesh - 201124",test,needs_review
P00480,kannada,M,Prashanth,Bhat,given_surname,Prashanth Bhat,Manjunath Bhat,2002-07-12,"No. 107, Lake View Road, T Nagar, Mysuru, Karnataka - 570839",train,needs_review
P00481,muslim,F,Zainab,Syed,given_surname,Zainab Syed,Imran Syed,1999-07-26,"No. 245, Temple Street, Salt Lake, Jaipur, Rajasthan - 302755",train,needs_review
P00482,telugu,M,Kiran,Raju,given_surname,Kiran Raju,Chaitanya Raju,1998-04-14,"No. 148, Gandhi Road, Andheri, Madurai, Tamil Nadu - 625579",train,critical
P00483,tamil,F,Malathi,Raju,given_father,Malathi Raju,Raju,2004-05-22,"No. 154, Cross Road, Anna Nagar, Kolkata, West Bengal - 700972",train,needs_review
P00484,kannada,M,Manjunath,Hegde,given_surname,Manjunath Hegde,Darshan Hegde,2000-10-01,"No. 156, Station Road, Navrangpura, Madurai, Tamil Nadu - 625739",train,clean
P00485,north,M,Amit,Gupta,given_surname,Amit Gupta,Rahul Gupta,2002-07-30,"No. 183, 4th Cross, Saket, Bengaluru, Karnataka - 560189",train,needs_review
P00486,kannada,M,Prashanth,Shetty,given_surname,Prashanth Shetty,Harish Shetty,2000-08-29,"No. 60, Lake View Road, Jayanagar, Bengaluru, Karnataka - 560498",train,needs_review
P00487,telugu,F,Lavanya,Rao,given_surname,Lavanya Rao,Naresh Rao,1999-06-21,"No. 144, Market Street, Kakkanad, Coimbatore, Tamil Nadu - 641637",train,clean
P00488,kannada,F,Asha,Gowda,given_surname,Asha Gowda,Satish Gowda,2004-06-11,"No. 54, Gandhi Road, Indiranagar, Kolkata, West Bengal - 700694",train,clean
P00489,christian,M,Joseph,Mathew,given_surname,Joseph Mathew,George Mathew,2005-10-13,"No. 227, Main Road, Kothrud, Thiruvananthapuram, Kerala - 695292",train,needs_review
P00490,kannada,M,Prashanth,Hegde,given_surname,Prashanth Hegde,Puneeth Hegde,2005-02-28,"No. 25, Nehru Street, Malviya Nagar, Mumbai, Maharashtra - 400267",train,clean
P00491,kannada,F,Shilpa,Kulkarni,given_surname,Shilpa Kulkarni,Prashanth Kulkarni,2003-12-09,"No. 124, 4th Cross, Navrangpura, Noida, Uttar Pradesh - 201018",train,clean
P00492,telugu,F,Divya,Naidu,given_surname,Divya Naidu,Chaitanya Naidu,2002-02-08,"No. 180, 4th Cross, T Nagar, Kolkata, West Bengal - 700597",train,clean
P00493,christian,M,Joseph,Thomas,given_surname,Joseph Thomas,Joel Thomas,2003-09-18,"No. 186, Main Road, Koramangala, Ahmedabad, Gujarat - 380725",train,critical
P00494,tamil,M,Elango,Ramesh,given_father,Elango Ramesh,Ramesh,2003-08-25,"No. 61, Cross Road, Indiranagar, Delhi, Delhi - 110531",val,clean
P00495,telugu,M,Kiran,Reddy,given_surname,Kiran Reddy,Chaitanya Reddy,2000-05-29,"No. 171, 4th Cross, Indiranagar, Chennai, Tamil Nadu - 600291",val,critical
P00496,malayalam,M,Sanju,Pillai,given_surname,Sanju Pillai,Hari Pillai,2004-02-20,"No. 2, 2nd Main, Koramangala, Thiruvananthapuram, Kerala - 695037",val,clean
P00497,kannada,M,Prashanth,Rao,given_surname,Prashanth Rao,Girish Rao,2003-01-09,"No. 154, Gandhi Road, Anna Nagar, Mysuru, Karnataka - 570874",test,critical
P00498,marathi_gujarati,M,Jay,Patil,given_surname,Jay Patil,Omkar Patil,2005-08-13,"No. 195, Cross Road, Sector 62, Bengaluru, Karnataka - 560985",test,critical
P00499,bengali,M,Anirban,Mukherjee,given_surname,Anirban Mukherjee,Rajib Mukherjee,1999-02-20,"No. 97, 4th Cross, Malviya Nagar, Coimbatore, Tamil Nadu - 641846",test,clean
P00500,north,F,Simran,Agarwal,given_surname,Simran Agarwal,Ankit Agarwal,2000-07-17,"No. 15, Main Road, Andheri, Thiruvananthapuram, Kerala - 695142",train,needs_review
P00501,telugu,M,Mahesh,Raju,given_surname,Mahesh Raju,Suresh Raju,2003-12-22,"No. 222, Gandhi Road, Andheri, Madurai, Tamil Nadu - 625728",train,clean
P00502,tamil,F,Sowmya,Raju,given_father,Sowmya Raju,Raju,2002-05-21,"No. 185, 2nd Main, Andheri, Hyderabad, Telangana - 500488",train,clean
P00503,kannada,M,Harish,Shetty,given_surname,Harish Shetty,Puneeth Shetty,2004-05-25,"No. 8, Lake View Road, Salt Lake, Hyderabad, Telangana - 500149",train,clean
P00504,north,M,Gaurav,Chauhan,given_surname,Gaurav Chauhan,Deepak Chauhan,2002-03-11,"No. 230, MG Road, Jayanagar, Pune, Maharashtra - 411165",train,clean
P00505,malayalam,F,Anagha,Panicker,given_surname,Anagha Panicker,Hari Panicker,2000-06-04,"No. 155, Park Avenue, Navrangpura, Thiruvananthapuram, Kerala - 695227",train,needs_review
P00506,tamil,M,Manikandan,Selvam,given_father,Manikandan Selvam,Selvam,2002-02-18,"No. 65, Market Street, Indiranagar, Jaipur, Rajasthan - 302347",train,clean
P00507,north,F,Ritu,Chauhan,given_surname,Ritu Chauhan,Sandeep Chauhan,2002-07-04,"No. 120, Station Road, Koramangala, Delhi, Delhi - 110438",train,clean
P00508,kannada,M,Naveen,Kulkarni,given_surname,Naveen Kulkarni,Satish Kulkarni,2002-12-13,"No. 140, Station Road, Andheri, Madurai, Tamil Nadu - 625548",train,clean
P00509,north,F,Sushma,Sharma,given_surname,Sushma Sharma,Amit Sharma,2000-01-30,"No. 112, Gandhi Road, Kakkanad, Kolkata, West Bengal - 700182",train,critical
P00510,tamil,M,Manikandan,Madhavan,given_father,Manikandan Madhavan,Madhavan,2000-12-22,"No. 101, Nehru Street, Anna Nagar, Coimbatore, Tamil Nadu - 641147",train,needs_review
P00511,bengali,F,Ananya,Sen,given_surname,Ananya Sen,Anirban Sen,1998-01-26,"No. 170, Temple Street, Kothrud, Coimbatore, Tamil Nadu - 641346",train,clean
P00512,kannada,F,Geetha,Kulkarni,given_surname,Geetha Kulkarni,Manjunath Kulkarni,2003-08-05,"No. 162, Nehru Street, Salt Lake, Kochi, Kerala - 682938",train,clean
P00513,muslim,M,Irfan,Khan,given_surname,Irfan Khan,Salman Khan,1998-04-08,"No. 71, Temple Street, Kakkanad, Hyderabad, Telangana - 500448",train,clean
P00514,malayalam,M,Hari,Menon,given_surname,Hari Menon,Vishnu Menon,2001-12-23,"No. 69, Market Street, Jayanagar, Chennai, Tamil Nadu - 600212",val,clean
P00515,marathi_gujarati,F,Prachi,Deshpande,given_surname,Prachi Deshpande,Aniket Deshpande,2004-08-17,"No. 190, Park Avenue, Jayanagar, Jaipur, Rajasthan - 302243",val,clean
P00516,north,F,Pooja,Chauhan,given_surname,Pooja Chauhan,Ajay Chauhan,2005-06-07,"No. 188, Gandhi Road, Navrangpura, Mysuru, Karnataka - 570970",val,critical
P00517,marathi_gujarati,M,Aniket,Joshi,given_surname,Aniket Joshi,Omkar Joshi,1999-05-14,"No. 215, Station Road, Navrangpura, Noida, Uttar Pradesh - 201267",test,clean
P00518,muslim,M,Farhan,Ansari,given_surname,Farhan Ansari,Irfan Ansari,1998-09-01,"No. 150, Lake View Road, Indiranagar, Chennai, Tamil Nadu - 600214",test,clean
P00519,tamil,M,Senthil,Madhavan,given_father,Senthil Madhavan,Madhavan,1998-01-14,"No. 148, 4th Cross, Navrangpura, Kochi, Kerala - 682701",test,clean
P00520,telugu,M,Prasad,Naidu,given_surname,Prasad Naidu,Naresh Naidu,2004-09-17,"No. 9, Main Road, Salt Lake, Hyderabad, Telangana - 500985",train,needs_review
P00521,telugu,F,Swathi,Rao,given_surname,Swathi Rao,Kiran Rao,1998-07-24,"No. 157, Cross Road, Anna Nagar, Jaipur, Rajasthan - 302573",train,clean
P00522,telugu,F,Bhavani,Reddy,given_surname,Bhavani Reddy,Srinivas Reddy,1998-09-30,"No. 21, Park Avenue, Kothrud, Bengaluru, Karnataka - 560588",train,clean
P00523,telugu,M,Krishna,Chowdary,given_surname,Krishna Chowdary,Suresh Chowdary,2000-01-14,"No. 210, Gandhi Road, Koramangala, Thiruvananthapuram, Kerala - 695176",train,clean
P00524,marathi_gujarati,F,Sayali,Patil,given_surname,Sayali Patil,Omkar Patil,2002-03-08,"No. 229, 2nd Main, Kakkanad, Mumbai, Maharashtra - 400880",train,clean
P00525,marathi_gujarati,M,Parth,Patil,given_surname,Parth Patil,Omkar Patil,1998-03-12,"No. 125, 4th Cross, T Nagar, Thiruvananthapuram, Kerala - 695654",train,clean
P00526,north,F,Pooja,Yadav,given_surname,Pooja Yadav,Gaurav Yadav,2005-10-27,"No. 29, Park Avenue, Saket, Kochi, Kerala - 682481",train,clean
P00527,marathi_gujarati,F,Dhwani,Shah,given_surname,Dhwani Shah,Harsh Shah,2001-03-21,"No. 146, 4th Cross, Koramangala, Jaipur, Rajasthan - 302488",train,needs_review
P00528,kannada,F,Rashmi,Kulkarni,given_surname,Rashmi Kulkarni,Girish Kulkarni,2005-08-01,"No. 31, Church Street, Kothrud, Chennai, Tamil Nadu - 600598",train,clean
P00529,north,F,Archana,Singh,given_surname,Archana Singh,Ajay Singh,2004-02-13,"No. 101, Gandhi Road, Anna Nagar, Pune, Maharashtra - 411156",train,needs_review
P00530,bengali,F,Payel,Chatterjee,given_surname,Payel Chatterjee,Anirban Chatterjee,2005-03-12,"No. 76, 4th Cross, Malviya Nagar, Mumbai, Maharashtra - 400068",train,needs_review
P00531,telugu,F,Madhuri,Reddy,given_surname,Madhuri Reddy,Chaitanya Reddy,2002-08-07,"No. 192, Church Street, Jayanagar, Mumbai, Maharashtra - 400663",train,clean
P00532,muslim,F,Sana,Qureshi,given_surname,Sana Qureshi,Sameer Qureshi,1999-12-20,"No. 157, Gandhi Road, Kakkanad, Delhi, Delhi - 110252",train,needs_review
P00533,tamil,F,Meena,Siva,given_father,Meena Siva,Siva,1999-03-07,"No. 234, Main Road, Koramangala, Hyderabad, Telangana - 500231",train,clean
P00534,telugu,F,Swathi,Chowdary,given_surname,Swathi Chowdary,Venkatesh Chowdary,2003-05-13,"No. 116, Main Road, Velachery, Chennai, Tamil Nadu - 600821",val,critical
P00535,telugu,M,Naresh,Chowdary,given_surname,Naresh Chowdary,Chaitanya Chowdary,2000-12-02,"No. 189, 4th Cross, Jayanagar, Kolkata, West Bengal - 700571",val,needs_review
P00536,malayalam,M,Hari,Menon,given_surname,Hari Menon,Anand Menon,2002-11-12,"No. 210, 4th Cross, Anna Nagar, Mysuru, Karnataka - 570866",val,clean
P00537,kannada,M,Girish,Hegde,given_surname,Girish Hegde,Manjunath Hegde,2002-04-06,"No. 219, Market Street, Saket, Jaipur, Rajasthan - 302366",test,clean
P00538,tamil,M,Siva,Saravanan,given_father,Siva Saravanan,Saravanan,2004-08-07,"No. 39, Cross Road, Andheri, Kochi, Kerala - 682084",test,needs_review
P00539,north,M,Rahul,Sharma,given_surname,Rahul Sharma,Amit Sharma,2003-03-03,"No. 6, 4th Cross, Saket, Hyderabad, Telangana - 500562",test,critical
P00540,north,F,Anjali,Mishra,given_surname,Anjali Mishra,Gaurav Mishra,2002-08-05,"No. 65, Main Road, Navrangpura, Kolkata, West Bengal - 700623",train,clean
P00541,christian,M,Joel,Mathew,given_surname,Joel Mathew,Thomas Mathew,2001-05-30,"No. 239, Church Street, Banjara Hills, Mumbai, Maharashtra - 400850",train,needs_review
P00542,marathi_gujarati,M,Jay,Deshpande,given_surname,Jay Deshpande,Harsh Deshpande,2001-07-17,"No. 248, Cross Road, Kothrud, Mysuru, Karnataka - 570424",train,needs_review
P00543,malayalam,M,Akhil,Kurup,given_surname,Akhil Kurup,Sanju Kurup,2004-04-26,"No. 212, Church Street, Koramangala, Ahmedabad, Gujarat - 380572",train,clean
P00544,kannada,F,Sahana,Shetty,given_surname,Sahana Shetty,Manjunath Shetty,2003-09-13,"No. 103, 2nd Main, Koramangala, Madurai, Tamil Nadu - 625731",train,clean
P00545,muslim,M,Irfan,Qureshi,given_surname,Irfan Qureshi,Imran Qureshi,2003-11-29,"No. 182, MG Road, Velachery, Kochi, Kerala - 682135",train,clean
P00546,tamil,F,Yamini,Raju,given_father,Yamini Raju,Raju,2001-12-23,"No. 84, Station Road, Velachery, Delhi, Delhi - 110026",train,needs_review
P00547,tamil,F,Gayathri,Velu,given_father,Gayathri Velu,Velu,2001-12-23,"No. 237, Nehru Street, Jayanagar, Mumbai, Maharashtra - 400619",train,clean
P00548,tamil,M,Murugan,Senthil,given_father,Murugan Senthil,Senthil,2001-05-02,"No. 240, 2nd Main, Indiranagar, Coimbatore, Tamil Nadu - 641253",train,clean
P00549,malayalam,F,Gopika,Menon,given_surname,Gopika Menon,Anand Menon,1999-04-28,"No. 126, 4th Cross, Anna Nagar, Jaipur, Rajasthan - 302857",train,needs_review
P00550,muslim,M,Mohammed,Ansari,given_surname,Mohammed Ansari,Farhan Ansari,1999-04-19,"No. 77, Park Avenue, Navrangpura, Ahmedabad, Gujarat - 380940",train,clean
P00551,tamil,M,Kannan,Karthik,given_father,Kannan Karthik,Karthik,2002-01-11,"No. 197, Station Road, Anna Nagar, Coimbatore, Tamil Nadu - 641924",train,clean
P00552,marathi_gujarati,F,Sayali,Desai,given_surname,Sayali Desai,Harsh Desai,1998-05-03,"No. 239, Station Road, Anna Nagar, Noida, Uttar Pradesh - 201114",train,clean
P00553,north,M,Sandeep,Verma,given_surname,Sandeep Verma,Sanjay Verma,2001-11-19,"No. 24, Station Road, Indiranagar, Delhi, Delhi - 110747",train,clean
P00554,telugu,M,Kiran,Reddy,given_surname,Kiran Reddy,Prasad Reddy,2003-02-24,"No. 226, Nehru Street, Koramangala, Thiruvananthapuram, Kerala - 695113",val,clean
P00555,bengali,F,Tanushree,Bose,given_surname,Tanushree Bose,Subhajit Bose,2004-04-07,"No. 126, 2nd Main, Salt Lake, Mumbai, Maharashtra - 400812",val,critical
P00556,kannada,F,Bhoomika,Bhat,given_surname,Bhoomika Bhat,Harish Bhat,2004-03-19,"No. 35, Market Street, T Nagar, Chennai, Tamil Nadu - 600971",val,clean
P00557,malayalam,F,Gopika,Pillai,given_surname,Gopika Pillai,Nikhil Pillai,2003-03-08,"No. 151, Church Street, Sector 62, Bengaluru, Karnataka - 560596",test,clean
P00558,muslim,F,Shabana,Sheikh,given_surname,Shabana Sheikh,Imran Sheikh,1998-12-06,"No. 173, 4th Cross, Indiranagar, Noida, Uttar Pradesh - 201146",test,clean
P00559,kannada,F,Shilpa,Shetty,given_surname,Shilpa Shetty,Prashanth Shetty,2005-01-16,"No. 148, 4th Cross, Kakkanad, Jaipur, Rajasthan - 302325",test,critical
P00560,north,M,Sandeep,Gupta,given_surname,Sandeep Gupta,Vikram Gupta,2000-11-04,"No. 172, Main Road, T Nagar, Madurai, Tamil Nadu - 625858",train,clean
P00561,bengali,F,Ishita,Das,given_surname,Ishita Das,Sayan Das,2001-09-10,"No. 133, 4th Cross, Salt Lake, Coimbatore, Tamil Nadu - 641764",train,clean
P00562,north,M,Ankit,Tiwari,given_surname,Ankit Tiwari,Vikram Tiwari,2003-07-02,"No. 168, Station Road, Sector 62, Ahmedabad, Gujarat - 380952",train,clean
P00563,kannada,F,Geetha,Gowda,given_surname,Geetha Gowda,Manjunath Gowda,2001-09-24,"No. 2, Station Road, Navrangpura, Kochi, Kerala - 682770",train,clean
P00564,north,F,Sneha,Chauhan,given_surname,Sneha Chauhan,Vikram Chauhan,2001-07-20,"No. 222, 4th Cross, Jayanagar, Jaipur, Rajasthan - 302336",train,critical
P00565,tamil,F,Meena,Raju,given_father,Meena Raju,Raju,2002-06-01,"No. 31, Temple Street, Malviya Nagar, Pune, Maharashtra - 411983",train,needs_review
P00566,north,F,Sushma,Chauhan,given_surname,Sushma Chauhan,Gaurav Chauhan,2005-11-07,"No. 219, 4th Cross, T Nagar, Mysuru, Karnataka - 570642",train,clean
P00567,marathi_gujarati,F,Sayali,Deshpande,given_surname,Sayali Deshpande,Parth Deshpande,2002-12-29,"No. 13, Nehru Street, Jayanagar, Ahmedabad, Gujarat - 380514",train,clean
P00568,kannada,M,Puneeth,Bhat,given_surname,Puneeth Bhat,Satish Bhat,2004-06-03,"No. 115, Market Street, Kakkanad, Kolkata, West Bengal - 700616",train,needs_review
P00569,north,F,Archana,Sharma,given_surname,Archana Sharma,Vikram Sharma,2002-11-22,"No. 71, 4th Cross, Navrangpura, Noida, Uttar Pradesh - 201898",train,clean
P00570,north,M,Sanjay,Tiwari,given_surname,Sanjay Tiwari,Gaurav Tiwari,1998-11-23,"No. 179, Nehru Street, Saket, Delhi, Delhi - 110569",train,critical
P00571,kannada,F,Spoorthi,Gowda,given_surname,Spoorthi Gowda,Prashanth Gowda,2005-10-28,"No. 240, Station Road, Andheri, Kochi, Kerala - 682793",train,needs_review
P00572,muslim,M,Imran,Sheikh,given_surname,Imran Sheikh,Sameer Sheikh,2004-06-05,"No. 88, Gandhi Road, Anna Nagar, Chennai, Tamil Nadu - 600092",train,clean
P00573,bengali,F,Tanushree,Sen,given_surname,Tanushree Sen,Sourav Sen,2005-04-29,"No. 248, Nehru Street, Kothrud, Mysuru, Karnataka - 570990",train,clean
P00574,tamil,M,Karthik,Elango,given_father,Karthik Elango,Elango,2002-11-23,"No. 97, Lake View Road, Banjara Hills, Mumbai, Maharashtra - 400415",val,needs_review
P00575,north,M,Ankit,Mishra,given_surname,Ankit Mishra,Ajay Mishra,2004-02-17,"No. 222, Cross Road, Jayanagar, Jaipur, Rajasthan - 302686",val,critical
P00576,tamil,F,Gayathri,Siva,given_father,Gayathri Siva,Siva,2004-12-03,"No. 59, Park Avenue, Banjara Hills, Bengaluru, Karnataka - 560119",val,needs_review
P00577,north,F,Shreya,Singh,given_surname,Shreya Singh,Ankit Singh,2004-02-29,"No. 176, Church Street, T Nagar, Kolkata, West Bengal - 700497",test,clean
P00578,malayalam,F,Anjali,Panicker,given_surname,Anjali Panicker,Anand Panicker,1999-11-03,"No. 136, Main Road, Navrangpura, Madurai, Tamil Nadu - 625122",test,clean
P00579,telugu,M,Venkatesh,Naidu,given_surname,Venkatesh Naidu,Krishna Naidu,1998-07-26,"No. 187, Market Street, Anna Nagar, Chennai, Tamil Nadu - 600411",test,needs_review
P00580,tamil,F,Tamilselvi,Kannan,given_father,Tamilselvi Kannan,Kannan,1998-08-06,"No. 220, 4th Cross, Kothrud, Mumbai, Maharashtra - 400560",train,clean
P00581,malayalam,F,Divya,Menon,given_surname,Divya Menon,Akhil Menon,2005-10-25,"No. 113, Cross Road, Navrangpura, Mysuru, Karnataka - 570230",train,clean
P00582,kannada,F,Rashmi,Hegde,given_surname,Rashmi Hegde,Manjunath Hegde,2003-03-16,"No. 33, Nehru Street, Koramangala, Chennai, Tamil Nadu - 600237",train,clean
P00583,north,M,Ajay,Agarwal,given_surname,Ajay Agarwal,Amit Agarwal,1998-04-06,"No. 86, Temple Street, Anna Nagar, Noida, Uttar Pradesh - 201307",train,clean
P00584,north,M,Sandeep,Sharma,given_surname,Sandeep Sharma,Gaurav Sharma,2005-09-25,"No. 33, Church Street, Sector 62, Kochi, Kerala - 682026",train,clean
P00585,tamil,M,Murugan,Saravanan,given_father,Murugan Saravanan,Saravanan,1999-01-31,"No. 201, Market Street, Koramangala, Noida, Uttar Pradesh - 201016",train,clean
P00586,muslim,F,Fathima,Qureshi,given_surname,Fathima Qureshi,Farhan Qureshi,1998-11-17,"No. 197, Park Avenue, Kakkanad, Noida, Uttar Pradesh - 201033",train,clean
P00587,tamil,M,Murugan,Siva,given_father,Murugan Siva,Siva,2005-12-30,"No. 195, Park Avenue, Malviya Nagar, Kolkata, West Bengal - 700481",train,needs_review
P00588,bengali,F,Tanushree,Bose,given_surname,Tanushree Bose,Rajib Bose,1998-03-16,"No. 163, Nehru Street, Jayanagar, Ahmedabad, Gujarat - 380110",train,critical
P00589,malayalam,F,Gopika,Pillai,given_surname,Gopika Pillai,Hari Pillai,2000-01-01,"No. 92, Main Road, Indiranagar, Thiruvananthapuram, Kerala - 695652",train,clean
P00590,malayalam,F,Sruthi,Pillai,given_surname,Sruthi Pillai,Rahul Pillai,1998-03-04,"No. 167, Temple Street, Kakkanad, Madurai, Tamil Nadu - 625528",train,needs_review
P00591,tamil,M,Prakash,Saravanan,given_father,Prakash Saravanan,Saravanan,1999-01-29,"No. 214, Park Avenue, Andheri, Noida, Uttar Pradesh - 201246",train,clean
P00592,north,M,Sanjay,Mishra,given_surname,Sanjay Mishra,Gaurav Mishra,2005-12-07,"No. 122, Gandhi Road, Malviya Nagar, Ahmedabad, Gujarat - 380581",train,clean
P00593,kannada,M,Manjunath,Rao,given_surname,Manjunath Rao,Harish Rao,1998-08-15,"No. 233, Park Avenue, Navrangpura, Coimbatore, Tamil Nadu - 641592",train,clean
P00594,north,M,Vikram,Gupta,given_surname,Vikram Gupta,Sandeep Gupta,1998-01-01,"No. 228, MG Road, Kakkanad, Bengaluru, Karnataka - 560811",val,clean
P00595,tamil,M,Balaji,Arun,given_father,Balaji Arun,Arun,2004-07-18,"No. 54, Nehru Street, Malviya Nagar, Chennai, Tamil Nadu - 600403",val,clean
P00596,bengali,M,Rajib,Banerjee,given_surname,Rajib Banerjee,Sourav Banerjee,2003-01-13,"No. 236, Gandhi Road, Saket, Delhi, Delhi - 110476",val,clean
P00597,tamil,M,Selvam,Sundar,given_father,Selvam Sundar,Sundar,2000-02-09,"No. 119, Market Street, Velachery, Kochi, Kerala - 682606",test,clean
P00598,muslim,M,Mohammed,Syed,given_surname,Mohammed Syed,Imran Syed,1998-06-14,"No. 194, Cross Road, Saket, Madurai, Tamil Nadu - 625080",test,clean
P00599,kannada,M,Darshan,Bhat,given_surname,Darshan Bhat,Harish Bhat,1998-12-02,"No. 160, Church Street, Banjara Hills, Ahmedabad, Gujarat - 380127",test,clean
P00600,north,M,Sanjay,Yadav,given_surname,Sanjay Yadav,Gaurav Yadav,2005-11-22,"No. 227, Main Road, Andheri, Delhi, Delhi - 110958",train,clean
P00601,north,M,Rohit,Pandey,given_surname,Rohit Pandey,Sanjay Pandey,2001-09-24,"No. 75, Station Road, Andheri, Coimbatore, Tamil Nadu - 641020",train,clean
P00602,tamil,M,Kumar,Kannan,given_father,Kumar Kannan,Kannan,2005-06-05,"No. 198, Nehru Street, Navrangpura, Ahmedabad, Gujarat - 380503",train,critical
P00603,north,M,Vikram,Chauhan,given_surname,Vikram Chauhan,Sandeep Chauhan,1998-10-04,"No. 208, 2nd Main, Koramangala, Mysuru, Karnataka - 570592",train,clean
P00604,telugu,M,Kiran,Rao,given_surname,Kiran Rao,Krishna Rao,2000-12-13,"No. 224, Cross Road, Koramangala, Noida, Uttar Pradesh - 201496",train,needs_review
P00605,muslim,M,Abdul,Pathan,given_surname,Abdul Pathan,Imran Pathan,2002-11-01,"No. 64, Gandhi Road, Kothrud, Kochi, Kerala - 682113",train,needs_review
P00606,malayalam,F,Reshma,Panicker,given_surname,Reshma Panicker,Akhil Panicker,2002-04-05,"No. 127, Temple Street, Andheri, Ahmedabad, Gujarat - 380314",train,needs_review
P00607,telugu,F,Haritha,Chowdary,given_surname,Haritha Chowdary,Ravi Chowdary,2000-11-13,"No. 7, Church Street, Jayanagar, Ahmedabad, Gujarat - 380212",train,clean
P00608,north,F,Pooja,Pandey,given_surname,Pooja Pandey,Sandeep Pandey,2001-12-07,"No. 117, Main Road, Koramangala, Thiruvananthapuram, Kerala - 695712",train,clean
P00609,telugu,M,Suresh,Naidu,given_surname,Suresh Naidu,Krishna Naidu,2005-06-20,"No. 166, Main Road, Navrangpura, Jaipur, Rajasthan - 302934",train,clean
P00610,kannada,F,Geetha,Hegde,given_surname,Geetha Hegde,Satish Hegde,1998-05-16,"No. 34, 2nd Main, Anna Nagar, Mumbai, Maharashtra - 400861",train,clean
P00611,telugu,M,Mahesh,Varma,given_surname,Mahesh Varma,Ravi Varma,2001-10-18,"No. 89, Gandhi Road, Jayanagar, Kolkata, West Bengal - 700610",train,needs_review
P00612,tamil,M,Ramesh,Prakash,given_father,Ramesh Prakash,Prakash,2002-11-28,"No. 229, Church Street, Saket, Kochi, Kerala - 682114",train,clean
P00613,malayalam,F,Reshma,Varghese,given_surname,Reshma Varghese,Sanju Varghese,2003-04-07,"No. 209, Gandhi Road, Sector 62, Kolkata, West Bengal - 700288",train,clean
P00614,bengali,M,Abhijit,Mukherjee,given_surname,Abhijit Mukherjee,Rajib Mukherjee,1999-06-30,"No. 220, Cross Road, Velachery, Pune, Maharashtra - 411587",val,clean
P00615,marathi_gujarati,F,Snehal,Kulkarni,given_surname,Snehal Kulkarni,Harsh Kulkarni,2002-05-24,"No. 44, Nehru Street, Navrangpura, Delhi, Delhi - 110634",val,critical
P00616,north,M,Sanjay,Tiwari,given_surname,Sanjay Tiwari,Ajay Tiwari,2003-12-02,"No. 249, Park Avenue, Navrangpura, Kolkata, West Bengal - 700096",val,clean
P00617,north,M,Sumit,Pandey,given_surname,Sumit Pandey,Ajay Pandey,2001-03-12,"No. 141, MG Road, Kothrud, Ahmedabad, Gujarat - 380206",test,needs_review
P00618,tamil,F,Saranya,Selvam,given_father,Saranya Selvam,Selvam,2005-12-02,"No. 187, 2nd Main, Anna Nagar, Hyderabad, Telangana - 500810",test,clean
P00619,north,M,Sandeep,Mishra,given_surname,Sandeep Mishra,Vikram Mishra,2004-09-20,"No. 105, Nehru Street, Kakkanad, Noida, Uttar Pradesh - 201091",test,needs_review
P00620,marathi_gujarati,M,Harsh,Shah,given_surname,Harsh Shah,Aniket Shah,2004-03-27,"No. 247, Station Road, Navrangpura, Thiruvananthapuram, Kerala - 695501",train,clean
P00621,tamil,F,Janani,Senthil,given_father,Janani Senthil,Senthil,2004-09-21,"No. 127, 4th Cross, Jayanagar, Kochi, Kerala - 682321",train,clean
P00622,north,M,Rohit,Chauhan,given_surname,Rohit Chauhan,Ajay Chauhan,1999-12-01,"No. 10, 4th Cross, Saket, Coimbatore, Tamil Nadu - 641755",train,needs_review
P00623,tamil,F,Sowmya,Elango,given_father,Sowmya Elango,Elango,2005-09-13,"No. 187, Temple Street, Anna Nagar, Coimbatore, Tamil Nadu - 641069",train,needs_review
P00624,tamil,F,Saranya,Vignesh,given_father,Saranya Vignesh,Vignesh,2001-12-01,"No. 106, Church Street, Velachery, Mumbai, Maharashtra - 400224",train,clean
P00625,muslim,M,Imran,Sheikh,given_surname,Imran Sheikh,Mohammed Sheikh,2003-02-13,"No. 121, Park Avenue, Banjara Hills, Kolkata, West Bengal - 700960",train,clean
P00626,telugu,F,Jyothi,Naidu,given_surname,Jyothi Naidu,Naresh Naidu,2005-11-29,"No. 191, Station Road, Velachery, Hyderabad, Telangana - 500262",train,clean
P00627,malayalam,F,Anjali,Menon,given_surname,Anjali Menon,Sanju Menon,2001-03-28,"No. 62, Cross Road, Anna Nagar, Madurai, Tamil Nadu - 625690",train,clean
P00628,telugu,M,Mahesh,Chowdary,given_surname,Mahesh Chowdary,Naresh Chowdary,1998-06-05,"No. 97, Temple Street, Jayanagar, Delhi, Delhi - 110908",train,critical
P00629,marathi_gujarati,M,Parth,Mehta,given_surname,Parth Mehta,Nikhil Mehta,2003-03-01,"No. 67, 2nd Main, Indiranagar, Jaipur, Rajasthan - 302488",train,needs_review
P00630,north,F,Anjali,Pandey,given_surname,Anjali Pandey,Ankit Pandey,1998-11-15,"No. 64, Temple Street, Sector 62, Thiruvananthapuram, Kerala - 695809",train,clean
P00631,marathi_gujarati,M,Aniket,Joshi,given_surname,Aniket Joshi,Harsh Joshi,1998-04-15,"No. 158, Gandhi Road, T Nagar, Noida, Uttar Pradesh - 201215",train,clean
P00632,tamil,M,Raju,Selvam,given_father,Raju Selvam,Selvam,2004-09-24,"No. 149, Station Road, Salt Lake, Noida, Uttar Pradesh - 201050",train,needs_review
P00633,tamil,F,Kalaiselvi,Madhavan,given_father,Kalaiselvi Madhavan,Madhavan,2002-08-17,"No. 203, Station Road, Kakkanad, Madurai, Tamil Nadu - 625929",train,needs_review
P00634,north,F,Simran,Chauhan,given_surname,Simran Chauhan,Ankit Chauhan,2001-08-29,"No. 166, Market Street, Indiranagar, Noida, Uttar Pradesh - 201518",val,clean
P00635,north,M,Pradeep,Agarwal,given_surname,Pradeep Agarwal,Ankit Agarwal,2004-05-20,"No. 37, Park Avenue, Velachery, Madurai, Tamil Nadu - 625427",val,critical
P00636,north,F,Neha,Gupta,given_surname,Neha Gupta,Ajay Gupta,2004-11-04,"No. 77, 4th Cross, Koramangala, Pune, Maharashtra - 411180",val,critical
P00637,malayalam,F,Gopika,Pillai,given_surname,Gopika Pillai,Anand Pillai,2000-10-22,"No. 36, Main Road, Velachery, Madurai, Tamil Nadu - 625359",test,needs_review
P00638,kannada,M,Darshan,Gowda,given_surname,Darshan Gowda,Naveen Gowda,2000-05-10,"No. 164, Lake View Road, Velachery, Madurai, Tamil Nadu - 625059",test,clean
P00639,north,M,Rohit,Verma,given_surname,Rohit Verma,Sumit Verma,2001-10-24,"No. 233, Cross Road, T Nagar, Delhi, Delhi - 110459",test,clean
P00640,muslim,F,Shabana,Qureshi,given_surname,Shabana Qureshi,Salman Qureshi,2002-02-17,"No. 112, 2nd Main, Anna Nagar, Mumbai, Maharashtra - 400705",train,critical
P00641,malayalam,M,Hari,Menon,given_surname,Hari Menon,Arjun Menon,1999-04-22,"No. 96, Cross Road, Saket, Ahmedabad, Gujarat - 380303",train,clean
P00642,north,M,Sandeep,Tiwari,given_surname,Sandeep Tiwari,Ankit Tiwari,2003-01-09,"No. 28, 4th Cross, Velachery, Mumbai, Maharashtra - 400640",train,clean
P00643,marathi_gujarati,M,Jay,Patel,given_surname,Jay Patel,Aniket Patel,1999-05-23,"No. 157, Temple Street, Malviya Nagar, Pune, Maharashtra - 411438",train,needs_review
P00644,kannada,M,Satish,Bhat,given_surname,Satish Bhat,Girish Bhat,2003-07-23,"No. 52, Cross Road, Saket, Madurai, Tamil Nadu - 625197",train,clean
P00645,tamil,M,Raju,Siva,given_father,Raju Siva,Siva,2002-12-13,"No. 5, Lake View Road, Banjara Hills, Jaipur, Rajasthan - 302247",train,needs_review
P00646,north,F,Neha,Sharma,given_surname,Neha Sharma,Vikram Sharma,2000-12-11,"No. 150, Station Road, Koramangala, Madurai, Tamil Nadu - 625701",train,clean
P00647,malayalam,F,Aswathy,Varghese,given_surname,Aswathy Varghese,Vishnu Varghese,2004-03-14,"No. 74, Lake View Road, Navrangpura, Mumbai, Maharashtra - 400786",train,clean
P00648,tamil,F,Indhu,Kumar,given_father,Indhu Kumar,Kumar,1998-04-17,"No. 235, 2nd Main, Indiranagar, Mysuru, Karnataka - 570760",train,critical
P00649,north,F,Anjali,Yadav,given_surname,Anjali Yadav,Rohit Yadav,1999-04-09,"No. 162, Temple Street, Navrangpura, Noida, Uttar Pradesh - 201016",train,clean
P00650,north,F,Ritu,Singh,given_surname,Ritu Singh,Sandeep Singh,2000-03-18,"No. 21, Market Street, Sector 62, Jaipur, Rajasthan - 302320",train,clean
P00651,north,M,Rohit,Pandey,given_surname,Rohit Pandey,Amit Pandey,2002-03-02,"No. 96, Temple Street, Salt Lake, Ahmedabad, Gujarat - 380554",train,clean
P00652,kannada,F,Kavitha,Rao,given_surname,Kavitha Rao,Puneeth Rao,2000-10-18,"No. 21, Lake View Road, Malviya Nagar, Hyderabad, Telangana - 500119",train,clean
P00653,kannada,F,Asha,Hegde,given_surname,Asha Hegde,Manjunath Hegde,2004-03-03,"No. 89, Main Road, Anna Nagar, Hyderabad, Telangana - 500394",train,clean
P00654,north,M,Gaurav,Gupta,given_surname,Gaurav Gupta,Sumit Gupta,2001-09-19,"No. 69, Gandhi Road, Velachery, Mumbai, Maharashtra - 400698",val,clean
P00655,tamil,F,Gayathri,Babu,given_father,Gayathri Babu,Babu,1998-02-17,"No. 24, 4th Cross, Velachery, Mumbai, Maharashtra - 400441",val,critical
P00656,telugu,F,Lavanya,Chowdary,given_surname,Lavanya Chowdary,Ravi Chowdary,2002-08-02,"No. 168, Main Road, Koramangala, Mysuru, Karnataka - 570609",val,clean
P00657,north,F,Simran,Verma,given_surname,Simran Verma,Ankit Verma,2000-06-25,"No. 198, Market Street, Indiranagar, Noida, Uttar Pradesh - 201731",test,critical
P00658,north,F,Anjali,Gupta,given_surname,Anjali Gupta,Rohit Gupta,2005-04-26,"No. 228, Park Avenue, Anna Nagar, Thiruvananthapuram, Kerala - 695235",test,clean
P00659,north,F,Sushma,Agarwal,given_surname,Sushma Agarwal,Rohit Agarwal,2003-03-16,"No. 223, Gandhi Road, Banjara Hills, Coimbatore, Tamil Nadu - 641807",test,clean
P00660,bengali,F,Ishita,Banerjee,given_surname,Ishita Banerjee,Sourav Banerjee,1999-06-10,"No. 171, Nehru Street, Indiranagar, Thiruvananthapuram, Kerala - 695376",train,needs_review
P00661,kannada,F,Shilpa,Kulkarni,given_surname,Shilpa Kulkarni,Raghavendra Kulkarni,2000-04-20,"No. 49, Market Street, Saket, Delhi, Delhi - 110687",train,needs_review
P00662,kannada,M,Girish,Gowda,given_surname,Girish Gowda,Manjunath Gowda,2001-06-03,"No. 19, 2nd Main, Andheri, Delhi, Delhi - 110107",train,critical
P00663,telugu,F,Sravani,Chowdary,given_surname,Sravani Chowdary,Mahesh Chowdary,2000-04-29,"No. 208, Lake View Road, Jayanagar, Mumbai, Maharashtra - 400856",train,critical
P00664,malayalam,F,Anjali,Varghese,given_surname,Anjali Varghese,Anand Varghese,2005-09-16,"No. 25, Station Road, Velachery, Thiruvananthapuram, Kerala - 695104",train,clean
P00665,kannada,M,Shashank,Kulkarni,given_surname,Shashank Kulkarni,Harish Kulkarni,2003-06-29,"No. 190, 4th Cross, T Nagar, Chennai, Tamil Nadu - 600026",train,clean
P00666,muslim,M,Sameer,Pathan,given_surname,Sameer Pathan,Mohammed Pathan,1999-06-15,"No. 214, MG Road, Indiranagar, Kolkata, West Bengal - 700237",train,needs_review
P00667,muslim,M,Abdul,Ansari,given_surname,Abdul Ansari,Sameer Ansari,2001-09-01,"No. 202, Nehru Street, Banjara Hills, Madurai, Tamil Nadu - 625778",train,clean
P00668,christian,M,John,D'Souza,given_surname,John D'Souza,Thomas D'Souza,2000-01-28,"No. 224, Market Street, Velachery, Kolkata, West Bengal - 700728",train,critical
P00669,north,M,Sandeep,Tiwari,given_surname,Sandeep Tiwari,Vikram Tiwari,2001-12-08,"No. 80, MG Road, Andheri, Kolkata, West Bengal - 700507",train,needs_review
P00670,muslim,M,Irfan,Khan,given_surname,Irfan Khan,Arif Khan,1998-05-10,"No. 90, Lake View Road, Saket, Noida, Uttar Pradesh - 201627",train,clean
P00671,marathi_gujarati,M,Aniket,Mehta,given_surname,Aniket Mehta,Omkar Mehta,2004-07-31,"No. 185, Main Road, Andheri, Jaipur, Rajasthan - 302039",train,clean
P00672,marathi_gujarati,F,Sayali,Mehta,given_surname,Sayali Mehta,Harsh Mehta,2004-04-13,"No. 173, Station Road, Saket, Bengaluru, Karnataka - 560271",train,needs_review
P00673,telugu,M,Naresh,Rao,given_surname,Naresh Rao,Srinivas Rao,2005-02-16,"No. 70, Station Road, Andheri, Noida, Uttar Pradesh - 201357",train,needs_review
P00674,muslim,F,Rukhsar,Khan,given_surname,Rukhsar Khan,Mohammed Khan,1999-12-20,"No. 248, Main Road, Kothrud, Ahmedabad, Gujarat - 380411",val,critical
P00675,marathi_gujarati,M,Omkar,Joshi,given_surname,Omkar Joshi,Tejas Joshi,2002-07-18,"No. 70, Church Street, Indiranagar, Pune, Maharashtra - 411909",val,clean
P00676,christian,M,George,Fernandes,given_surname,George Fernandes,Joel Fernandes,2001-09-12,"No. 108, Nehru Street, Indiranagar, Kolkata, West Bengal - 700238",val,clean
P00677,malayalam,M,Rahul,Kurup,given_surname,Rahul Kurup,Anand Kurup,2004-12-20,"No. 70, Station Road, Salt Lake, Delhi, Delhi - 110013",test,clean
P00678,north,M,Ankit,Mishra,given_surname,Ankit Mishra,Ajay Mishra,2002-11-29,"No. 158, Gandhi Road, Banjara Hills, Jaipur, Rajasthan - 302988",test,clean
P00679,tamil,M,Babu,Kumar,given_father,Babu Kumar,Kumar,1998-03-13,"No. 153, Gandhi Road, Salt Lake, Kochi, Kerala - 682467",test,critical
P00680,telugu,M,Naresh,Raju,given_surname,Naresh Raju,Mahesh Raju,2004-02-18,"No. 103, Temple Street, Jayanagar, Chennai, Tamil Nadu - 600274",train,clean
P00681,tamil,F,Sangeetha,Kannan,given_father,Sangeetha Kannan,Kannan,2002-10-09,"No. 60, Park Avenue, T Nagar, Chennai, Tamil Nadu - 600005",train,clean
P00682,marathi_gujarati,M,Jay,Mehta,given_surname,Jay Mehta,Sagar Mehta,2001-06-24,"No. 152, Main Road, Koramangala, Delhi, Delhi - 110487",train,needs_review
P00683,kannada,M,Darshan,Hegde,given_surname,Darshan Hegde,Shashank Hegde,1998-09-30,"No. 201, Nehru Street, Jayanagar, Ahmedabad, Gujarat - 380170",train,clean
P00684,telugu,M,Ravi,Rao,given_surname,Ravi Rao,Venkatesh Rao,1999-10-17,"No. 84, Park Avenue, Navrangpura, Mysuru, Karnataka - 570540",train,clean
P00685,christian,M,John,Joseph,given_surname,John Joseph,George Joseph,2002-03-02,"No. 101, Market Street, Koramangala, Mysuru, Karnataka - 570238",train,critical
P00686,north,F,Simran,Agarwal,given_surname,Simran Agarwal,Rahul Agarwal,1999-12-30,"No. 50, MG Road, Salt Lake, Chennai, Tamil Nadu - 600971",train,clean
P00687,north,M,Ajay,Mishra,given_surname,Ajay Mishra,Rohit Mishra,1999-08-30,"No. 25, Main Road, Banjara Hills, Kochi, Kerala - 682929",train,clean
P00688,kannada,M,Puneeth,Rao,given_surname,Puneeth Rao,Satish Rao,2004-03-31,"No. 159, Park Avenue, Koramangala, Kochi, Kerala - 682509",train,clean
P00689,north,F,Neha,Sharma,given_surname,Neha Sharma,Amit Sharma,2000-03-28,"No. 139, 2nd Main, Kothrud, Coimbatore, Tamil Nadu - 641757",train,clean
P00690,telugu,F,Swathi,Rao,given_surname,Swathi Rao,Krishna Rao,2003-06-06,"No. 102, Station Road, Indiranagar, Pune, Maharashtra - 411327",train,clean
P00691,telugu,M,Ravi,Raju,given_surname,Ravi Raju,Srinivas Raju,1999-11-10,"No. 219, Temple Street, Velachery, Chennai, Tamil Nadu - 600479",train,clean
P00692,kannada,M,Harish,Hegde,given_surname,Harish Hegde,Prashanth Hegde,1998-11-16,"No. 187, Main Road, Sector 62, Jaipur, Rajasthan - 302340",train,clean
P00693,north,F,Riya,Yadav,given_surname,Riya Yadav,Sandeep Yadav,1999-12-05,"No. 202, 2nd Main, Velachery, Madurai, Tamil Nadu - 625344",train,clean
P00694,malayalam,F,Divya,Pillai,given_surname,Divya Pillai,Vishnu Pillai,1998-09-02,"No. 51, Temple Street, Sector 62, Mysuru, Karnataka - 570462",val,critical
P00695,kannada,F,Asha,Kulkarni,given_surname,Asha Kulkarni,Harish Kulkarni,1998-01-16,"No. 37, 2nd Main, Jayanagar, Mumbai, Maharashtra - 400013",val,needs_review
P00696,tamil,M,Elango,Kumar,given_father,Elango Kumar,Kumar,1999-03-22,"No. 151, 4th Cross, Indiranagar, Kolkata, West Bengal - 700572",val,clean
P00697,tamil,F,Saranya,Arun,given_father,Saranya Arun,Arun,1998-11-10,"No. 169, Cross Road, Kothrud, Hyderabad, Telangana - 500988",test,clean
P00698,tamil,F,Keerthana,Kumar,given_father,Keerthana Kumar,Kumar,2005-10-09,"No. 206, Church Street, Kothrud, Hyderabad, Telangana - 500513",test,critical
P00699,tamil,F,Kavya,Kumar,given_father,Kavya Kumar,Kumar,2002-02-21,"No. 148, Main Road, Anna Nagar, Mumbai, Maharashtra - 400964",test,clean
P00700,muslim,M,Sameer,Khan,given_surname,Sameer Khan,Salman Khan,2001-11-24,"No. 180, 2nd Main, Banjara Hills, Jaipur, Rajasthan - 302697",train,clean
P00701,muslim,F,Nazia,Sheikh,given_surname,Nazia Sheikh,Sameer Sheikh,1999-06-24,"No. 94, Nehru Street, Andheri, Bengaluru, Karnataka - 560902",train,critical
P00702,marathi_gujarati,M,Nikhil,Joshi,given_surname,Nikhil Joshi,Omkar Joshi,2002-06-06,"No. 111, Park Avenue, Banjara Hills, Mysuru, Karnataka - 570416",train,clean
P00703,marathi_gujarati,M,Aniket,Desai,given_surname,Aniket Desai,Nikhil Desai,1999-07-21,"No. 72, Cross Road, Kothrud, Mysuru, Karnataka - 570687",train,needs_review
P00704,christian,M,Samuel,Joseph,given_surname,Samuel Joseph,John Joseph,2000-02-28,"No. 245, Park Avenue, Kakkanad, Pune, Maharashtra - 411522",train,clean
P00705,kannada,F,Bhoomika,Hegde,given_surname,Bhoomika Hegde,Naveen Hegde,1999-01-15,"No. 153, Gandhi Road, Velachery, Chennai, Tamil Nadu - 600580",train,clean
P00706,christian,M,Joseph,Pereira,given_surname,Joseph Pereira,Samuel Pereira,2003-12-12,"No. 117, Church Street, Kakkanad, Bengaluru, Karnataka - 560400",train,clean
P00707,north,M,Gaurav,Gupta,given_surname,Gaurav Gupta,Ankit Gupta,2002-04-25,"No. 68, Station Road, Navrangpura, Noida, Uttar Pradesh - 201520",train,needs_review
P00708,telugu,M,Ravi,Reddy,given_surname,Ravi Reddy,Chaitanya Reddy,2002-07-25,"No. 21, Cross Road, Kakkanad, Bengaluru, Karnataka - 560010",train,clean
P00709,malayalam,M,Vishnu,Pillai,given_surname,Vishnu Pillai,Arjun Pillai,2004-09-08,"No. 9, Church Street, Saket, Madurai, Tamil Nadu - 625274",train,clean
P00710,north,F,Sneha,Sharma,given_surname,Sneha Sharma,Vikram Sharma,2005-05-13,"No. 165, Temple Street, Malviya Nagar, Coimbatore, Tamil Nadu - 641879",train,needs_review
P00711,telugu,F,Divya,Varma,given_surname,Divya Varma,Suresh Varma,2000-08-12,"No. 170, Temple Street, T Nagar, Bengaluru, Karnataka - 560668",train,clean
P00712,north,F,Sushma,Tiwari,given_surname,Sushma Tiwari,Sanjay Tiwari,2003-02-01,"No. 180, Market Street, Kakkanad, Pune, Maharashtra - 411856",train,clean
P00713,tamil,M,Prakash,Murugan,given_father,Prakash Murugan,Murugan,2000-09-13,"No. 20, Nehru Street, Navrangpura, Jaipur, Rajasthan - 302494",train,clean
P00714,north,M,Sandeep,Chauhan,given_surname,Sandeep Chauhan,Pradeep Chauhan,1998-01-13,"No. 100, Market Street, T Nagar, Mysuru, Karnataka - 570662",val,critical
P00715,bengali,M,Abhijit,Sen,given_surname,Abhijit Sen,Rajib Sen,2004-04-09,"No. 123, Church Street, Koramangala, Thiruvananthapuram, Kerala - 695153",val,clean
P00716,muslim,M,Salman,Pathan,given_surname,Salman Pathan,Imran Pathan,2001-12-17,"No. 95, MG Road, Velachery, Ahmedabad, Gujarat - 380243",val,needs_review
P00717,north,F,Priyanka,Gupta,given_surname,Priyanka Gupta,Pradeep Gupta,1999-08-11,"No. 32, Station Road, Navrangpura, Madurai, Tamil Nadu - 625500",test,needs_review
P00718,tamil,M,Ramesh,Sundar,given_father,Ramesh Sundar,Sundar,2003-03-03,"No. 162, Nehru Street, Saket, Mumbai, Maharashtra - 400133",test,needs_review
P00719,malayalam,F,Anagha,Kurup,given_surname,Anagha Kurup,Anand Kurup,2000-08-03,"No. 190, Lake View Road, Koramangala, Bengaluru, Karnataka - 560022",test,clean
P00720,tamil,F,Keerthana,Murugan,given_father,Keerthana Murugan,Murugan,2001-11-28,"No. 246, Park Avenue, Anna Nagar, Bengaluru, Karnataka - 560201",train,clean
P00721,muslim,M,Salman,Syed,given_surname,Salman Syed,Farhan Syed,2000-09-15,"No. 35, MG Road, Kothrud, Chennai, Tamil Nadu - 600795",train,clean
P00722,north,F,Pooja,Verma,given_surname,Pooja Verma,Vikram Verma,2000-10-17,"No. 215, Cross Road, Jayanagar, Coimbatore, Tamil Nadu - 641737",train,needs_review
P00723,north,M,Sandeep,Mishra,given_surname,Sandeep Mishra,Amit Mishra,2000-08-13,"No. 1, Station Road, Anna Nagar, Thiruvananthapuram, Kerala - 695276",train,needs_review
P00724,tamil,M,Arun,Madhavan,given_father,Arun Madhavan,Madhavan,1999-03-29,"No. 136, Gandhi Road, Indiranagar, Mysuru, Karnataka - 570729",train,clean
P00725,christian,M,Samuel,Mathew,given_surname,Samuel Mathew,Joseph Mathew,2000-02-13,"No. 13, Nehru Street, Malviya Nagar, Kolkata, West Bengal - 700228",train,critical
P00726,north,F,Pooja,Pandey,given_surname,Pooja Pandey,Rohit Pandey,2000-09-24,"No. 108, Nehru Street, Saket, Pune, Maharashtra - 411770",train,critical
P00727,telugu,F,Jyothi,Chowdary,given_surname,Jyothi Chowdary,Ravi Chowdary,2005-07-09,"No. 237, Nehru Street, Banjara Hills, Pune, Maharashtra - 411744",train,clean
P00728,malayalam,F,Neethu,Varghese,given_surname,Neethu Varghese,Rahul Varghese,1999-02-28,"No. 24, Cross Road, Kothrud, Thiruvananthapuram, Kerala - 695382",train,clean
P00729,marathi_gujarati,M,Omkar,Patil,given_surname,Omkar Patil,Harsh Patil,1999-07-15,"No. 64, Park Avenue, Velachery, Delhi, Delhi - 110101",train,needs_review
P00730,kannada,M,Girish,Bhat,given_surname,Girish Bhat,Manjunath Bhat,2004-01-14,"No. 250, Temple Street, Koramangala, Hyderabad, Telangana - 500962",train,needs_review
P00731,tamil,F,Nithya,Arun,given_father,Nithya Arun,Arun,1999-11-16,"No. 141, MG Road, Saket, Mysuru, Karnataka - 570856",train,clean
P00732,marathi_gujarati,M,Omkar,Joshi,given_surname,Omkar Joshi,Nikhil Joshi,2003-09-09,"No. 78, Cross Road, Kakkanad, Hyderabad, Telangana - 500900",train,critical
P00733,telugu,M,Kiran,Reddy,given_surname,Kiran Reddy,Naresh Reddy,1998-06-25,"No. 86, Station Road, T Nagar, Mysuru, Karnataka - 570850",train,needs_review
P00734,tamil,F,Revathi,Raju,given_father,Revathi Raju,Raju,2005-06-11,"No. 79, Main Road, Malviya Nagar, Hyderabad, Telangana - 500521",val,needs_review
P00735,tamil,F,Vaishnavi,Sundar,given_father,Vaishnavi Sundar,Sundar,2004-03-04,"No. 116, Church Street, Saket, Mysuru, Karnataka - 570294",val,clean
P00736,kannada,M,Raghavendra,Hegde,given_surname,Raghavendra Hegde,Prashanth Hegde,2004-08-07,"No. 128, Park Avenue, Navrangpura, Coimbatore, Tamil Nadu - 641006",val,needs_review
P00737,muslim,F,Zainab,Pathan,given_surname,Zainab Pathan,Mohammed Pathan,2005-03-31,"No. 50, MG Road, Banjara Hills, Kolkata, West Bengal - 700232",test,clean
P00738,muslim,M,Arif,Sheikh,given_surname,Arif Sheikh,Sameer Sheikh,1998-04-03,"No. 123, Park Avenue, Saket, Chennai, Tamil Nadu - 600198",test,clean
P00739,kannada,F,Shilpa,Shetty,given_surname,Shilpa Shetty,Harish Shetty,2001-02-24,"No. 240, MG Road, Kothrud, Mumbai, Maharashtra - 400149",test,needs_review
P00740,malayalam,M,Akhil,Panicker,given_surname,Akhil Panicker,Anand Panicker,2003-01-29,"No. 115, Park Avenue, Velachery, Hyderabad, Telangana - 500367",train,needs_review
P00741,christian,M,Joseph,Fernandes,given_surname,Joseph Fernandes,Joel Fernandes,2000-01-07,"No. 234, Gandhi Road, Andheri, Thiruvananthapuram, Kerala - 695029",train,clean
P00742,christian,M,John,D'Souza,given_surname,John D'Souza,David D'Souza,2002-05-11,"No. 125, 4th Cross, Kakkanad, Delhi, Delhi - 110043",train,clean
P00743,marathi_gujarati,F,Dhwani,Shah,given_surname,Dhwani Shah,Parth Shah,2002-09-07,"No. 6, Cross Road, Andheri, Bengaluru, Karnataka - 560174",train,clean
P00744,tamil,F,Yamini,Raju,given_father,Yamini Raju,Raju,2003-04-28,"No. 89, Gandhi Road, Kothrud, Hyderabad, Telangana - 500306",train,clean
P00745,telugu,F,Madhuri,Raju,given_surname,Madhuri Raju,Venkatesh Raju,2005-02-11,"No. 115, 2nd Main, Jayanagar, Chennai, Tamil Nadu - 600297",train,clean
P00746,tamil,F,Indhu,Vignesh,given_father,Indhu Vignesh,Vignesh,2002-02-08,"No. 39, Church Street, Salt Lake, Bengaluru, Karnataka - 560929",train,clean
P00747,kannada,F,Kavitha,Bhat,given_surname,Kavitha Bhat,Manjunath Bhat,1999-01-30,"No. 201, Nehru Street, T Nagar, Bengaluru, Karnataka - 560285",train,needs_review
P00748,north,F,Anjali,Agarwal,given_surname,Anjali Agarwal,Rahul Agarwal,2004-07-18,"No. 155, Lake View Road, Koramangala, Chennai, Tamil Nadu - 600722",train,clean
P00749,muslim,F,Heena,Qureshi,given_surname,Heena Qureshi,Imran Qureshi,2003-06-21,"No. 189, Market Street, Banjara Hills, Bengaluru, Karnataka - 560496",train,clean
P00750,muslim,M,Sameer,Pathan,given_surname,Sameer Pathan,Abdul Pathan,2005-01-21,"No. 100, Church Street, Koramangala, Thiruvananthapuram, Kerala - 695466",train,needs_review
P00751,muslim,M,Arif,Qureshi,given_surname,Arif Qureshi,Salman Qureshi,2002-03-12,"No. 46, Cross Road, Kothrud, Delhi, Delhi - 110681",train,clean
P00752,tamil,M,Murugan,Ramesh,given_father,Murugan Ramesh,Ramesh,2000-06-16,"No. 33, Station Road, Salt Lake, Mumbai, Maharashtra - 400424",train,clean
P00753,tamil,M,Murugan,Vignesh,given_father,Murugan Vignesh,Vignesh,2002-08-17,"No. 223, Gandhi Road, Kothrud, Coimbatore, Tamil Nadu - 641638",train,clean
P00754,marathi_gujarati,F,Madhuri,Patel,given_surname,Madhuri Patel,Parth Patel,2004-10-09,"No. 179, Main Road, Salt Lake, Kolkata, West Bengal - 700499",val,clean
P00755,kannada,F,Nandini,Rao,given_surname,Nandini Rao,Satish Rao,2002-10-22,"No. 41, Temple Street, Navrangpura, Delhi, Delhi - 110656",val,clean
P00756,tamil,F,Keerthana,Raju,given_father,Keerthana Raju,Raju,2002-10-07,"No. 32, 4th Cross, Koramangala, Pune, Maharashtra - 411654",val,clean
P00757,kannada,F,Shilpa,Gowda,given_surname,Shilpa Gowda,Darshan Gowda,2001-01-10,"No. 79, Market Street, Andheri, Jaipur, Rajasthan - 302951",test,clean
P00758,tamil,M,Sundar,Manikandan,given_father,Sundar Manikandan,Manikandan,2005-04-21,"No. 62, Station Road, Indiranagar, Chennai, Tamil Nadu - 600115",test,clean
P00759,kannada,F,Pallavi,Bhat,given_surname,Pallavi Bhat,Manjunath Bhat,1998-06-12,"No. 165, Gandhi Road, Sector 62, Thiruvananthapuram, Kerala - 695294",test,clean
P00760,telugu,F,Jyothi,Raju,given_surname,Jyothi Raju,Krishna Raju,1999-01-21,"No. 62, Main Road, Sector 62, Kolkata, West Bengal - 700720",train,needs_review
P00761,bengali,M,Anirban,Das,given_surname,Anirban Das,Abhijit Das,2003-08-07,"No. 129, Main Road, Kakkanad, Pune, Maharashtra - 411338",train,clean
P00762,marathi_gujarati,M,Parth,Deshpande,given_surname,Parth Deshpande,Nikhil Deshpande,1998-05-18,"No. 128, 4th Cross, Banjara Hills, Delhi, Delhi - 110896",train,critical
P00763,kannada,F,Sahana,Hegde,given_surname,Sahana Hegde,Naveen Hegde,2002-08-19,"No. 195, Cross Road, Saket, Bengaluru, Karnataka - 560179",train,clean
P00764,tamil,F,Indhu,Murugan,given_father,Indhu Murugan,Murugan,1999-04-27,"No. 211, MG Road, T Nagar, Kochi, Kerala - 682839",train,clean
P00765,tamil,F,Indhu,Kannan,given_father,Indhu Kannan,Kannan,2002-07-14,"No. 189, 4th Cross, Malviya Nagar, Pune, Maharashtra - 411511",train,critical
P00766,telugu,F,Jyothi,Raju,given_surname,Jyothi Raju,Krishna Raju,1999-10-12,"No. 190, Gandhi Road, Navrangpura, Hyderabad, Telangana - 500034",train,clean
P00767,north,M,Amit,Singh,given_surname,Amit Singh,Ankit Singh,2003-09-18,"No. 227, Church Street, Anna Nagar, Pune, Maharashtra - 411926",train,clean
P00768,tamil,M,Kumar,Saravanan,given_father,Kumar Saravanan,Saravanan,1999-04-24,"No. 174, Temple Street, Saket, Mumbai, Maharashtra - 400917",train,clean
P00769,tamil,M,Kannan,Saravanan,given_father,Kannan Saravanan,Saravanan,2005-05-06,"No. 129, Gandhi Road, Banjara Hills, Coimbatore, Tamil Nadu - 641693",train,clean
P00770,north,F,Ritu,Tiwari,given_surname,Ritu Tiwari,Rahul Tiwari,2003-07-14,"No. 46, Lake View Road, Kothrud, Ahmedabad, Gujarat - 380085",train,clean
P00771,telugu,F,Bhavani,Varma,given_surname,Bhavani Varma,Krishna Varma,2005-12-14,"No. 141, Market Street, Saket, Bengaluru, Karnataka - 560057",train,clean
P00772,tamil,M,Manikandan,Sundar,given_father,Manikandan Sundar,Sundar,2005-12-20,"No. 245, Temple Street, Kakkanad, Noida, Uttar Pradesh - 201858",train,clean
P00773,tamil,M,Murugan,Raju,given_father,Murugan Raju,Raju,2002-07-13,"No. 111, Lake View Road, Sector 62, Delhi, Delhi - 110181",train,critical
P00774,tamil,F,Priya,Saravanan,given_father,Priya Saravanan,Saravanan,2005-12-17,"No. 184, Lake View Road, Banjara Hills, Kolkata, West Bengal - 700760",val,clean
P00775,muslim,M,Abdul,Pathan,given_surname,Abdul Pathan,Arif Pathan,1998-11-04,"No. 50, Church Street, Malviya Nagar, Delhi, Delhi - 110668",val,clean
P00776,telugu,M,Prasad,Naidu,given_surname,Prasad Naidu,Ravi Naidu,2003-10-19,"No. 237, Station Road, Sector 62, Mumbai, Maharashtra - 400460",val,clean
P00777,north,F,Simran,Tiwari,given_surname,Simran Tiwari,Pradeep Tiwari,2002-09-11,"No. 145, Cross Road, Koramangala, Jaipur, Rajasthan - 302189",test,clean
P00778,north,F,Sushma,Verma,given_surname,Sushma Verma,Rahul Verma,2005-04-16,"No. 58, 2nd Main, Anna Nagar, Jaipur, Rajasthan - 302530",test,clean
P00779,north,F,Shreya,Yadav,given_surname,Shreya Yadav,Pradeep Yadav,2001-12-21,"No. 139, 4th Cross, Velachery, Chennai, Tamil Nadu - 600995",test,needs_review
P00780,bengali,M,Anirban,Das,given_surname,Anirban Das,Arnab Das,2005-11-27,"No. 209, 2nd Main, Jayanagar, Hyderabad, Telangana - 500667",train,needs_review
P00781,kannada,F,Asha,Rao,given_surname,Asha Rao,Satish Rao,1998-03-09,"No. 44, Nehru Street, Koramangala, Delhi, Delhi - 110561",train,clean
P00782,north,F,Archana,Pandey,given_surname,Archana Pandey,Ankit Pandey,2004-09-08,"No. 229, Cross Road, Jayanagar, Madurai, Tamil Nadu - 625844",train,clean
P00783,bengali,M,Rajib,Das,given_surname,Rajib Das,Anirban Das,2001-07-10,"No. 9, Lake View Road, T Nagar, Chennai, Tamil Nadu - 600271",train,clean
P00784,bengali,M,Sayan,Chatterjee,given_surname,Sayan Chatterjee,Debashis Chatterjee,2002-12-03,"No. 202, Nehru Street, T Nagar, Ahmedabad, Gujarat - 380614",train,needs_review
P00785,christian,M,John,D'Souza,given_surname,John D'Souza,Samuel D'Souza,1998-02-22,"No. 103, Cross Road, T Nagar, Mysuru, Karnataka - 570998",train,critical
P00786,telugu,F,Lavanya,Rao,given_surname,Lavanya Rao,Ravi Rao,2003-05-04,"No. 220, Cross Road, Indiranagar, Kochi, Kerala - 682091",train,needs_review
P00787,telugu,F,Divya,Rao,given_surname,Divya Rao,Srinivas Rao,2000-09-17,"No. 57, MG Road, T Nagar, Kolkata, West Bengal - 700465",train,clean
P00788,kannada,F,Geetha,Shetty,given_surname,Geetha Shetty,Girish Shetty,2000-07-19,"No. 132, Nehru Street, Andheri, Thiruvananthapuram, Kerala - 695067",train,critical
P00789,telugu,F,Jyothi,Chowdary,given_surname,Jyothi Chowdary,Krishna Chowdary,1999-02-16,"No. 180, 4th Cross, Jayanagar, Noida, Uttar Pradesh - 201068",train,critical
P00790,marathi_gujarati,F,Sayali,Patel,given_surname,Sayali Patel,Aniket Patel,2003-02-16,"No. 249, MG Road, T Nagar, Jaipur, Rajasthan - 302584",train,needs_review
P00791,telugu,M,Srinivas,Chowdary,given_surname,Srinivas Chowdary,Krishna Chowdary,2004-07-09,"No. 250, Nehru Street, Navrangpura, Noida, Uttar Pradesh - 201832",train,needs_review
P00792,north,F,Neha,Chauhan,given_surname,Neha Chauhan,Deepak Chauhan,2003-04-06,"No. 195, Cross Road, Salt Lake, Coimbatore, Tamil Nadu - 641308",train,critical
P00793,telugu,M,Suresh,Rao,given_surname,Suresh Rao,Krishna Rao,2003-07-17,"No. 26, Park Avenue, Malviya Nagar, Delhi, Delhi - 110422",train,clean
P00794,telugu,F,Swathi,Chowdary,given_surname,Swathi Chowdary,Krishna Chowdary,2002-01-25,"No. 37, MG Road, Kothrud, Ahmedabad, Gujarat - 380723",val,needs_review
P00795,north,F,Komal,Pandey,given_surname,Komal Pandey,Pradeep Pandey,1998-02-21,"No. 143, MG Road, Anna Nagar, Kolkata, West Bengal - 700553",val,critical
P00796,telugu,F,Madhuri,Raju,given_surname,Madhuri Raju,Krishna Raju,2002-11-20,"No. 123, Station Road, Anna Nagar, Kolkata, West Bengal - 700111",val,clean
P00797,north,F,Simran,Chauhan,given_surname,Simran Chauhan,Amit Chauhan,1998-12-20,"No. 47, 4th Cross, Kothrud, Delhi, Delhi - 110608",test,needs_review
P00798,marathi_gujarati,F,Sayali,Mehta,given_surname,Sayali Mehta,Omkar Mehta,1998-12-29,"No. 138, Nehru Street, Koramangala, Madurai, Tamil Nadu - 625490",test,clean
P00799,christian,F,Grace,Fernandes,given_surname,Grace Fernandes,Daniel Fernandes,2004-08-25,"No. 58, Church Street, Sector 62, Mumbai, Maharashtra - 400312",test,clean
P00800,north,F,Neha,Sharma,given_surname,Neha Sharma,Rohit Sharma,2000-12-21,"No. 126, Gandhi Road, T Nagar, Kolkata, West Bengal - 700492",train,clean
P00801,bengali,M,Debashis,Roy,given_surname,Debashis Roy,Sayan Roy,2005-08-29,"No. 249, 4th Cross, Koramangala, Delhi, Delhi - 110454",train,clean
P00802,north,F,Neha,Mishra,given_surname,Neha Mishra,Rahul Mishra,2004-10-03,"No. 195, Lake View Road, Kakkanad, Madurai, Tamil Nadu - 625489",train,needs_review
P00803,bengali,M,Rajib,Bose,given_surname,Rajib Bose,Abhijit Bose,1999-01-04,"No. 120, Nehru Street, Navrangpura, Noida, Uttar Pradesh - 201655",train,clean
P00804,malayalam,F,Sruthi,Panicker,given_surname,Sruthi Panicker,Sanju Panicker,2001-08-10,"No. 193, 2nd Main, Salt Lake, Madurai, Tamil Nadu - 625558",train,clean
P00805,north,F,Sneha,Chauhan,given_surname,Sneha Chauhan,Vikram Chauhan,2005-08-17,"No. 135, Church Street, Sector 62, Pune, Maharashtra - 411649",train,needs_review
P00806,north,F,Simran,Mishra,given_surname,Simran Mishra,Gaurav Mishra,2002-11-17,"No. 194, Main Road, Anna Nagar, Ahmedabad, Gujarat - 380316",train,clean
P00807,bengali,F,Tanushree,Chatterjee,given_surname,Tanushree Chatterjee,Debashis Chatterjee,2001-11-16,"No. 242, Nehru Street, Navrangpura, Kolkata, West Bengal - 700600",train,clean
P00808,marathi_gujarati,F,Snehal,Patil,given_surname,Snehal Patil,Omkar Patil,2001-06-15,"No. 140, Market Street, Malviya Nagar, Kolkata, West Bengal - 700895",train,needs_review
P00809,muslim,F,Fathima,Ansari,given_surname,Fathima Ansari,Sameer Ansari,2002-04-10,"No. 243, MG Road, Koramangala, Noida, Uttar Pradesh - 201393",train,clean
P00810,kannada,M,Raghavendra,Hegde,given_surname,Raghavendra Hegde,Manjunath Hegde,2004-10-19,"No. 167, MG Road, Indiranagar, Jaipur, Rajasthan - 302614",train,clean
P00811,christian,M,Joseph,Mathew,given_surname,Joseph Mathew,Samuel Mathew,2001-12-05,"No. 192, 2nd Main, Koramangala, Ahmedabad, Gujarat - 380664",train,clean
P00812,tamil,M,Karthik,Vignesh,given_father,Karthik Vignesh,Vignesh,2005-09-24,"No. 10, Temple Street, Anna Nagar, Hyderabad, Telangana - 500800",train,clean
P00813,marathi_gujarati,M,Aniket,Patel,given_surname,Aniket Patel,Tejas Patel,2004-08-23,"No. 82, Market Street, T Nagar, Mumbai, Maharashtra - 400790",train,critical
P00814,telugu,M,Mahesh,Rao,given_surname,Mahesh Rao,Kiran Rao,2004-07-06,"No. 247, Church Street, Sector 62, Delhi, Delhi - 110051",val,clean
P00815,telugu,M,Prasad,Naidu,given_surname,Prasad Naidu,Venkatesh Naidu,2000-10-26,"No. 247, Gandhi Road, Indiranagar, Kochi, Kerala - 682441",val,clean
P00816,telugu,M,Mahesh,Rao,given_surname,Mahesh Rao,Venkatesh Rao,2001-01-14,"No. 174, Lake View Road, Indiranagar, Jaipur, Rajasthan - 302388",val,clean
P00817,tamil,F,Sangeetha,Senthil,given_father,Sangeetha Senthil,Senthil,1998-09-09,"No. 108, Lake View Road, Indiranagar, Hyderabad, Telangana - 500680",test,clean
P00818,tamil,M,Sundar,Saravanan,given_father,Sundar Saravanan,Saravanan,2002-09-19,"No. 34, 2nd Main, Navrangpura, Ahmedabad, Gujarat - 380867",test,clean
P00819,north,F,Komal,Singh,given_surname,Komal Singh,Sanjay Singh,1998-04-07,"No. 216, Nehru Street, Jayanagar, Mysuru, Karnataka - 570293",test,clean
P00820,tamil,F,Sowmya,Ramesh,given_father,Sowmya Ramesh,Ramesh,2003-05-30,"No. 55, 4th Cross, Indiranagar, Kochi, Kerala - 682680",train,clean
P00821,marathi_gujarati,M,Sagar,Desai,given_surname,Sagar Desai,Aniket Desai,1999-12-07,"No. 1, 2nd Main, Koramangala, Ahmedabad, Gujarat - 380916",train,clean
P00822,bengali,M,Arnab,Ghosh,given_surname,Arnab Ghosh,Abhijit Ghosh,1998-06-05,"No. 9, 4th Cross, Jayanagar, Delhi, Delhi - 110305",train,critical
P00823,north,M,Sanjay,Tiwari,given_surname,Sanjay Tiwari,Ankit Tiwari,1999-03-24,"No. 144, 4th Cross, Sector 62, Delhi, Delhi - 110364",train,needs_review
P00824,muslim,M,Farhan,Sheikh,given_surname,Farhan Sheikh,Mohammed Sheikh,2004-04-10,"No. 177, Nehru Street, Velachery, Hyderabad, Telangana - 500858",train,needs_review
P00825,muslim,M,Sameer,Sheikh,given_surname,Sameer Sheikh,Arif Sheikh,1998-04-28,"No. 166, Gandhi Road, Andheri, Mumbai, Maharashtra - 400076",train,clean
P00826,malayalam,M,Vishnu,Pillai,given_surname,Vishnu Pillai,Hari Pillai,1998-04-09,"No. 197, 2nd Main, Saket, Noida, Uttar Pradesh - 201885",train,needs_review
P00827,north,M,Pradeep,Agarwal,given_surname,Pradeep Agarwal,Sanjay Agarwal,1999-10-31,"No. 96, Temple Street, Kothrud, Thiruvananthapuram, Kerala - 695128",train,clean
P00828,telugu,F,Swathi,Rao,given_surname,Swathi Rao,Prasad Rao,2005-11-24,"No. 227, Park Avenue, Saket, Mumbai, Maharashtra - 400220",train,clean
P00829,malayalam,M,Jithin,Varghese,given_surname,Jithin Varghese,Arjun Varghese,1999-04-27,"No. 222, Station Road, Malviya Nagar, Mumbai, Maharashtra - 400197",train,critical
P00830,tamil,M,Elango,Prakash,given_father,Elango Prakash,Prakash,2004-01-15,"No. 173, Gandhi Road, Indiranagar, Kochi, Kerala - 682812",train,needs_review
P00831,north,M,Rohit,Pandey,given_surname,Rohit Pandey,Ankit Pandey,1998-02-07,"No. 46, Station Road, Indiranagar, Thiruvananthapuram, Kerala - 695190",train,needs_review
P00832,malayalam,F,Gopika,Varghese,given_surname,Gopika Varghese,Anand Varghese,2000-07-15,"No. 67, Lake View Road, Sector 62, Madurai, Tamil Nadu - 625237",train,clean
P00833,north,M,Deepak,Chauhan,given_surname,Deepak Chauhan,Gaurav Chauhan,2000-08-17,"No. 118, Market Street, Saket, Delhi, Delhi - 110847",train,clean
P00834,kannada,F,Rashmi,Gowda,given_surname,Rashmi Gowda,Girish Gowda,2004-05-31,"No. 139, Market Street, Banjara Hills, Kochi, Kerala - 682305",val,needs_review
P00835,kannada,M,Girish,Shetty,given_surname,Girish Shetty,Prashanth Shetty,2002-12-24,"No. 229, Church Street, Velachery, Ahmedabad, Gujarat - 380799",val,clean
P00836,north,M,Rahul,Sharma,given_surname,Rahul Sharma,Pradeep Sharma,2000-01-23,"No. 83, Park Avenue, Kakkanad, Ahmedabad, Gujarat - 380524",val,clean
P00837,christian,F,Jennifer,Mathew,given_surname,Jennifer Mathew,Daniel Mathew,2003-04-07,"No. 68, 4th Cross, Banjara Hills, Pune, Maharashtra - 411703",test,needs_review
P00838,marathi_gujarati,M,Omkar,Patil,given_surname,Omkar Patil,Parth Patil,2004-02-02,"No. 212, Market Street, T Nagar, Chennai, Tamil Nadu - 600346",test,critical
P00839,bengali,F,Payel,Roy,given_surname,Payel Roy,Debashis Roy,1998-12-23,"No. 198, Cross Road, Jayanagar, Noida, Uttar Pradesh - 201867",test,clean
P00840,malayalam,M,Sreejith,Pillai,given_surname,Sreejith Pillai,Akhil Pillai,2001-06-25,"No. 53, Cross Road, Andheri, Delhi, Delhi - 110826",train,critical
P00841,kannada,F,Nandini,Hegde,given_surname,Nandini Hegde,Naveen Hegde,2005-09-11,"No. 170, Gandhi Road, Velachery, Bengaluru, Karnataka - 560335",train,needs_review
P00842,tamil,F,Revathi,Selvam,given_father,Revathi Selvam,Selvam,2003-03-09,"No. 27, 2nd Main, Koramangala, Ahmedabad, Gujarat - 380028",train,clean
P00843,north,M,Sandeep,Singh,given_surname,Sandeep Singh,Ajay Singh,2000-11-04,"No. 107, Lake View Road, Indiranagar, Hyderabad, Telangana - 500357",train,clean
P00844,tamil,F,Kalaiselvi,Balaji,given_father,Kalaiselvi Balaji,Balaji,1999-01-06,"No. 45, MG Road, Jayanagar, Bengaluru, Karnataka - 560700",train,clean
P00845,marathi_gujarati,M,Sagar,Patil,given_surname,Sagar Patil,Omkar Patil,2001-07-01,"No. 9, Park Avenue, Anna Nagar, Coimbatore, Tamil Nadu - 641618",train,needs_review
P00846,north,F,Anjali,Sharma,given_surname,Anjali Sharma,Pradeep Sharma,2000-03-10,"No. 208, 4th Cross, Saket, Mysuru, Karnataka - 570699",train,needs_review
P00847,north,F,Sushma,Verma,given_surname,Sushma Verma,Sanjay Verma,2001-10-07,"No. 209, MG Road, Velachery, Kolkata, West Bengal - 700541",train,critical
P00848,tamil,F,Malathi,Kannan,given_father,Malathi Kannan,Kannan,2000-09-13,"No. 40, Nehru Street, T Nagar, Madurai, Tamil Nadu - 625087",train,needs_review
P00849,telugu,F,Bhavani,Naidu,given_surname,Bhavani Naidu,Ravi Naidu,2003-04-04,"No. 140, Park Avenue, Indiranagar, Mumbai, Maharashtra - 400394",train,critical
P00850,north,F,Priyanka,Gupta,given_surname,Priyanka Gupta,Deepak Gupta,2004-03-16,"No. 13, Lake View Road, Salt Lake, Coimbatore, Tamil Nadu - 641674",train,clean
P00851,north,F,Archana,Pandey,given_surname,Archana Pandey,Amit Pandey,2005-05-23,"No. 2, Church Street, Salt Lake, Madurai, Tamil Nadu - 625941",train,clean
P00852,bengali,M,Rajib,Mukherjee,given_surname,Rajib Mukherjee,Subhajit Mukherjee,1998-01-10,"No. 108, Temple Street, Banjara Hills, Bengaluru, Karnataka - 560533",train,needs_review
P00853,malayalam,M,Vishnu,Menon,given_surname,Vishnu Menon,Jithin Menon,2000-01-08,"No. 179, Lake View Road, Kakkanad, Kolkata, West Bengal - 700027",train,needs_review
P00854,christian,F,Sharon,D'Souza,given_surname,Sharon D'Souza,George D'Souza,2004-10-12,"No. 68, Nehru Street, Banjara Hills, Noida, Uttar Pradesh - 201485",val,clean
P00855,marathi_gujarati,M,Aniket,Mehta,given_surname,Aniket Mehta,Sagar Mehta,2003-04-29,"No. 162, Gandhi Road, Salt Lake, Mysuru, Karnataka - 570907",val,critical
P00856,telugu,F,Haritha,Varma,given_surname,Haritha Varma,Venkatesh Varma,2002-01-26,"No. 245, Cross Road, Malviya Nagar, Kolkata, West Bengal - 700690",val,needs_review
P00857,north,F,Shreya,Mishra,given_surname,Shreya Mishra,Vikram Mishra,1999-11-14,"No. 141, Nehru Street, Jayanagar, Bengaluru, Karnataka - 560069",test,clean
P00858,kannada,M,Naveen,Rao,given_surname,Naveen Rao,Girish Rao,2004-11-20,"No. 238, 4th Cross, Malviya Nagar, Hyderabad, Telangana - 500959",test,clean
P00859,muslim,M,Salman,Syed,given_surname,Salman Syed,Arif Syed,2005-04-19,"No. 25, Market Street, Banjara Hills, Delhi, Delhi - 110575",test,critical
P00860,north,F,Sneha,Mishra,given_surname,Sneha Mishra,Gaurav Mishra,1999-04-15,"No. 192, Gandhi Road, Banjara Hills, Chennai, Tamil Nadu - 600111",train,clean
P00861,north,F,Archana,Chauhan,given_surname,Archana Chauhan,Gaurav Chauhan,2005-05-09,"No. 152, MG Road, Kothrud, Mysuru, Karnataka - 570292",train,needs_review
P00862,muslim,M,Farhan,Qureshi,given_surname,Farhan Qureshi,Abdul Qureshi,2003-07-14,"No. 101, Church Street, Anna Nagar, Bengaluru, Karnataka - 560862",train,needs_review
P00863,bengali,F,Ishita,Chatterjee,given_surname,Ishita Chatterjee,Anirban Chatterjee,2005-10-25,"No. 231, Lake View Road, Velachery, Coimbatore, Tamil Nadu - 641442",train,clean
P00864,north,F,Archana,Chauhan,given_surname,Archana Chauhan,Gaurav Chauhan,1998-07-05,"No. 73, Lake View Road, Banjara Hills, Ahmedabad, Gujarat - 380900",train,clean
P00865,bengali,F,Payel,Bose,given_surname,Payel Bose,Sayan Bose,2000-05-28,"No. 39, Nehru Street, Navrangpura, Jaipur, Rajasthan - 302917",train,critical
P00866,tamil,M,Sundar,Elango,given_father,Sundar Elango,Elango,2000-03-20,"No. 12, Park Avenue, Jayanagar, Jaipur, Rajasthan - 302158",train,critical
P00867,north,M,Sanjay,Pandey,given_surname,Sanjay Pandey,Rohit Pandey,1999-04-12,"No. 79, MG Road, Sector 62, Thiruvananthapuram, Kerala - 695503",train,critical
P00868,marathi_gujarati,F,Rutuja,Joshi,given_surname,Rutuja Joshi,Nikhil Joshi,2005-02-23,"No. 39, MG Road, Sector 62, Thiruvananthapuram, Kerala - 695149",train,clean
P00869,north,M,Pradeep,Tiwari,given_surname,Pradeep Tiwari,Ankit Tiwari,2003-07-10,"No. 87, 2nd Main, Jayanagar, Kolkata, West Bengal - 700523",train,needs_review
P00870,malayalam,M,Rahul,Panicker,given_surname,Rahul Panicker,Anand Panicker,2001-12-31,"No. 166, 4th Cross, Malviya Nagar, Jaipur, Rajasthan - 302844",train,needs_review
P00871,kannada,M,Naveen,Shetty,given_surname,Naveen Shetty,Prashanth Shetty,2001-10-13,"No. 95, Temple Street, Malviya Nagar, Kochi, Kerala - 682360",train,clean
P00872,bengali,F,Moumita,Mukherjee,given_surname,Moumita Mukherjee,Abhijit Mukherjee,1999-10-29,"No. 235, Temple Street, Saket, Kochi, Kerala - 682600",train,critical
P00873,muslim,M,Mohammed,Ansari,given_surname,Mohammed Ansari,Farhan Ansari,1998-12-25,"No. 8, 4th Cross, Velachery, Ahmedabad, Gujarat - 380040",train,needs_review
P00874,tamil,F,Meena,Siva,given_father,Meena Siva,Siva,2004-10-05,"No. 70, Main Road, Salt Lake, Jaipur, Rajasthan - 302584",val,clean
P00875,tamil,M,Murugan,Madhavan,given_father,Murugan Madhavan,Madhavan,1999-04-20,"No. 179, MG Road, Saket, Coimbatore, Tamil Nadu - 641618",val,clean
P00876,bengali,M,Debashis,Das,given_surname,Debashis Das,Rajib Das,2002-01-19,"No. 179, Market Street, Indiranagar, Chennai, Tamil Nadu - 600917",val,needs_review
P00877,kannada,M,Raghavendra,Hegde,given_surname,Raghavendra Hegde,Girish Hegde,2004-08-12,"No. 222, MG Road, Velachery, Madurai, Tamil Nadu - 625819",test,critical
P00878,malayalam,M,Vishnu,Pillai,given_surname,Vishnu Pillai,Anand Pillai,2003-03-01,"No. 64, Lake View Road, Velachery, Mumbai, Maharashtra - 400530",test,needs_review
P00879,marathi_gujarati,M,Nikhil,Deshpande,given_surname,Nikhil Deshpande,Tejas Deshpande,2003-10-02,"No. 192, Market Street, Jayanagar, Chennai, Tamil Nadu - 600563",test,clean
P00880,marathi_gujarati,F,Snehal,Shah,given_surname,Snehal Shah,Harsh Shah,2001-04-09,"No. 64, Main Road, Salt Lake, Noida, Uttar Pradesh - 201726",train,needs_review
P00881,marathi_gujarati,M,Omkar,Shah,given_surname,Omkar Shah,Harsh Shah,2000-02-21,"No. 55, Gandhi Road, Velachery, Delhi, Delhi - 110902",train,clean
P00882,north,M,Rahul,Verma,given_surname,Rahul Verma,Sandeep Verma,2003-12-24,"No. 219, Park Avenue, Kothrud, Jaipur, Rajasthan - 302531",train,clean
P00883,tamil,M,Balaji,Selvam,given_father,Balaji Selvam,Selvam,2002-06-20,"No. 64, Main Road, Kakkanad, Kochi, Kerala - 682917",train,needs_review
P00884,north,F,Priyanka,Sharma,given_surname,Priyanka Sharma,Rahul Sharma,2005-03-16,"No. 136, Market Street, Malviya Nagar, Ahmedabad, Gujarat - 380054",train,needs_review
P00885,telugu,M,Kiran,Naidu,given_surname,Kiran Naidu,Venkatesh Naidu,2004-05-31,"No. 5, Market Street, Malviya Nagar, Pune, Maharashtra - 411028",train,clean
P00886,malayalam,F,Divya,Pillai,given_surname,Divya Pillai,Vishnu Pillai,2004-06-19,"No. 46, Main Road, Salt Lake, Chennai, Tamil Nadu - 600205",train,clean
P00887,malayalam,F,Divya,Pillai,given_surname,Divya Pillai,Vishnu Pillai,2000-09-02,"No. 41, Lake View Road, Koramangala, Coimbatore, Tamil Nadu - 641157",train,clean
P00888,kannada,F,Bhoomika,Kulkarni,given_surname,Bhoomika Kulkarni,Girish Kulkarni,2004-12-21,"No. 16, 4th Cross, Salt Lake, Ahmedabad, Gujarat - 380265",train,clean
P00889,marathi_gujarati,F,Madhuri,Shah,given_surname,Madhuri Shah,Sagar Shah,1998-12-16,"No. 76, MG Road, Sector 62, Bengaluru, Karnataka - 560457",train,needs_review
P00890,tamil,F,Indhu,Sundar,given_father,Indhu Sundar,Sundar,1998-01-16,"No. 31, MG Road, Kakkanad, Pune, Maharashtra - 411869",train,needs_review
P00891,north,F,Riya,Mishra,given_surname,Riya Mishra,Ajay Mishra,2002-05-01,"No. 56, MG Road, Sector 62, Jaipur, Rajasthan - 302132",train,clean
P00892,north,M,Sumit,Singh,given_surname,Sumit Singh,Vikram Singh,1999-07-26,"No. 165, 2nd Main, Indiranagar, Ahmedabad, Gujarat - 380996",train,clean
P00893,north,M,Ankit,Sharma,given_surname,Ankit Sharma,Pradeep Sharma,1999-09-08,"No. 233, Main Road, Navrangpura, Thiruvananthapuram, Kerala - 695459",train,needs_review
P00894,christian,M,John,Fernandes,given_surname,John Fernandes,Joseph Fernandes,2003-08-01,"No. 26, Park Avenue, Indiranagar, Kolkata, West Bengal - 700866",val,clean
P00895,marathi_gujarati,F,Dhwani,Patel,given_surname,Dhwani Patel,Sagar Patel,2004-05-04,"No. 61, Market Street, Navrangpura, Bengaluru, Karnataka - 560550",val,needs_review
P00896,north,F,Komal,Yadav,given_surname,Komal Yadav,Amit Yadav,2002-05-06,"No. 22, Temple Street, T Nagar, Coimbatore, Tamil Nadu - 641025",val,critical
P00897,north,F,Archana,Verma,given_surname,Archana Verma,Sandeep Verma,2004-03-19,"No. 167, Church Street, Banjara Hills, Bengaluru, Karnataka - 560162",test,clean
P00898,telugu,F,Sunitha,Rao,given_surname,Sunitha Rao,Prasad Rao,1999-02-21,"No. 224, MG Road, Koramangala, Thiruvananthapuram, Kerala - 695812",test,clean
P00899,malayalam,F,Gopika,Panicker,given_surname,Gopika Panicker,Nikhil Panicker,1998-12-23,"No. 141, Main Road, Salt Lake, Mysuru, Karnataka - 570088",test,critical
P00900,tamil,F,Harini,Selvam,given_father,Harini Selvam,Selvam,1999-01-15,"No. 118, Market Street, Sector 62, Pune, Maharashtra - 411464",train,clean
P00901,tamil,M,Murugan,Elango,given_father,Murugan Elango,Elango,2001-12-17,"No. 176, 2nd Main, Jayanagar, Coimbatore, Tamil Nadu - 641428",train,critical
P00902,malayalam,M,Rahul,Varghese,given_surname,Rahul Varghese,Akhil Varghese,1999-03-08,"No. 225, Park Avenue, Sector 62, Hyderabad, Telangana - 500446",train,clean
P00903,kannada,M,Raghavendra,Shetty,given_surname,Raghavendra Shetty,Shashank Shetty,1998-01-12,"No. 10, Lake View Road, T Nagar, Bengaluru, Karnataka - 560471",train,clean
P00904,kannada,M,Naveen,Rao,given_surname,Naveen Rao,Shashank Rao,2003-03-04,"No. 89, Church Street, Kakkanad, Delhi, Delhi - 110723",train,clean
P00905,north,M,Sanjay,Tiwari,given_surname,Sanjay Tiwari,Sandeep Tiwari,2001-03-25,"No. 131, Temple Street, Sector 62, Mumbai, Maharashtra - 400069",train,clean
P00906,kannada,M,Naveen,Gowda,given_surname,Naveen Gowda,Harish Gowda,2001-06-14,"No. 138, Gandhi Road, Andheri, Chennai, Tamil Nadu - 600311",train,clean
P00907,telugu,F,Madhuri,Varma,given_surname,Madhuri Varma,Chaitanya Varma,2000-09-21,"No. 108, Lake View Road, Saket, Delhi, Delhi - 110659",train,clean
P00908,tamil,F,Abirami,Karthik,given_father,Abirami Karthik,Karthik,2002-05-01,"No. 152, Lake View Road, Koramangala, Chennai, Tamil Nadu - 600942",train,clean
P00909,telugu,F,Bhavani,Naidu,given_surname,Bhavani Naidu,Ravi Naidu,2005-01-16,"No. 98, Market Street, Jayanagar, Hyderabad, Telangana - 500340",train,clean
P00910,marathi_gujarati,F,Snehal,Patil,given_surname,Snehal Patil,Jay Patil,1999-11-07,"No. 29, Gandhi Road, Saket, Chennai, Tamil Nadu - 600974",train,clean
P00911,tamil,M,Arun,Sundar,given_father,Arun Sundar,Sundar,1999-12-18,"No. 136, Market Street, Jayanagar, Kolkata, West Bengal - 700015",train,clean
P00912,tamil,F,Meena,Vignesh,given_father,Meena Vignesh,Vignesh,2004-08-28,"No. 157, Temple Street, Anna Nagar, Coimbatore, Tamil Nadu - 641990",train,clean
P00913,telugu,F,Sravani,Reddy,given_surname,Sravani Reddy,Ravi Reddy,2001-09-22,"No. 98, MG Road, Navrangpura, Chennai, Tamil Nadu - 600739",train,needs_review
P00914,north,M,Pradeep,Singh,given_surname,Pradeep Singh,Rahul Singh,1998-03-25,"No. 132, Market Street, Velachery, Delhi, Delhi - 110543",val,critical
P00915,muslim,M,Irfan,Ansari,given_surname,Irfan Ansari,Farhan Ansari,2003-09-04,"No. 103, Station Road, Jayanagar, Mumbai, Maharashtra - 400194",val,clean
P00916,north,M,Ankit,Mishra,given_surname,Ankit Mishra,Deepak Mishra,2002-04-23,"No. 88, Market Street, Salt Lake, Mysuru, Karnataka - 570073",val,clean
P00917,bengali,F,Ishita,Ghosh,given_surname,Ishita Ghosh,Subhajit Ghosh,2005-09-09,"No. 50, Main Road, Sector 62, Hyderabad, Telangana - 500742",test,clean
P00918,malayalam,F,Reshma,Pillai,given_surname,Reshma Pillai,Jithin Pillai,1998-04-06,"No. 120, MG Road, T Nagar, Delhi, Delhi - 110921",test,clean
P00919,marathi_gujarati,F,Prachi,Joshi,given_surname,Prachi Joshi,Harsh Joshi,2000-11-06,"No. 106, Gandhi Road, Indiranagar, Pune, Maharashtra - 411878",test,clean
P00920,malayalam,F,Aswathy,Menon,given_surname,Aswathy Menon,Sreejith Menon,2004-06-26,"No. 245, Park Avenue, T Nagar, Pune, Maharashtra - 411604",train,critical
P00921,christian,F,Teresa,Pereira,given_surname,Teresa Pereira,Joel Pereira,2004-07-17,"No. 94, Lake View Road, Anna Nagar, Hyderabad, Telangana - 500191",train,clean
P00922,marathi_gujarati,F,Sayali,Kulkarni,given_surname,Sayali Kulkarni,Sagar Kulkarni,2004-03-23,"No. 56, Main Road, Kakkanad, Delhi, Delhi - 110276",train,clean
P00923,muslim,M,Farhan,Pathan,given_surname,Farhan Pathan,Arif Pathan,2003-12-31,"No. 134, Station Road, Velachery, Pune, Maharashtra - 411974",train,clean
P00924,north,F,Shreya,Verma,given_surname,Shreya Verma,Vikram Verma,2004-01-16,"No. 63, MG Road, Saket, Jaipur, Rajasthan - 302574",train,clean
P00925,tamil,F,Sowmya,Arun,given_father,Sowmya Arun,Arun,2004-07-06,"No. 192, Park Avenue, Anna Nagar, Chennai, Tamil Nadu - 600906",train,needs_review
P00926,north,F,Archana,Gupta,given_surname,Archana Gupta,Rohit Gupta,1999-06-20,"No. 162, Gandhi Road, Salt Lake, Kochi, Kerala - 682860",train,clean
P00927,muslim,F,Ayesha,Syed,given_surname,Ayesha Syed,Farhan Syed,2002-01-15,"No. 75, Station Road, Indiranagar, Thiruvananthapuram, Kerala - 695259",train,needs_review
P00928,malayalam,F,Reshma,Panicker,given_surname,Reshma Panicker,Hari Panicker,1999-11-12,"No. 132, Main Road, T Nagar, Coimbatore, Tamil Nadu - 641118",train,clean
P00929,kannada,M,Girish,Rao,given_surname,Girish Rao,Shashank Rao,2000-06-16,"No. 201, Cross Road, Anna Nagar, Pune, Maharashtra - 411524",train,clean
P00930,tamil,M,Sundar,Velu,given_father,Sundar Velu,Velu,2002-08-18,"No. 245, MG Road, Banjara Hills, Delhi, Delhi - 110427",train,clean
P00931,muslim,F,Nazia,Qureshi,given_surname,Nazia Qureshi,Salman Qureshi,2000-11-10,"No. 104, Market Street, Saket, Mumbai, Maharashtra - 400966",train,clean
P00932,christian,M,Joseph,Joseph,given_surname,Joseph Joseph,David Joseph,2005-10-29,"No. 140, Temple Street, T Nagar, Jaipur, Rajasthan - 302218",train,critical
P00933,telugu,F,Madhuri,Chowdary,given_surname,Madhuri Chowdary,Venkatesh Chowdary,2004-08-10,"No. 213, Lake View Road, Saket, Coimbatore, Tamil Nadu - 641067",train,clean
P00934,tamil,F,Vaishnavi,Arun,given_father,Vaishnavi Arun,Arun,1999-12-07,"No. 54, 2nd Main, Saket, Ahmedabad, Gujarat - 380934",val,clean
P00935,telugu,M,Ravi,Varma,given_surname,Ravi Varma,Krishna Varma,1998-02-22,"No. 244, 2nd Main, Salt Lake, Kolkata, West Bengal - 700382",val,needs_review
P00936,tamil,F,Sangeetha,Velu,given_father,Sangeetha Velu,Velu,1998-10-04,"No. 124, 4th Cross, T Nagar, Hyderabad, Telangana - 500598",val,critical
P00937,tamil,F,Lakshmi,Vignesh,given_father,Lakshmi Vignesh,Vignesh,1999-01-28,"No. 150, Temple Street, Navrangpura, Pune, Maharashtra - 411017",test,clean
P00938,telugu,F,Lavanya,Raju,given_surname,Lavanya Raju,Prasad Raju,2004-03-24,"No. 128, 2nd Main, Koramangala, Noida, Uttar Pradesh - 201827",test,critical
P00939,tamil,M,Balaji,Kumar,given_father,Balaji Kumar,Kumar,1999-08-18,"No. 186, Market Street, Saket, Hyderabad, Telangana - 500573",test,clean
P00940,tamil,M,Senthil,Arun,given_father,Senthil Arun,Arun,1999-07-19,"No. 11, Park Avenue, Salt Lake, Kochi, Kerala - 682593",train,needs_review
P00941,kannada,F,Asha,Shetty,given_surname,Asha Shetty,Manjunath Shetty,1998-11-02,"No. 136, Church Street, Navrangpura, Thiruvananthapuram, Kerala - 695897",train,clean
P00942,muslim,M,Arif,Khan,given_surname,Arif Khan,Salman Khan,2002-10-21,"No. 225, Nehru Street, Anna Nagar, Kolkata, West Bengal - 700783",train,clean
P00943,bengali,F,Sreya,Mukherjee,given_surname,Sreya Mukherjee,Arnab Mukherjee,2000-06-30,"No. 229, Church Street, Anna Nagar, Noida, Uttar Pradesh - 201171",train,critical
P00944,bengali,M,Anirban,Banerjee,given_surname,Anirban Banerjee,Abhijit Banerjee,2000-03-13,"No. 93, Gandhi Road, Andheri, Thiruvananthapuram, Kerala - 695345",train,clean
P00945,telugu,F,Madhuri,Raju,given_surname,Madhuri Raju,Venkatesh Raju,2000-09-03,"No. 174, Lake View Road, Banjara Hills, Chennai, Tamil Nadu - 600979",train,clean
P00946,muslim,M,Abdul,Ansari,given_surname,Abdul Ansari,Irfan Ansari,1999-01-16,"No. 170, Gandhi Road, Jayanagar, Pune, Maharashtra - 411611",train,clean
P00947,north,F,Archana,Sharma,given_surname,Archana Sharma,Deepak Sharma,2001-07-04,"No. 54, Cross Road, Velachery, Coimbatore, Tamil Nadu - 641799",train,needs_review
P00948,tamil,F,Lakshmi,Kumar,given_father,Lakshmi Kumar,Kumar,2000-12-14,"No. 105, Main Road, Jayanagar, Noida, Uttar Pradesh - 201016",train,clean
P00949,malayalam,M,Rahul,Nair,given_surname,Rahul Nair,Arjun Nair,2002-02-09,"No. 45, Main Road, Sector 62, Hyderabad, Telangana - 500394",train,needs_review
P00950,christian,F,Angel,Mathew,given_surname,Angel Mathew,George Mathew,2002-07-03,"No. 29, 2nd Main, Salt Lake, Delhi, Delhi - 110142",train,clean
P00951,telugu,F,Sravani,Raju,given_surname,Sravani Raju,Naresh Raju,2001-07-18,"No. 71, Cross Road, Anna Nagar, Coimbatore, Tamil Nadu - 641196",train,needs_review
P00952,bengali,M,Sayan,Sen,given_surname,Sayan Sen,Rajib Sen,1998-01-15,"No. 130, Market Street, Anna Nagar, Mumbai, Maharashtra - 400289",train,clean
P00953,north,M,Gaurav,Verma,given_surname,Gaurav Verma,Sumit Verma,2000-04-23,"No. 35, 2nd Main, Kakkanad, Noida, Uttar Pradesh - 201649",train,clean
P00954,malayalam,M,Anand,Varghese,given_surname,Anand Varghese,Sreejith Varghese,2002-06-05,"No. 104, Church Street, Koramangala, Ahmedabad, Gujarat - 380977",val,critical
P00955,bengali,F,Ananya,Bose,given_surname,Ananya Bose,Sayan Bose,2001-09-09,"No. 196, Lake View Road, Kakkanad, Madurai, Tamil Nadu - 625619",val,clean
P00956,tamil,F,Tamilselvi,Elango,given_father,Tamilselvi Elango,Elango,2005-09-16,"No. 57, Main Road, Salt Lake, Bengaluru, Karnataka - 560034",val,clean
P00957,tamil,M,Elango,Kumar,given_father,Elango Kumar,Kumar,1998-05-16,"No. 50, 4th Cross, Andheri, Madurai, Tamil Nadu - 625532",test,clean
P00958,marathi_gujarati,M,Omkar,Kulkarni,given_surname,Omkar Kulkarni,Aniket Kulkarni,2001-11-18,"No. 85, MG Road, Malviya Nagar, Jaipur, Rajasthan - 302510",test,clean
P00959,kannada,M,Darshan,Gowda,given_surname,Darshan Gowda,Satish Gowda,1998-03-19,"No. 89, Station Road, Andheri, Hyderabad, Telangana - 500316",test,clean
P00960,kannada,F,Rashmi,Shetty,given_surname,Rashmi Shetty,Shashank Shetty,2002-06-15,"No. 188, Market Street, T Nagar, Madurai, Tamil Nadu - 625095",train,clean
P00961,north,M,Sandeep,Pandey,given_surname,Sandeep Pandey,Ankit Pandey,2005-11-30,"No. 198, Market Street, T Nagar, Jaipur, Rajasthan - 302034",train,needs_review
P00962,kannada,M,Puneeth,Gowda,given_surname,Puneeth Gowda,Naveen Gowda,2003-02-15,"No. 238, Main Road, Kothrud, Kolkata, West Bengal - 700928",train,clean
P00963,telugu,F,Haritha,Varma,given_surname,Haritha Varma,Chaitanya Varma,2004-12-26,"No. 229, MG Road, Andheri, Bengaluru, Karnataka - 560360",train,needs_review
P00964,bengali,F,Moumita,Mukherjee,given_surname,Moumita Mukherjee,Anirban Mukherjee,2000-04-27,"No. 134, Main Road, T Nagar, Thiruvananthapuram, Kerala - 695401",train,clean
P00965,marathi_gujarati,F,Sayali,Patel,given_surname,Sayali Patel,Tejas Patel,2003-02-25,"No. 191, Lake View Road, Velachery, Madurai, Tamil Nadu - 625323",train,needs_review
P00966,telugu,M,Ravi,Chowdary,given_surname,Ravi Chowdary,Kiran Chowdary,2000-04-07,"No. 242, MG Road, Koramangala, Kolkata, West Bengal - 700844",train,needs_review
P00967,tamil,M,Velu,Vignesh,given_father,Velu Vignesh,Vignesh,2002-09-23,"No. 42, Nehru Street, Velachery, Mysuru, Karnataka - 570285",train,critical
P00968,telugu,F,Swathi,Varma,given_surname,Swathi Varma,Srinivas Varma,2003-03-27,"No. 70, Cross Road, Anna Nagar, Coimbatore, Tamil Nadu - 641461",train,clean
P00969,north,F,Neha,Mishra,given_surname,Neha Mishra,Pradeep Mishra,2000-06-07,"No. 223, Gandhi Road, Salt Lake, Pune, Maharashtra - 411601",train,critical
P00970,muslim,F,Shabana,Pathan,given_surname,Shabana Pathan,Salman Pathan,1999-12-28,"No. 204, Nehru Street, T Nagar, Jaipur, Rajasthan - 302418",train,needs_review
P00971,tamil,F,Priya,Kumar,given_father,Priya Kumar,Kumar,2000-03-22,"No. 190, Main Road, Velachery, Pune, Maharashtra - 411302",train,needs_review
P00972,telugu,M,Chaitanya,Chowdary,given_surname,Chaitanya Chowdary,Srinivas Chowdary,2001-08-29,"No. 120, 4th Cross, Indiranagar, Kochi, Kerala - 682465",train,needs_review
P00973,north,M,Rahul,Mishra,given_surname,Rahul Mishra,Amit Mishra,2001-02-21,"No. 29, MG Road, Velachery, Kolkata, West Bengal - 700638",train,needs_review
P00974,malayalam,M,Anand,Panicker,given_surname,Anand Panicker,Vishnu Panicker,2003-02-02,"No. 220, Market Street, Indiranagar, Ahmedabad, Gujarat - 380753",val,critical
P00975,tamil,F,Harini,Madhavan,given_father,Harini Madhavan,Madhavan,1999-10-24,"No. 105, Gandhi Road, Jayanagar, Mysuru, Karnataka - 570379",val,needs_review
P00976,marathi_gujarati,F,Snehal,Deshpande,given_surname,Snehal Deshpande,Aniket Deshpande,2002-02-27,"No. 110, 4th Cross, Kothrud, Hyderabad, Telangana - 500908",val,needs_review
P00977,tamil,F,Revathi,Sundar,given_father,Revathi Sundar,Sundar,2002-06-20,"No. 139, Temple Street, Kothrud, Kochi, Kerala - 682063",test,critical
P00978,muslim,F,Nazia,Ansari,given_surname,Nazia Ansari,Mohammed Ansari,2003-01-31,"No. 102, Temple Street, Kakkanad, Noida, Uttar Pradesh - 201622",test,needs_review
P00979,telugu,F,Jyothi,Raju,given_surname,Jyothi Raju,Kiran Raju,2005-09-18,"No. 111, Lake View Road, Navrangpura, Coimbatore, Tamil Nadu - 641255",test,needs_review
P00980,malayalam,F,Sruthi,Varghese,given_surname,Sruthi Varghese,Arjun Varghese,2003-01-27,"No. 98, Temple Street, Sector 62, Delhi, Delhi - 110485",train,clean
P00981,muslim,M,Mohammed,Syed,given_surname,Mohammed Syed,Farhan Syed,2000-02-25,"No. 73, 2nd Main, Andheri, Chennai, Tamil Nadu - 600633",train,clean
P00982,marathi_gujarati,M,Nikhil,Desai,given_surname,Nikhil Desai,Sagar Desai,2002-02-24,"No. 123, Main Road, Anna Nagar, Coimbatore, Tamil Nadu - 641036",train,clean
P00983,tamil,M,Vignesh,Selvam,given_father,Vignesh Selvam,Selvam,2002-01-07,"No. 41, 4th Cross, Andheri, Thiruvananthapuram, Kerala - 695481",train,clean
P00984,tamil,M,Kannan,Ramesh,given_father,Kannan Ramesh,Ramesh,2002-09-01,"No. 119, Church Street, Koramangala, Kolkata, West Bengal - 700174",train,clean
P00985,north,M,Rohit,Verma,given_surname,Rohit Verma,Ajay Verma,2005-04-02,"No. 4, Gandhi Road, Saket, Mysuru, Karnataka - 570441",train,critical
P00986,tamil,M,Prakash,Siva,given_father,Prakash Siva,Siva,2003-02-09,"No. 145, Main Road, Banjara Hills, Mumbai, Maharashtra - 400560",train,needs_review
P00987,north,F,Pooja,Mishra,given_surname,Pooja Mishra,Sandeep Mishra,1998-01-08,"No. 83, Main Road, Jayanagar, Madurai, Tamil Nadu - 625530",train,clean
P00988,muslim,M,Salman,Khan,given_surname,Salman Khan,Farhan Khan,1999-07-31,"No. 167, Gandhi Road, Kothrud, Mysuru, Karnataka - 570753",train,needs_review
P00989,christian,F,Angel,Joseph,given_surname,Angel Joseph,Joseph Joseph,2000-06-29,"No. 187, Lake View Road, Koramangala, Jaipur, Rajasthan - 302586",train,needs_review
P00990,tamil,F,Keerthana,Senthil,given_father,Keerthana Senthil,Senthil,2002-01-12,"No. 199, Church Street, Koramangala, Bengaluru, Karnataka - 560948",train,clean
P00991,malayalam,F,Divya,Nair,given_surname,Divya Nair,Arjun Nair,2000-11-15,"No. 28, Station Road, Sector 62, Mumbai, Maharashtra - 400374",train,clean
P00992,tamil,M,Velu,Vignesh,given_father,Velu Vignesh,Vignesh,1999-04-06,"No. 246, 2nd Main, Koramangala, Ahmedabad, Gujarat - 380661",train,clean
P00993,tamil,F,Sangeetha,Kannan,given_father,Sangeetha Kannan,Kannan,2002-12-28,"No. 150, 4th Cross, Malviya Nagar, Jaipur, Rajasthan - 302414",train,needs_review
P00994,tamil,F,Harini,Arun,given_father,Harini Arun,Arun,2004-07-16,"No. 27, Station Road, Kothrud, Thiruvananthapuram, Kerala - 695152",val,critical
P00995,tamil,M,Murugan,Karthik,given_father,Murugan Karthik,Karthik,1999-07-29,"No. 191, Gandhi Road, Andheri, Mysuru, Karnataka - 570310",val,needs_review
P00996,tamil,M,Madhavan,Selvam,given_father,Madhavan Selvam,Selvam,1998-09-30,"No. 43, Cross Road, Kakkanad, Hyderabad, Telangana - 500006",val,clean
P00997,telugu,M,Kiran,Chowdary,given_surname,Kiran Chowdary,Mahesh Chowdary,2000-08-03,"No. 122, Church Street, Kothrud, Pune, Maharashtra - 411704",test,clean
P00998,north,M,Vikram,Singh,given_surname,Vikram Singh,Deepak Singh,2000-01-17,"No. 137, Cross Road, Saket, Noida, Uttar Pradesh - 201928",test,needs_review
P00999,telugu,M,Krishna,Raju,given_surname,Krishna Raju,Kiran Raju,2002-03-21,"No. 145, 4th Cross, Banjara Hills, Bengaluru, Karnataka - 560636",test,clean
P01000,marathi_gujarati,F,Dhwani,Deshpande,given_surname,Dhwani Deshpande,Nikhil Deshpande,2001-09-18,"No. 118, Station Road, Banjara Hills, Hyderabad, Telangana - 500131",train,clean
P01001,muslim,F,Rukhsar,Qureshi,given_surname,Rukhsar Qureshi,Farhan Qureshi,2002-07-23,"No. 223, Nehru Street, Kothrud, Chennai, Tamil Nadu - 600290",train,clean
P01002,marathi_gujarati,M,Parth,Desai,given_surname,Parth Desai,Sagar Desai,1998-09-26,"No. 42, Church Street, T Nagar, Jaipur, Rajasthan - 302911",train,clean
P01003,north,F,Archana,Gupta,given_surname,Archana Gupta,Deepak Gupta,2002-10-15,"No. 36, Temple Street, Anna Nagar, Chennai, Tamil Nadu - 600097",train,clean
P01004,malayalam,M,Arjun,Panicker,given_surname,Arjun Panicker,Vishnu Panicker,1998-10-06,"No. 28, Market Street, Kothrud, Madurai, Tamil Nadu - 625157",train,clean
P01005,north,F,Archana,Agarwal,given_surname,Archana Agarwal,Sandeep Agarwal,1998-01-01,"No. 65, 2nd Main, Indiranagar, Hyderabad, Telangana - 500643",train,clean
P01006,bengali,F,Moumita,Ghosh,given_surname,Moumita Ghosh,Sayan Ghosh,2000-04-19,"No. 34, Temple Street, Saket, Madurai, Tamil Nadu - 625265",train,clean
P01007,bengali,M,Anirban,Banerjee,given_surname,Anirban Banerjee,Sayan Banerjee,2000-10-23,"No. 198, Station Road, Velachery, Ahmedabad, Gujarat - 380089",train,critical
P01008,north,M,Gaurav,Sharma,given_surname,Gaurav Sharma,Ankit Sharma,2001-07-27,"No. 249, MG Road, Salt Lake, Ahmedabad, Gujarat - 380952",train,needs_review
P01009,tamil,M,Arun,Madhavan,given_father,Arun Madhavan,Madhavan,2004-09-17,"No. 237, Park Avenue, Kothrud, Thiruvananthapuram, Kerala - 695025",train,clean
P01010,tamil,F,Yamini,Selvam,given_father,Yamini Selvam,Selvam,2003-08-20,"No. 249, 2nd Main, Saket, Pune, Maharashtra - 411077",train,clean
P01011,tamil,F,Sangeetha,Madhavan,given_father,Sangeetha Madhavan,Madhavan,2000-10-30,"No. 124, Temple Street, Salt Lake, Ahmedabad, Gujarat - 380936",train,clean
P01012,muslim,F,Sana,Khan,given_surname,Sana Khan,Irfan Khan,2002-06-20,"No. 133, Church Street, Kothrud, Thiruvananthapuram, Kerala - 695804",train,critical
P01013,marathi_gujarati,M,Sagar,Patel,given_surname,Sagar Patel,Harsh Patel,2002-07-16,"No. 3, Temple Street, Koramangala, Ahmedabad, Gujarat - 380623",train,needs_review
P01014,muslim,F,Nazia,Khan,given_surname,Nazia Khan,Imran Khan,2004-12-25,"No. 239, 4th Cross, Kothrud, Mumbai, Maharashtra - 400226",val,clean
P01015,telugu,F,Divya,Rao,given_surname,Divya Rao,Krishna Rao,2003-01-31,"No. 75, Main Road, Anna Nagar, Pune, Maharashtra - 411791",val,clean
P01016,tamil,F,Nithya,Babu,given_father,Nithya Babu,Babu,2000-12-06,"No. 18, Church Street, Koramangala, Ahmedabad, Gujarat - 380412",val,clean
P01017,kannada,M,Satish,Bhat,given_surname,Satish Bhat,Harish Bhat,2000-10-25,"No. 129, Cross Road, Kakkanad, Madurai, Tamil Nadu - 625053",test,needs_review
P01018,tamil,F,Nithya,Arun,given_father,Nithya Arun,Arun,2005-03-21,"No. 156, Nehru Street, Indiranagar, Kochi, Kerala - 682365",test,clean
P01019,north,M,Pradeep,Verma,given_surname,Pradeep Verma,Sandeep Verma,2005-10-01,"No. 10, Station Road, Salt Lake, Kochi, Kerala - 682639",test,clean
P01020,north,F,Shreya,Verma,given_surname,Shreya Verma,Ankit Verma,2002-10-08,"No. 105, Cross Road, Banjara Hills, Kochi, Kerala - 682905",train,needs_review
P01021,marathi_gujarati,F,Dhwani,Kulkarni,given_surname,Dhwani Kulkarni,Jay Kulkarni,2002-05-11,"No. 175, Gandhi Road, Sector 62, Jaipur, Rajasthan - 302664",train,clean
P01022,north,F,Pooja,Sharma,given_surname,Pooja Sharma,Rahul Sharma,1998-10-01,"No. 149, Nehru Street, Kothrud, Coimbatore, Tamil Nadu - 641860",train,clean
P01023,north,F,Simran,Mishra,given_surname,Simran Mishra,Sandeep Mishra,2000-05-03,"No. 111, Temple Street, Banjara Hills, Mumbai, Maharashtra - 400538",train,clean
P01024,tamil,M,Kannan,Saravanan,given_father,Kannan Saravanan,Saravanan,2003-09-15,"No. 82, Lake View Road, Andheri, Delhi, Delhi - 110465",train,clean
P01025,marathi_gujarati,F,Prachi,Shah,given_surname,Prachi Shah,Sagar Shah,1999-04-15,"No. 146, Gandhi Road, T Nagar, Ahmedabad, Gujarat - 380941",train,critical
P01026,kannada,F,Pallavi,Hegde,given_surname,Pallavi Hegde,Shashank Hegde,1999-04-06,"No. 227, Station Road, Salt Lake, Ahmedabad, Gujarat - 380792",train,clean
P01027,bengali,M,Debashis,Das,given_surname,Debashis Das,Sayan Das,2000-07-01,"No. 55, Nehru Street, Banjara Hills, Ahmedabad, Gujarat - 380469",train,clean
P01028,muslim,F,Heena,Khan,given_surname,Heena Khan,Arif Khan,2002-03-19,"No. 141, Nehru Street, Salt Lake, Pune, Maharashtra - 411280",train,clean
P01029,north,F,Riya,Pandey,given_surname,Riya Pandey,Ajay Pandey,2001-11-02,"No. 183, MG Road, Salt Lake, Hyderabad, Telangana - 500143",train,clean
P01030,telugu,F,Jyothi,Varma,given_surname,Jyothi Varma,Mahesh Varma,1999-02-20,"No. 155, Nehru Street, Malviya Nagar, Kochi, Kerala - 682826",train,clean
P01031,telugu,F,Sunitha,Raju,given_surname,Sunitha Raju,Venkatesh Raju,2002-11-02,"No. 7, Station Road, Anna Nagar, Delhi, Delhi - 110075",train,clean
P01032,tamil,F,Priya,Kannan,given_father,Priya Kannan,Kannan,2002-12-28,"No. 75, Lake View Road, Anna Nagar, Chennai, Tamil Nadu - 600013",train,needs_review
P01033,tamil,M,Elango,Kumar,given_father,Elango Kumar,Kumar,2001-06-18,"No. 209, Market Street, Jayanagar, Mysuru, Karnataka - 570477",train,clean
P01034,tamil,M,Saravanan,Elango,given_father,Saravanan Elango,Elango,2002-01-24,"No. 91, 2nd Main, Indiranagar, Delhi, Delhi - 110442",val,clean
P01035,north,F,Sneha,Sharma,given_surname,Sneha Sharma,Ankit Sharma,2002-06-08,"No. 213, Church Street, Malviya Nagar, Hyderabad, Telangana - 500523",val,clean
P01036,malayalam,M,Vishnu,Varghese,given_surname,Vishnu Varghese,Arjun Varghese,2004-12-05,"No. 118, Nehru Street, Velachery, Bengaluru, Karnataka - 560584",val,clean
P01037,north,M,Sumit,Sharma,given_surname,Sumit Sharma,Sandeep Sharma,1999-11-07,"No. 120, Lake View Road, Navrangpura, Mysuru, Karnataka - 570245",test,clean
P01038,kannada,M,Satish,Gowda,given_surname,Satish Gowda,Darshan Gowda,2000-09-02,"No. 189, 2nd Main, Jayanagar, Pune, Maharashtra - 411928",test,clean
P01039,north,M,Deepak,Verma,given_surname,Deepak Verma,Pradeep Verma,1998-05-18,"No. 125, Lake View Road, Malviya Nagar, Bengaluru, Karnataka - 560348",test,needs_review
P01040,bengali,F,Moumita,Chatterjee,given_surname,Moumita Chatterjee,Rajib Chatterjee,1998-03-20,"No. 120, Cross Road, Saket, Noida, Uttar Pradesh - 201925",train,needs_review
P01041,muslim,F,Fathima,Syed,given_surname,Fathima Syed,Abdul Syed,1999-09-07,"No. 156, Market Street, Sector 62, Coimbatore, Tamil Nadu - 641692",train,critical
P01042,bengali,F,Moumita,Sen,given_surname,Moumita Sen,Anirban Sen,2003-04-13,"No. 189, Temple Street, Salt Lake, Noida, Uttar Pradesh - 201188",train,clean
P01043,malayalam,M,Jithin,Pillai,given_surname,Jithin Pillai,Nikhil Pillai,1998-06-30,"No. 210, 2nd Main, Malviya Nagar, Bengaluru, Karnataka - 560071",train,clean
P01044,kannada,M,Puneeth,Shetty,given_surname,Puneeth Shetty,Shashank Shetty,2002-12-25,"No. 232, Market Street, Kakkanad, Kochi, Kerala - 682028",train,critical
P01045,north,M,Sandeep,Singh,given_surname,Sandeep Singh,Ankit Singh,2001-09-22,"No. 206, Station Road, Kothrud, Delhi, Delhi - 110978",train,critical
P01046,malayalam,F,Lekshmi,Panicker,given_surname,Lekshmi Panicker,Jithin Panicker,1999-05-04,"No. 220, Gandhi Road, Jayanagar, Kolkata, West Bengal - 700728",train,needs_review
P01047,north,M,Gaurav,Sharma,given_surname,Gaurav Sharma,Sandeep Sharma,1998-04-18,"No. 126, Station Road, Jayanagar, Delhi, Delhi - 110116",train,clean
P01048,telugu,M,Venkatesh,Naidu,given_surname,Venkatesh Naidu,Srinivas Naidu,2005-05-24,"No. 227, 2nd Main, Anna Nagar, Pune, Maharashtra - 411826",train,clean
P01049,kannada,M,Naveen,Bhat,given_surname,Naveen Bhat,Harish Bhat,2000-09-29,"No. 165, Market Street, Kakkanad, Coimbatore, Tamil Nadu - 641786",train,clean
P01050,telugu,F,Padma,Raju,given_surname,Padma Raju,Chaitanya Raju,1999-11-23,"No. 205, 4th Cross, Indiranagar, Mysuru, Karnataka - 570174",train,clean
P01051,kannada,M,Girish,Kulkarni,given_surname,Girish Kulkarni,Manjunath Kulkarni,1998-01-10,"No. 15, MG Road, Anna Nagar, Hyderabad, Telangana - 500527",train,critical
P01052,north,M,Amit,Mishra,given_surname,Amit Mishra,Gaurav Mishra,2004-09-07,"No. 123, Station Road, Andheri, Kolkata, West Bengal - 700346",train,clean
P01053,kannada,M,Naveen,Gowda,given_surname,Naveen Gowda,Shashank Gowda,2002-08-05,"No. 64, Main Road, Jayanagar, Coimbatore, Tamil Nadu - 641411",train,critical
P01054,christian,M,Daniel,Joseph,given_surname,Daniel Joseph,Joel Joseph,2002-04-06,"No. 220, Park Avenue, Kothrud, Jaipur, Rajasthan - 302330",val,clean
P01055,christian,F,Teresa,D'Souza,given_surname,Teresa D'Souza,Thomas D'Souza,2005-09-15,"No. 103, Main Road, Andheri, Ahmedabad, Gujarat - 380989",val,clean
P01056,malayalam,F,Neethu,Nair,given_surname,Neethu Nair,Anand Nair,2005-02-01,"No. 32, 2nd Main, Saket, Kochi, Kerala - 682366",val,clean
P01057,kannada,M,Harish,Rao,given_surname,Harish Rao,Girish Rao,2000-10-15,"No. 156, 2nd Main, T Nagar, Chennai, Tamil Nadu - 600584",test,critical
P01058,muslim,F,Shabana,Ansari,given_surname,Shabana Ansari,Mohammed Ansari,2003-06-24,"No. 239, Main Road, Malviya Nagar, Madurai, Tamil Nadu - 625243",test,needs_review
P01059,tamil,F,Priya,Karthik,given_father,Priya Karthik,Karthik,2001-01-12,"No. 207, Gandhi Road, Navrangpura, Mumbai, Maharashtra - 400065",test,critical
P01060,kannada,M,Darshan,Shetty,given_surname,Darshan Shetty,Harish Shetty,2001-06-04,"No. 98, MG Road, Malviya Nagar, Thiruvananthapuram, Kerala - 695471",train,needs_review
P01061,bengali,F,Debjani,Sen,given_surname,Debjani Sen,Sayan Sen,1998-09-09,"No. 1, Main Road, T Nagar, Pune, Maharashtra - 411238",train,clean
P01062,telugu,F,Jyothi,Naidu,given_surname,Jyothi Naidu,Suresh Naidu,2003-12-06,"No. 174, Station Road, Jayanagar, Noida, Uttar Pradesh - 201240",train,clean
P01063,north,M,Pradeep,Singh,given_surname,Pradeep Singh,Rohit Singh,2000-10-12,"No. 27, Main Road, Kothrud, Coimbatore, Tamil Nadu - 641759",train,clean
P01064,tamil,F,Lakshmi,Balaji,given_father,Lakshmi Balaji,Balaji,1999-12-26,"No. 226, Nehru Street, Anna Nagar, Kolkata, West Bengal - 700630",train,needs_review
P01065,bengali,M,Sourav,Mukherjee,given_surname,Sourav Mukherjee,Anirban Mukherjee,1998-04-27,"No. 92, Lake View Road, Sector 62, Noida, Uttar Pradesh - 201876",train,needs_review
P01066,muslim,F,Shabana,Sheikh,given_surname,Shabana Sheikh,Salman Sheikh,2002-04-29,"No. 143, Station Road, Jayanagar, Mumbai, Maharashtra - 400482",train,clean
P01067,malayalam,F,Divya,Varghese,given_surname,Divya Varghese,Jithin Varghese,2005-09-14,"No. 98, Church Street, Banjara Hills, Ahmedabad, Gujarat - 380592",train,clean
P01068,malayalam,M,Sanju,Varghese,given_surname,Sanju Varghese,Akhil Varghese,1998-09-01,"No. 20, Cross Road, T Nagar, Bengaluru, Karnataka - 560951",train,critical
P01069,marathi_gujarati,F,Snehal,Joshi,given_surname,Snehal Joshi,Omkar Joshi,2000-12-13,"No. 130, Market Street, Navrangpura, Delhi, Delhi - 110984",train,clean
P01070,kannada,F,Shilpa,Rao,given_surname,Shilpa Rao,Puneeth Rao,2001-10-30,"No. 115, Church Street, Anna Nagar, Thiruvananthapuram, Kerala - 695365",train,clean
P01071,marathi_gujarati,F,Prachi,Patil,given_surname,Prachi Patil,Omkar Patil,2001-04-05,"No. 211, Station Road, Malviya Nagar, Chennai, Tamil Nadu - 600901",train,clean
P01072,telugu,F,Divya,Rao,given_surname,Divya Rao,Ravi Rao,2003-03-06,"No. 166, Market Street, Kakkanad, Coimbatore, Tamil Nadu - 641751",train,clean
P01073,north,F,Riya,Yadav,given_surname,Riya Yadav,Ankit Yadav,1998-07-14,"No. 1, Market Street, Koramangala, Jaipur, Rajasthan - 302555",train,clean
P01074,malayalam,F,Reshma,Pillai,given_surname,Reshma Pillai,Nikhil Pillai,2000-07-18,"No. 52, 2nd Main, Kothrud, Pune, Maharashtra - 411084",val,needs_review
P01075,north,F,Pooja,Pandey,given_surname,Pooja Pandey,Vikram Pandey,2004-11-21,"No. 197, 4th Cross, Anna Nagar, Bengaluru, Karnataka - 560339",val,needs_review
P01076,marathi_gujarati,M,Aniket,Patil,given_surname,Aniket Patil,Tejas Patil,2001-11-17,"No. 233, Cross Road, Kothrud, Madurai, Tamil Nadu - 625671",val,clean
P01077,marathi_gujarati,M,Omkar,Kulkarni,given_surname,Omkar Kulkarni,Sagar Kulkarni,2001-07-23,"No. 204, Market Street, Velachery, Bengaluru, Karnataka - 560384",test,clean
P01078,christian,M,John,Fernandes,given_surname,John Fernandes,George Fernandes,2004-07-21,"No. 61, Church Street, Kothrud, Madurai, Tamil Nadu - 625370",test,clean
P01079,north,F,Ritu,Sharma,given_surname,Ritu Sharma,Ajay Sharma,1998-03-02,"No. 57, 2nd Main, Velachery, Thiruvananthapuram, Kerala - 695752",test,clean
P01080,tamil,M,Kannan,Siva,given_father,Kannan Siva,Siva,2000-07-13,"No. 191, Temple Street, Jayanagar, Ahmedabad, Gujarat - 380735",train,clean
P01081,telugu,M,Kiran,Naidu,given_surname,Kiran Naidu,Prasad Naidu,1998-04-20,"No. 156, Market Street, Andheri, Chennai, Tamil Nadu - 600971",train,clean
P01082,malayalam,M,Sreejith,Pillai,given_surname,Sreejith Pillai,Jithin Pillai,2002-04-11,"No. 60, Park Avenue, Salt Lake, Delhi, Delhi - 110068",train,needs_review
P01083,bengali,F,Moumita,Ghosh,given_surname,Moumita Ghosh,Arnab Ghosh,1998-10-21,"No. 81, Park Avenue, Velachery, Ahmedabad, Gujarat - 380940",train,critical
P01084,kannada,M,Darshan,Hegde,given_surname,Darshan Hegde,Harish Hegde,1998-09-18,"No. 175, Gandhi Road, Kakkanad, Pune, Maharashtra - 411494",train,clean
P01085,tamil,M,Vignesh,Manikandan,given_father,Vignesh Manikandan,Manikandan,2000-02-01,"No. 166, Park Avenue, Kakkanad, Pune, Maharashtra - 411821",train,clean
P01086,kannada,M,Puneeth,Shetty,given_surname,Puneeth Shetty,Darshan Shetty,1998-10-13,"No. 213, Temple Street, Indiranagar, Hyderabad, Telangana - 500740",train,critical
P01087,muslim,M,Salman,Sheikh,given_surname,Salman Sheikh,Irfan Sheikh,2001-04-01,"No. 109, Temple Street, Malviya Nagar, Pune, Maharashtra - 411662",train,clean
P01088,marathi_gujarati,F,Snehal,Desai,given_surname,Snehal Desai,Sagar Desai,2001-10-21,"No. 171, Market Street, Saket, Hyderabad, Telangana - 500542",train,needs_review
P01089,north,F,Simran,Tiwari,given_surname,Simran Tiwari,Sumit Tiwari,1999-09-22,"No. 24, Nehru Street, Andheri, Coimbatore, Tamil Nadu - 641188",train,needs_review
P01090,north,M,Deepak,Agarwal,given_surname,Deepak Agarwal,Sumit Agarwal,2004-11-09,"No. 164, Park Avenue, Salt Lake, Mumbai, Maharashtra - 400040",train,needs_review
P01091,tamil,M,Karthik,Babu,given_father,Karthik Babu,Babu,2005-07-12,"No. 226, Temple Street, Kothrud, Chennai, Tamil Nadu - 600565",train,critical
P01092,christian,M,Samuel,Joseph,given_surname,Samuel Joseph,John Joseph,1998-12-02,"No. 136, Main Road, Velachery, Kochi, Kerala - 682177",train,critical
P01093,malayalam,M,Hari,Pillai,given_surname,Hari Pillai,Anand Pillai,2003-02-23,"No. 126, MG Road, Salt Lake, Noida, Uttar Pradesh - 201098",train,clean
P01094,north,F,Komal,Pandey,given_surname,Komal Pandey,Deepak Pandey,1999-12-27,"No. 119, Park Avenue, Jayanagar, Chennai, Tamil Nadu - 600900",val,clean
P01095,tamil,M,Kumar,Siva,given_father,Kumar Siva,Siva,2001-04-24,"No. 122, Nehru Street, Salt Lake, Thiruvananthapuram, Kerala - 695821",val,clean
P01096,tamil,M,Ramesh,Babu,given_father,Ramesh Babu,Babu,2000-11-29,"No. 148, Market Street, Navrangpura, Mysuru, Karnataka - 570799",val,clean
P01097,christian,M,Samuel,Mathew,given_surname,Samuel Mathew,George Mathew,1998-04-04,"No. 140, Nehru Street, Sector 62, Ahmedabad, Gujarat - 380849",test,needs_review
P01098,north,M,Rohit,Sharma,given_surname,Rohit Sharma,Ankit Sharma,1999-10-10,"No. 151, Gandhi Road, Saket, Bengaluru, Karnataka - 560041",test,needs_review
P01099,muslim,M,Sameer,Ansari,given_surname,Sameer Ansari,Farhan Ansari,2001-04-16,"No. 218, Lake View Road, Anna Nagar, Madurai, Tamil Nadu - 625495",test,clean
P01100,muslim,M,Imran,Khan,given_surname,Imran Khan,Irfan Khan,2001-01-14,"No. 135, Church Street, Navrangpura, Bengaluru, Karnataka - 560037",train,critical
P01101,kannada,M,Harish,Rao,given_surname,Harish Rao,Satish Rao,2005-08-26,"No. 218, MG Road, Indiranagar, Madurai, Tamil Nadu - 625938",train,needs_review
P01102,telugu,F,Lavanya,Raju,given_surname,Lavanya Raju,Naresh Raju,2000-06-19,"No. 103, Temple Street, Kothrud, Coimbatore, Tamil Nadu - 641778",train,critical
P01103,muslim,F,Fathima,Khan,given_surname,Fathima Khan,Salman Khan,2001-03-11,"No. 174, Main Road, Salt Lake, Pune, Maharashtra - 411137",train,clean
P01104,muslim,F,Shabana,Ansari,given_surname,Shabana Ansari,Farhan Ansari,1999-11-25,"No. 126, Temple Street, Saket, Madurai, Tamil Nadu - 625156",train,clean
P01105,kannada,F,Rashmi,Bhat,given_surname,Rashmi Bhat,Prashanth Bhat,2002-01-17,"No. 96, 2nd Main, Kakkanad, Thiruvananthapuram, Kerala - 695565",train,clean
P01106,malayalam,M,Anand,Varghese,given_surname,Anand Varghese,Jithin Varghese,1999-02-26,"No. 178, Cross Road, Sector 62, Jaipur, Rajasthan - 302911",train,clean
P01107,malayalam,M,Nikhil,Nair,given_surname,Nikhil Nair,Hari Nair,2001-06-20,"No. 110, Nehru Street, Malviya Nagar, Madurai, Tamil Nadu - 625223",train,needs_review
P01108,malayalam,F,Neethu,Nair,given_surname,Neethu Nair,Sanju Nair,1999-07-27,"No. 207, MG Road, Malviya Nagar, Mumbai, Maharashtra - 400466",train,clean
P01109,malayalam,F,Lekshmi,Pillai,given_surname,Lekshmi Pillai,Hari Pillai,2004-12-06,"No. 42, Main Road, Banjara Hills, Coimbatore, Tamil Nadu - 641900",train,clean
P01110,tamil,M,Madhavan,Kumar,given_father,Madhavan Kumar,Kumar,2005-01-26,"No. 82, Church Street, T Nagar, Coimbatore, Tamil Nadu - 641225",train,clean
P01111,muslim,F,Nazia,Sheikh,given_surname,Nazia Sheikh,Imran Sheikh,1999-04-10,"No. 150, Main Road, Velachery, Ahmedabad, Gujarat - 380625",train,needs_review
P01112,north,M,Sandeep,Mishra,given_surname,Sandeep Mishra,Ankit Mishra,2004-12-01,"No. 250, Market Street, Kothrud, Noida, Uttar Pradesh - 201541",train,critical
P01113,malayalam,F,Aswathy,Pillai,given_surname,Aswathy Pillai,Sanju Pillai,2000-08-16,"No. 84, 4th Cross, Salt Lake, Noida, Uttar Pradesh - 201246",train,critical
P01114,bengali,M,Debashis,Chatterjee,given_surname,Debashis Chatterjee,Sayan Chatterjee,2001-03-05,"No. 46, Lake View Road, Andheri, Chennai, Tamil Nadu - 600994",val,needs_review
P01115,north,F,Neha,Pandey,given_surname,Neha Pandey,Gaurav Pandey,2005-04-21,"No. 145, Gandhi Road, Velachery, Coimbatore, Tamil Nadu - 641876",val,clean
P01116,north,F,Neha,Singh,given_surname,Neha Singh,Sumit Singh,1999-09-10,"No. 161, Church Street, Jayanagar, Coimbatore, Tamil Nadu - 641226",val,needs_review
P01117,north,F,Neha,Tiwari,given_surname,Neha Tiwari,Pradeep Tiwari,2004-12-21,"No. 216, Gandhi Road, Saket, Pune, Maharashtra - 411896",test,clean
P01118,christian,F,Teresa,Joseph,given_surname,Teresa Joseph,Thomas Joseph,1998-01-11,"No. 207, Temple Street, Indiranagar, Bengaluru, Karnataka - 560066",test,clean
P01119,muslim,M,Mohammed,Pathan,given_surname,Mohammed Pathan,Irfan Pathan,2001-12-15,"No. 122, Temple Street, Indiranagar, Kochi, Kerala - 682364",test,clean
P01120,north,F,Priyanka,Chauhan,given_surname,Priyanka Chauhan,Gaurav Chauhan,2004-10-08,"No. 24, Gandhi Road, Indiranagar, Kolkata, West Bengal - 700152",train,clean
P01121,kannada,M,Naveen,Kulkarni,given_surname,Naveen Kulkarni,Darshan Kulkarni,2001-11-14,"No. 235, Main Road, Malviya Nagar, Delhi, Delhi - 110777",train,clean
P01122,bengali,F,Moumita,Roy,given_surname,Moumita Roy,Sayan Roy,2002-01-21,"No. 209, Church Street, Saket, Ahmedabad, Gujarat - 380800",train,clean
P01123,tamil,F,Malathi,Manikandan,given_father,Malathi Manikandan,Manikandan,2003-08-31,"No. 47, Lake View Road, Malviya Nagar, Hyderabad, Telangana - 500998",train,clean
P01124,christian,F,Jessica,Mathew,given_surname,Jessica Mathew,Joseph Mathew,2003-01-28,"No. 224, Gandhi Road, Kothrud, Delhi, Delhi - 110742",train,clean
P01125,north,M,Pradeep,Agarwal,given_surname,Pradeep Agarwal,Rahul Agarwal,2005-11-15,"No. 250, Temple Street, Saket, Hyderabad, Telangana - 500694",train,needs_review
P01126,malayalam,M,Vishnu,Nair,given_surname,Vishnu Nair,Jithin Nair,2002-11-22,"No. 224, Park Avenue, Andheri, Hyderabad, Telangana - 500378",train,clean
P01127,north,M,Vikram,Yadav,given_surname,Vikram Yadav,Gaurav Yadav,2004-03-26,"No. 195, Church Street, Kakkanad, Coimbatore, Tamil Nadu - 641024",train,clean
P01128,muslim,M,Imran,Pathan,given_surname,Imran Pathan,Farhan Pathan,1999-12-16,"No. 72, Lake View Road, Saket, Delhi, Delhi - 110671",train,clean
P01129,north,M,Rohit,Tiwari,given_surname,Rohit Tiwari,Pradeep Tiwari,2005-02-18,"No. 106, Market Street, Indiranagar, Kochi, Kerala - 682968",train,critical
P01130,telugu,M,Suresh,Varma,given_surname,Suresh Varma,Naresh Varma,1998-04-10,"No. 80, Nehru Street, Velachery, Mysuru, Karnataka - 570170",train,needs_review
P01131,north,F,Pooja,Pandey,given_surname,Pooja Pandey,Amit Pandey,2005-07-23,"No. 39, 4th Cross, Malviya Nagar, Pune, Maharashtra - 411795",train,clean
P01132,muslim,M,Abdul,Ansari,given_surname,Abdul Ansari,Salman Ansari,2000-10-26,"No. 48, MG Road, T Nagar, Bengaluru, Karnataka - 560564",train,clean
P01133,north,M,Rahul,Sharma,given_surname,Rahul Sharma,Ankit Sharma,2002-03-13,"No. 108, Lake View Road, Malviya Nagar, Delhi, Delhi - 110086",train,needs_review
P01134,marathi_gujarati,F,Dhwani,Desai,given_surname,Dhwani Desai,Jay Desai,2001-10-22,"No. 208, Church Street, Anna Nagar, Bengaluru, Karnataka - 560551",val,clean
P01135,north,M,Ankit,Gupta,given_surname,Ankit Gupta,Pradeep Gupta,2005-05-22,"No. 198, Station Road, Jayanagar, Coimbatore, Tamil Nadu - 641429",val,clean
P01136,tamil,F,Keerthana,Prakash,given_father,Keerthana Prakash,Prakash,2003-09-27,"No. 232, 4th Cross, Navrangpura, Madurai, Tamil Nadu - 625272",val,clean
P01137,bengali,M,Subhajit,Banerjee,given_surname,Subhajit Banerjee,Sourav Banerjee,1999-02-25,"No. 108, Market Street, Andheri, Coimbatore, Tamil Nadu - 641896",test,clean
P01138,christian,M,David,Joseph,given_surname,David Joseph,Joel Joseph,1998-09-14,"No. 135, Park Avenue, Koramangala, Hyderabad, Telangana - 500166",test,critical
P01139,north,F,Sneha,Singh,given_surname,Sneha Singh,Sumit Singh,2000-05-17,"No. 212, Temple Street, Andheri, Mumbai, Maharashtra - 400164",test,critical
P01140,north,F,Ritu,Mishra,given_surname,Ritu Mishra,Gaurav Mishra,1999-06-19,"No. 213, Lake View Road, Kakkanad, Chennai, Tamil Nadu - 600508",train,clean
P01141,tamil,F,Gayathri,Sundar,given_father,Gayathri Sundar,Sundar,2005-05-28,"No. 114, Main Road, Andheri, Noida, Uttar Pradesh - 201940",train,clean
P01142,tamil,M,Karthik,Sundar,given_father,Karthik Sundar,Sundar,2005-01-11,"No. 20, Cross Road, Saket, Coimbatore, Tamil Nadu - 641126",train,clean
P01143,kannada,M,Satish,Gowda,given_surname,Satish Gowda,Puneeth Gowda,2005-09-13,"No. 16, 4th Cross, Salt Lake, Coimbatore, Tamil Nadu - 641191",train,clean
P01144,marathi_gujarati,F,Krupa,Joshi,given_surname,Krupa Joshi,Nikhil Joshi,2004-02-21,"No. 201, Lake View Road, Banjara Hills, Delhi, Delhi - 110538",train,needs_review
P01145,north,F,Anjali,Mishra,given_surname,Anjali Mishra,Vikram Mishra,2001-07-03,"No. 6, Main Road, Jayanagar, Delhi, Delhi - 110278",train,clean
P01146,telugu,M,Venkatesh,Raju,given_surname,Venkatesh Raju,Suresh Raju,1998-03-19,"No. 110, Market Street, Jayanagar, Coimbatore, Tamil Nadu - 641245",train,clean
P01147,north,F,Riya,Sharma,given_surname,Riya Sharma,Sumit Sharma,2001-11-26,"No. 231, Station Road, Kothrud, Mysuru, Karnataka - 570769",train,clean
P01148,muslim,F,Ayesha,Pathan,given_surname,Ayesha Pathan,Abdul Pathan,2002-02-16,"No. 136, Lake View Road, Banjara Hills, Mumbai, Maharashtra - 400736",train,clean
P01149,kannada,F,Asha,Kulkarni,given_surname,Asha Kulkarni,Manjunath Kulkarni,2004-03-26,"No. 51, Nehru Street, Jayanagar, Coimbatore, Tamil Nadu - 641222",train,needs_review
P01150,tamil,F,Sowmya,Manikandan,given_father,Sowmya Manikandan,Manikandan,2002-06-19,"No. 45, 4th Cross, Malviya Nagar, Jaipur, Rajasthan - 302159",train,needs_review
P01151,tamil,F,Kalaiselvi,Balaji,given_father,Kalaiselvi Balaji,Balaji,2002-02-11,"No. 17, Main Road, Velachery, Jaipur, Rajasthan - 302400",train,clean
P01152,muslim,F,Nazia,Pathan,given_surname,Nazia Pathan,Mohammed Pathan,1999-10-24,"No. 231, Station Road, Kothrud, Noida, Uttar Pradesh - 201121",train,clean
P01153,north,M,Ankit,Verma,given_surname,Ankit Verma,Rohit Verma,2000-08-26,"No. 83, Nehru Street, Jayanagar, Mysuru, Karnataka - 570641",train,critical
P01154,bengali,F,Payel,Chatterjee,given_surname,Payel Chatterjee,Subhajit Chatterjee,2005-04-07,"No. 108, 2nd Main, Jayanagar, Mumbai, Maharashtra - 400462",val,needs_review
P01155,tamil,M,Velu,Babu,given_father,Velu Babu,Babu,1998-12-23,"No. 42, Lake View Road, Salt Lake, Madurai, Tamil Nadu - 625075",val,needs_review
P01156,north,M,Ankit,Tiwari,given_surname,Ankit Tiwari,Rohit Tiwari,2003-04-09,"No. 243, Lake View Road, Andheri, Kolkata, West Bengal - 700303",val,clean
P01157,telugu,M,Prasad,Naidu,given_surname,Prasad Naidu,Srinivas Naidu,2001-10-09,"No. 120, Station Road, Kakkanad, Kolkata, West Bengal - 700340",test,needs_review
P01158,tamil,F,Revathi,Velu,given_father,Revathi Velu,Velu,2002-02-22,"No. 68, Main Road, Malviya Nagar, Ahmedabad, Gujarat - 380942",test,clean
P01159,tamil,M,Ramesh,Manikandan,given_father,Ramesh Manikandan,Manikandan,2000-05-05,"No. 128, Market Street, Koramangala, Kochi, Kerala - 682058",test,clean
P01160,marathi_gujarati,M,Jay,Joshi,given_surname,Jay Joshi,Parth Joshi,2000-03-18,"No. 198, Lake View Road, Saket, Kochi, Kerala - 682527",train,clean
P01161,bengali,M,Anirban,Sen,given_surname,Anirban Sen,Sourav Sen,1998-07-27,"No. 200, Main Road, Anna Nagar, Coimbatore, Tamil Nadu - 641126",train,needs_review
P01162,telugu,M,Chaitanya,Reddy,given_surname,Chaitanya Reddy,Venkatesh Reddy,2000-08-26,"No. 125, Market Street, Andheri, Bengaluru, Karnataka - 560018",train,clean
P01163,muslim,F,Heena,Ansari,given_surname,Heena Ansari,Farhan Ansari,2005-11-04,"No. 157, Lake View Road, Salt Lake, Kochi, Kerala - 682833",train,needs_review
P01164,muslim,F,Ayesha,Sheikh,given_surname,Ayesha Sheikh,Mohammed Sheikh,2005-04-04,"No. 82, Market Street, T Nagar, Ahmedabad, Gujarat - 380005",train,critical
P01165,malayalam,F,Sruthi,Kurup,given_surname,Sruthi Kurup,Nikhil Kurup,2005-12-14,"No. 125, Market Street, Koramangala, Hyderabad, Telangana - 500345",train,needs_review
P01166,tamil,F,Malathi,Kannan,given_father,Malathi Kannan,Kannan,2004-06-30,"No. 41, Park Avenue, Koramangala, Delhi, Delhi - 110112",train,needs_review
P01167,marathi_gujarati,F,Madhuri,Desai,given_surname,Madhuri Desai,Sagar Desai,2002-10-03,"No. 241, Nehru Street, Anna Nagar, Noida, Uttar Pradesh - 201507",train,clean
P01168,marathi_gujarati,F,Madhuri,Patil,given_surname,Madhuri Patil,Jay Patil,2005-06-30,"No. 121, 2nd Main, Banjara Hills, Chennai, Tamil Nadu - 600127",train,needs_review
P01169,kannada,F,Kavitha,Shetty,given_surname,Kavitha Shetty,Puneeth Shetty,2002-12-19,"No. 121, 2nd Main, Malviya Nagar, Madurai, Tamil Nadu - 625886",train,needs_review
P01170,tamil,F,Meena,Kannan,given_father,Meena Kannan,Kannan,2000-03-12,"No. 244, Church Street, Malviya Nagar, Delhi, Delhi - 110019",train,clean
P01171,kannada,M,Raghavendra,Gowda,given_surname,Raghavendra Gowda,Harish Gowda,1999-12-11,"No. 88, Temple Street, Indiranagar, Coimbatore, Tamil Nadu - 641414",train,needs_review
P01172,kannada,F,Pallavi,Hegde,given_surname,Pallavi Hegde,Girish Hegde,1999-12-01,"No. 61, Station Road, Anna Nagar, Hyderabad, Telangana - 500294",train,needs_review
P01173,telugu,M,Suresh,Naidu,given_surname,Suresh Naidu,Ravi Naidu,2004-02-22,"No. 182, Station Road, Anna Nagar, Madurai, Tamil Nadu - 625474",train,clean
P01174,malayalam,M,Akhil,Nair,given_surname,Akhil Nair,Hari Nair,2005-12-22,"No. 189, Church Street, Andheri, Noida, Uttar Pradesh - 201222",val,critical
P01175,kannada,F,Geetha,Bhat,given_surname,Geetha Bhat,Darshan Bhat,2005-07-19,"No. 184, Church Street, Andheri, Chennai, Tamil Nadu - 600658",val,critical
P01176,telugu,F,Divya,Reddy,given_surname,Divya Reddy,Srinivas Reddy,2001-10-31,"No. 132, Market Street, Indiranagar, Mumbai, Maharashtra - 400050",val,needs_review
P01177,north,F,Riya,Agarwal,given_surname,Riya Agarwal,Amit Agarwal,1998-05-18,"No. 57, Park Avenue, Malviya Nagar, Kolkata, West Bengal - 700353",test,needs_review
P01178,marathi_gujarati,F,Hetal,Deshpande,given_surname,Hetal Deshpande,Tejas Deshpande,2003-05-02,"No. 122, MG Road, Kakkanad, Kochi, Kerala - 682317",test,clean
P01179,telugu,M,Naresh,Varma,given_surname,Naresh Varma,Prasad Varma,1998-09-07,"No. 138, Gandhi Road, Koramangala, Jaipur, Rajasthan - 302638",test,clean
P01180,north,F,Pooja,Singh,given_surname,Pooja Singh,Gaurav Singh,2003-04-04,"No. 112, Market Street, Banjara Hills, Bengaluru, Karnataka - 560544",train,needs_review
P01181,bengali,F,Tanushree,Mukherjee,given_surname,Tanushree Mukherjee,Sourav Mukherjee,2004-10-11,"No. 98, Lake View Road, Malviya Nagar, Kochi, Kerala - 682565",train,clean
P01182,bengali,M,Subhajit,Roy,given_surname,Subhajit Roy,Abhijit Roy,1998-12-07,"No. 90, Church Street, Kothrud, Mumbai, Maharashtra - 400368",train,critical
P01183,marathi_gujarati,F,Sayali,Kulkarni,given_surname,Sayali Kulkarni,Nikhil Kulkarni,2002-07-29,"No. 69, 2nd Main, Salt Lake, Thiruvananthapuram, Kerala - 695350",train,critical
P01184,north,F,Komal,Agarwal,given_surname,Komal Agarwal,Pradeep Agarwal,2005-01-25,"No. 114, 4th Cross, Andheri, Bengaluru, Karnataka - 560560",train,clean
P01185,bengali,F,Moumita,Banerjee,given_surname,Moumita Banerjee,Anirban Banerjee,1998-02-15,"No. 7, Church Street, Velachery, Madurai, Tamil Nadu - 625220",train,clean
P01186,marathi_gujarati,F,Madhuri,Kulkarni,given_surname,Madhuri Kulkarni,Harsh Kulkarni,1999-08-24,"No. 89, Cross Road, Saket, Kochi, Kerala - 682609",train,clean
P01187,bengali,M,Sourav,Chatterjee,given_surname,Sourav Chatterjee,Anirban Chatterjee,2001-11-22,"No. 221, Market Street, Velachery, Mysuru, Karnataka - 570690",train,clean
P01188,north,F,Komal,Verma,given_surname,Komal Verma,Gaurav Verma,1999-07-30,"No. 209, Gandhi Road, Velachery, Ahmedabad, Gujarat - 380942",train,clean
P01189,north,M,Sandeep,Gupta,given_surname,Sandeep Gupta,Sumit Gupta,2003-11-01,"No. 91, MG Road, Indiranagar, Ahmedabad, Gujarat - 380175",train,clean
P01190,telugu,M,Suresh,Chowdary,given_surname,Suresh Chowdary,Venkatesh Chowdary,2000-01-06,"No. 171, 4th Cross, Koramangala, Thiruvananthapuram, Kerala - 695488",train,needs_review
P01191,malayalam,M,Vishnu,Nair,given_surname,Vishnu Nair,Anand Nair,2002-11-18,"No. 65, 4th Cross, Velachery, Kochi, Kerala - 682361",train,clean
P01192,kannada,M,Harish,Kulkarni,given_surname,Harish Kulkarni,Prashanth Kulkarni,1998-04-23,"No. 11, Gandhi Road, Banjara Hills, Bengaluru, Karnataka - 560972",train,clean
P01193,north,F,Ritu,Chauhan,given_surname,Ritu Chauhan,Gaurav Chauhan,2004-03-04,"No. 40, Nehru Street, Jayanagar, Mumbai, Maharashtra - 400925",train,clean
P01194,tamil,M,Vignesh,Selvam,given_father,Vignesh Selvam,Selvam,2000-01-12,"No. 92, Temple Street, Saket, Jaipur, Rajasthan - 302062",val,clean
P01195,muslim,F,Rukhsar,Sheikh,given_surname,Rukhsar Sheikh,Irfan Sheikh,2004-05-24,"No. 115, Church Street, T Nagar, Hyderabad, Telangana - 500204",val,clean
P01196,telugu,F,Swathi,Raju,given_surname,Swathi Raju,Krishna Raju,2003-08-21,"No. 113, Gandhi Road, Kakkanad, Thiruvananthapuram, Kerala - 695555",val,clean
P01197,muslim,F,Rukhsar,Khan,given_surname,Rukhsar Khan,Abdul Khan,2004-09-18,"No. 48, Station Road, Koramangala, Thiruvananthapuram, Kerala - 695467",test,clean
P01198,marathi_gujarati,F,Prachi,Patel,given_surname,Prachi Patel,Tejas Patel,2003-07-17,"No. 186, Station Road, Koramangala, Madurai, Tamil Nadu - 625997",test,needs_review
P01199,tamil,F,Harini,Babu,given_father,Harini Babu,Babu,2002-10-03,"No. 210, Cross Road, Malviya Nagar, Thiruvananthapuram, Kerala - 695147",test,critical
P01200,kannada,M,Manjunath,Shetty,given_surname,Manjunath Shetty,Girish Shetty,2003-03-02,"No. 153, Station Road, Kakkanad, Mysuru, Karnataka - 570963",train,clean
P01201,bengali,F,Riya,Roy,given_surname,Riya Roy,Debashis Roy,2005-04-19,"No. 3, Main Road, Salt Lake, Madurai, Tamil Nadu - 625155",train,needs_review
P01202,north,F,Priyanka,Verma,given_surname,Priyanka Verma,Rohit Verma,1998-02-02,"No. 246, Nehru Street, Sector 62, Kochi, Kerala - 682064",train,clean
P01203,muslim,M,Irfan,Khan,given_surname,Irfan Khan,Mohammed Khan,2003-02-10,"No. 157, Main Road, Indiranagar, Kolkata, West Bengal - 700497",train,clean
P01204,malayalam,F,Divya,Varghese,given_surname,Divya Varghese,Hari Varghese,2005-10-17,"No. 229, Nehru Street, Malviya Nagar, Mumbai, Maharashtra - 400320",train,clean
P01205,telugu,F,Sravani,Raju,given_surname,Sravani Raju,Mahesh Raju,2005-06-09,"No. 81, Cross Road, Saket, Pune, Maharashtra - 411022",train,clean
P01206,north,M,Pradeep,Sharma,given_surname,Pradeep Sharma,Rahul Sharma,2003-09-03,"No. 116, Station Road, Indiranagar, Madurai, Tamil Nadu - 625774",train,clean
P01207,kannada,M,Puneeth,Shetty,given_surname,Puneeth Shetty,Girish Shetty,2000-04-29,"No. 211, Church Street, Indiranagar, Hyderabad, Telangana - 500359",train,needs_review
P01208,tamil,M,Saravanan,Senthil,given_father,Saravanan Senthil,Senthil,2005-03-12,"No. 59, Church Street, Jayanagar, Noida, Uttar Pradesh - 201946",train,clean
P01209,malayalam,M,Akhil,Panicker,given_surname,Akhil Panicker,Sreejith Panicker,2001-08-20,"No. 99, 4th Cross, Indiranagar, Madurai, Tamil Nadu - 625912",train,clean
P01210,north,F,Riya,Chauhan,given_surname,Riya Chauhan,Vikram Chauhan,2003-11-13,"No. 15, Cross Road, Jayanagar, Ahmedabad, Gujarat - 380689",train,clean
P01211,muslim,F,Shabana,Khan,given_surname,Shabana Khan,Farhan Khan,1999-05-30,"No. 14, Nehru Street, Saket, Kolkata, West Bengal - 700111",train,clean
P01212,telugu,F,Sunitha,Raju,given_surname,Sunitha Raju,Srinivas Raju,1998-10-06,"No. 111, 2nd Main, Malviya Nagar, Hyderabad, Telangana - 500479",train,clean
P01213,kannada,F,Kavitha,Hegde,given_surname,Kavitha Hegde,Puneeth Hegde,2004-01-25,"No. 172, Market Street, Malviya Nagar, Kolkata, West Bengal - 700507",train,clean
P01214,malayalam,M,Rahul,Menon,given_surname,Rahul Menon,Anand Menon,2002-03-02,"No. 61, 4th Cross, Malviya Nagar, Mysuru, Karnataka - 570271",val,clean
P01215,tamil,M,Babu,Siva,given_father,Babu Siva,Siva,2004-06-22,"No. 52, Lake View Road, Saket, Jaipur, Rajasthan - 302162",val,needs_review
P01216,north,F,Sneha,Pandey,given_surname,Sneha Pandey,Deepak Pandey,1998-06-02,"No. 148, Main Road, Banjara Hills, Pune, Maharashtra - 411052",val,needs_review
P01217,north,F,Sushma,Mishra,given_surname,Sushma Mishra,Deepak Mishra,2002-10-18,"No. 211, Station Road, Sector 62, Hyderabad, Telangana - 500812",test,needs_review
P01218,kannada,F,Rashmi,Kulkarni,given_surname,Rashmi Kulkarni,Puneeth Kulkarni,2003-07-22,"No. 236, Church Street, T Nagar, Noida, Uttar Pradesh - 201278",test,clean
P01219,telugu,M,Prasad,Raju,given_surname,Prasad Raju,Suresh Raju,2003-08-07,"No. 46, Nehru Street, Andheri, Pune, Maharashtra - 411061",test,needs_review
P01220,christian,F,Mary,Pereira,given_surname,Mary Pereira,Thomas Pereira,1999-06-24,"No. 134, 4th Cross, Jayanagar, Ahmedabad, Gujarat - 380929",train,needs_review
P01221,tamil,F,Lakshmi,Ramesh,given_father,Lakshmi Ramesh,Ramesh,2002-12-15,"No. 180, Church Street, Banjara Hills, Hyderabad, Telangana - 500378",train,clean
P01222,tamil,F,Harini,Selvam,given_father,Harini Selvam,Selvam,2005-06-14,"No. 95, Temple Street, Salt Lake, Jaipur, Rajasthan - 302316",train,critical
P01223,muslim,M,Arif,Pathan,given_surname,Arif Pathan,Imran Pathan,2005-05-28,"No. 25, Lake View Road, Koramangala, Noida, Uttar Pradesh - 201088",train,clean
P01224,kannada,M,Naveen,Rao,given_surname,Naveen Rao,Girish Rao,2003-07-09,"No. 59, Main Road, Velachery, Mumbai, Maharashtra - 400127",train,needs_review
P01225,north,F,Sneha,Verma,given_surname,Sneha Verma,Rahul Verma,2000-09-20,"No. 47, Market Street, Sector 62, Ahmedabad, Gujarat - 380823",train,critical
P01226,north,M,Ajay,Yadav,given_surname,Ajay Yadav,Deepak Yadav,2005-12-01,"No. 187, Lake View Road, Andheri, Mysuru, Karnataka - 570665",train,clean
P01227,bengali,M,Arnab,Chatterjee,given_surname,Arnab Chatterjee,Anirban Chatterjee,2002-05-05,"No. 65, Station Road, Salt Lake, Jaipur, Rajasthan - 302533",train,clean
P01228,marathi_gujarati,F,Hetal,Desai,given_surname,Hetal Desai,Parth Desai,2001-05-12,"No. 13, Market Street, Koramangala, Kochi, Kerala - 682238",train,clean
P01229,muslim,M,Sameer,Ansari,given_surname,Sameer Ansari,Abdul Ansari,2000-07-17,"No. 231, 2nd Main, Anna Nagar, Hyderabad, Telangana - 500655",train,clean
P01230,tamil,F,Revathi,Senthil,given_father,Revathi Senthil,Senthil,2005-11-27,"No. 67, MG Road, Andheri, Kochi, Kerala - 682413",train,needs_review
P01231,north,F,Sneha,Chauhan,given_surname,Sneha Chauhan,Pradeep Chauhan,2004-01-17,"No. 197, Cross Road, Sector 62, Pune, Maharashtra - 411141",train,clean
P01232,tamil,F,Revathi,Prakash,given_father,Revathi Prakash,Prakash,2003-11-08,"No. 227, MG Road, Salt Lake, Jaipur, Rajasthan - 302846",train,clean
P01233,north,M,Ajay,Verma,given_surname,Ajay Verma,Pradeep Verma,2005-02-10,"No. 51, 4th Cross, Saket, Delhi, Delhi - 110384",train,critical
P01234,telugu,M,Srinivas,Reddy,given_surname,Srinivas Reddy,Ravi Reddy,1999-07-13,"No. 104, Station Road, Navrangpura, Kolkata, West Bengal - 700239",val,clean
P01235,north,F,Sushma,Mishra,given_surname,Sushma Mishra,Sandeep Mishra,2003-10-27,"No. 26, Park Avenue, Andheri, Coimbatore, Tamil Nadu - 641140",val,clean
P01236,malayalam,M,Akhil,Panicker,given_surname,Akhil Panicker,Rahul Panicker,2004-11-21,"No. 24, 2nd Main, T Nagar, Coimbatore, Tamil Nadu - 641190",val,critical
P01237,tamil,M,Raju,Madhavan,given_father,Raju Madhavan,Madhavan,2004-06-30,"No. 208, MG Road, Andheri, Pune, Maharashtra - 411045",test,needs_review
P01238,tamil,F,Sowmya,Madhavan,given_father,Sowmya Madhavan,Madhavan,2005-04-11,"No. 57, Cross Road, T Nagar, Ahmedabad, Gujarat - 380052",test,needs_review
P01239,telugu,M,Venkatesh,Naidu,given_surname,Venkatesh Naidu,Srinivas Naidu,2004-07-21,"No. 105, Cross Road, Velachery, Chennai, Tamil Nadu - 600236",test,needs_review
P01240,kannada,F,Nandini,Rao,given_surname,Nandini Rao,Shashank Rao,1999-07-03,"No. 163, 4th Cross, Saket, Hyderabad, Telangana - 500796",train,clean
P01241,christian,M,Thomas,Pereira,given_surname,Thomas Pereira,Samuel Pereira,2003-09-07,"No. 127, Market Street, Kakkanad, Chennai, Tamil Nadu - 600902",train,needs_review
P01242,north,M,Pradeep,Mishra,given_surname,Pradeep Mishra,Ajay Mishra,1999-05-01,"No. 37, 4th Cross, Sector 62, Coimbatore, Tamil Nadu - 641261",train,clean
P01243,telugu,M,Srinivas,Reddy,given_surname,Srinivas Reddy,Suresh Reddy,2003-04-24,"No. 52, Market Street, Navrangpura, Noida, Uttar Pradesh - 201689",train,clean
P01244,north,M,Gaurav,Chauhan,given_surname,Gaurav Chauhan,Ajay Chauhan,2001-06-16,"No. 91, Nehru Street, Velachery, Noida, Uttar Pradesh - 201855",train,clean
P01245,kannada,M,Harish,Shetty,given_surname,Harish Shetty,Manjunath Shetty,2004-06-09,"No. 221, Main Road, Velachery, Kochi, Kerala - 682995",train,clean
P01246,north,F,Pooja,Mishra,given_surname,Pooja Mishra,Ajay Mishra,1999-12-22,"No. 45, Temple Street, Malviya Nagar, Chennai, Tamil Nadu - 600222",train,critical
P01247,marathi_gujarati,M,Tejas,Deshpande,given_surname,Tejas Deshpande,Sagar Deshpande,1999-05-09,"No. 204, Market Street, Kakkanad, Hyderabad, Telangana - 500519",train,needs_review
P01248,muslim,F,Shabana,Khan,given_surname,Shabana Khan,Mohammed Khan,2005-01-02,"No. 19, 4th Cross, Navrangpura, Pune, Maharashtra - 411308",train,clean
P01249,north,F,Ritu,Pandey,given_surname,Ritu Pandey,Pradeep Pandey,2002-06-15,"No. 192, 4th Cross, Jayanagar, Mumbai, Maharashtra - 400374",train,clean
P01250,tamil,F,Indhu,Selvam,given_father,Indhu Selvam,Selvam,2004-10-15,"No. 120, Nehru Street, Saket, Pune, Maharashtra - 411370",train,clean
P01251,marathi_gujarati,M,Aniket,Deshpande,given_surname,Aniket Deshpande,Jay Deshpande,2003-12-01,"No. 185, Temple Street, Banjara Hills, Pune, Maharashtra - 411626",train,needs_review
P01252,telugu,M,Naresh,Reddy,given_surname,Naresh Reddy,Mahesh Reddy,2005-03-22,"No. 102, Nehru Street, Saket, Mumbai, Maharashtra - 400976",train,needs_review
P01253,muslim,M,Mohammed,Ansari,given_surname,Mohammed Ansari,Salman Ansari,1999-05-04,"No. 69, Park Avenue, Sector 62, Kochi, Kerala - 682004",train,clean
P01254,north,F,Ritu,Pandey,given_surname,Ritu Pandey,Pradeep Pandey,2004-03-05,"No. 102, Nehru Street, Sector 62, Jaipur, Rajasthan - 302544",val,clean
P01255,muslim,F,Sana,Pathan,given_surname,Sana Pathan,Mohammed Pathan,1998-01-19,"No. 84, Gandhi Road, T Nagar, Thiruvananthapuram, Kerala - 695470",val,clean
P01256,north,M,Amit,Gupta,given_surname,Amit Gupta,Vikram Gupta,1998-01-12,"No. 112, MG Road, T Nagar, Madurai, Tamil Nadu - 625303",val,clean
P01257,north,M,Rahul,Mishra,given_surname,Rahul Mishra,Vikram Mishra,1999-12-28,"No. 61, Temple Street, T Nagar, Kochi, Kerala - 682750",test,clean
P01258,telugu,F,Swathi,Rao,given_surname,Swathi Rao,Krishna Rao,2003-05-30,"No. 85, Cross Road, Velachery, Chennai, Tamil Nadu - 600927",test,needs_review
P01259,north,M,Sanjay,Chauhan,given_surname,Sanjay Chauhan,Sandeep Chauhan,2005-07-07,"No. 151, Market Street, Jayanagar, Jaipur, Rajasthan - 302635",test,clean
P01260,north,M,Sanjay,Tiwari,given_surname,Sanjay Tiwari,Pradeep Tiwari,2000-10-27,"No. 97, Station Road, Salt Lake, Thiruvananthapuram, Kerala - 695856",train,clean
P01261,telugu,F,Sravani,Chowdary,given_surname,Sravani Chowdary,Venkatesh Chowdary,2002-10-25,"No. 230, 4th Cross, T Nagar, Jaipur, Rajasthan - 302609",train,critical
P01262,bengali,M,Abhijit,Mukherjee,given_surname,Abhijit Mukherjee,Rajib Mukherjee,1999-08-29,"No. 153, 4th Cross, Kakkanad, Mumbai, Maharashtra - 400328",train,clean
P01263,kannada,M,Raghavendra,Kulkarni,given_surname,Raghavendra Kulkarni,Prashanth Kulkarni,2004-08-17,"No. 59, Gandhi Road, Jayanagar, Madurai, Tamil Nadu - 625609",train,clean
P01264,malayalam,F,Divya,Varghese,given_surname,Divya Varghese,Hari Varghese,2005-06-04,"No. 212, Cross Road, Koramangala, Kolkata, West Bengal - 700349",train,clean
P01265,marathi_gujarati,F,Rutuja,Patel,given_surname,Rutuja Patel,Jay Patel,1998-03-05,"No. 207, Main Road, Malviya Nagar, Delhi, Delhi - 110100",train,clean
P01266,bengali,M,Debashis,Das,given_surname,Debashis Das,Subhajit Das,2001-11-26,"No. 227, 2nd Main, Andheri, Kochi, Kerala - 682401",train,clean
P01267,kannada,M,Harish,Hegde,given_surname,Harish Hegde,Raghavendra Hegde,2002-07-02,"No. 36, Lake View Road, Navrangpura, Ahmedabad, Gujarat - 380284",train,critical
P01268,kannada,M,Harish,Bhat,given_surname,Harish Bhat,Puneeth Bhat,1998-10-31,"No. 183, 4th Cross, Kothrud, Pune, Maharashtra - 411615",train,clean
P01269,north,M,Sumit,Chauhan,given_surname,Sumit Chauhan,Sandeep Chauhan,2005-07-08,"No. 141, Church Street, Malviya Nagar, Noida, Uttar Pradesh - 201904",train,needs_review
P01270,telugu,F,Sunitha,Reddy,given_surname,Sunitha Reddy,Prasad Reddy,2003-08-29,"No. 73, Market Street, Jayanagar, Pune, Maharashtra - 411369",train,needs_review
P01271,tamil,M,Siva,Selvam,given_father,Siva Selvam,Selvam,2001-06-13,"No. 250, 4th Cross, Koramangala, Mumbai, Maharashtra - 400626",train,needs_review
P01272,north,F,Simran,Chauhan,given_surname,Simran Chauhan,Sandeep Chauhan,2005-01-07,"No. 230, Station Road, T Nagar, Coimbatore, Tamil Nadu - 641625",train,clean
P01273,north,F,Riya,Tiwari,given_surname,Riya Tiwari,Vikram Tiwari,2004-04-05,"No. 175, Market Street, Andheri, Pune, Maharashtra - 411523",train,clean
P01274,north,M,Ajay,Agarwal,given_surname,Ajay Agarwal,Rahul Agarwal,2003-05-13,"No. 235, Temple Street, Sector 62, Hyderabad, Telangana - 500275",val,clean
P01275,malayalam,F,Gopika,Menon,given_surname,Gopika Menon,Rahul Menon,2004-12-30,"No. 85, Station Road, Jayanagar, Bengaluru, Karnataka - 560842",val,clean
P01276,north,F,Ritu,Chauhan,given_surname,Ritu Chauhan,Pradeep Chauhan,2001-08-10,"No. 208, Nehru Street, Saket, Coimbatore, Tamil Nadu - 641105",val,clean
P01277,tamil,F,Malathi,Kannan,given_father,Malathi Kannan,Kannan,2000-09-17,"No. 33, Station Road, Malviya Nagar, Madurai, Tamil Nadu - 625909",test,needs_review
P01278,tamil,F,Sowmya,Kumar,given_father,Sowmya Kumar,Kumar,2005-08-14,"No. 71, Gandhi Road, Malviya Nagar, Kochi, Kerala - 682008",test,clean
P01279,north,F,Priyanka,Verma,given_surname,Priyanka Verma,Pradeep Verma,1998-11-13,"No. 145, 4th Cross, Andheri, Mumbai, Maharashtra - 400445",test,critical
P01280,malayalam,F,Reshma,Varghese,given_surname,Reshma Varghese,Nikhil Varghese,2003-03-02,"No. 133, Park Avenue, Malviya Nagar, Thiruvananthapuram, Kerala - 695406",train,clean
P01281,marathi_gujarati,M,Omkar,Kulkarni,given_surname,Omkar Kulkarni,Tejas Kulkarni,2002-07-30,"No. 137, Park Avenue, Koramangala, Bengaluru, Karnataka - 560899",train,clean
P01282,kannada,F,Nandini,Gowda,given_surname,Nandini Gowda,Raghavendra Gowda,2003-01-23,"No. 187, Station Road, Kakkanad, Kochi, Kerala - 682392",train,clean
P01283,north,M,Pradeep,Sharma,given_surname,Pradeep Sharma,Ankit Sharma,1998-08-27,"No. 222, MG Road, Sector 62, Kochi, Kerala - 682869",train,clean
P01284,telugu,F,Sravani,Raju,given_surname,Sravani Raju,Mahesh Raju,2003-09-26,"No. 193, 2nd Main, Saket, Coimbatore, Tamil Nadu - 641943",train,clean
P01285,tamil,F,Lakshmi,Madhavan,given_father,Lakshmi Madhavan,Madhavan,2000-06-07,"No. 208, 2nd Main, Salt Lake, Hyderabad, Telangana - 500589",train,needs_review
P01286,muslim,M,Abdul,Khan,given_surname,Abdul Khan,Farhan Khan,2005-10-30,"No. 229, 4th Cross, Malviya Nagar, Mumbai, Maharashtra - 400198",train,clean
P01287,telugu,M,Venkatesh,Raju,given_surname,Venkatesh Raju,Krishna Raju,2000-10-03,"No. 37, 2nd Main, Salt Lake, Jaipur, Rajasthan - 302027",train,needs_review
P01288,malayalam,F,Sruthi,Nair,given_surname,Sruthi Nair,Jithin Nair,2004-03-30,"No. 86, Station Road, Koramangala, Pune, Maharashtra - 411726",train,needs_review
P01289,malayalam,M,Rahul,Nair,given_surname,Rahul Nair,Arjun Nair,2002-03-28,"No. 167, 2nd Main, Salt Lake, Coimbatore, Tamil Nadu - 641508",train,critical
P01290,bengali,M,Subhajit,Ghosh,given_surname,Subhajit Ghosh,Sayan Ghosh,2005-09-13,"No. 224, Gandhi Road, Saket, Bengaluru, Karnataka - 560290",train,critical
P01291,malayalam,M,Rahul,Varghese,given_surname,Rahul Varghese,Hari Varghese,1999-05-12,"No. 171, 2nd Main, Indiranagar, Bengaluru, Karnataka - 560384",train,critical
P01292,tamil,M,Murugan,Karthik,given_father,Murugan Karthik,Karthik,2001-07-24,"No. 13, MG Road, Koramangala, Thiruvananthapuram, Kerala - 695497",train,clean
P01293,north,M,Rohit,Sharma,given_surname,Rohit Sharma,Amit Sharma,2005-09-07,"No. 26, Temple Street, Andheri, Pune, Maharashtra - 411975",train,clean
P01294,north,F,Neha,Tiwari,given_surname,Neha Tiwari,Pradeep Tiwari,2005-07-31,"No. 63, Church Street, Kothrud, Thiruvananthapuram, Kerala - 695074",val,needs_review
P01295,christian,F,Merlin,Thomas,given_surname,Merlin Thomas,George Thomas,2005-02-27,"No. 34, Main Road, Sector 62, Kochi, Kerala - 682562",val,clean
P01296,bengali,M,Debashis,Sen,given_surname,Debashis Sen,Abhijit Sen,1999-07-31,"No. 131, Station Road, Jayanagar, Mumbai, Maharashtra - 400231",val,clean
P01297,north,M,Sumit,Chauhan,given_surname,Sumit Chauhan,Ankit Chauhan,2004-11-11,"No. 219, Main Road, Banjara Hills, Bengaluru, Karnataka - 560546",test,needs_review
P01298,bengali,M,Debashis,Das,given_surname,Debashis Das,Rajib Das,2000-02-28,"No. 248, Station Road, Malviya Nagar, Madurai, Tamil Nadu - 625206",test,clean
P01299,telugu,F,Haritha,Raju,given_surname,Haritha Raju,Prasad Raju,2004-01-19,"No. 138, Cross Road, Kakkanad, Kolkata, West Bengal - 700443",test,clean
P01300,north,M,Rohit,Yadav,given_surname,Rohit Yadav,Rahul Yadav,2001-09-18,"No. 169, Cross Road, Salt Lake, Noida, Uttar Pradesh - 201406",train,clean
P01301,malayalam,F,Reshma,Pillai,given_surname,Reshma Pillai,Arjun Pillai,2001-04-21,"No. 222, 4th Cross, Kakkanad, Ahmedabad, Gujarat - 380071",train,clean
P01302,telugu,F,Lavanya,Rao,given_surname,Lavanya Rao,Prasad Rao,2000-05-12,"No. 116, Church Street, Jayanagar, Bengaluru, Karnataka - 560423",train,clean
P01303,north,F,Riya,Singh,given_surname,Riya Singh,Ankit Singh,2002-07-28,"No. 154, MG Road, Kothrud, Madurai, Tamil Nadu - 625756",train,needs_review
P01304,kannada,F,Geetha,Gowda,given_surname,Geetha Gowda,Satish Gowda,2002-06-06,"No. 227, Market Street, Kothrud, Mumbai, Maharashtra - 400172",train,clean
P01305,north,F,Ritu,Verma,given_surname,Ritu Verma,Sandeep Verma,2003-03-04,"No. 44, 2nd Main, Velachery, Ahmedabad, Gujarat - 380613",train,clean
P01306,north,M,Sanjay,Sharma,given_surname,Sanjay Sharma,Ajay Sharma,2002-02-19,"No. 3, 4th Cross, Koramangala, Mumbai, Maharashtra - 400819",train,clean
P01307,bengali,M,Anirban,Banerjee,given_surname,Anirban Banerjee,Abhijit Banerjee,2001-02-11,"No. 26, Park Avenue, Andheri, Bengaluru, Karnataka - 560923",train,needs_review
P01308,north,M,Vikram,Pandey,given_surname,Vikram Pandey,Pradeep Pandey,2001-06-02,"No. 111, Gandhi Road, Sector 62, Mysuru, Karnataka - 570933",train,clean
P01309,tamil,M,Raju,Sundar,given_father,Raju Sundar,Sundar,2003-01-15,"No. 209, Main Road, Andheri, Delhi, Delhi - 110018",train,clean
P01310,north,F,Pooja,Pandey,given_surname,Pooja Pandey,Rohit Pandey,2000-01-19,"No. 26, Cross Road, Velachery, Mysuru, Karnataka - 570313",train,critical
P01311,muslim,M,Irfan,Ansari,given_surname,Irfan Ansari,Salman Ansari,2000-06-23,"No. 60, 2nd Main, Salt Lake, Delhi, Delhi - 110510",train,needs_review
P01312,telugu,F,Jyothi,Chowdary,given_surname,Jyothi Chowdary,Chaitanya Chowdary,2003-10-25,"No. 77, Church Street, Kothrud, Madurai, Tamil Nadu - 625837",train,clean
P01313,bengali,M,Abhijit,Bose,given_surname,Abhijit Bose,Sourav Bose,2003-10-15,"No. 89, Park Avenue, Velachery, Ahmedabad, Gujarat - 380809",train,clean
P01314,north,F,Shreya,Tiwari,given_surname,Shreya Tiwari,Gaurav Tiwari,2000-11-10,"No. 238, Station Road, Velachery, Hyderabad, Telangana - 500864",val,clean
P01315,tamil,F,Gayathri,Manikandan,given_father,Gayathri Manikandan,Manikandan,1998-12-09,"No. 148, Nehru Street, Andheri, Kolkata, West Bengal - 700671",val,clean
P01316,tamil,F,Kavya,Vignesh,given_father,Kavya Vignesh,Vignesh,2005-03-30,"No. 55, Nehru Street, Malviya Nagar, Ahmedabad, Gujarat - 380846",val,needs_review
P01317,malayalam,M,Akhil,Nair,given_surname,Akhil Nair,Rahul Nair,2001-12-20,"No. 128, Nehru Street, Indiranagar, Mumbai, Maharashtra - 400630",test,clean
P01318,kannada,M,Manjunath,Rao,given_surname,Manjunath Rao,Girish Rao,2003-01-03,"No. 123, Market Street, Anna Nagar, Madurai, Tamil Nadu - 625139",test,needs_review
P01319,telugu,F,Jyothi,Raju,given_surname,Jyothi Raju,Naresh Raju,2001-05-19,"No. 77, Park Avenue, Kothrud, Delhi, Delhi - 110823",test,needs_review
P01320,north,F,Anjali,Pandey,given_surname,Anjali Pandey,Vikram Pandey,2001-05-17,"No. 158, Cross Road, Kakkanad, Bengaluru, Karnataka - 560678",train,clean
P01321,tamil,F,Yamini,Ramesh,given_father,Yamini Ramesh,Ramesh,2001-02-12,"No. 136, Cross Road, Velachery, Ahmedabad, Gujarat - 380009",train,clean
P01322,marathi_gujarati,M,Sagar,Patel,given_surname,Sagar Patel,Omkar Patel,1999-03-17,"No. 14, MG Road, Banjara Hills, Pune, Maharashtra - 411699",train,clean
P01323,telugu,M,Venkatesh,Varma,given_surname,Venkatesh Varma,Kiran Varma,1999-12-08,"No. 226, MG Road, Anna Nagar, Mysuru, Karnataka - 570102",train,clean
P01324,kannada,M,Girish,Shetty,given_surname,Girish Shetty,Satish Shetty,1999-11-06,"No. 81, Market Street, Banjara Hills, Thiruvananthapuram, Kerala - 695847",train,clean
P01325,kannada,M,Shashank,Kulkarni,given_surname,Shashank Kulkarni,Prashanth Kulkarni,2004-08-24,"No. 2, Cross Road, Indiranagar, Mumbai, Maharashtra - 400843",train,critical
P01326,telugu,M,Mahesh,Rao,given_surname,Mahesh Rao,Chaitanya Rao,2001-05-28,"No. 132, Lake View Road, Sector 62, Kochi, Kerala - 682342",train,needs_review
P01327,kannada,M,Harish,Hegde,given_surname,Harish Hegde,Satish Hegde,2003-05-01,"No. 127, Park Avenue, Jayanagar, Delhi, Delhi - 110026",train,clean
P01328,marathi_gujarati,F,Sayali,Patil,given_surname,Sayali Patil,Jay Patil,1998-01-06,"No. 114, Market Street, Anna Nagar, Mumbai, Maharashtra - 400906",train,critical
P01329,kannada,F,Sahana,Hegde,given_surname,Sahana Hegde,Prashanth Hegde,2005-04-02,"No. 224, Lake View Road, Malviya Nagar, Jaipur, Rajasthan - 302372",train,clean
P01330,malayalam,F,Reshma,Pillai,given_surname,Reshma Pillai,Sanju Pillai,2002-12-25,"No. 130, 2nd Main, T Nagar, Noida, Uttar Pradesh - 201185",train,clean
P01331,marathi_gujarati,M,Sagar,Patel,given_surname,Sagar Patel,Parth Patel,2002-12-03,"No. 133, MG Road, Banjara Hills, Chennai, Tamil Nadu - 600538",train,critical
P01332,tamil,M,Vignesh,Senthil,given_father,Vignesh Senthil,Senthil,1999-06-05,"No. 153, Nehru Street, Indiranagar, Kochi, Kerala - 682367",train,clean
P01333,malayalam,F,Reshma,Kurup,given_surname,Reshma Kurup,Anand Kurup,2003-09-24,"No. 178, Cross Road, Indiranagar, Delhi, Delhi - 110155",train,critical
P01334,muslim,M,Sameer,Pathan,given_surname,Sameer Pathan,Imran Pathan,2005-07-27,"No. 69, Station Road, Andheri, Madurai, Tamil Nadu - 625260",val,clean
P01335,tamil,F,Tamilselvi,Ramesh,given_father,Tamilselvi Ramesh,Ramesh,1998-11-03,"No. 125, Church Street, Koramangala, Bengaluru, Karnataka - 560206",val,needs_review
P01336,north,M,Deepak,Yadav,given_surname,Deepak Yadav,Pradeep Yadav,2005-06-03,"No. 217, MG Road, T Nagar, Bengaluru, Karnataka - 560665",val,needs_review
P01337,muslim,M,Abdul,Khan,given_surname,Abdul Khan,Farhan Khan,2004-03-19,"No. 194, Cross Road, Sector 62, Kochi, Kerala - 682876",test,needs_review
P01338,muslim,F,Shabana,Qureshi,given_surname,Shabana Qureshi,Salman Qureshi,2002-03-18,"No. 38, Lake View Road, Kakkanad, Madurai, Tamil Nadu - 625385",test,clean
P01339,north,F,Riya,Agarwal,given_surname,Riya Agarwal,Rahul Agarwal,2004-08-24,"No. 185, 2nd Main, Andheri, Ahmedabad, Gujarat - 380732",test,critical
P01340,marathi_gujarati,M,Omkar,Deshpande,given_surname,Omkar Deshpande,Tejas Deshpande,2004-11-09,"No. 52, Gandhi Road, T Nagar, Mumbai, Maharashtra - 400311",train,needs_review
P01341,muslim,M,Abdul,Ansari,given_surname,Abdul Ansari,Sameer Ansari,2004-01-04,"No. 208, 2nd Main, Jayanagar, Madurai, Tamil Nadu - 625953",train,clean
P01342,north,M,Sandeep,Pandey,given_surname,Sandeep Pandey,Amit Pandey,2003-01-07,"No. 203, Park Avenue, Kothrud, Mysuru, Karnataka - 570992",train,clean
P01343,kannada,M,Manjunath,Bhat,given_surname,Manjunath Bhat,Naveen Bhat,2000-09-19,"No. 19, Gandhi Road, Sector 62, Kolkata, West Bengal - 700792",train,clean
P01344,north,F,Priyanka,Gupta,given_surname,Priyanka Gupta,Amit Gupta,2002-07-24,"No. 40, 2nd Main, Banjara Hills, Kochi, Kerala - 682624",train,clean
P01345,bengali,M,Arnab,Chatterjee,given_surname,Arnab Chatterjee,Debashis Chatterjee,2004-01-17,"No. 66, Gandhi Road, Indiranagar, Hyderabad, Telangana - 500540",train,clean
P01346,telugu,M,Prasad,Raju,given_surname,Prasad Raju,Srinivas Raju,2002-10-11,"No. 135, Gandhi Road, Anna Nagar, Kochi, Kerala - 682372",train,clean
P01347,tamil,F,Gayathri,Saravanan,given_father,Gayathri Saravanan,Saravanan,2001-07-10,"No. 227, Lake View Road, Salt Lake, Kolkata, West Bengal - 700735",train,clean
P01348,north,M,Gaurav,Yadav,given_surname,Gaurav Yadav,Ajay Yadav,2001-08-23,"No. 166, 2nd Main, Indiranagar, Mysuru, Karnataka - 570166",train,clean
P01349,telugu,F,Lavanya,Rao,given_surname,Lavanya Rao,Kiran Rao,2001-06-29,"No. 186, Lake View Road, Banjara Hills, Thiruvananthapuram, Kerala - 695199",train,clean
P01350,north,F,Neha,Tiwari,given_surname,Neha Tiwari,Deepak Tiwari,2002-06-10,"No. 243, Cross Road, Navrangpura, Chennai, Tamil Nadu - 600750",train,clean
P01351,tamil,F,Tamilselvi,Siva,given_father,Tamilselvi Siva,Siva,1998-03-11,"No. 76, Church Street, Saket, Coimbatore, Tamil Nadu - 641836",train,needs_review
P01352,kannada,M,Darshan,Kulkarni,given_surname,Darshan Kulkarni,Puneeth Kulkarni,2002-01-07,"No. 153, MG Road, Malviya Nagar, Hyderabad, Telangana - 500749",train,needs_review
P01353,telugu,M,Kiran,Raju,given_surname,Kiran Raju,Krishna Raju,2002-08-19,"No. 118, Station Road, Malviya Nagar, Delhi, Delhi - 110006",train,critical
P01354,tamil,F,Sangeetha,Vignesh,given_father,Sangeetha Vignesh,Vignesh,2004-07-08,"No. 63, MG Road, Navrangpura, Kochi, Kerala - 682986",val,needs_review
P01355,north,F,Pooja,Pandey,given_surname,Pooja Pandey,Ankit Pandey,1999-05-08,"No. 36, Church Street, Salt Lake, Thiruvananthapuram, Kerala - 695807",val,needs_review
P01356,kannada,M,Naveen,Kulkarni,given_surname,Naveen Kulkarni,Shashank Kulkarni,2004-04-16,"No. 9, MG Road, Kothrud, Thiruvananthapuram, Kerala - 695157",val,clean
P01357,north,M,Rahul,Gupta,given_surname,Rahul Gupta,Ankit Gupta,2004-06-01,"No. 150, Cross Road, Anna Nagar, Mysuru, Karnataka - 570286",test,clean
P01358,kannada,M,Harish,Bhat,given_surname,Harish Bhat,Shashank Bhat,1998-01-12,"No. 53, Park Avenue, Andheri, Delhi, Delhi - 110235",test,clean
P01359,north,M,Ankit,Verma,given_surname,Ankit Verma,Sumit Verma,1999-03-01,"No. 104, Church Street, Jayanagar, Jaipur, Rajasthan - 302330",test,clean
P01360,kannada,M,Puneeth,Hegde,given_surname,Puneeth Hegde,Girish Hegde,2002-08-28,"No. 41, Station Road, Malviya Nagar, Coimbatore, Tamil Nadu - 641158",train,clean
P01361,muslim,M,Arif,Khan,given_surname,Arif Khan,Abdul Khan,1999-01-05,"No. 16, Main Road, Koramangala, Kolkata, West Bengal - 700982",train,needs_review
P01362,bengali,M,Abhijit,Sen,given_surname,Abhijit Sen,Sourav Sen,1999-04-21,"No. 53, Main Road, Kothrud, Delhi, Delhi - 110734",train,clean
P01363,tamil,M,Balaji,Madhavan,given_father,Balaji Madhavan,Madhavan,2005-01-29,"No. 32, Nehru Street, Andheri, Coimbatore, Tamil Nadu - 641314",train,clean
P01364,tamil,M,Velu,Elango,given_father,Velu Elango,Elango,2003-05-10,"No. 217, Nehru Street, Saket, Ahmedabad, Gujarat - 380521",train,clean
P01365,bengali,F,Ananya,Bose,given_surname,Ananya Bose,Subhajit Bose,2001-07-27,"No. 220, Market Street, Sector 62, Ahmedabad, Gujarat - 380989",train,needs_review
P01366,muslim,F,Heena,Qureshi,given_surname,Heena Qureshi,Farhan Qureshi,2004-01-25,"No. 238, 4th Cross, Malviya Nagar, Madurai, Tamil Nadu - 625688",train,clean
P01367,tamil,F,Indhu,Raju,given_father,Indhu Raju,Raju,2004-12-22,"No. 87, 4th Cross, Indiranagar, Ahmedabad, Gujarat - 380161",train,clean
P01368,bengali,F,Ishita,Roy,given_surname,Ishita Roy,Arnab Roy,2004-03-17,"No. 38, MG Road, Anna Nagar, Madurai, Tamil Nadu - 625640",train,clean
P01369,kannada,F,Bhoomika,Bhat,given_surname,Bhoomika Bhat,Naveen Bhat,2005-03-01,"No. 223, Lake View Road, Navrangpura, Kochi, Kerala - 682301",train,critical
P01370,christian,M,George,Mathew,given_surname,George Mathew,John Mathew,2003-01-25,"No. 11, MG Road, Koramangala, Coimbatore, Tamil Nadu - 641911",train,needs_review
P01371,malayalam,F,Anagha,Menon,given_surname,Anagha Menon,Akhil Menon,2000-09-19,"No. 129, Market Street, Kakkanad, Chennai, Tamil Nadu - 600939",train,critical
P01372,tamil,F,Meena,Karthik,given_father,Meena Karthik,Karthik,2005-08-03,"No. 124, Park Avenue, Kakkanad, Mysuru, Karnataka - 570350",train,critical
P01373,telugu,F,Jyothi,Reddy,given_surname,Jyothi Reddy,Kiran Reddy,2003-06-25,"No. 97, Temple Street, Andheri, Coimbatore, Tamil Nadu - 641517",train,critical
P01374,muslim,F,Sana,Khan,given_surname,Sana Khan,Sameer Khan,1999-11-10,"No. 153, Market Street, Indiranagar, Kolkata, West Bengal - 700201",val,clean
P01375,marathi_gujarati,F,Madhuri,Kulkarni,given_surname,Madhuri Kulkarni,Tejas Kulkarni,2001-02-08,"No. 213, Church Street, Jayanagar, Hyderabad, Telangana - 500863",val,critical
P01376,tamil,F,Revathi,Karthik,given_father,Revathi Karthik,Karthik,2000-11-29,"No. 96, MG Road, Indiranagar, Jaipur, Rajasthan - 302770",val,critical
P01377,north,M,Deepak,Yadav,given_surname,Deepak Yadav,Ankit Yadav,2002-11-17,"No. 161, Nehru Street, T Nagar, Bengaluru, Karnataka - 560086",test,clean
P01378,kannada,F,Nandini,Hegde,given_surname,Nandini Hegde,Prashanth Hegde,2005-08-23,"No. 22, Market Street, Malviya Nagar, Mumbai, Maharashtra - 400284",test,clean
P01379,malayalam,M,Nikhil,Varghese,given_surname,Nikhil Varghese,Sreejith Varghese,1998-10-24,"No. 247, Temple Street, Indiranagar, Coimbatore, Tamil Nadu - 641551",test,clean
P01380,north,M,Sumit,Pandey,given_surname,Sumit Pandey,Deepak Pandey,1999-04-17,"No. 19, Station Road, Anna Nagar, Chennai, Tamil Nadu - 600889",train,clean
P01381,bengali,F,Tanushree,Sen,given_surname,Tanushree Sen,Anirban Sen,1999-09-02,"No. 69, Station Road, Kothrud, Bengaluru, Karnataka - 560435",train,clean
P01382,telugu,M,Suresh,Chowdary,given_surname,Suresh Chowdary,Prasad Chowdary,2002-10-04,"No. 215, Temple Street, Anna Nagar, Jaipur, Rajasthan - 302412",train,critical
P01383,tamil,M,Kumar,Saravanan,given_father,Kumar Saravanan,Saravanan,2001-01-18,"No. 220, Gandhi Road, Banjara Hills, Noida, Uttar Pradesh - 201235",train,needs_review
P01384,telugu,F,Padma,Varma,given_surname,Padma Varma,Prasad Varma,2001-07-12,"No. 215, Main Road, Sector 62, Coimbatore, Tamil Nadu - 641181",train,critical
P01385,tamil,F,Yamini,Murugan,given_father,Yamini Murugan,Murugan,1998-04-05,"No. 173, 2nd Main, Malviya Nagar, Chennai, Tamil Nadu - 600324",train,needs_review
P01386,north,F,Neha,Mishra,given_surname,Neha Mishra,Ajay Mishra,2005-07-05,"No. 217, 4th Cross, Indiranagar, Kolkata, West Bengal - 700653",train,clean
P01387,north,F,Shreya,Tiwari,given_surname,Shreya Tiwari,Amit Tiwari,2002-08-12,"No. 224, Gandhi Road, Kothrud, Bengaluru, Karnataka - 560312",train,clean
P01388,north,F,Archana,Agarwal,given_surname,Archana Agarwal,Pradeep Agarwal,1999-05-15,"No. 132, Cross Road, Andheri, Madurai, Tamil Nadu - 625711",train,clean
P01389,muslim,M,Irfan,Syed,given_surname,Irfan Syed,Salman Syed,2002-07-16,"No. 189, Temple Street, Salt Lake, Coimbatore, Tamil Nadu - 641594",train,needs_review
P01390,telugu,M,Krishna,Varma,given_surname,Krishna Varma,Srinivas Varma,2003-08-15,"No. 180, Nehru Street, Andheri, Bengaluru, Karnataka - 560228",train,clean
P01391,north,M,Ajay,Tiwari,given_surname,Ajay Tiwari,Sumit Tiwari,2004-06-07,"No. 227, Cross Road, Kakkanad, Mumbai, Maharashtra - 400167",train,clean
P01392,malayalam,M,Akhil,Nair,given_surname,Akhil Nair,Sanju Nair,2000-10-28,"No. 104, Temple Street, Jayanagar, Kolkata, West Bengal - 700371",train,critical
P01393,telugu,M,Srinivas,Varma,given_surname,Srinivas Varma,Krishna Varma,2004-07-08,"No. 186, Park Avenue, Andheri, Hyderabad, Telangana - 500071",train,needs_review
P01394,malayalam,F,Aswathy,Kurup,given_surname,Aswathy Kurup,Nikhil Kurup,2000-03-17,"No. 59, Market Street, T Nagar, Noida, Uttar Pradesh - 201863",val,clean
P01395,telugu,F,Sravani,Varma,given_surname,Sravani Varma,Kiran Varma,2002-01-15,"No. 46, Cross Road, Velachery, Mysuru, Karnataka - 570049",val,clean
P01396,marathi_gujarati,M,Parth,Kulkarni,given_surname,Parth Kulkarni,Nikhil Kulkarni,1999-09-30,"No. 166, Market Street, Indiranagar, Mumbai, Maharashtra - 400329",val,needs_review
P01397,kannada,F,Shilpa,Rao,given_surname,Shilpa Rao,Shashank Rao,2004-05-04,"No. 36, Church Street, Malviya Nagar, Hyderabad, Telangana - 500618",test,clean
P01398,telugu,F,Sunitha,Chowdary,given_surname,Sunitha Chowdary,Venkatesh Chowdary,2002-03-10,"No. 224, Market Street, T Nagar, Bengaluru, Karnataka - 560196",test,critical
P01399,muslim,M,Irfan,Syed,given_surname,Irfan Syed,Mohammed Syed,2004-11-17,"No. 94, Market Street, Sector 62, Pune, Maharashtra - 411264",test,clean
P01400,kannada,F,Spoorthi,Rao,given_surname,Spoorthi Rao,Girish Rao,2003-06-11,"No. 138, Temple Street, Banjara Hills, Mysuru, Karnataka - 570030",train,needs_review
P01401,bengali,F,Ananya,Bose,given_surname,Ananya Bose,Rajib Bose,2003-02-05,"No. 134, Lake View Road, Navrangpura, Mysuru, Karnataka - 570066",train,clean
P01402,kannada,F,Shilpa,Bhat,given_surname,Shilpa Bhat,Harish Bhat,1999-10-08,"No. 133, Nehru Street, Navrangpura, Kolkata, West Bengal - 700191",train,needs_review
P01403,malayalam,M,Hari,Menon,given_surname,Hari Menon,Arjun Menon,2003-11-19,"No. 16, 2nd Main, Kakkanad, Coimbatore, Tamil Nadu - 641824",train,needs_review
P01404,north,F,Neha,Verma,given_surname,Neha Verma,Vikram Verma,2004-01-17,"No. 217, MG Road, Salt Lake, Jaipur, Rajasthan - 302731",train,clean
P01405,marathi_gujarati,M,Nikhil,Joshi,given_surname,Nikhil Joshi,Omkar Joshi,2003-06-16,"No. 62, 2nd Main, Velachery, Madurai, Tamil Nadu - 625132",train,needs_review
P01406,bengali,F,Sreya,Banerjee,given_surname,Sreya Banerjee,Abhijit Banerjee,2001-08-02,"No. 7, Lake View Road, Saket, Kolkata, West Bengal - 700720",train,clean
P01407,tamil,M,Velu,Murugan,given_father,Velu Murugan,Murugan,2005-12-15,"No. 244, Gandhi Road, Andheri, Hyderabad, Telangana - 500988",train,clean
P01408,north,M,Deepak,Tiwari,given_surname,Deepak Tiwari,Sandeep Tiwari,2001-02-26,"No. 104, Nehru Street, T Nagar, Mumbai, Maharashtra - 400499",train,needs_review
P01409,muslim,F,Rukhsar,Khan,given_surname,Rukhsar Khan,Mohammed Khan,2002-08-19,"No. 239, Cross Road, T Nagar, Coimbatore, Tamil Nadu - 641620",train,clean
P01410,telugu,M,Venkatesh,Naidu,given_surname,Venkatesh Naidu,Mahesh Naidu,1999-07-11,"No. 116, 4th Cross, Banjara Hills, Delhi, Delhi - 110502",train,clean
P01411,tamil,F,Lakshmi,Raju,given_father,Lakshmi Raju,Raju,2001-06-19,"No. 30, Lake View Road, Saket, Kochi, Kerala - 682969",train,clean
P01412,north,M,Vikram,Singh,given_surname,Vikram Singh,Gaurav Singh,2004-03-27,"No. 217, Nehru Street, T Nagar, Hyderabad, Telangana - 500510",train,clean
P01413,telugu,M,Kiran,Chowdary,given_surname,Kiran Chowdary,Krishna Chowdary,2004-07-23,"No. 217, Church Street, Kothrud, Kochi, Kerala - 682946",train,clean
P01414,kannada,M,Darshan,Bhat,given_surname,Darshan Bhat,Naveen Bhat,2004-04-23,"No. 39, Cross Road, Koramangala, Noida, Uttar Pradesh - 201634",val,needs_review
P01415,malayalam,F,Athira,Varghese,given_surname,Athira Varghese,Arjun Varghese,2005-05-10,"No. 240, 2nd Main, Anna Nagar, Jaipur, Rajasthan - 302933",val,clean
P01416,marathi_gujarati,M,Nikhil,Patel,given_surname,Nikhil Patel,Harsh Patel,2001-02-23,"No. 65, Market Street, T Nagar, Chennai, Tamil Nadu - 600713",val,clean
P01417,marathi_gujarati,M,Omkar,Shah,given_surname,Omkar Shah,Nikhil Shah,2000-01-25,"No. 239, Temple Street, Koramangala, Thiruvananthapuram, Kerala - 695488",test,clean
P01418,kannada,M,Harish,Hegde,given_surname,Harish Hegde,Manjunath Hegde,1998-07-02,"No. 212, Market Street, Andheri, Mumbai, Maharashtra - 400215",test,clean
P01419,tamil,F,Revathi,Raju,given_father,Revathi Raju,Raju,2002-06-05,"No. 204, Cross Road, Indiranagar, Bengaluru, Karnataka - 560533",test,clean
P01420,malayalam,M,Jithin,Nair,given_surname,Jithin Nair,Rahul Nair,1998-09-26,"No. 102, 2nd Main, Salt Lake, Pune, Maharashtra - 411426",train,critical
P01421,muslim,M,Irfan,Sheikh,given_surname,Irfan Sheikh,Mohammed Sheikh,2001-02-06,"No. 19, Main Road, Anna Nagar, Kochi, Kerala - 682793",train,clean
P01422,telugu,F,Bhavani,Raju,given_surname,Bhavani Raju,Suresh Raju,2003-03-27,"No. 124, Gandhi Road, Velachery, Delhi, Delhi - 110386",train,clean
P01423,marathi_gujarati,M,Tejas,Patel,given_surname,Tejas Patel,Omkar Patel,2003-03-26,"No. 249, Church Street, Sector 62, Chennai, Tamil Nadu - 600568",train,needs_review
P01424,north,F,Anjali,Verma,given_surname,Anjali Verma,Pradeep Verma,1999-08-08,"No. 42, MG Road, T Nagar, Jaipur, Rajasthan - 302425",train,needs_review
P01425,malayalam,M,Vishnu,Nair,given_surname,Vishnu Nair,Jithin Nair,2000-08-03,"No. 39, Church Street, Saket, Chennai, Tamil Nadu - 600834",train,critical
P01426,kannada,F,Sahana,Rao,given_surname,Sahana Rao,Girish Rao,1998-01-07,"No. 11, Cross Road, T Nagar, Pune, Maharashtra - 411827",train,critical
P01427,north,F,Pooja,Tiwari,given_surname,Pooja Tiwari,Sandeep Tiwari,2002-11-15,"No. 154, 4th Cross, Salt Lake, Bengaluru, Karnataka - 560050",train,critical
P01428,north,M,Deepak,Agarwal,given_surname,Deepak Agarwal,Sandeep Agarwal,2000-09-16,"No. 5, Station Road, Saket, Hyderabad, Telangana - 500012",train,needs_review
P01429,north,F,Simran,Pandey,given_surname,Simran Pandey,Sanjay Pandey,2005-05-19,"No. 131, Nehru Street, Kakkanad, Hyderabad, Telangana - 500972",train,clean
P01430,tamil,F,Indhu,Balaji,given_father,Indhu Balaji,Balaji,2002-04-04,"No. 196, Market Street, Saket, Kochi, Kerala - 682260",train,needs_review
P01431,tamil,M,Karthik,Velu,given_father,Karthik Velu,Velu,2004-02-21,"No. 178, MG Road, Sector 62, Coimbatore, Tamil Nadu - 641445",train,clean
P01432,north,M,Ankit,Sharma,given_surname,Ankit Sharma,Pradeep Sharma,2005-01-23,"No. 243, MG Road, Velachery, Mumbai, Maharashtra - 400654",train,critical
P01433,tamil,F,Indhu,Ramesh,given_father,Indhu Ramesh,Ramesh,2003-03-07,"No. 172, Nehru Street, Malviya Nagar, Thiruvananthapuram, Kerala - 695587",train,needs_review
P01434,tamil,M,Kumar,Selvam,given_father,Kumar Selvam,Selvam,2004-09-11,"No. 155, Station Road, Salt Lake, Mumbai, Maharashtra - 400291",val,critical
P01435,malayalam,F,Athira,Kurup,given_surname,Athira Kurup,Sanju Kurup,1998-05-18,"No. 23, Church Street, Malviya Nagar, Kochi, Kerala - 682128",val,clean
P01436,kannada,F,Kavitha,Gowda,given_surname,Kavitha Gowda,Darshan Gowda,2004-08-01,"No. 70, Station Road, Saket, Thiruvananthapuram, Kerala - 695890",val,clean
P01437,tamil,F,Revathi,Karthik,given_father,Revathi Karthik,Karthik,2000-10-18,"No. 217, Nehru Street, Anna Nagar, Delhi, Delhi - 110235",test,clean
P01438,muslim,F,Zainab,Khan,given_surname,Zainab Khan,Sameer Khan,1999-11-12,"No. 2, Cross Road, Sector 62, Noida, Uttar Pradesh - 201549",test,needs_review
P01439,telugu,M,Naresh,Naidu,given_surname,Naresh Naidu,Kiran Naidu,2002-06-15,"No. 91, Station Road, Andheri, Mumbai, Maharashtra - 400554",test,needs_review
P01440,tamil,M,Ramesh,Kumar,given_father,Ramesh Kumar,Kumar,2003-01-12,"No. 103, Gandhi Road, Sector 62, Mysuru, Karnataka - 570958",train,critical
P01441,north,F,Sneha,Agarwal,given_surname,Sneha Agarwal,Rohit Agarwal,1999-12-19,"No. 97, Lake View Road, T Nagar, Mysuru, Karnataka - 570175",train,needs_review
P01442,malayalam,F,Reshma,Nair,given_surname,Reshma Nair,Nikhil Nair,1999-01-18,"No. 105, Nehru Street, Kakkanad, Thiruvananthapuram, Kerala - 695440",train,critical
P01443,north,F,Sushma,Singh,given_surname,Sushma Singh,Sandeep Singh,2004-04-15,"No. 223, Temple Street, Koramangala, Kochi, Kerala - 682144",train,clean
P01444,telugu,F,Bhavani,Reddy,given_surname,Bhavani Reddy,Chaitanya Reddy,2001-10-06,"No. 67, Temple Street, Sector 62, Hyderabad, Telangana - 500902",train,clean
P01445,muslim,M,Sameer,Syed,given_surname,Sameer Syed,Mohammed Syed,2004-09-27,"No. 206, Gandhi Road, Saket, Mumbai, Maharashtra - 400773",train,critical
P01446,north,F,Neha,Agarwal,given_surname,Neha Agarwal,Ankit Agarwal,2002-01-23,"No. 102, Church Street, Indiranagar, Jaipur, Rajasthan - 302076",train,clean
P01447,tamil,F,Vaishnavi,Siva,given_father,Vaishnavi Siva,Siva,1999-02-20,"No. 78, Church Street, Navrangpura, Mumbai, Maharashtra - 400813",train,clean
P01448,north,F,Riya,Yadav,given_surname,Riya Yadav,Pradeep Yadav,2002-09-14,"No. 49, Temple Street, Saket, Chennai, Tamil Nadu - 600393",train,clean
P01449,tamil,F,Tamilselvi,Kumar,given_father,Tamilselvi Kumar,Kumar,1999-11-03,"No. 133, Market Street, Sector 62, Kolkata, West Bengal - 700659",train,needs_review
P01450,malayalam,M,Rahul,Menon,given_surname,Rahul Menon,Vishnu Menon,2005-08-24,"No. 232, Market Street, T Nagar, Thiruvananthapuram, Kerala - 695063",train,clean
P01451,north,M,Amit,Pandey,given_surname,Amit Pandey,Rahul Pandey,1999-07-01,"No. 223, 2nd Main, Indiranagar, Hyderabad, Telangana - 500299",train,critical
P01452,north,M,Sumit,Agarwal,given_surname,Sumit Agarwal,Deepak Agarwal,1999-05-07,"No. 88, Church Street, Anna Nagar, Mysuru, Karnataka - 570691",train,clean
P01453,malayalam,F,Gopika,Menon,given_surname,Gopika Menon,Hari Menon,2002-02-10,"No. 176, Main Road, Banjara Hills, Pune, Maharashtra - 411635",train,clean
P01454,kannada,F,Bhoomika,Gowda,given_surname,Bhoomika Gowda,Manjunath Gowda,2001-07-10,"No. 243, Cross Road, Navrangpura, Delhi, Delhi - 110806",val,clean
P01455,bengali,M,Debashis,Banerjee,given_surname,Debashis Banerjee,Rajib Banerjee,1999-04-07,"No. 248, Market Street, Banjara Hills, Mumbai, Maharashtra - 400771",val,clean
P01456,tamil,M,Babu,Balaji,given_father,Babu Balaji,Balaji,2003-12-20,"No. 30, 2nd Main, Navrangpura, Mysuru, Karnataka - 570225",val,clean
P01457,north,F,Neha,Singh,given_surname,Neha Singh,Rahul Singh,2002-05-11,"No. 88, Temple Street, Velachery, Madurai, Tamil Nadu - 625807",test,clean
P01458,bengali,M,Abhijit,Roy,given_surname,Abhijit Roy,Rajib Roy,2000-12-27,"No. 124, Church Street, Indiranagar, Kolkata, West Bengal - 700484",test,clean
P01459,telugu,F,Jyothi,Rao,given_surname,Jyothi Rao,Srinivas Rao,2001-02-12,"No. 212, Nehru Street, Navrangpura, Madurai, Tamil Nadu - 625223",test,clean
P01460,north,F,Sushma,Yadav,given_surname,Sushma Yadav,Ajay Yadav,2001-11-13,"No. 245, Main Road, Jayanagar, Jaipur, Rajasthan - 302111",train,clean
P01461,kannada,M,Raghavendra,Kulkarni,given_surname,Raghavendra Kulkarni,Manjunath Kulkarni,1999-09-30,"No. 92, Main Road, Salt Lake, Thiruvananthapuram, Kerala - 695324",train,needs_review
P01462,north,F,Simran,Pandey,given_surname,Simran Pandey,Ankit Pandey,2004-06-23,"No. 113, Church Street, Navrangpura, Bengaluru, Karnataka - 560675",train,clean
P01463,north,M,Rahul,Singh,given_surname,Rahul Singh,Gaurav Singh,1999-12-15,"No. 40, Park Avenue, Saket, Bengaluru, Karnataka - 560868",train,clean
P01464,kannada,F,Pallavi,Shetty,given_surname,Pallavi Shetty,Satish Shetty,1999-09-09,"No. 195, Market Street, Banjara Hills, Jaipur, Rajasthan - 302588",train,clean
P01465,christian,M,Thomas,Thomas,given_surname,Thomas Thomas,Samuel Thomas,2002-08-10,"No. 152, Gandhi Road, Anna Nagar, Madurai, Tamil Nadu - 625069",train,clean
P01466,kannada,F,Shilpa,Bhat,given_surname,Shilpa Bhat,Manjunath Bhat,2001-12-20,"No. 85, Nehru Street, Banjara Hills, Mysuru, Karnataka - 570525",train,critical
P01467,north,F,Shreya,Mishra,given_surname,Shreya Mishra,Rohit Mishra,2003-02-06,"No. 37, Market Street, Banjara Hills, Ahmedabad, Gujarat - 380524",train,needs_review
P01468,marathi_gujarati,M,Jay,Joshi,given_surname,Jay Joshi,Sagar Joshi,2005-12-07,"No. 30, Temple Street, Indiranagar, Hyderabad, Telangana - 500295",train,needs_review
P01469,telugu,F,Sravani,Rao,given_surname,Sravani Rao,Venkatesh Rao,2001-10-11,"No. 130, Temple Street, Saket, Hyderabad, Telangana - 500673",train,clean
P01470,marathi_gujarati,F,Snehal,Mehta,given_surname,Snehal Mehta,Harsh Mehta,2003-02-02,"No. 83, Church Street, Saket, Hyderabad, Telangana - 500309",train,clean
P01471,malayalam,F,Anjali,Panicker,given_surname,Anjali Panicker,Sreejith Panicker,2000-12-20,"No. 34, Nehru Street, T Nagar, Delhi, Delhi - 110487",train,needs_review
P01472,muslim,F,Rukhsar,Sheikh,given_surname,Rukhsar Sheikh,Salman Sheikh,1998-06-14,"No. 119, Lake View Road, Jayanagar, Kolkata, West Bengal - 700198",train,needs_review
P01473,north,F,Archana,Singh,given_surname,Archana Singh,Gaurav Singh,2002-05-13,"No. 189, Temple Street, Kothrud, Madurai, Tamil Nadu - 625453",train,clean
P01474,bengali,M,Arnab,Roy,given_surname,Arnab Roy,Abhijit Roy,2001-10-22,"No. 124, MG Road, Anna Nagar, Chennai, Tamil Nadu - 600584",val,clean
P01475,marathi_gujarati,M,Tejas,Mehta,given_surname,Tejas Mehta,Sagar Mehta,2003-09-09,"No. 219, Nehru Street, Navrangpura, Noida, Uttar Pradesh - 201275",val,clean
P01476,kannada,M,Raghavendra,Bhat,given_surname,Raghavendra Bhat,Girish Bhat,2005-07-20,"No. 205, 4th Cross, T Nagar, Kochi, Kerala - 682349",val,clean
P01477,tamil,M,Senthil,Prakash,given_father,Senthil Prakash,Prakash,2004-03-11,"No. 61, 4th Cross, Kothrud, Madurai, Tamil Nadu - 625861",test,needs_review
P01478,tamil,M,Vignesh,Sundar,given_father,Vignesh Sundar,Sundar,2005-05-20,"No. 24, Gandhi Road, T Nagar, Kochi, Kerala - 682576",test,needs_review
P01479,tamil,M,Siva,Vignesh,given_father,Siva Vignesh,Vignesh,1999-07-31,"No. 200, 2nd Main, Salt Lake, Delhi, Delhi - 110675",test,clean
P01480,north,F,Sneha,Pandey,given_surname,Sneha Pandey,Ajay Pandey,1998-04-14,"No. 158, MG Road, Sector 62, Mumbai, Maharashtra - 400916",train,clean
P01481,muslim,F,Heena,Pathan,given_surname,Heena Pathan,Irfan Pathan,2005-12-24,"No. 174, Gandhi Road, Banjara Hills, Kochi, Kerala - 682055",train,clean
P01482,tamil,F,Saranya,Elango,given_father,Saranya Elango,Elango,2001-08-10,"No. 116, Main Road, Sector 62, Mysuru, Karnataka - 570807",train,clean
P01483,tamil,M,Madhavan,Manikandan,given_father,Madhavan Manikandan,Manikandan,2001-06-03,"No. 169, Nehru Street, Indiranagar, Pune, Maharashtra - 411835",train,needs_review
P01484,christian,M,George,Fernandes,given_surname,George Fernandes,Joel Fernandes,2004-10-21,"No. 61, Gandhi Road, Koramangala, Madurai, Tamil Nadu - 625813",train,critical
P01485,tamil,F,Abirami,Kannan,given_father,Abirami Kannan,Kannan,1999-12-01,"No. 49, Market Street, Koramangala, Pune, Maharashtra - 411353",train,clean
P01486,christian,F,Angel,Fernandes,given_surname,Angel Fernandes,John Fernandes,2003-06-06,"No. 211, MG Road, Sector 62, Chennai, Tamil Nadu - 600417",train,clean
P01487,telugu,M,Venkatesh,Naidu,given_surname,Venkatesh Naidu,Kiran Naidu,2003-11-15,"No. 191, Church Street, Salt Lake, Bengaluru, Karnataka - 560677",train,clean
P01488,muslim,F,Heena,Khan,given_surname,Heena Khan,Sameer Khan,2005-12-04,"No. 197, 4th Cross, Jayanagar, Pune, Maharashtra - 411300",train,needs_review
P01489,muslim,F,Rukhsar,Pathan,given_surname,Rukhsar Pathan,Imran Pathan,2001-05-18,"No. 184, Nehru Street, Koramangala, Chennai, Tamil Nadu - 600763",train,clean
P01490,marathi_gujarati,F,Prachi,Patil,given_surname,Prachi Patil,Sagar Patil,2005-06-13,"No. 14, Park Avenue, Saket, Kolkata, West Bengal - 700962",train,critical
P01491,bengali,M,Sourav,Sen,given_surname,Sourav Sen,Arnab Sen,2004-02-13,"No. 18, Park Avenue, Banjara Hills, Jaipur, Rajasthan - 302132",train,needs_review
P01492,muslim,F,Zainab,Sheikh,given_surname,Zainab Sheikh,Farhan Sheikh,2000-07-13,"No. 173, Temple Street, Jayanagar, Hyderabad, Telangana - 500891",train,clean
P01493,north,F,Komal,Mishra,given_surname,Komal Mishra,Sumit Mishra,2005-07-31,"No. 193, Market Street, Banjara Hills, Chennai, Tamil Nadu - 600442",train,clean
P01494,kannada,F,Shilpa,Rao,given_surname,Shilpa Rao,Shashank Rao,2003-08-26,"No. 209, Market Street, Navrangpura, Delhi, Delhi - 110012",val,needs_review
P01495,north,F,Komal,Yadav,given_surname,Komal Yadav,Sandeep Yadav,2004-09-04,"No. 75, 4th Cross, Malviya Nagar, Jaipur, Rajasthan - 302414",val,critical
P01496,bengali,M,Abhijit,Sen,given_surname,Abhijit Sen,Anirban Sen,1999-04-22,"No. 16, Gandhi Road, Saket, Thiruvananthapuram, Kerala - 695221",val,clean
P01497,north,M,Deepak,Pandey,given_surname,Deepak Pandey,Gaurav Pandey,1999-12-07,"No. 42, Market Street, Salt Lake, Jaipur, Rajasthan - 302110",test,clean
P01498,kannada,M,Darshan,Shetty,given_surname,Darshan Shetty,Puneeth Shetty,2001-05-04,"No. 181, Gandhi Road, Kothrud, Delhi, Delhi - 110271",test,clean
P01499,north,M,Amit,Sharma,given_surname,Amit Sharma,Sandeep Sharma,1999-07-30,"No. 10, Nehru Street, Jayanagar, Thiruvananthapuram, Kerala - 695062",test,clean
P01500,telugu,F,Bhavani,Reddy,given_surname,Bhavani Reddy,Chaitanya Reddy,2000-03-08,"No. 112, Nehru Street, T Nagar, Pune, Maharashtra - 411214",train,clean
P01501,north,F,Komal,Mishra,given_surname,Komal Mishra,Sandeep Mishra,2005-09-14,"No. 70, Cross Road, Koramangala, Madurai, Tamil Nadu - 625361",train,critical
P01502,north,F,Ritu,Agarwal,given_surname,Ritu Agarwal,Amit Agarwal,2002-07-19,"No. 180, Market Street, Indiranagar, Madurai, Tamil Nadu - 625302",train,critical
P01503,bengali,M,Subhajit,Das,given_surname,Subhajit Das,Sayan Das,2004-09-24,"No. 154, MG Road, Jayanagar, Coimbatore, Tamil Nadu - 641752",train,clean
P01504,telugu,F,Swathi,Chowdary,given_surname,Swathi Chowdary,Kiran Chowdary,2005-03-14,"No. 250, Gandhi Road, Jayanagar, Mumbai, Maharashtra - 400067",train,clean
P01505,malayalam,F,Reshma,Nair,given_surname,Reshma Nair,Rahul Nair,2003-09-29,"No. 144, Church Street, Saket, Thiruvananthapuram, Kerala - 695570",train,clean
P01506,muslim,F,Fathima,Qureshi,given_surname,Fathima Qureshi,Imran Qureshi,1999-12-11,"No. 103, Market Street, Malviya Nagar, Hyderabad, Telangana - 500483",train,clean
P01507,tamil,F,Lakshmi,Kannan,given_father,Lakshmi Kannan,Kannan,2004-04-16,"No. 67, Church Street, Kakkanad, Pune, Maharashtra - 411691",train,clean
P01508,tamil,M,Velu,Siva,given_father,Velu Siva,Siva,2002-12-04,"No. 59, Park Avenue, Sector 62, Mumbai, Maharashtra - 400385",train,critical
P01509,tamil,F,Keerthana,Karthik,given_father,Keerthana Karthik,Karthik,2001-05-19,"No. 72, Nehru Street, Saket, Kolkata, West Bengal - 700885",train,needs_review
P01510,tamil,F,Yamini,Arun,given_father,Yamini Arun,Arun,2002-05-30,"No. 230, Cross Road, Kakkanad, Kolkata, West Bengal - 700127",train,clean
P01511,kannada,F,Nandini,Shetty,given_surname,Nandini Shetty,Shashank Shetty,2005-10-17,"No. 207, 4th Cross, Banjara Hills, Chennai, Tamil Nadu - 600304",train,clean
P01512,tamil,M,Madhavan,Elango,given_father,Madhavan Elango,Elango,2005-09-19,"No. 55, Cross Road, Velachery, Ahmedabad, Gujarat - 380896",train,clean
P01513,kannada,M,Harish,Gowda,given_surname,Harish Gowda,Raghavendra Gowda,2005-03-19,"No. 44, Nehru Street, Jayanagar, Mysuru, Karnataka - 570543",train,clean
P01514,marathi_gujarati,M,Jay,Kulkarni,given_surname,Jay Kulkarni,Parth Kulkarni,2001-12-26,"No. 150, Main Road, Banjara Hills, Ahmedabad, Gujarat - 380801",val,critical
P01515,muslim,M,Sameer,Khan,given_surname,Sameer Khan,Abdul Khan,1999-09-23,"No. 21, Nehru Street, Sector 62, Hyderabad, Telangana - 500781",val,clean
P01516,telugu,M,Mahesh,Varma,given_surname,Mahesh Varma,Srinivas Varma,1998-10-30,"No. 132, Cross Road, Kakkanad, Thiruvananthapuram, Kerala - 695577",val,needs_review
P01517,north,M,Deepak,Agarwal,given_surname,Deepak Agarwal,Rahul Agarwal,1998-07-22,"No. 177, Market Street, Koramangala, Madurai, Tamil Nadu - 625006",test,needs_review
P01518,kannada,M,Naveen,Kulkarni,given_surname,Naveen Kulkarni,Girish Kulkarni,2005-05-25,"No. 107, Park Avenue, Koramangala, Jaipur, Rajasthan - 302746",test,clean
P01519,telugu,F,Sunitha,Raju,given_surname,Sunitha Raju,Naresh Raju,2005-01-13,"No. 243, Main Road, Velachery, Kochi, Kerala - 682053",test,critical
P01520,bengali,F,Moumita,Mukherjee,given_surname,Moumita Mukherjee,Debashis Mukherjee,2003-10-16,"No. 204, Station Road, Navrangpura, Coimbatore, Tamil Nadu - 641861",train,clean
P01521,marathi_gujarati,M,Aniket,Desai,given_surname,Aniket Desai,Harsh Desai,1999-05-02,"No. 194, Market Street, Kakkanad, Mumbai, Maharashtra - 400921",train,needs_review
P01522,muslim,M,Salman,Ansari,given_surname,Salman Ansari,Abdul Ansari,1999-04-30,"No. 121, MG Road, Kothrud, Mysuru, Karnataka - 570400",train,critical
P01523,bengali,M,Subhajit,Das,given_surname,Subhajit Das,Sayan Das,2004-07-31,"No. 228, Station Road, Andheri, Kolkata, West Bengal - 700968",train,needs_review
P01524,kannada,M,Satish,Bhat,given_surname,Satish Bhat,Manjunath Bhat,2000-12-13,"No. 200, Gandhi Road, Jayanagar, Hyderabad, Telangana - 500875",train,clean
P01525,north,F,Anjali,Sharma,given_surname,Anjali Sharma,Sumit Sharma,2000-01-31,"No. 91, Temple Street, T Nagar, Ahmedabad, Gujarat - 380260",train,clean
P01526,tamil,M,Elango,Manikandan,given_father,Elango Manikandan,Manikandan,2003-10-25,"No. 8, MG Road, Salt Lake, Thiruvananthapuram, Kerala - 695689",train,clean
P01527,tamil,M,Prakash,Velu,given_father,Prakash Velu,Velu,2002-11-15,"No. 117, 2nd Main, Banjara Hills, Kolkata, West Bengal - 700054",train,clean
P01528,muslim,F,Sana,Sheikh,given_surname,Sana Sheikh,Abdul Sheikh,2004-07-03,"No. 93, Temple Street, Andheri, Chennai, Tamil Nadu - 600500",train,clean
P01529,bengali,F,Ishita,Bose,given_surname,Ishita Bose,Rajib Bose,2002-09-25,"No. 71, Temple Street, Sector 62, Kochi, Kerala - 682261",train,needs_review
P01530,north,M,Rahul,Chauhan,given_surname,Rahul Chauhan,Vikram Chauhan,2005-04-30,"No. 57, 4th Cross, Malviya Nagar, Delhi, Delhi - 110810",train,clean
P01531,tamil,M,Senthil,Babu,given_father,Senthil Babu,Babu,2001-11-06,"No. 118, Church Street, Jayanagar, Jaipur, Rajasthan - 302085",train,clean
P01532,malayalam,F,Lekshmi,Panicker,given_surname,Lekshmi Panicker,Jithin Panicker,2000-08-10,"No. 211, Park Avenue, Andheri, Coimbatore, Tamil Nadu - 641850",train,needs_review
P01533,north,F,Anjali,Tiwari,given_surname,Anjali Tiwari,Gaurav Tiwari,1998-03-13,"No. 229, Church Street, Malviya Nagar, Kochi, Kerala - 682338",train,clean
P01534,kannada,M,Prashanth,Hegde,given_surname,Prashanth Hegde,Shashank Hegde,2000-10-09,"No. 72, Nehru Street, Koramangala, Jaipur, Rajasthan - 302230",val,critical
P01535,christian,M,John,Thomas,given_surname,John Thomas,George Thomas,1998-02-08,"No. 221, Church Street, Andheri, Thiruvananthapuram, Kerala - 695412",val,critical
P01536,north,F,Riya,Mishra,given_surname,Riya Mishra,Sandeep Mishra,1999-04-03,"No. 99, Market Street, Salt Lake, Bengaluru, Karnataka - 560137",val,clean
P01537,telugu,M,Prasad,Rao,given_surname,Prasad Rao,Mahesh Rao,2001-09-02,"No. 134, Park Avenue, Sector 62, Pune, Maharashtra - 411585",test,clean
P01538,telugu,F,Sravani,Raju,given_surname,Sravani Raju,Kiran Raju,2003-12-14,"No. 249, Temple Street, T Nagar, Mysuru, Karnataka - 570750",test,clean
P01539,north,M,Sumit,Sharma,given_surname,Sumit Sharma,Vikram Sharma,2002-05-16,"No. 40, Temple Street, Kothrud, Chennai, Tamil Nadu - 600337",test,clean
P01540,marathi_gujarati,M,Nikhil,Desai,given_surname,Nikhil Desai,Tejas Desai,2001-03-18,"No. 186, Church Street, Sector 62, Hyderabad, Telangana - 500020",train,clean
P01541,north,F,Sushma,Verma,given_surname,Sushma Verma,Sumit Verma,1999-11-14,"No. 72, 4th Cross, Banjara Hills, Thiruvananthapuram, Kerala - 695181",train,clean
P01542,kannada,M,Harish,Rao,given_surname,Harish Rao,Darshan Rao,2002-10-19,"No. 10, Market Street, Andheri, Jaipur, Rajasthan - 302129",train,clean
P01543,telugu,F,Bhavani,Reddy,given_surname,Bhavani Reddy,Mahesh Reddy,1998-03-24,"No. 196, Nehru Street, Banjara Hills, Madurai, Tamil Nadu - 625497",train,needs_review
P01544,bengali,F,Riya,Roy,given_surname,Riya Roy,Subhajit Roy,1998-04-03,"No. 61, MG Road, Saket, Hyderabad, Telangana - 500280",train,clean
P01545,marathi_gujarati,F,Sayali,Joshi,given_surname,Sayali Joshi,Jay Joshi,2004-04-23,"No. 166, Main Road, Malviya Nagar, Kolkata, West Bengal - 700900",train,clean
P01546,tamil,M,Saravanan,Ramesh,given_father,Saravanan Ramesh,Ramesh,2003-10-10,"No. 29, 4th Cross, T Nagar, Pune, Maharashtra - 411685",train,needs_review
P01547,kannada,F,Nandini,Gowda,given_surname,Nandini Gowda,Harish Gowda,1998-03-09,"No. 211, Main Road, Saket, Coimbatore, Tamil Nadu - 641123",train,clean
P01548,north,F,Neha,Verma,given_surname,Neha Verma,Pradeep Verma,2000-04-19,"No. 96, Lake View Road, Indiranagar, Chennai, Tamil Nadu - 600708",train,clean
P01549,tamil,F,Indhu,Senthil,given_father,Indhu Senthil,Senthil,2004-02-17,"No. 227, Cross Road, Salt Lake, Kochi, Kerala - 682654",train,clean
P01550,tamil,F,Sangeetha,Senthil,given_father,Sangeetha Senthil,Senthil,2002-07-02,"No. 243, Church Street, Malviya Nagar, Hyderabad, Telangana - 500044",train,critical
P01551,north,F,Riya,Mishra,given_surname,Riya Mishra,Gaurav Mishra,2000-08-12,"No. 179, 2nd Main, Banjara Hills, Pune, Maharashtra - 411512",train,clean
P01552,muslim,M,Arif,Khan,given_surname,Arif Khan,Salman Khan,1999-08-19,"No. 110, Temple Street, Malviya Nagar, Pune, Maharashtra - 411528",train,clean
P01553,tamil,F,Malathi,Elango,given_father,Malathi Elango,Elango,2000-09-13,"No. 111, 4th Cross, Malviya Nagar, Thiruvananthapuram, Kerala - 695641",train,clean
P01554,tamil,M,Manikandan,Prakash,given_father,Manikandan Prakash,Prakash,2004-09-05,"No. 203, Station Road, Saket, Hyderabad, Telangana - 500044",val,clean
P01555,muslim,M,Farhan,Qureshi,given_surname,Farhan Qureshi,Arif Qureshi,2003-02-03,"No. 188, Main Road, Malviya Nagar, Jaipur, Rajasthan - 302587",val,clean
P01556,kannada,F,Spoorthi,Gowda,given_surname,Spoorthi Gowda,Darshan Gowda,2000-11-02,"No. 1, Church Street, Malviya Nagar, Kolkata, West Bengal - 700522",val,critical
P01557,north,F,Ritu,Mishra,given_surname,Ritu Mishra,Rohit Mishra,2003-11-06,"No. 195, Cross Road, Velachery, Pune, Maharashtra - 411455",test,needs_review
P01558,telugu,F,Madhuri,Varma,given_surname,Madhuri Varma,Mahesh Varma,2001-10-31,"No. 114, Gandhi Road, Kothrud, Bengaluru, Karnataka - 560229",test,clean
P01559,north,F,Riya,Pandey,given_surname,Riya Pandey,Ankit Pandey,1999-10-04,"No. 181, Cross Road, Koramangala, Ahmedabad, Gujarat - 380890",test,needs_review
P01560,kannada,M,Puneeth,Shetty,given_surname,Puneeth Shetty,Darshan Shetty,1998-04-05,"No. 130, Cross Road, Kakkanad, Noida, Uttar Pradesh - 201723",train,clean
P01561,telugu,M,Venkatesh,Raju,given_surname,Venkatesh Raju,Suresh Raju,2003-11-08,"No. 154, Station Road, Jayanagar, Chennai, Tamil Nadu - 600682",train,needs_review
P01562,tamil,M,Elango,Balaji,given_father,Elango Balaji,Balaji,1998-11-28,"No. 61, Nehru Street, Indiranagar, Mumbai, Maharashtra - 400682",train,clean
P01563,tamil,M,Selvam,Murugan,given_father,Selvam Murugan,Murugan,2003-07-27,"No. 83, MG Road, Koramangala, Coimbatore, Tamil Nadu - 641958",train,clean
P01564,tamil,F,Revathi,Saravanan,given_father,Revathi Saravanan,Saravanan,2001-01-20,"No. 120, Temple Street, Saket, Noida, Uttar Pradesh - 201052",train,needs_review
P01565,muslim,M,Imran,Qureshi,given_surname,Imran Qureshi,Abdul Qureshi,2000-06-27,"No. 20, 2nd Main, Anna Nagar, Chennai, Tamil Nadu - 600994",train,needs_review
P01566,north,F,Pooja,Chauhan,given_surname,Pooja Chauhan,Deepak Chauhan,1998-12-28,"No. 48, 4th Cross, Velachery, Pune, Maharashtra - 411518",train,clean
P01567,tamil,F,Vaishnavi,Babu,given_father,Vaishnavi Babu,Babu,2003-01-22,"No. 204, MG Road, T Nagar, Kochi, Kerala - 682691",train,clean
P01568,tamil,M,Siva,Madhavan,given_father,Siva Madhavan,Madhavan,1998-02-28,"No. 31, 4th Cross, Indiranagar, Chennai, Tamil Nadu - 600541",train,needs_review
P01569,north,F,Sushma,Pandey,given_surname,Sushma Pandey,Vikram Pandey,2002-03-28,"No. 156, Market Street, Kothrud, Kochi, Kerala - 682762",train,clean
P01570,north,F,Riya,Mishra,given_surname,Riya Mishra,Sandeep Mishra,2002-06-18,"No. 154, Gandhi Road, Kakkanad, Coimbatore, Tamil Nadu - 641061",train,clean
P01571,christian,F,Jessica,Mathew,given_surname,Jessica Mathew,Daniel Mathew,2005-10-10,"No. 93, Church Street, Velachery, Kolkata, West Bengal - 700723",train,critical
P01572,telugu,M,Naresh,Chowdary,given_surname,Naresh Chowdary,Venkatesh Chowdary,2004-01-07,"No. 55, Temple Street, Kothrud, Bengaluru, Karnataka - 560036",train,critical
P01573,north,M,Deepak,Singh,given_surname,Deepak Singh,Pradeep Singh,2002-06-09,"No. 10, Cross Road, Kakkanad, Thiruvananthapuram, Kerala - 695685",train,clean
P01574,muslim,F,Fathima,Pathan,given_surname,Fathima Pathan,Mohammed Pathan,2001-09-20,"No. 173, Cross Road, Anna Nagar, Jaipur, Rajasthan - 302775",val,critical
P01575,muslim,M,Irfan,Qureshi,given_surname,Irfan Qureshi,Mohammed Qureshi,2005-11-23,"No. 18, Nehru Street, Indiranagar, Bengaluru, Karnataka - 560415",val,clean
P01576,malayalam,M,Anand,Varghese,given_surname,Anand Varghese,Sanju Varghese,2002-07-08,"No. 120, Station Road, Anna Nagar, Bengaluru, Karnataka - 560146",val,clean
P01577,tamil,F,Malathi,Kumar,given_father,Malathi Kumar,Kumar,2004-01-19,"No. 128, Park Avenue, Malviya Nagar, Mysuru, Karnataka - 570715",test,needs_review
P01578,north,F,Pooja,Pandey,given_surname,Pooja Pandey,Sandeep Pandey,2001-06-25,"No. 92, Station Road, Jayanagar, Bengaluru, Karnataka - 560945",test,clean
P01579,muslim,M,Farhan,Khan,given_surname,Farhan Khan,Arif Khan,2004-12-29,"No. 89, Gandhi Road, Salt Lake, Madurai, Tamil Nadu - 625963",test,clean
P01580,tamil,M,Kumar,Velu,given_father,Kumar Velu,Velu,2003-09-04,"No. 152, Church Street, Malviya Nagar, Coimbatore, Tamil Nadu - 641186",train,clean
P01581,tamil,F,Saranya,Murugan,given_father,Saranya Murugan,Murugan,1998-01-25,"No. 106, MG Road, Salt Lake, Mysuru, Karnataka - 570054",train,clean
P01582,malayalam,F,Gopika,Menon,given_surname,Gopika Menon,Sreejith Menon,2001-03-12,"No. 212, Temple Street, Banjara Hills, Chennai, Tamil Nadu - 600412",train,clean
P01583,malayalam,M,Arjun,Menon,given_surname,Arjun Menon,Jithin Menon,1999-07-07,"No. 60, Market Street, Kakkanad, Jaipur, Rajasthan - 302053",train,clean
P01584,muslim,M,Farhan,Pathan,given_surname,Farhan Pathan,Salman Pathan,2001-09-25,"No. 58, Gandhi Road, Salt Lake, Thiruvananthapuram, Kerala - 695092",train,clean
P01585,kannada,F,Kavitha,Shetty,given_surname,Kavitha Shetty,Shashank Shetty,2000-02-15,"No. 153, Main Road, Jayanagar, Thiruvananthapuram, Kerala - 695995",train,critical
P01586,tamil,F,Saranya,Kannan,given_father,Saranya Kannan,Kannan,2001-11-28,"No. 42, Gandhi Road, Kakkanad, Thiruvananthapuram, Kerala - 695495",train,clean
P01587,telugu,M,Venkatesh,Naidu,given_surname,Venkatesh Naidu,Srinivas Naidu,2002-12-31,"No. 59, Nehru Street, Velachery, Thiruvananthapuram, Kerala - 695979",train,critical
P01588,telugu,M,Krishna,Varma,given_surname,Krishna Varma,Ravi Varma,1999-04-05,"No. 244, Station Road, Navrangpura, Chennai, Tamil Nadu - 600430",train,clean
P01589,kannada,F,Pallavi,Shetty,given_surname,Pallavi Shetty,Prashanth Shetty,2002-11-02,"No. 116, Lake View Road, Indiranagar, Bengaluru, Karnataka - 560066",train,clean
P01590,kannada,M,Manjunath,Kulkarni,given_surname,Manjunath Kulkarni,Harish Kulkarni,1999-06-22,"No. 227, 2nd Main, Velachery, Ahmedabad, Gujarat - 380095",train,clean
P01591,north,M,Pradeep,Agarwal,given_surname,Pradeep Agarwal,Gaurav Agarwal,2002-11-07,"No. 190, Temple Street, Sector 62, Coimbatore, Tamil Nadu - 641895",train,critical
P01592,north,M,Vikram,Sharma,given_surname,Vikram Sharma,Pradeep Sharma,1999-08-02,"No. 177, Lake View Road, Salt Lake, Noida, Uttar Pradesh - 201362",train,clean
P01593,tamil,F,Abirami,Manikandan,given_father,Abirami Manikandan,Manikandan,1998-12-07,"No. 130, Nehru Street, Navrangpura, Coimbatore, Tamil Nadu - 641295",train,clean
P01594,north,M,Sanjay,Verma,given_surname,Sanjay Verma,Rohit Verma,2001-12-29,"No. 15, Market Street, Salt Lake, Noida, Uttar Pradesh - 201215",val,clean
P01595,malayalam,M,Nikhil,Nair,given_surname,Nikhil Nair,Sreejith Nair,1999-12-24,"No. 95, 4th Cross, Kakkanad, Mysuru, Karnataka - 570727",val,needs_review
P01596,tamil,M,Elango,Karthik,given_father,Elango Karthik,Karthik,2005-06-02,"No. 42, Market Street, Banjara Hills, Jaipur, Rajasthan - 302714",val,clean
P01597,bengali,M,Abhijit,Sen,given_surname,Abhijit Sen,Rajib Sen,2003-10-26,"No. 186, Church Street, Banjara Hills, Mumbai, Maharashtra - 400899",test,clean
P01598,christian,M,Joseph,Pereira,given_surname,Joseph Pereira,Samuel Pereira,2002-11-21,"No. 168, Gandhi Road, Banjara Hills, Kochi, Kerala - 682584",test,critical
P01599,tamil,F,Sangeetha,Vignesh,given_father,Sangeetha Vignesh,Vignesh,1998-06-16,"No. 154, Station Road, Sector 62, Ahmedabad, Gujarat - 380633",test,clean
P01600,christian,M,Daniel,D'Souza,given_surname,Daniel D'Souza,Thomas D'Souza,2003-03-14,"No. 98, Gandhi Road, Indiranagar, Thiruvananthapuram, Kerala - 695408",train,clean
P01601,north,M,Ankit,Chauhan,given_surname,Ankit Chauhan,Sumit Chauhan,2003-01-14,"No. 2, Temple Street, T Nagar, Noida, Uttar Pradesh - 201012",train,needs_review
P01602,tamil,M,Arun,Madhavan,given_father,Arun Madhavan,Madhavan,2000-09-02,"No. 53, Main Road, Velachery, Kochi, Kerala - 682629",train,clean
P01603,tamil,M,Prakash,Vignesh,given_father,Prakash Vignesh,Vignesh,2000-05-08,"No. 72, Temple Street, Kothrud, Madurai, Tamil Nadu - 625553",train,critical
P01604,north,M,Amit,Mishra,given_surname,Amit Mishra,Rohit Mishra,2001-07-20,"No. 119, Lake View Road, Indiranagar, Mumbai, Maharashtra - 400261",train,critical
P01605,north,F,Komal,Tiwari,given_surname,Komal Tiwari,Gaurav Tiwari,1999-06-15,"No. 101, Church Street, Kothrud, Coimbatore, Tamil Nadu - 641642",train,needs_review
P01606,muslim,F,Rukhsar,Ansari,given_surname,Rukhsar Ansari,Irfan Ansari,2002-08-31,"No. 225, Park Avenue, Sector 62, Delhi, Delhi - 110086",train,critical
P01607,muslim,M,Abdul,Ansari,given_surname,Abdul Ansari,Arif Ansari,2001-07-24,"No. 32, Lake View Road, Salt Lake, Pune, Maharashtra - 411958",train,clean
P01608,tamil,F,Yamini,Kannan,given_father,Yamini Kannan,Kannan,1999-12-12,"No. 144, Temple Street, Jayanagar, Hyderabad, Telangana - 500751",train,clean
P01609,north,M,Rahul,Verma,given_surname,Rahul Verma,Ankit Verma,2004-05-15,"No. 34, MG Road, Anna Nagar, Coimbatore, Tamil Nadu - 641339",train,clean
P01610,tamil,F,Harini,Kumar,given_father,Harini Kumar,Kumar,1999-03-31,"No. 117, Park Avenue, T Nagar, Mumbai, Maharashtra - 400191",train,needs_review
P01611,kannada,F,Geetha,Kulkarni,given_surname,Geetha Kulkarni,Shashank Kulkarni,2002-02-16,"No. 113, Church Street, T Nagar, Kochi, Kerala - 682965",train,critical
P01612,north,F,Komal,Yadav,given_surname,Komal Yadav,Sumit Yadav,2001-08-26,"No. 54, Church Street, Navrangpura, Chennai, Tamil Nadu - 600066",train,needs_review
P01613,marathi_gujarati,M,Omkar,Shah,given_surname,Omkar Shah,Harsh Shah,2001-02-26,"No. 107, Main Road, Andheri, Mumbai, Maharashtra - 400347",train,needs_review
P01614,north,M,Sumit,Verma,given_surname,Sumit Verma,Sanjay Verma,2001-10-16,"No. 171, Gandhi Road, Saket, Mumbai, Maharashtra - 400849",val,needs_review
P01615,malayalam,M,Rahul,Nair,given_surname,Rahul Nair,Vishnu Nair,2003-01-23,"No. 117, Lake View Road, Velachery, Bengaluru, Karnataka - 560109",val,clean
P01616,bengali,F,Tanushree,Ghosh,given_surname,Tanushree Ghosh,Subhajit Ghosh,2005-04-22,"No. 20, Temple Street, Kakkanad, Madurai, Tamil Nadu - 625662",val,needs_review
P01617,north,M,Sandeep,Tiwari,given_surname,Sandeep Tiwari,Amit Tiwari,2002-04-06,"No. 226, Cross Road, Koramangala, Noida, Uttar Pradesh - 201013",test,clean
P01618,telugu,M,Chaitanya,Chowdary,given_surname,Chaitanya Chowdary,Suresh Chowdary,2002-09-06,"No. 10, Park Avenue, Kakkanad, Hyderabad, Telangana - 500855",test,clean
P01619,telugu,F,Bhavani,Varma,given_surname,Bhavani Varma,Suresh Varma,2003-11-21,"No. 37, Nehru Street, Kothrud, Jaipur, Rajasthan - 302601",test,clean
P01620,malayalam,F,Neethu,Varghese,given_surname,Neethu Varghese,Sanju Varghese,2003-11-03,"No. 101, Park Avenue, Kakkanad, Thiruvananthapuram, Kerala - 695595",train,critical
P01621,malayalam,M,Arjun,Kurup,given_surname,Arjun Kurup,Jithin Kurup,2000-01-28,"No. 57, Station Road, Velachery, Pune, Maharashtra - 411165",train,clean
P01622,kannada,M,Girish,Hegde,given_surname,Girish Hegde,Shashank Hegde,2004-03-13,"No. 93, MG Road, T Nagar, Hyderabad, Telangana - 500838",train,clean
P01623,marathi_gujarati,F,Hetal,Mehta,given_surname,Hetal Mehta,Nikhil Mehta,2000-12-10,"No. 133, Cross Road, Saket, Ahmedabad, Gujarat - 380346",train,needs_review
P01624,telugu,F,Madhuri,Naidu,given_surname,Madhuri Naidu,Ravi Naidu,2000-10-10,"No. 114, Cross Road, Saket, Hyderabad, Telangana - 500541",train,clean
P01625,kannada,F,Pallavi,Gowda,given_surname,Pallavi Gowda,Prashanth Gowda,2004-07-31,"No. 28, Gandhi Road, Velachery, Thiruvananthapuram, Kerala - 695404",train,critical
P01626,muslim,F,Ayesha,Ansari,given_surname,Ayesha Ansari,Imran Ansari,2005-08-27,"No. 243, Station Road, Velachery, Pune, Maharashtra - 411347",train,critical
P01627,muslim,F,Ayesha,Qureshi,given_surname,Ayesha Qureshi,Farhan Qureshi,2001-03-31,"No. 240, 4th Cross, Salt Lake, Pune, Maharashtra - 411592",train,clean
P01628,north,M,Pradeep,Yadav,given_surname,Pradeep Yadav,Sumit Yadav,2005-09-05,"No. 93, 2nd Main, Andheri, Ahmedabad, Gujarat - 380479",train,clean
P01629,muslim,M,Mohammed,Khan,given_surname,Mohammed Khan,Imran Khan,2003-02-12,"No. 81, Church Street, T Nagar, Kochi, Kerala - 682196",train,clean
P01630,telugu,F,Sravani,Naidu,given_surname,Sravani Naidu,Naresh Naidu,2003-06-21,"No. 89, Gandhi Road, Koramangala, Thiruvananthapuram, Kerala - 695406",train,clean
P01631,muslim,M,Arif,Khan,given_surname,Arif Khan,Abdul Khan,2001-05-04,"No. 238, Cross Road, Sector 62, Pune, Maharashtra - 411332",train,critical
P01632,north,F,Neha,Yadav,given_surname,Neha Yadav,Ankit Yadav,2005-08-01,"No. 121, Cross Road, T Nagar, Delhi, Delhi - 110615",train,critical
P01633,tamil,M,Kumar,Murugan,given_father,Kumar Murugan,Murugan,1999-03-13,"No. 63, Station Road, Malviya Nagar, Delhi, Delhi - 110811",train,clean
P01634,north,F,Anjali,Agarwal,given_surname,Anjali Agarwal,Ankit Agarwal,2002-01-13,"No. 149, Park Avenue, Kothrud, Mysuru, Karnataka - 570334",val,needs_review
P01635,telugu,M,Chaitanya,Chowdary,given_surname,Chaitanya Chowdary,Mahesh Chowdary,1998-01-20,"No. 93, Nehru Street, Velachery, Hyderabad, Telangana - 500530",val,clean
P01636,muslim,F,Nazia,Qureshi,given_surname,Nazia Qureshi,Imran Qureshi,2000-06-11,"No. 77, Park Avenue, Andheri, Jaipur, Rajasthan - 302090",val,needs_review
P01637,kannada,F,Kavitha,Gowda,given_surname,Kavitha Gowda,Darshan Gowda,2003-05-19,"No. 14, Nehru Street, Malviya Nagar, Delhi, Delhi - 110297",test,needs_review
P01638,kannada,F,Geetha,Shetty,given_surname,Geetha Shetty,Puneeth Shetty,2005-06-29,"No. 19, Church Street, Salt Lake, Chennai, Tamil Nadu - 600239",test,critical
P01639,muslim,F,Sana,Pathan,given_surname,Sana Pathan,Imran Pathan,2005-02-10,"No. 209, 2nd Main, Malviya Nagar, Mumbai, Maharashtra - 400744",test,clean
P01640,malayalam,F,Gopika,Kurup,given_surname,Gopika Kurup,Anand Kurup,1999-07-11,"No. 121, Main Road, Koramangala, Ahmedabad, Gujarat - 380271",train,needs_review
P01641,tamil,M,Arun,Elango,given_father,Arun Elango,Elango,2005-10-11,"No. 26, Nehru Street, T Nagar, Delhi, Delhi - 110828",train,clean
P01642,tamil,F,Malathi,Prakash,given_father,Malathi Prakash,Prakash,1999-03-14,"No. 85, Market Street, Indiranagar, Pune, Maharashtra - 411875",train,clean
P01643,kannada,M,Satish,Kulkarni,given_surname,Satish Kulkarni,Darshan Kulkarni,2001-10-19,"No. 64, 2nd Main, Jayanagar, Hyderabad, Telangana - 500461",train,needs_review
P01644,christian,M,Joel,Thomas,given_surname,Joel Thomas,George Thomas,2000-04-22,"No. 3, Station Road, Kakkanad, Madurai, Tamil Nadu - 625840",train,critical
P01645,tamil,M,Murugan,Elango,given_father,Murugan Elango,Elango,2004-09-05,"No. 57, Main Road, T Nagar, Mumbai, Maharashtra - 400145",train,needs_review
P01646,tamil,F,Nithya,Prakash,given_father,Nithya Prakash,Prakash,2001-09-03,"No. 58, Gandhi Road, Jayanagar, Jaipur, Rajasthan - 302348",train,clean
P01647,christian,M,John,D'Souza,given_surname,John D'Souza,George D'Souza,1998-03-13,"No. 152, Station Road, Velachery, Kolkata, West Bengal - 700867",train,clean
P01648,tamil,F,Abirami,Raju,given_father,Abirami Raju,Raju,2001-09-20,"No. 56, Temple Street, Jayanagar, Coimbatore, Tamil Nadu - 641231",train,clean
P01649,telugu,F,Haritha,Raju,given_surname,Haritha Raju,Venkatesh Raju,1999-07-28,"No. 209, Lake View Road, Indiranagar, Delhi, Delhi - 110765",train,needs_review
P01650,north,F,Archana,Singh,given_surname,Archana Singh,Sanjay Singh,2004-12-01,"No. 6, Market Street, Sector 62, Pune, Maharashtra - 411550",train,clean
P01651,tamil,M,Prakash,Velu,given_father,Prakash Velu,Velu,2001-11-08,"No. 35, Cross Road, Navrangpura, Mumbai, Maharashtra - 400939",train,clean
P01652,north,F,Komal,Gupta,given_surname,Komal Gupta,Rohit Gupta,2000-06-22,"No. 3, MG Road, Malviya Nagar, Kolkata, West Bengal - 700177",train,clean
P01653,muslim,M,Irfan,Qureshi,given_surname,Irfan Qureshi,Salman Qureshi,2004-06-05,"No. 22, MG Road, T Nagar, Bengaluru, Karnataka - 560355",train,clean
P01654,tamil,F,Vaishnavi,Raju,given_father,Vaishnavi Raju,Raju,1999-11-19,"No. 158, Church Street, Kothrud, Kolkata, West Bengal - 700565",val,clean
P01655,tamil,M,Murugan,Prakash,given_father,Murugan Prakash,Prakash,2005-02-23,"No. 67, Gandhi Road, Indiranagar, Mumbai, Maharashtra - 400027",val,clean
P01656,telugu,M,Kiran,Reddy,given_surname,Kiran Reddy,Prasad Reddy,2005-12-19,"No. 250, Nehru Street, Kakkanad, Delhi, Delhi - 110902",val,clean
P01657,tamil,F,Saranya,Murugan,given_father,Saranya Murugan,Murugan,2001-01-11,"No. 162, Temple Street, Andheri, Noida, Uttar Pradesh - 201377",test,needs_review
P01658,north,M,Sumit,Mishra,given_surname,Sumit Mishra,Amit Mishra,2005-04-26,"No. 162, MG Road, Kakkanad, Madurai, Tamil Nadu - 625109",test,clean
P01659,bengali,F,Tanushree,Roy,given_surname,Tanushree Roy,Arnab Roy,2000-07-12,"No. 230, Temple Street, Jayanagar, Noida, Uttar Pradesh - 201220",test,clean
P01660,bengali,M,Arnab,Mukherjee,given_surname,Arnab Mukherjee,Debashis Mukherjee,1998-08-27,"No. 85, Nehru Street, Indiranagar, Jaipur, Rajasthan - 302322",train,needs_review
P01661,christian,M,Joel,Thomas,given_surname,Joel Thomas,Thomas Thomas,2004-07-04,"No. 210, Cross Road, Saket, Mumbai, Maharashtra - 400847",train,clean
P01662,telugu,F,Madhuri,Reddy,given_surname,Madhuri Reddy,Kiran Reddy,2003-09-19,"No. 73, Lake View Road, Kothrud, Madurai, Tamil Nadu - 625025",train,clean
P01663,muslim,M,Farhan,Khan,given_surname,Farhan Khan,Mohammed Khan,2001-08-28,"No. 90, Nehru Street, Kakkanad, Coimbatore, Tamil Nadu - 641564",train,needs_review
P01664,malayalam,F,Aswathy,Menon,given_surname,Aswathy Menon,Jithin Menon,2003-09-01,"No. 6, Market Street, Banjara Hills, Mysuru, Karnataka - 570131",train,clean
P01665,telugu,F,Sunitha,Varma,given_surname,Sunitha Varma,Kiran Varma,2005-09-23,"No. 11, Church Street, Kakkanad, Chennai, Tamil Nadu - 600225",train,clean
P01666,north,M,Ankit,Gupta,given_surname,Ankit Gupta,Vikram Gupta,2001-07-06,"No. 101, Park Avenue, T Nagar, Mumbai, Maharashtra - 400433",train,clean
P01667,christian,F,Merlin,Joseph,given_surname,Merlin Joseph,David Joseph,1999-09-04,"No. 153, Park Avenue, Malviya Nagar, Jaipur, Rajasthan - 302133",train,clean
P01668,marathi_gujarati,M,Sagar,Desai,given_surname,Sagar Desai,Jay Desai,2002-06-19,"No. 227, Church Street, Koramangala, Madurai, Tamil Nadu - 625603",train,clean
P01669,marathi_gujarati,F,Hetal,Mehta,given_surname,Hetal Mehta,Parth Mehta,2001-11-20,"No. 250, Nehru Street, Andheri, Coimbatore, Tamil Nadu - 641302",train,clean
P01670,kannada,F,Sahana,Hegde,given_surname,Sahana Hegde,Puneeth Hegde,2004-10-22,"No. 69, 2nd Main, Saket, Madurai, Tamil Nadu - 625136",train,needs_review
P01671,north,F,Shreya,Mishra,given_surname,Shreya Mishra,Sanjay Mishra,2003-05-24,"No. 37, Temple Street, Velachery, Pune, Maharashtra - 411842",train,clean
P01672,tamil,F,Janani,Kannan,given_father,Janani Kannan,Kannan,2002-12-19,"No. 40, Cross Road, Kothrud, Madurai, Tamil Nadu - 625070",train,critical
P01673,telugu,M,Prasad,Varma,given_surname,Prasad Varma,Suresh Varma,1999-01-19,"No. 239, 2nd Main, Jayanagar, Delhi, Delhi - 110537",train,critical
P01674,christian,M,Samuel,D'Souza,given_surname,Samuel D'Souza,Joel D'Souza,2003-01-07,"No. 2, Lake View Road, Saket, Noida, Uttar Pradesh - 201445",val,clean
P01675,tamil,F,Yamini,Kumar,given_father,Yamini Kumar,Kumar,2001-09-13,"No. 207, Cross Road, Andheri, Mumbai, Maharashtra - 400759",val,clean
P01676,telugu,M,Kiran,Chowdary,given_surname,Kiran Chowdary,Ravi Chowdary,2000-03-13,"No. 217, Nehru Street, Koramangala, Kolkata, West Bengal - 700714",val,clean
P01677,muslim,F,Sana,Qureshi,given_surname,Sana Qureshi,Abdul Qureshi,2000-12-06,"No. 198, Lake View Road, Andheri, Jaipur, Rajasthan - 302271",test,critical
P01678,telugu,M,Naresh,Rao,given_surname,Naresh Rao,Kiran Rao,2001-07-30,"No. 32, Lake View Road, Saket, Pune, Maharashtra - 411905",test,needs_review
P01679,muslim,F,Rukhsar,Qureshi,given_surname,Rukhsar Qureshi,Sameer Qureshi,2005-05-22,"No. 141, Park Avenue, Salt Lake, Bengaluru, Karnataka - 560257",test,needs_review
P01680,muslim,M,Irfan,Khan,given_surname,Irfan Khan,Imran Khan,1998-01-20,"No. 20, Station Road, Salt Lake, Kolkata, West Bengal - 700354",train,needs_review
P01681,telugu,M,Kiran,Varma,given_surname,Kiran Varma,Venkatesh Varma,2000-05-05,"No. 223, Church Street, Andheri, Thiruvananthapuram, Kerala - 695390",train,clean
P01682,north,F,Komal,Gupta,given_surname,Komal Gupta,Ajay Gupta,2003-09-12,"No. 173, Lake View Road, Anna Nagar, Thiruvananthapuram, Kerala - 695563",train,clean
P01683,malayalam,F,Reshma,Nair,given_surname,Reshma Nair,Sreejith Nair,2001-06-21,"No. 215, Cross Road, Jayanagar, Hyderabad, Telangana - 500924",train,clean
P01684,telugu,F,Swathi,Rao,given_surname,Swathi Rao,Prasad Rao,2002-06-14,"No. 29, Main Road, Anna Nagar, Hyderabad, Telangana - 500792",train,clean
P01685,north,F,Riya,Singh,given_surname,Riya Singh,Sandeep Singh,2003-09-28,"No. 236, Nehru Street, Koramangala, Bengaluru, Karnataka - 560705",train,clean
P01686,tamil,F,Kavya,Prakash,given_father,Kavya Prakash,Prakash,2005-06-07,"No. 7, 4th Cross, T Nagar, Kolkata, West Bengal - 700040",train,critical
P01687,north,F,Ritu,Chauhan,given_surname,Ritu Chauhan,Sanjay Chauhan,2004-11-24,"No. 171, Temple Street, Saket, Delhi, Delhi - 110624",train,clean
P01688,tamil,M,Siva,Ramesh,given_father,Siva Ramesh,Ramesh,2003-12-27,"No. 5, Temple Street, Andheri, Kolkata, West Bengal - 700952",train,clean
P01689,malayalam,F,Sruthi,Nair,given_surname,Sruthi Nair,Anand Nair,2001-04-26,"No. 106, Gandhi Road, Andheri, Pune, Maharashtra - 411562",train,critical
P01690,muslim,M,Arif,Sheikh,given_surname,Arif Sheikh,Abdul Sheikh,1999-07-28,"No. 241, Market Street, Saket, Mysuru, Karnataka - 570664",train,needs_review
P01691,tamil,F,Revathi,Madhavan,given_father,Revathi Madhavan,Madhavan,2005-12-20,"No. 93, Station Road, Koramangala, Madurai, Tamil Nadu - 625641",train,clean
P01692,north,M,Ankit,Tiwari,given_surname,Ankit Tiwari,Deepak Tiwari,2005-09-28,"No. 248, Nehru Street, Velachery, Chennai, Tamil Nadu - 600220",train,clean
P01693,tamil,F,Malathi,Saravanan,given_father,Malathi Saravanan,Saravanan,2000-03-31,"No. 105, Church Street, Velachery, Coimbatore, Tamil Nadu - 641657",train,clean
P01694,north,M,Rohit,Mishra,given_surname,Rohit Mishra,Vikram Mishra,2000-11-13,"No. 210, Temple Street, Navrangpura, Mumbai, Maharashtra - 400619",val,clean
P01695,north,M,Rahul,Sharma,given_surname,Rahul Sharma,Gaurav Sharma,1999-10-14,"No. 237, 4th Cross, Velachery, Hyderabad, Telangana - 500014",val,clean
P01696,malayalam,M,Anand,Kurup,given_surname,Anand Kurup,Akhil Kurup,2003-05-04,"No. 246, MG Road, Sector 62, Kochi, Kerala - 682492",val,clean
P01697,telugu,M,Ravi,Reddy,given_surname,Ravi Reddy,Venkatesh Reddy,2002-09-17,"No. 149, Market Street, Salt Lake, Ahmedabad, Gujarat - 380945",test,clean
P01698,north,M,Sandeep,Mishra,given_surname,Sandeep Mishra,Rahul Mishra,2001-11-18,"No. 144, Cross Road, Saket, Delhi, Delhi - 110433",test,clean
P01699,bengali,M,Arnab,Das,given_surname,Arnab Das,Debashis Das,2005-05-20,"No. 60, Market Street, Anna Nagar, Pune, Maharashtra - 411446",test,needs_review
P01700,tamil,F,Lakshmi,Elango,given_father,Lakshmi Elango,Elango,2000-04-25,"No. 57, Park Avenue, Jayanagar, Jaipur, Rajasthan - 302856",train,clean
P01701,north,F,Komal,Sharma,given_surname,Komal Sharma,Sumit Sharma,2002-04-22,"No. 19, MG Road, Kothrud, Mysuru, Karnataka - 570118",train,clean
P01702,bengali,M,Sayan,Das,given_surname,Sayan Das,Subhajit Das,2002-07-10,"No. 69, Station Road, Saket, Thiruvananthapuram, Kerala - 695464",train,clean
P01703,north,M,Sandeep,Sharma,given_surname,Sandeep Sharma,Sanjay Sharma,2004-03-06,"No. 22, MG Road, Velachery, Coimbatore, Tamil Nadu - 641701",train,needs_review
P01704,bengali,M,Debashis,Das,given_surname,Debashis Das,Sayan Das,2001-10-27,"No. 144, Main Road, Indiranagar, Noida, Uttar Pradesh - 201417",train,needs_review
P01705,marathi_gujarati,M,Nikhil,Desai,given_surname,Nikhil Desai,Harsh Desai,1999-11-27,"No. 134, Market Street, Saket, Hyderabad, Telangana - 500456",train,needs_review
P01706,muslim,M,Sameer,Pathan,given_surname,Sameer Pathan,Imran Pathan,2000-03-18,"No. 60, Station Road, Banjara Hills, Bengaluru, Karnataka - 560659",train,clean
P01707,marathi_gujarati,F,Hetal,Desai,given_surname,Hetal Desai,Sagar Desai,2004-06-14,"No. 215, Park Avenue, Anna Nagar, Mumbai, Maharashtra - 400817",train,clean
P01708,muslim,F,Zainab,Pathan,given_surname,Zainab Pathan,Arif Pathan,2004-11-23,"No. 124, Nehru Street, Koramangala, Madurai, Tamil Nadu - 625909",train,clean
P01709,muslim,F,Rukhsar,Pathan,given_surname,Rukhsar Pathan,Sameer Pathan,1998-11-22,"No. 210, Gandhi Road, Velachery, Kolkata, West Bengal - 700797",train,needs_review
P01710,marathi_gujarati,M,Jay,Patel,given_surname,Jay Patel,Omkar Patel,1999-09-06,"No. 241, Market Street, Jayanagar, Kolkata, West Bengal - 700858",train,clean
P01711,bengali,F,Ishita,Mukherjee,given_surname,Ishita Mukherjee,Debashis Mukherjee,2005-10-28,"No. 139, Temple Street, Banjara Hills, Hyderabad, Telangana - 500186",train,clean
P01712,tamil,F,Kavya,Saravanan,given_father,Kavya Saravanan,Saravanan,2002-01-24,"No. 79, Main Road, Banjara Hills, Noida, Uttar Pradesh - 201096",train,needs_review
P01713,north,M,Rahul,Yadav,given_surname,Rahul Yadav,Pradeep Yadav,1999-10-09,"No. 34, MG Road, Koramangala, Coimbatore, Tamil Nadu - 641683",train,needs_review
P01714,north,F,Neha,Gupta,given_surname,Neha Gupta,Ankit Gupta,1998-03-24,"No. 202, Station Road, Salt Lake, Kolkata, West Bengal - 700890",val,clean
P01715,north,F,Riya,Pandey,given_surname,Riya Pandey,Sandeep Pandey,1998-10-24,"No. 190, Station Road, Salt Lake, Ahmedabad, Gujarat - 380237",val,needs_review
P01716,north,F,Simran,Verma,given_surname,Simran Verma,Rohit Verma,2002-03-30,"No. 120, Lake View Road, Banjara Hills, Ahmedabad, Gujarat - 380824",val,critical
P01717,kannada,F,Pallavi,Shetty,given_surname,Pallavi Shetty,Harish Shetty,1998-05-20,"No. 29, Church Street, T Nagar, Bengaluru, Karnataka - 560733",test,clean
P01718,marathi_gujarati,M,Harsh,Patil,given_surname,Harsh Patil,Nikhil Patil,2005-10-30,"No. 107, MG Road, Saket, Kolkata, West Bengal - 700851",test,critical
P01719,tamil,M,Vignesh,Elango,given_father,Vignesh Elango,Elango,2002-02-24,"No. 110, Nehru Street, Navrangpura, Jaipur, Rajasthan - 302713",test,clean
P01720,christian,M,Samuel,Thomas,given_surname,Samuel Thomas,George Thomas,1998-11-12,"No. 135, Station Road, Jayanagar, Pune, Maharashtra - 411064",train,critical
P01721,tamil,M,Prakash,Selvam,given_father,Prakash Selvam,Selvam,2002-12-01,"No. 107, Lake View Road, Jayanagar, Delhi, Delhi - 110538",train,critical
P01722,tamil,F,Abirami,Ramesh,given_father,Abirami Ramesh,Ramesh,1998-06-16,"No. 195, Church Street, Kothrud, Delhi, Delhi - 110167",train,clean
P01723,north,M,Rohit,Pandey,given_surname,Rohit Pandey,Amit Pandey,2004-03-07,"No. 89, Gandhi Road, Salt Lake, Madurai, Tamil Nadu - 625459",train,clean
P01724,marathi_gujarati,M,Nikhil,Mehta,given_surname,Nikhil Mehta,Harsh Mehta,2001-08-26,"No. 240, Main Road, Navrangpura, Kochi, Kerala - 682408",train,clean
P01725,tamil,F,Sowmya,Kannan,given_father,Sowmya Kannan,Kannan,2005-08-26,"No. 50, 4th Cross, Anna Nagar, Mysuru, Karnataka - 570849",train,clean
P01726,bengali,F,Riya,Mukherjee,given_surname,Riya Mukherjee,Arnab Mukherjee,2004-03-02,"No. 98, Main Road, Malviya Nagar, Pune, Maharashtra - 411724",train,clean
P01727,tamil,M,Kannan,Madhavan,given_father,Kannan Madhavan,Madhavan,2004-08-27,"No. 178, Gandhi Road, Navrangpura, Noida, Uttar Pradesh - 201107",train,clean
P01728,muslim,F,Fathima,Syed,given_surname,Fathima Syed,Arif Syed,2002-01-25,"No. 60, Station Road, Velachery, Noida, Uttar Pradesh - 201358",train,critical
P01729,muslim,M,Salman,Qureshi,given_surname,Salman Qureshi,Imran Qureshi,2005-08-15,"No. 17, Temple Street, Indiranagar, Noida, Uttar Pradesh - 201799",train,clean
P01730,tamil,M,Prakash,Elango,given_father,Prakash Elango,Elango,1998-08-31,"No. 91, Gandhi Road, Malviya Nagar, Ahmedabad, Gujarat - 380531",train,critical
P01731,tamil,M,Kannan,Madhavan,given_father,Kannan Madhavan,Madhavan,1999-04-24,"No. 214, Lake View Road, Koramangala, Bengaluru, Karnataka - 560892",train,clean
P01732,christian,M,John,Joseph,given_surname,John Joseph,George Joseph,2005-04-21,"No. 204, 2nd Main, Banjara Hills, Bengaluru, Karnataka - 560096",train,clean
P01733,tamil,M,Madhavan,Murugan,given_father,Madhavan Murugan,Murugan,1999-10-11,"No. 171, 2nd Main, Banjara Hills, Hyderabad, Telangana - 500193",train,critical
P01734,malayalam,F,Sruthi,Nair,given_surname,Sruthi Nair,Anand Nair,2003-09-04,"No. 217, Market Street, Saket, Coimbatore, Tamil Nadu - 641326",val,clean
P01735,north,F,Ritu,Sharma,given_surname,Ritu Sharma,Vikram Sharma,2003-02-01,"No. 225, Nehru Street, Navrangpura, Mysuru, Karnataka - 570412",val,clean
P01736,telugu,M,Ravi,Chowdary,given_surname,Ravi Chowdary,Venkatesh Chowdary,2001-10-25,"No. 169, Temple Street, Malviya Nagar, Chennai, Tamil Nadu - 600442",val,clean
P01737,muslim,M,Mohammed,Qureshi,given_surname,Mohammed Qureshi,Irfan Qureshi,2002-02-23,"No. 135, 4th Cross, Sector 62, Mumbai, Maharashtra - 400059",test,clean
P01738,north,M,Pradeep,Yadav,given_surname,Pradeep Yadav,Rahul Yadav,2005-10-03,"No. 138, Nehru Street, Salt Lake, Chennai, Tamil Nadu - 600090",test,needs_review
P01739,kannada,M,Shashank,Rao,given_surname,Shashank Rao,Satish Rao,1999-04-30,"No. 159, Station Road, T Nagar, Hyderabad, Telangana - 500752",test,clean
P01740,marathi_gujarati,M,Tejas,Deshpande,given_surname,Tejas Deshpande,Parth Deshpande,2002-12-12,"No. 227, Gandhi Road, Kothrud, Thiruvananthapuram, Kerala - 695907",train,clean
P01741,north,F,Neha,Yadav,given_surname,Neha Yadav,Gaurav Yadav,2000-08-21,"No. 85, Market Street, Velachery, Madurai, Tamil Nadu - 625168",train,clean
P01742,north,F,Simran,Singh,given_surname,Simran Singh,Sumit Singh,2000-05-26,"No. 236, Temple Street, Banjara Hills, Chennai, Tamil Nadu - 600526",train,critical
P01743,north,F,Archana,Agarwal,given_surname,Archana Agarwal,Gaurav Agarwal,1998-11-29,"No. 197, Church Street, Navrangpura, Madurai, Tamil Nadu - 625464",train,clean
P01744,telugu,M,Krishna,Chowdary,given_surname,Krishna Chowdary,Srinivas Chowdary,2000-05-10,"No. 145, Temple Street, T Nagar, Chennai, Tamil Nadu - 600540",train,critical
P01745,tamil,M,Ramesh,Manikandan,given_father,Ramesh Manikandan,Manikandan,1999-02-20,"No. 245, 4th Cross, Velachery, Ahmedabad, Gujarat - 380317",train,needs_review
P01746,telugu,F,Divya,Varma,given_surname,Divya Varma,Kiran Varma,2004-09-26,"No. 112, Cross Road, Kakkanad, Kolkata, West Bengal - 700189",train,clean
P01747,tamil,F,Priya,Vignesh,given_father,Priya Vignesh,Vignesh,2002-01-30,"No. 114, MG Road, Velachery, Chennai, Tamil Nadu - 600230",train,clean
P01748,marathi_gujarati,F,Rutuja,Shah,given_surname,Rutuja Shah,Harsh Shah,2005-09-04,"No. 3, Gandhi Road, Velachery, Thiruvananthapuram, Kerala - 695423",train,needs_review
P01749,tamil,F,Nithya,Elango,given_father,Nithya Elango,Elango,2000-01-14,"No. 180, Gandhi Road, Navrangpura, Coimbatore, Tamil Nadu - 641354",train,needs_review
P01750,north,M,Ankit,Sharma,given_surname,Ankit Sharma,Deepak Sharma,2000-10-22,"No. 59, Market Street, Malviya Nagar, Pune, Maharashtra - 411035",train,clean
P01751,north,M,Pradeep,Gupta,given_surname,Pradeep Gupta,Sanjay Gupta,2002-10-31,"No. 126, Cross Road, T Nagar, Kolkata, West Bengal - 700918",train,needs_review
P01752,north,F,Riya,Yadav,given_surname,Riya Yadav,Ankit Yadav,2000-08-18,"No. 172, Park Avenue, Salt Lake, Mumbai, Maharashtra - 400508",train,clean
P01753,malayalam,M,Arjun,Varghese,given_surname,Arjun Varghese,Nikhil Varghese,2002-10-16,"No. 93, Market Street, Andheri, Delhi, Delhi - 110253",train,clean
P01754,north,M,Ajay,Chauhan,given_surname,Ajay Chauhan,Ankit Chauhan,2004-02-05,"No. 52, Church Street, T Nagar, Mysuru, Karnataka - 570902",val,clean
P01755,north,F,Sushma,Agarwal,given_surname,Sushma Agarwal,Deepak Agarwal,1999-11-15,"No. 159, 4th Cross, Indiranagar, Bengaluru, Karnataka - 560248",val,needs_review
P01756,bengali,M,Abhijit,Ghosh,given_surname,Abhijit Ghosh,Rajib Ghosh,1999-01-24,"No. 43, Gandhi Road, Kakkanad, Madurai, Tamil Nadu - 625230",val,critical
P01757,muslim,F,Nazia,Khan,given_surname,Nazia Khan,Irfan Khan,1999-09-19,"No. 132, Gandhi Road, Indiranagar, Thiruvananthapuram, Kerala - 695916",test,clean
P01758,north,M,Sanjay,Mishra,given_surname,Sanjay Mishra,Sandeep Mishra,2002-04-09,"No. 84, Park Avenue, T Nagar, Thiruvananthapuram, Kerala - 695232",test,clean
P01759,tamil,F,Kalaiselvi,Selvam,given_father,Kalaiselvi Selvam,Selvam,1998-06-28,"No. 104, 2nd Main, Indiranagar, Kolkata, West Bengal - 700560",test,clean
P01760,north,F,Pooja,Yadav,given_surname,Pooja Yadav,Rohit Yadav,2004-04-09,"No. 208, Cross Road, Salt Lake, Ahmedabad, Gujarat - 380376",train,needs_review
P01761,kannada,M,Raghavendra,Hegde,given_surname,Raghavendra Hegde,Naveen Hegde,2003-12-03,"No. 200, Nehru Street, Anna Nagar, Hyderabad, Telangana - 500047",train,clean
P01762,telugu,M,Chaitanya,Rao,given_surname,Chaitanya Rao,Kiran Rao,1999-09-05,"No. 237, Gandhi Road, Koramangala, Mysuru, Karnataka - 570508",train,clean
P01763,tamil,M,Sundar,Madhavan,given_father,Sundar Madhavan,Madhavan,2005-03-03,"No. 124, Station Road, Salt Lake, Pune, Maharashtra - 411054",train,needs_review
P01764,telugu,F,Sravani,Raju,given_surname,Sravani Raju,Naresh Raju,2001-11-01,"No. 58, Cross Road, T Nagar, Coimbatore, Tamil Nadu - 641031",train,clean
P01765,malayalam,M,Arjun,Panicker,given_surname,Arjun Panicker,Hari Panicker,2005-11-18,"No. 170, Lake View Road, Koramangala, Mumbai, Maharashtra - 400851",train,needs_review
P01766,tamil,F,Saranya,Siva,given_father,Saranya Siva,Siva,2000-01-18,"No. 191, Station Road, Saket, Noida, Uttar Pradesh - 201941",train,needs_review
P01767,telugu,F,Haritha,Raju,given_surname,Haritha Raju,Krishna Raju,1999-05-12,"No. 174, 2nd Main, T Nagar, Bengaluru, Karnataka - 560618",train,clean
P01768,north,M,Gaurav,Chauhan,given_surname,Gaurav Chauhan,Ajay Chauhan,1998-06-24,"No. 61, MG Road, Sector 62, Kochi, Kerala - 682209",train,critical
P01769,kannada,M,Satish,Rao,given_surname,Satish Rao,Raghavendra Rao,2004-07-29,"No. 150, Temple Street, Anna Nagar, Thiruvananthapuram, Kerala - 695552",train,clean
P01770,north,M,Ankit,Chauhan,given_surname,Ankit Chauhan,Rohit Chauhan,1999-02-05,"No. 23, 4th Cross, Anna Nagar, Bengaluru, Karnataka - 560922",train,clean
P01771,north,F,Shreya,Yadav,given_surname,Shreya Yadav,Sandeep Yadav,2001-10-01,"No. 238, Station Road, Anna Nagar, Madurai, Tamil Nadu - 625692",train,needs_review
P01772,telugu,M,Srinivas,Reddy,given_surname,Srinivas Reddy,Ravi Reddy,2003-01-15,"No. 50, Church Street, Andheri, Pune, Maharashtra - 411617",train,clean
P01773,muslim,F,Shabana,Syed,given_surname,Shabana Syed,Abdul Syed,1998-12-03,"No. 99, Lake View Road, Malviya Nagar, Ahmedabad, Gujarat - 380503",train,clean
P01774,muslim,M,Mohammed,Khan,given_surname,Mohammed Khan,Farhan Khan,2005-01-16,"No. 200, MG Road, Navrangpura, Mysuru, Karnataka - 570634",val,clean
P01775,christian,M,Joseph,Joseph,given_surname,Joseph Joseph,Joel Joseph,2000-09-18,"No. 171, Lake View Road, Banjara Hills, Madurai, Tamil Nadu - 625605",val,clean
P01776,tamil,F,Abirami,Kumar,given_father,Abirami Kumar,Kumar,2000-06-09,"No. 19, Temple Street, Koramangala, Mumbai, Maharashtra - 400543",val,clean
P01777,tamil,F,Revathi,Manikandan,given_father,Revathi Manikandan,Manikandan,1998-11-24,"No. 192, Nehru Street, Navrangpura, Thiruvananthapuram, Kerala - 695300",test,clean
P01778,telugu,M,Srinivas,Rao,given_surname,Srinivas Rao,Chaitanya Rao,2002-10-12,"No. 155, 2nd Main, Andheri, Jaipur, Rajasthan - 302361",test,critical
P01779,malayalam,M,Vishnu,Varghese,given_surname,Vishnu Varghese,Nikhil Varghese,2002-05-31,"No. 204, 4th Cross, Anna Nagar, Hyderabad, Telangana - 500260",test,clean
P01780,telugu,F,Lavanya,Reddy,given_surname,Lavanya Reddy,Kiran Reddy,2000-09-20,"No. 152, Temple Street, Salt Lake, Noida, Uttar Pradesh - 201567",train,critical
P01781,tamil,M,Sundar,Ramesh,given_father,Sundar Ramesh,Ramesh,2005-02-25,"No. 28, Main Road, Navrangpura, Hyderabad, Telangana - 500957",train,needs_review
P01782,telugu,M,Krishna,Naidu,given_surname,Krishna Naidu,Srinivas Naidu,2001-10-14,"No. 105, 2nd Main, Jayanagar, Jaipur, Rajasthan - 302582",train,clean
P01783,christian,M,Thomas,Fernandes,given_surname,Thomas Fernandes,John Fernandes,2003-12-10,"No. 54, Gandhi Road, Navrangpura, Noida, Uttar Pradesh - 201853",train,clean
P01784,marathi_gujarati,F,Snehal,Deshpande,given_surname,Snehal Deshpande,Parth Deshpande,2002-03-25,"No. 142, Lake View Road, Velachery, Noida, Uttar Pradesh - 201258",train,clean
P01785,tamil,M,Kumar,Vignesh,given_father,Kumar Vignesh,Vignesh,2001-10-28,"No. 45, Temple Street, Andheri, Kolkata, West Bengal - 700305",train,clean
P01786,north,M,Vikram,Sharma,given_surname,Vikram Sharma,Deepak Sharma,2003-09-23,"No. 232, Lake View Road, Kakkanad, Mysuru, Karnataka - 570488",train,clean
P01787,tamil,F,Meena,Raju,given_father,Meena Raju,Raju,2000-12-18,"No. 119, Park Avenue, Anna Nagar, Coimbatore, Tamil Nadu - 641137",train,clean
P01788,malayalam,M,Akhil,Menon,given_surname,Akhil Menon,Sanju Menon,2003-08-05,"No. 188, Main Road, Saket, Mumbai, Maharashtra - 400525",train,needs_review
P01789,telugu,M,Mahesh,Varma,given_surname,Mahesh Varma,Venkatesh Varma,2000-02-08,"No. 249, Nehru Street, Koramangala, Mumbai, Maharashtra - 400631",train,needs_review
P01790,bengali,F,Moumita,Das,given_surname,Moumita Das,Sourav Das,2000-09-10,"No. 41, Nehru Street, Anna Nagar, Mumbai, Maharashtra - 400882",train,clean
P01791,marathi_gujarati,M,Sagar,Mehta,given_surname,Sagar Mehta,Nikhil Mehta,2001-11-05,"No. 155, Gandhi Road, Andheri, Madurai, Tamil Nadu - 625714",train,critical
P01792,christian,F,Teresa,Fernandes,given_surname,Teresa Fernandes,Joseph Fernandes,2000-04-27,"No. 231, Station Road, Sector 62, Coimbatore, Tamil Nadu - 641515",train,clean
P01793,malayalam,F,Neethu,Varghese,given_surname,Neethu Varghese,Hari Varghese,1999-11-08,"No. 113, Gandhi Road, Indiranagar, Mysuru, Karnataka - 570280",train,clean
P01794,malayalam,M,Akhil,Menon,given_surname,Akhil Menon,Rahul Menon,2001-04-24,"No. 166, Nehru Street, Anna Nagar, Hyderabad, Telangana - 500101",val,critical
P01795,tamil,M,Vignesh,Arun,given_father,Vignesh Arun,Arun,2000-03-21,"No. 25, Gandhi Road, Anna Nagar, Hyderabad, Telangana - 500719",val,clean
P01796,marathi_gujarati,F,Prachi,Kulkarni,given_surname,Prachi Kulkarni,Sagar Kulkarni,1999-12-18,"No. 190, Lake View Road, Velachery, Kochi, Kerala - 682807",val,needs_review
P01797,north,M,Rahul,Gupta,given_surname,Rahul Gupta,Gaurav Gupta,2000-12-04,"No. 202, Main Road, Navrangpura, Coimbatore, Tamil Nadu - 641187",test,clean
P01798,north,F,Archana,Pandey,given_surname,Archana Pandey,Vikram Pandey,1999-05-03,"No. 21, Nehru Street, Anna Nagar, Chennai, Tamil Nadu - 600279",test,clean
P01799,tamil,M,Ramesh,Elango,given_father,Ramesh Elango,Elango,2001-02-02,"No. 15, Main Road, Andheri, Mumbai, Maharashtra - 400774",test,clean
P01800,tamil,F,Revathi,Raju,given_father,Revathi Raju,Raju,2000-09-28,"No. 30, Cross Road, Salt Lake, Pune, Maharashtra - 411037",train,clean
P01801,muslim,F,Zainab,Syed,given_surname,Zainab Syed,Abdul Syed,2005-09-19,"No. 82, 4th Cross, Indiranagar, Delhi, Delhi - 110502",train,needs_review
P01802,marathi_gujarati,M,Parth,Shah,given_surname,Parth Shah,Sagar Shah,2001-08-30,"No. 241, Cross Road, Saket, Madurai, Tamil Nadu - 625541",train,critical
P01803,muslim,M,Abdul,Sheikh,given_surname,Abdul Sheikh,Arif Sheikh,2005-07-15,"No. 243, Park Avenue, Velachery, Kolkata, West Bengal - 700316",train,clean
P01804,tamil,M,Raju,Karthik,given_father,Raju Karthik,Karthik,2004-10-31,"No. 202, Market Street, Indiranagar, Chennai, Tamil Nadu - 600014",train,clean
P01805,telugu,F,Padma,Reddy,given_surname,Padma Reddy,Naresh Reddy,2004-11-06,"No. 12, Lake View Road, Sector 62, Kolkata, West Bengal - 700478",train,needs_review
P01806,bengali,M,Subhajit,Mukherjee,given_surname,Subhajit Mukherjee,Debashis Mukherjee,2002-09-30,"No. 28, Lake View Road, Andheri, Pune, Maharashtra - 411825",train,needs_review
P01807,tamil,F,Gayathri,Kannan,given_father,Gayathri Kannan,Kannan,2002-05-04,"No. 94, 2nd Main, Koramangala, Bengaluru, Karnataka - 560681",train,clean
P01808,kannada,M,Harish,Hegde,given_surname,Harish Hegde,Raghavendra Hegde,2000-10-21,"No. 118, Gandhi Road, Salt Lake, Kochi, Kerala - 682612",train,clean
P01809,telugu,F,Haritha,Naidu,given_surname,Haritha Naidu,Venkatesh Naidu,2004-12-31,"No. 128, 4th Cross, T Nagar, Kochi, Kerala - 682916",train,clean
P01810,tamil,M,Velu,Ramesh,given_father,Velu Ramesh,Ramesh,2004-05-01,"No. 29, Gandhi Road, Andheri, Chennai, Tamil Nadu - 600609",train,clean
P01811,muslim,F,Sana,Ansari,given_surname,Sana Ansari,Arif Ansari,2003-05-29,"No. 3, Market Street, Malviya Nagar, Mysuru, Karnataka - 570130",train,critical
P01812,north,M,Rahul,Tiwari,given_surname,Rahul Tiwari,Amit Tiwari,2002-09-20,"No. 180, Temple Street, T Nagar, Coimbatore, Tamil Nadu - 641283",train,clean
P01813,malayalam,F,Sruthi,Menon,given_surname,Sruthi Menon,Vishnu Menon,2003-01-14,"No. 245, 4th Cross, Salt Lake, Delhi, Delhi - 110939",train,clean
P01814,tamil,M,Madhavan,Prakash,given_father,Madhavan Prakash,Prakash,2004-07-31,"No. 28, Main Road, Koramangala, Coimbatore, Tamil Nadu - 641238",val,clean
P01815,telugu,M,Ravi,Chowdary,given_surname,Ravi Chowdary,Kiran Chowdary,2000-03-29,"No. 212, Church Street, Malviya Nagar, Noida, Uttar Pradesh - 201783",val,clean
P01816,muslim,F,Zainab,Sheikh,given_surname,Zainab Sheikh,Irfan Sheikh,1998-02-23,"No. 184, Cross Road, Banjara Hills, Ahmedabad, Gujarat - 380558",val,clean
P01817,marathi_gujarati,M,Sagar,Patel,given_surname,Sagar Patel,Aniket Patel,2003-04-09,"No. 72, Cross Road, Kakkanad, Jaipur, Rajasthan - 302255",test,clean
P01818,malayalam,F,Athira,Pillai,given_surname,Athira Pillai,Sanju Pillai,2005-11-22,"No. 114, Temple Street, Kothrud, Chennai, Tamil Nadu - 600359",test,needs_review
P01819,kannada,M,Raghavendra,Hegde,given_surname,Raghavendra Hegde,Puneeth Hegde,2003-06-30,"No. 169, Market Street, T Nagar, Kolkata, West Bengal - 700669",test,clean
P01820,christian,F,Teresa,Pereira,given_surname,Teresa Pereira,Daniel Pereira,1998-12-29,"No. 41, Lake View Road, Saket, Delhi, Delhi - 110155",train,needs_review
P01821,bengali,F,Tanushree,Ghosh,given_surname,Tanushree Ghosh,Arnab Ghosh,1999-05-21,"No. 123, 2nd Main, Salt Lake, Thiruvananthapuram, Kerala - 695427",train,clean
P01822,muslim,F,Ayesha,Qureshi,given_surname,Ayesha Qureshi,Mohammed Qureshi,2001-03-06,"No. 77, Lake View Road, Banjara Hills, Madurai, Tamil Nadu - 625610",train,clean
P01823,kannada,M,Harish,Rao,given_surname,Harish Rao,Manjunath Rao,1999-08-08,"No. 224, Main Road, Salt Lake, Delhi, Delhi - 110512",train,needs_review
P01824,kannada,F,Asha,Hegde,given_surname,Asha Hegde,Raghavendra Hegde,1999-09-05,"No. 166, 4th Cross, Sector 62, Noida, Uttar Pradesh - 201519",train,clean
P01825,christian,M,Thomas,Mathew,given_surname,Thomas Mathew,George Mathew,2000-05-12,"No. 216, 2nd Main, Anna Nagar, Mysuru, Karnataka - 570125",train,clean
P01826,tamil,F,Saranya,Kannan,given_father,Saranya Kannan,Kannan,1999-08-05,"No. 63, Temple Street, Jayanagar, Coimbatore, Tamil Nadu - 641446",train,clean
P01827,tamil,F,Kalaiselvi,Karthik,given_father,Kalaiselvi Karthik,Karthik,2000-04-11,"No. 114, 2nd Main, Indiranagar, Thiruvananthapuram, Kerala - 695059",train,clean
P01828,muslim,F,Sana,Ansari,given_surname,Sana Ansari,Abdul Ansari,2004-03-29,"No. 28, Nehru Street, Malviya Nagar, Ahmedabad, Gujarat - 380233",train,needs_review
P01829,telugu,F,Swathi,Naidu,given_surname,Swathi Naidu,Mahesh Naidu,1999-12-06,"No. 99, Station Road, Malviya Nagar, Madurai, Tamil Nadu - 625771",train,clean
P01830,christian,M,John,Joseph,given_surname,John Joseph,David Joseph,2001-12-25,"No. 29, 4th Cross, Sector 62, Mumbai, Maharashtra - 400966",train,clean
P01831,bengali,M,Sayan,Sen,given_surname,Sayan Sen,Rajib Sen,2005-11-03,"No. 122, Park Avenue, Sector 62, Noida, Uttar Pradesh - 201917",train,clean
P01832,north,M,Sumit,Tiwari,given_surname,Sumit Tiwari,Rohit Tiwari,2003-10-10,"No. 71, 4th Cross, Andheri, Bengaluru, Karnataka - 560049",train,clean
P01833,north,F,Anjali,Chauhan,given_surname,Anjali Chauhan,Rohit Chauhan,2004-10-29,"No. 178, 2nd Main, Sector 62, Delhi, Delhi - 110639",train,clean
P01834,christian,F,Merlin,D'Souza,given_surname,Merlin D'Souza,George D'Souza,1998-09-10,"No. 138, Temple Street, Navrangpura, Kochi, Kerala - 682750",val,clean
P01835,telugu,M,Chaitanya,Reddy,given_surname,Chaitanya Reddy,Suresh Reddy,2005-06-11,"No. 105, Station Road, Salt Lake, Madurai, Tamil Nadu - 625489",val,clean
P01836,malayalam,M,Sanju,Nair,given_surname,Sanju Nair,Hari Nair,2005-09-24,"No. 178, Park Avenue, Jayanagar, Chennai, Tamil Nadu - 600322",val,clean
P01837,kannada,M,Manjunath,Bhat,given_surname,Manjunath Bhat,Girish Bhat,2005-08-05,"No. 64, Market Street, Malviya Nagar, Thiruvananthapuram, Kerala - 695853",test,needs_review
P01838,north,M,Sanjay,Singh,given_surname,Sanjay Singh,Ankit Singh,1998-03-22,"No. 64, Gandhi Road, Velachery, Noida, Uttar Pradesh - 201548",test,clean
P01839,christian,F,Sharon,Joseph,given_surname,Sharon Joseph,David Joseph,2001-05-27,"No. 91, Main Road, Banjara Hills, Mumbai, Maharashtra - 400989",test,clean
P01840,malayalam,F,Anjali,Panicker,given_surname,Anjali Panicker,Rahul Panicker,1999-10-02,"No. 194, Lake View Road, Sector 62, Kochi, Kerala - 682055",train,needs_review
P01841,tamil,F,Meena,Kumar,given_father,Meena Kumar,Kumar,2000-04-08,"No. 44, Nehru Street, Jayanagar, Noida, Uttar Pradesh - 201368",train,needs_review
P01842,marathi_gujarati,F,Snehal,Shah,given_surname,Snehal Shah,Sagar Shah,2005-09-29,"No. 154, Nehru Street, Kothrud, Madurai, Tamil Nadu - 625640",train,clean
P01843,marathi_gujarati,M,Jay,Joshi,given_surname,Jay Joshi,Parth Joshi,2001-09-14,"No. 171, Lake View Road, Malviya Nagar, Kolkata, West Bengal - 700660",train,needs_review
P01844,kannada,M,Girish,Bhat,given_surname,Girish Bhat,Prashanth Bhat,2003-06-26,"No. 235, Market Street, Indiranagar, Jaipur, Rajasthan - 302907",train,clean
P01845,muslim,F,Nazia,Syed,given_surname,Nazia Syed,Mohammed Syed,2004-03-24,"No. 150, Gandhi Road, Indiranagar, Jaipur, Rajasthan - 302933",train,clean
P01846,telugu,F,Divya,Raju,given_surname,Divya Raju,Prasad Raju,2003-10-25,"No. 69, 2nd Main, Anna Nagar, Bengaluru, Karnataka - 560230",train,clean
P01847,tamil,F,Sangeetha,Manikandan,given_father,Sangeetha Manikandan,Manikandan,2002-11-28,"No. 49, Gandhi Road, Sector 62, Chennai, Tamil Nadu - 600296",train,clean
P01848,telugu,F,Madhuri,Chowdary,given_surname,Madhuri Chowdary,Venkatesh Chowdary,2005-10-06,"No. 80, Church Street, Velachery, Mumbai, Maharashtra - 400896",train,needs_review
P01849,muslim,F,Zainab,Khan,given_surname,Zainab Khan,Mohammed Khan,2004-04-09,"No. 152, Market Street, Indiranagar, Kolkata, West Bengal - 700016",train,clean
P01850,muslim,M,Arif,Sheikh,given_surname,Arif Sheikh,Mohammed Sheikh,1999-01-26,"No. 248, Lake View Road, Indiranagar, Pune, Maharashtra - 411211",train,clean
P01851,tamil,F,Meena,Prakash,given_father,Meena Prakash,Prakash,2005-12-09,"No. 75, Cross Road, Saket, Delhi, Delhi - 110662",train,clean
P01852,telugu,M,Naresh,Naidu,given_surname,Naresh Naidu,Venkatesh Naidu,2005-09-01,"No. 75, 2nd Main, Andheri, Chennai, Tamil Nadu - 600773",train,clean
P01853,north,F,Neha,Gupta,given_surname,Neha Gupta,Rohit Gupta,1999-11-01,"No. 210, Cross Road, Navrangpura, Thiruvananthapuram, Kerala - 695378",train,clean
P01854,marathi_gujarati,M,Omkar,Deshpande,given_surname,Omkar Deshpande,Sagar Deshpande,2003-09-19,"No. 237, Gandhi Road, Velachery, Madurai, Tamil Nadu - 625026",val,clean
P01855,kannada,F,Kavitha,Rao,given_surname,Kavitha Rao,Prashanth Rao,2002-01-21,"No. 52, MG Road, Kakkanad, Pune, Maharashtra - 411263",val,needs_review
P01856,tamil,M,Saravanan,Siva,given_father,Saravanan Siva,Siva,2000-03-09,"No. 51, Lake View Road, Andheri, Chennai, Tamil Nadu - 600069",val,clean
P01857,muslim,F,Sana,Qureshi,given_surname,Sana Qureshi,Irfan Qureshi,2000-07-18,"No. 212, 4th Cross, Banjara Hills, Chennai, Tamil Nadu - 600179",test,clean
P01858,north,M,Ajay,Singh,given_surname,Ajay Singh,Rahul Singh,1999-02-17,"No. 215, Park Avenue, Velachery, Thiruvananthapuram, Kerala - 695430",test,clean
P01859,telugu,M,Prasad,Rao,given_surname,Prasad Rao,Kiran Rao,2003-12-16,"No. 81, Station Road, Banjara Hills, Thiruvananthapuram, Kerala - 695824",test,needs_review
P01860,telugu,F,Haritha,Raju,given_surname,Haritha Raju,Chaitanya Raju,2002-11-07,"No. 55, MG Road, Andheri, Delhi, Delhi - 110134",train,clean
P01861,kannada,F,Spoorthi,Gowda,given_surname,Spoorthi Gowda,Satish Gowda,2000-04-24,"No. 8, 2nd Main, Navrangpura, Delhi, Delhi - 110972",train,critical
P01862,tamil,M,Prakash,Velu,given_father,Prakash Velu,Velu,2002-01-30,"No. 235, Main Road, Navrangpura, Chennai, Tamil Nadu - 600483",train,clean
P01863,kannada,M,Prashanth,Gowda,given_surname,Prashanth Gowda,Naveen Gowda,2005-02-10,"No. 42, MG Road, Anna Nagar, Madurai, Tamil Nadu - 625053",train,clean
P01864,marathi_gujarati,F,Krupa,Deshpande,given_surname,Krupa Deshpande,Aniket Deshpande,2001-04-19,"No. 223, Temple Street, Sector 62, Kochi, Kerala - 682222",train,critical
P01865,christian,M,Daniel,Joseph,given_surname,Daniel Joseph,Samuel Joseph,2005-05-02,"No. 5, 2nd Main, Velachery, Madurai, Tamil Nadu - 625534",train,needs_review
P01866,malayalam,M,Nikhil,Nair,given_surname,Nikhil Nair,Anand Nair,2004-01-03,"No. 102, Nehru Street, Velachery, Madurai, Tamil Nadu - 625058",train,needs_review
P01867,north,F,Shreya,Yadav,given_surname,Shreya Yadav,Amit Yadav,2001-01-23,"No. 215, Gandhi Road, Saket, Mysuru, Karnataka - 570908",train,needs_review
P01868,telugu,F,Padma,Naidu,given_surname,Padma Naidu,Naresh Naidu,1999-12-17,"No. 168, Nehru Street, Banjara Hills, Ahmedabad, Gujarat - 380904",train,clean
P01869,tamil,F,Priya,Murugan,given_father,Priya Murugan,Murugan,2004-10-31,"No. 231, Cross Road, Malviya Nagar, Mysuru, Karnataka - 570476",train,clean
P01870,north,F,Sushma,Agarwal,given_surname,Sushma Agarwal,Pradeep Agarwal,2003-08-23,"No. 223, Gandhi Road, Navrangpura, Hyderabad, Telangana - 500285",train,clean
P01871,muslim,M,Imran,Qureshi,given_surname,Imran Qureshi,Sameer Qureshi,2003-02-05,"No. 124, Church Street, Koramangala, Noida, Uttar Pradesh - 201970",train,critical
P01872,north,F,Sneha,Pandey,given_surname,Sneha Pandey,Sanjay Pandey,2003-05-13,"No. 173, MG Road, Jayanagar, Pune, Maharashtra - 411628",train,clean
P01873,tamil,M,Manikandan,Sundar,given_father,Manikandan Sundar,Sundar,1999-01-28,"No. 86, 2nd Main, Navrangpura, Noida, Uttar Pradesh - 201794",train,needs_review
P01874,bengali,M,Debashis,Mukherjee,given_surname,Debashis Mukherjee,Rajib Mukherjee,2003-12-29,"No. 138, Main Road, Banjara Hills, Mysuru, Karnataka - 570156",val,critical
P01875,malayalam,M,Sreejith,Panicker,given_surname,Sreejith Panicker,Hari Panicker,2000-12-12,"No. 53, MG Road, Malviya Nagar, Kochi, Kerala - 682099",val,critical
P01876,telugu,F,Lavanya,Raju,given_surname,Lavanya Raju,Venkatesh Raju,2002-01-04,"No. 248, Temple Street, Malviya Nagar, Mysuru, Karnataka - 570867",val,clean
P01877,telugu,M,Krishna,Raju,given_surname,Krishna Raju,Mahesh Raju,2003-06-02,"No. 133, Nehru Street, Kothrud, Delhi, Delhi - 110444",test,needs_review
P01878,malayalam,F,Lekshmi,Nair,given_surname,Lekshmi Nair,Jithin Nair,2004-05-01,"No. 195, 4th Cross, Velachery, Noida, Uttar Pradesh - 201306",test,needs_review
P01879,tamil,F,Kalaiselvi,Selvam,given_father,Kalaiselvi Selvam,Selvam,2005-05-27,"No. 143, MG Road, Malviya Nagar, Bengaluru, Karnataka - 560732",test,needs_review
P01880,malayalam,M,Vishnu,Kurup,given_surname,Vishnu Kurup,Sanju Kurup,1998-03-16,"No. 28, Market Street, Anna Nagar, Noida, Uttar Pradesh - 201220",train,clean
P01881,telugu,M,Srinivas,Reddy,given_surname,Srinivas Reddy,Ravi Reddy,2004-06-12,"No. 222, Lake View Road, Andheri, Mysuru, Karnataka - 570741",train,clean
P01882,christian,F,Teresa,Thomas,given_surname,Teresa Thomas,George Thomas,1999-02-27,"No. 223, Park Avenue, Salt Lake, Kolkata, West Bengal - 700659",train,clean
P01883,telugu,F,Lavanya,Raju,given_surname,Lavanya Raju,Srinivas Raju,2002-10-15,"No. 210, Station Road, Banjara Hills, Coimbatore, Tamil Nadu - 641675",train,clean
P01884,muslim,M,Irfan,Qureshi,given_surname,Irfan Qureshi,Salman Qureshi,2001-03-19,"No. 82, Park Avenue, Banjara Hills, Noida, Uttar Pradesh - 201451",train,needs_review
P01885,tamil,M,Kumar,Elango,given_father,Kumar Elango,Elango,2000-09-14,"No. 159, Cross Road, Velachery, Noida, Uttar Pradesh - 201466",train,clean
P01886,bengali,F,Sreya,Roy,given_surname,Sreya Roy,Sayan Roy,2001-06-29,"No. 134, Market Street, Sector 62, Mumbai, Maharashtra - 400506",train,clean
P01887,north,F,Archana,Singh,given_surname,Archana Singh,Ankit Singh,1999-04-27,"No. 10, Main Road, Navrangpura, Pune, Maharashtra - 411228",train,critical
P01888,muslim,F,Rukhsar,Pathan,given_surname,Rukhsar Pathan,Arif Pathan,2004-07-05,"No. 165, Gandhi Road, Kothrud, Ahmedabad, Gujarat - 380031",train,critical
P01889,bengali,F,Debjani,Chatterjee,given_surname,Debjani Chatterjee,Abhijit Chatterjee,1999-09-29,"No. 18, Church Street, T Nagar, Pune, Maharashtra - 411261",train,clean
P01890,telugu,M,Mahesh,Raju,given_surname,Mahesh Raju,Ravi Raju,2004-06-20,"No. 162, Temple Street, Banjara Hills, Mumbai, Maharashtra - 400886",train,needs_review
P01891,north,M,Ankit,Yadav,given_surname,Ankit Yadav,Rahul Yadav,2001-10-13,"No. 245, 2nd Main, Indiranagar, Bengaluru, Karnataka - 560640",train,needs_review
P01892,malayalam,M,Hari,Panicker,given_surname,Hari Panicker,Rahul Panicker,2002-09-09,"No. 29, Market Street, Anna Nagar, Hyderabad, Telangana - 500828",train,needs_review
P01893,north,F,Ritu,Agarwal,given_surname,Ritu Agarwal,Rohit Agarwal,2000-10-30,"No. 54, Nehru Street, Andheri, Delhi, Delhi - 110649",train,clean
P01894,tamil,M,Velu,Vignesh,given_father,Velu Vignesh,Vignesh,1998-05-25,"No. 180, 4th Cross, Kakkanad, Coimbatore, Tamil Nadu - 641685",val,clean
P01895,tamil,F,Nithya,Velu,given_father,Nithya Velu,Velu,2001-03-18,"No. 177, Cross Road, Koramangala, Ahmedabad, Gujarat - 380609",val,clean
P01896,kannada,F,Pallavi,Gowda,given_surname,Pallavi Gowda,Darshan Gowda,1999-09-20,"No. 149, Park Avenue, Banjara Hills, Coimbatore, Tamil Nadu - 641697",val,clean
P01897,telugu,F,Lavanya,Raju,given_surname,Lavanya Raju,Naresh Raju,2002-07-20,"No. 89, Station Road, Koramangala, Noida, Uttar Pradesh - 201030",test,clean
P01898,malayalam,M,Akhil,Pillai,given_surname,Akhil Pillai,Arjun Pillai,1998-03-05,"No. 178, 2nd Main, Koramangala, Kochi, Kerala - 682301",test,clean
P01899,muslim,F,Shabana,Khan,given_surname,Shabana Khan,Irfan Khan,2003-05-10,"No. 32, Church Street, Kothrud, Noida, Uttar Pradesh - 201636",test,clean
P01900,kannada,M,Darshan,Shetty,given_surname,Darshan Shetty,Shashank Shetty,2002-01-19,"No. 66, Church Street, Kakkanad, Noida, Uttar Pradesh - 201768",train,needs_review
P01901,bengali,M,Abhijit,Sen,given_surname,Abhijit Sen,Debashis Sen,2004-01-25,"No. 46, MG Road, Kothrud, Pune, Maharashtra - 411006",train,clean
P01902,malayalam,F,Athira,Pillai,given_surname,Athira Pillai,Nikhil Pillai,2004-12-11,"No. 26, 4th Cross, Jayanagar, Delhi, Delhi - 110496",train,clean
P01903,tamil,F,Vaishnavi,Raju,given_father,Vaishnavi Raju,Raju,2003-02-24,"No. 198, Gandhi Road, Malviya Nagar, Delhi, Delhi - 110799",train,clean
P01904,bengali,M,Abhijit,Banerjee,given_surname,Abhijit Banerjee,Subhajit Banerjee,2000-02-06,"No. 25, Market Street, Jayanagar, Hyderabad, Telangana - 500354",train,clean
P01905,marathi_gujarati,F,Sayali,Mehta,given_surname,Sayali Mehta,Tejas Mehta,2004-10-21,"No. 10, Temple Street, Malviya Nagar, Bengaluru, Karnataka - 560817",train,clean
P01906,tamil,M,Madhavan,Velu,given_father,Madhavan Velu,Velu,1999-09-16,"No. 247, Station Road, Sector 62, Delhi, Delhi - 110910",train,clean
P01907,telugu,M,Krishna,Chowdary,given_surname,Krishna Chowdary,Naresh Chowdary,2005-12-09,"No. 134, Main Road, T Nagar, Delhi, Delhi - 110170",train,clean
P01908,tamil,F,Saranya,Balaji,given_father,Saranya Balaji,Balaji,2005-02-08,"No. 152, Cross Road, Sector 62, Madurai, Tamil Nadu - 625635",train,critical
P01909,north,F,Neha,Chauhan,given_surname,Neha Chauhan,Sandeep Chauhan,2001-07-02,"No. 36, Cross Road, Navrangpura, Ahmedabad, Gujarat - 380922",train,clean
P01910,telugu,M,Krishna,Chowdary,given_surname,Krishna Chowdary,Venkatesh Chowdary,2004-12-23,"No. 51, MG Road, Koramangala, Hyderabad, Telangana - 500050",train,clean
P01911,kannada,F,Nandini,Rao,given_surname,Nandini Rao,Prashanth Rao,2005-03-04,"No. 136, Cross Road, Banjara Hills, Ahmedabad, Gujarat - 380735",train,clean
P01912,tamil,M,Balaji,Selvam,given_father,Balaji Selvam,Selvam,1998-06-18,"No. 50, Station Road, Anna Nagar, Mysuru, Karnataka - 570644",train,clean
P01913,marathi_gujarati,F,Dhwani,Shah,given_surname,Dhwani Shah,Parth Shah,2001-09-23,"No. 205, 4th Cross, Indiranagar, Coimbatore, Tamil Nadu - 641738",train,clean
P01914,north,F,Sneha,Sharma,given_surname,Sneha Sharma,Sumit Sharma,2000-08-04,"No. 184, MG Road, Saket, Bengaluru, Karnataka - 560064",val,clean
P01915,tamil,M,Sundar,Ramesh,given_father,Sundar Ramesh,Ramesh,2004-05-16,"No. 54, Church Street, Koramangala, Thiruvananthapuram, Kerala - 695494",val,clean
P01916,north,F,Anjali,Pandey,given_surname,Anjali Pandey,Ankit Pandey,2004-06-08,"No. 100, MG Road, Saket, Delhi, Delhi - 110085",val,critical
P01917,north,F,Ritu,Yadav,given_surname,Ritu Yadav,Rohit Yadav,2001-01-21,"No. 150, Market Street, Indiranagar, Noida, Uttar Pradesh - 201862",test,clean
P01918,malayalam,M,Rahul,Panicker,given_surname,Rahul Panicker,Anand Panicker,1999-08-07,"No. 181, Lake View Road, Malviya Nagar, Kolkata, West Bengal - 700282",test,clean
P01919,north,F,Simran,Gupta,given_surname,Simran Gupta,Ankit Gupta,2004-03-07,"No. 218, Gandhi Road, Malviya Nagar, Mysuru, Karnataka - 570894",test,clean
P01920,tamil,M,Saravanan,Karthik,given_father,Saravanan Karthik,Karthik,2004-03-11,"No. 76, MG Road, Malviya Nagar, Chennai, Tamil Nadu - 600869",train,clean
P01921,malayalam,M,Anand,Varghese,given_surname,Anand Varghese,Jithin Varghese,2005-01-09,"No. 38, 4th Cross, Velachery, Chennai, Tamil Nadu - 600788",train,needs_review
P01922,marathi_gujarati,F,Krupa,Desai,given_surname,Krupa Desai,Parth Desai,1999-12-05,"No. 161, 4th Cross, Jayanagar, Delhi, Delhi - 110611",train,clean
P01923,marathi_gujarati,F,Sayali,Patil,given_surname,Sayali Patil,Jay Patil,2003-03-07,"No. 230, Church Street, Saket, Coimbatore, Tamil Nadu - 641010",train,clean
P01924,muslim,M,Salman,Syed,given_surname,Salman Syed,Irfan Syed,2002-06-17,"No. 159, Temple Street, Jayanagar, Hyderabad, Telangana - 500272",train,clean
P01925,tamil,F,Meena,Sundar,given_father,Meena Sundar,Sundar,2005-04-12,"No. 203, 2nd Main, T Nagar, Mysuru, Karnataka - 570085",train,critical
P01926,bengali,M,Sayan,Banerjee,given_surname,Sayan Banerjee,Rajib Banerjee,2000-03-04,"No. 108, Lake View Road, Banjara Hills, Madurai, Tamil Nadu - 625426",train,clean
P01927,kannada,F,Pallavi,Gowda,given_surname,Pallavi Gowda,Darshan Gowda,1999-02-28,"No. 206, Main Road, Malviya Nagar, Pune, Maharashtra - 411748",train,clean
P01928,marathi_gujarati,F,Rutuja,Shah,given_surname,Rutuja Shah,Jay Shah,2001-03-31,"No. 197, Lake View Road, Jayanagar, Mysuru, Karnataka - 570684",train,clean
P01929,bengali,M,Debashis,Chatterjee,given_surname,Debashis Chatterjee,Abhijit Chatterjee,2004-06-28,"No. 142, Gandhi Road, Andheri, Noida, Uttar Pradesh - 201289",train,critical
P01930,malayalam,F,Divya,Panicker,given_surname,Divya Panicker,Akhil Panicker,1998-06-08,"No. 35, 2nd Main, Navrangpura, Bengaluru, Karnataka - 560314",train,clean
P01931,north,F,Riya,Yadav,given_surname,Riya Yadav,Pradeep Yadav,2000-01-16,"No. 182, MG Road, T Nagar, Hyderabad, Telangana - 500459",train,critical
P01932,bengali,F,Ananya,Bose,given_surname,Ananya Bose,Subhajit Bose,2003-04-21,"No. 128, Temple Street, Jayanagar, Mysuru, Karnataka - 570201",train,needs_review
P01933,marathi_gujarati,F,Snehal,Patel,given_surname,Snehal Patel,Sagar Patel,1999-03-30,"No. 197, Gandhi Road, Koramangala, Chennai, Tamil Nadu - 600519",train,clean
P01934,kannada,M,Puneeth,Hegde,given_surname,Puneeth Hegde,Satish Hegde,1999-09-24,"No. 135, MG Road, Andheri, Madurai, Tamil Nadu - 625068",val,clean
P01935,tamil,M,Kumar,Senthil,given_father,Kumar Senthil,Senthil,2000-03-07,"No. 144, Temple Street, Velachery, Ahmedabad, Gujarat - 380422",val,needs_review
P01936,north,M,Rohit,Mishra,given_surname,Rohit Mishra,Sandeep Mishra,2001-06-29,"No. 236, Market Street, Saket, Noida, Uttar Pradesh - 201968",val,needs_review
P01937,muslim,M,Mohammed,Pathan,given_surname,Mohammed Pathan,Abdul Pathan,2004-05-17,"No. 47, Station Road, Koramangala, Coimbatore, Tamil Nadu - 641797",test,needs_review
P01938,tamil,F,Gayathri,Karthik,given_father,Gayathri Karthik,Karthik,2005-01-27,"No. 47, Cross Road, Salt Lake, Madurai, Tamil Nadu - 625250",test,clean
P01939,malayalam,M,Akhil,Pillai,given_surname,Akhil Pillai,Jithin Pillai,2004-06-18,"No. 70, Market Street, Indiranagar, Chennai, Tamil Nadu - 600164",test,clean
P01940,muslim,M,Irfan,Khan,given_surname,Irfan Khan,Arif Khan,2001-05-25,"No. 88, Nehru Street, Kakkanad, Bengaluru, Karnataka - 560703",train,critical
P01941,north,M,Vikram,Tiwari,given_surname,Vikram Tiwari,Deepak Tiwari,2004-05-10,"No. 227, Station Road, Kakkanad, Bengaluru, Karnataka - 560409",train,needs_review
P01942,marathi_gujarati,F,Prachi,Kulkarni,given_surname,Prachi Kulkarni,Parth Kulkarni,2005-12-26,"No. 188, Cross Road, Jayanagar, Mumbai, Maharashtra - 400554",train,clean
P01943,tamil,F,Indhu,Kumar,given_father,Indhu Kumar,Kumar,2004-10-14,"No. 88, Station Road, Kakkanad, Madurai, Tamil Nadu - 625854",train,clean
P01944,telugu,M,Kiran,Rao,given_surname,Kiran Rao,Venkatesh Rao,2005-06-24,"No. 161, Cross Road, Velachery, Jaipur, Rajasthan - 302569",train,critical
P01945,bengali,F,Moumita,Sen,given_surname,Moumita Sen,Subhajit Sen,2001-09-10,"No. 157, Lake View Road, Navrangpura, Kochi, Kerala - 682521",train,clean
P01946,muslim,F,Nazia,Khan,given_surname,Nazia Khan,Imran Khan,2003-12-13,"No. 110, Gandhi Road, Sector 62, Mumbai, Maharashtra - 400143",train,clean
P01947,marathi_gujarati,M,Aniket,Shah,given_surname,Aniket Shah,Nikhil Shah,2004-10-02,"No. 13, 4th Cross, Navrangpura, Mumbai, Maharashtra - 400986",train,clean
P01948,tamil,F,Gayathri,Raju,given_father,Gayathri Raju,Raju,2000-10-11,"No. 219, Cross Road, Velachery, Hyderabad, Telangana - 500219",train,clean
P01949,north,M,Rahul,Sharma,given_surname,Rahul Sharma,Ankit Sharma,2001-02-24,"No. 65, Park Avenue, Indiranagar, Noida, Uttar Pradesh - 201687",train,critical
P01950,christian,F,Angel,Thomas,given_surname,Angel Thomas,Daniel Thomas,2003-05-01,"No. 80, Market Street, Sector 62, Bengaluru, Karnataka - 560691",train,clean
P01951,malayalam,F,Sruthi,Nair,given_surname,Sruthi Nair,Sreejith Nair,2004-06-12,"No. 210, 4th Cross, Kothrud, Kolkata, West Bengal - 700165",train,clean
P01952,north,F,Neha,Sharma,given_surname,Neha Sharma,Sandeep Sharma,2002-06-29,"No. 73, 4th Cross, Salt Lake, Delhi, Delhi - 110580",train,critical
P01953,malayalam,F,Divya,Nair,given_surname,Divya Nair,Rahul Nair,2005-09-07,"No. 113, MG Road, Kakkanad, Ahmedabad, Gujarat - 380305",train,needs_review
P01954,north,F,Neha,Gupta,given_surname,Neha Gupta,Ankit Gupta,2003-07-16,"No. 57, 4th Cross, Malviya Nagar, Bengaluru, Karnataka - 560834",val,clean
P01955,kannada,M,Raghavendra,Gowda,given_surname,Raghavendra Gowda,Darshan Gowda,1998-09-04,"No. 188, Nehru Street, Navrangpura, Mysuru, Karnataka - 570918",val,clean
P01956,tamil,F,Lakshmi,Murugan,given_father,Lakshmi Murugan,Murugan,2002-08-21,"No. 172, Lake View Road, Indiranagar, Mumbai, Maharashtra - 400478",val,critical
P01957,north,M,Pradeep,Gupta,given_surname,Pradeep Gupta,Vikram Gupta,2004-08-02,"No. 143, Station Road, Kothrud, Mumbai, Maharashtra - 400253",test,needs_review
P01958,tamil,F,Nithya,Karthik,given_father,Nithya Karthik,Karthik,1999-09-09,"No. 117, Station Road, Salt Lake, Bengaluru, Karnataka - 560096",test,clean
P01959,telugu,F,Swathi,Varma,given_surname,Swathi Varma,Krishna Varma,2002-07-29,"No. 201, Market Street, Kakkanad, Hyderabad, Telangana - 500486",test,needs_review
P01960,telugu,F,Jyothi,Reddy,given_surname,Jyothi Reddy,Prasad Reddy,2003-10-17,"No. 117, Cross Road, T Nagar, Hyderabad, Telangana - 500576",train,needs_review
P01961,tamil,M,Karthik,Saravanan,given_father,Karthik Saravanan,Saravanan,2001-04-22,"No. 235, Main Road, Banjara Hills, Pune, Maharashtra - 411124",train,critical
P01962,kannada,F,Asha,Bhat,given_surname,Asha Bhat,Darshan Bhat,2004-03-05,"No. 46, Market Street, Salt Lake, Mumbai, Maharashtra - 400557",train,clean
P01963,north,F,Anjali,Agarwal,given_surname,Anjali Agarwal,Sumit Agarwal,2004-08-15,"No. 135, Church Street, Jayanagar, Thiruvananthapuram, Kerala - 695911",train,clean
P01964,marathi_gujarati,F,Snehal,Shah,given_surname,Snehal Shah,Aniket Shah,2002-04-12,"No. 236, 2nd Main, Navrangpura, Hyderabad, Telangana - 500846",train,needs_review
P01965,tamil,M,Velu,Selvam,given_father,Velu Selvam,Selvam,2004-05-06,"No. 133, 2nd Main, Anna Nagar, Kolkata, West Bengal - 700995",train,critical
P01966,telugu,F,Haritha,Naidu,given_surname,Haritha Naidu,Ravi Naidu,2002-06-24,"No. 32, Temple Street, Saket, Ahmedabad, Gujarat - 380758",train,needs_review
P01967,marathi_gujarati,F,Hetal,Mehta,given_surname,Hetal Mehta,Nikhil Mehta,2000-05-29,"No. 156, Park Avenue, Andheri, Bengaluru, Karnataka - 560419",train,needs_review
P01968,malayalam,M,Anand,Nair,given_surname,Anand Nair,Sanju Nair,1999-01-22,"No. 148, Gandhi Road, Kakkanad, Ahmedabad, Gujarat - 380816",train,clean
P01969,marathi_gujarati,F,Dhwani,Patil,given_surname,Dhwani Patil,Harsh Patil,2002-07-17,"No. 157, Cross Road, Saket, Mumbai, Maharashtra - 400551",train,needs_review
P01970,north,F,Sneha,Tiwari,given_surname,Sneha Tiwari,Sandeep Tiwari,1998-10-30,"No. 141, Park Avenue, Kakkanad, Jaipur, Rajasthan - 302665",train,critical
P01971,kannada,M,Puneeth,Rao,given_surname,Puneeth Rao,Satish Rao,2004-12-17,"No. 101, Church Street, Saket, Mysuru, Karnataka - 570833",train,clean
P01972,telugu,F,Jyothi,Rao,given_surname,Jyothi Rao,Prasad Rao,2003-01-05,"No. 94, 2nd Main, Andheri, Pune, Maharashtra - 411925",train,clean
P01973,north,F,Archana,Agarwal,given_surname,Archana Agarwal,Rohit Agarwal,2002-12-04,"No. 142, Station Road, Anna Nagar, Noida, Uttar Pradesh - 201123",train,needs_review
P01974,north,F,Neha,Sharma,given_surname,Neha Sharma,Deepak Sharma,2000-06-20,"No. 190, Cross Road, Anna Nagar, Madurai, Tamil Nadu - 625492",val,clean
P01975,kannada,F,Spoorthi,Kulkarni,given_surname,Spoorthi Kulkarni,Girish Kulkarni,2002-03-03,"No. 140, Station Road, Navrangpura, Jaipur, Rajasthan - 302737",val,clean
P01976,tamil,M,Ramesh,Kumar,given_father,Ramesh Kumar,Kumar,2001-07-02,"No. 149, 2nd Main, T Nagar, Mysuru, Karnataka - 570198",val,clean
P01977,tamil,F,Indhu,Ramesh,given_father,Indhu Ramesh,Ramesh,1998-12-03,"No. 155, Temple Street, Kakkanad, Noida, Uttar Pradesh - 201916",test,clean
P01978,north,M,Vikram,Singh,given_surname,Vikram Singh,Gaurav Singh,2000-04-29,"No. 127, Station Road, Sector 62, Thiruvananthapuram, Kerala - 695793",test,clean
P01979,bengali,M,Abhijit,Sen,given_surname,Abhijit Sen,Sayan Sen,2001-08-08,"No. 10, 4th Cross, Velachery, Kochi, Kerala - 682817",test,clean
P01980,malayalam,M,Hari,Panicker,given_surname,Hari Panicker,Rahul Panicker,2001-07-07,"No. 41, Main Road, T Nagar, Mumbai, Maharashtra - 400331",train,critical
P01981,bengali,M,Debashis,Bose,given_surname,Debashis Bose,Arnab Bose,2000-11-01,"No. 238, Main Road, Velachery, Ahmedabad, Gujarat - 380214",train,clean
P01982,muslim,F,Ayesha,Sheikh,given_surname,Ayesha Sheikh,Imran Sheikh,2004-09-03,"No. 133, 4th Cross, Jayanagar, Coimbatore, Tamil Nadu - 641158",train,clean
P01983,tamil,F,Priya,Elango,given_father,Priya Elango,Elango,2004-05-06,"No. 71, Main Road, Indiranagar, Madurai, Tamil Nadu - 625932",train,needs_review
P01984,malayalam,M,Akhil,Varghese,given_surname,Akhil Varghese,Arjun Varghese,2003-04-25,"No. 24, Station Road, Sector 62, Noida, Uttar Pradesh - 201061",train,clean
P01985,muslim,M,Arif,Ansari,given_surname,Arif Ansari,Farhan Ansari,2003-03-07,"No. 103, Church Street, Saket, Coimbatore, Tamil Nadu - 641649",train,clean
P01986,marathi_gujarati,F,Rutuja,Shah,given_surname,Rutuja Shah,Sagar Shah,2001-05-03,"No. 178, 4th Cross, Kakkanad, Delhi, Delhi - 110507",train,clean
P01987,malayalam,M,Akhil,Panicker,given_surname,Akhil Panicker,Vishnu Panicker,2004-05-13,"No. 206, Lake View Road, Jayanagar, Mumbai, Maharashtra - 400587",train,clean
P01988,north,M,Sanjay,Singh,given_surname,Sanjay Singh,Ajay Singh,2005-01-20,"No. 132, Main Road, Jayanagar, Kochi, Kerala - 682392",train,clean
P01989,tamil,M,Raju,Vignesh,given_father,Raju Vignesh,Vignesh,1999-08-31,"No. 26, MG Road, Indiranagar, Delhi, Delhi - 110129",train,needs_review
P01990,malayalam,M,Akhil,Nair,given_surname,Akhil Nair,Sanju Nair,1999-09-07,"No. 135, MG Road, Andheri, Ahmedabad, Gujarat - 380248",train,needs_review
P01991,north,F,Pooja,Pandey,given_surname,Pooja Pandey,Sandeep Pandey,2005-06-22,"No. 87, Market Street, Anna Nagar, Noida, Uttar Pradesh - 201548",train,clean
P01992,christian,F,Grace,Mathew,given_surname,Grace Mathew,Daniel Mathew,2005-05-29,"No. 110, Park Avenue, Koramangala, Hyderabad, Telangana - 500094",train,needs_review
P01993,marathi_gujarati,F,Hetal,Shah,given_surname,Hetal Shah,Jay Shah,2002-02-17,"No. 144, MG Road, Banjara Hills, Bengaluru, Karnataka - 560366",train,needs_review
P01994,malayalam,M,Hari,Panicker,given_surname,Hari Panicker,Arjun Panicker,2000-05-24,"No. 64, Park Avenue, Jayanagar, Madurai, Tamil Nadu - 625840",val,clean
P01995,marathi_gujarati,M,Nikhil,Patel,given_surname,Nikhil Patel,Omkar Patel,1998-06-06,"No. 35, Main Road, Kakkanad, Delhi, Delhi - 110717",val,critical
P01996,muslim,M,Salman,Syed,given_surname,Salman Syed,Mohammed Syed,2002-03-03,"No. 195, Lake View Road, Anna Nagar, Pune, Maharashtra - 411151",val,critical
P01997,muslim,F,Fathima,Qureshi,given_surname,Fathima Qureshi,Mohammed Qureshi,1999-12-06,"No. 173, Gandhi Road, Banjara Hills, Delhi, Delhi - 110701",test,clean
P01998,tamil,F,Vaishnavi,Karthik,given_father,Vaishnavi Karthik,Karthik,2004-05-10,"No. 152, Market Street, Kakkanad, Mumbai, Maharashtra - 400174",test,clean
P01999,kannada,M,Satish,Rao,given_surname,Satish Rao,Shashank Rao,1999-10-23,"No. 197, Cross Road, Navrangpura, Kolkata, West Bengal - 700366",test,needs_review
P02000,north,M,Sandeep,Agarwal,given_surname,Sandeep Agarwal,Sanjay Agarwal,2002-07-02,"No. 79, Nehru Street, Anna Nagar, Coimbatore, Tamil Nadu - 641969",train,clean
P02001,tamil,M,Kannan,Kumar,given_father,Kannan Kumar,Kumar,1998-11-21,"No. 164, Church Street, Kothrud, Bengaluru, Karnataka - 560106",train,needs_review
P02002,north,F,Ritu,Tiwari,given_surname,Ritu Tiwari,Rohit Tiwari,2002-02-19,"No. 139, Church Street, Koramangala, Hyderabad, Telangana - 500390",train,critical
P02003,telugu,F,Sunitha,Raju,given_surname,Sunitha Raju,Krishna Raju,2001-09-04,"No. 83, MG Road, Kothrud, Kochi, Kerala - 682390",train,critical
P02004,tamil,F,Keerthana,Madhavan,given_father,Keerthana Madhavan,Madhavan,2004-06-29,"No. 70, Temple Street, Salt Lake, Pune, Maharashtra - 411470",train,clean
P02005,marathi_gujarati,M,Tejas,Patil,given_surname,Tejas Patil,Aniket Patil,1998-10-21,"No. 86, Lake View Road, Indiranagar, Chennai, Tamil Nadu - 600408",train,clean
P02006,muslim,F,Fathima,Qureshi,given_surname,Fathima Qureshi,Mohammed Qureshi,2003-08-07,"No. 203, Temple Street, Saket, Hyderabad, Telangana - 500402",train,clean
P02007,tamil,M,Madhavan,Karthik,given_father,Madhavan Karthik,Karthik,2004-09-18,"No. 47, Lake View Road, Salt Lake, Jaipur, Rajasthan - 302781",train,clean
P02008,tamil,F,Malathi,Selvam,given_father,Malathi Selvam,Selvam,2001-10-05,"No. 1, 4th Cross, Jayanagar, Kochi, Kerala - 682399",train,clean
P02009,north,F,Priyanka,Gupta,given_surname,Priyanka Gupta,Sanjay Gupta,1999-06-24,"No. 201, Market Street, Indiranagar, Kolkata, West Bengal - 700757",train,clean
P02010,north,M,Ajay,Chauhan,given_surname,Ajay Chauhan,Deepak Chauhan,2003-08-21,"No. 118, 2nd Main, Andheri, Mumbai, Maharashtra - 400318",train,clean
P02011,north,F,Archana,Gupta,given_surname,Archana Gupta,Sumit Gupta,1999-05-31,"No. 21, Lake View Road, T Nagar, Pune, Maharashtra - 411205",train,clean
P02012,bengali,F,Ishita,Sen,given_surname,Ishita Sen,Sayan Sen,2001-10-11,"No. 247, Lake View Road, Salt Lake, Thiruvananthapuram, Kerala - 695999",train,clean
P02013,malayalam,M,Nikhil,Varghese,given_surname,Nikhil Varghese,Jithin Varghese,1999-12-24,"No. 25, 2nd Main, Andheri, Noida, Uttar Pradesh - 201618",train,needs_review
P02014,tamil,M,Ramesh,Babu,given_father,Ramesh Babu,Babu,2005-10-01,"No. 61, Gandhi Road, Anna Nagar, Jaipur, Rajasthan - 302016",val,clean
P02015,bengali,F,Sreya,Sen,given_surname,Sreya Sen,Anirban Sen,2005-03-25,"No. 206, MG Road, Koramangala, Ahmedabad, Gujarat - 380641",val,clean
P02016,christian,F,Jessica,Pereira,given_surname,Jessica Pereira,Joseph Pereira,1998-09-29,"No. 50, Temple Street, Salt Lake, Bengaluru, Karnataka - 560802",val,critical
P02017,bengali,F,Tanushree,Mukherjee,given_surname,Tanushree Mukherjee,Sayan Mukherjee,1999-02-08,"No. 104, Main Road, Malviya Nagar, Jaipur, Rajasthan - 302701",test,clean
P02018,tamil,M,Senthil,Sundar,given_father,Senthil Sundar,Sundar,1999-01-03,"No. 103, 2nd Main, Andheri, Madurai, Tamil Nadu - 625913",test,clean
P02019,christian,F,Mary,D'Souza,given_surname,Mary D'Souza,Joel D'Souza,2003-09-07,"No. 6, Nehru Street, Kakkanad, Ahmedabad, Gujarat - 380493",test,clean
P02020,christian,F,Grace,Pereira,given_surname,Grace Pereira,Thomas Pereira,2003-02-21,"No. 10, 2nd Main, Kakkanad, Pune, Maharashtra - 411343",train,clean
P02021,marathi_gujarati,M,Nikhil,Mehta,given_surname,Nikhil Mehta,Aniket Mehta,2002-04-10,"No. 30, Cross Road, Kothrud, Pune, Maharashtra - 411131",train,clean
P02022,malayalam,M,Hari,Kurup,given_surname,Hari Kurup,Nikhil Kurup,1998-04-21,"No. 52, Station Road, Navrangpura, Bengaluru, Karnataka - 560938",train,clean
P02023,tamil,F,Harini,Prakash,given_father,Harini Prakash,Prakash,2002-10-28,"No. 28, Lake View Road, Salt Lake, Pune, Maharashtra - 411041",train,clean
P02024,kannada,F,Spoorthi,Shetty,given_surname,Spoorthi Shetty,Shashank Shetty,2000-05-12,"No. 48, Market Street, Indiranagar, Coimbatore, Tamil Nadu - 641690",train,clean
P02025,kannada,F,Sahana,Gowda,given_surname,Sahana Gowda,Darshan Gowda,2003-10-14,"No. 52, 2nd Main, Kakkanad, Bengaluru, Karnataka - 560094",train,needs_review
P02026,north,F,Simran,Verma,given_surname,Simran Verma,Sanjay Verma,2001-09-30,"No. 183, Gandhi Road, Kothrud, Mumbai, Maharashtra - 400530",train,clean
P02027,telugu,M,Venkatesh,Varma,given_surname,Venkatesh Varma,Suresh Varma,2000-11-21,"No. 96, Market Street, Anna Nagar, Delhi, Delhi - 110496",train,critical
P02028,north,F,Neha,Tiwari,given_surname,Neha Tiwari,Amit Tiwari,1999-07-29,"No. 30, Lake View Road, Koramangala, Jaipur, Rajasthan - 302037",train,clean
P02029,marathi_gujarati,F,Dhwani,Patil,given_surname,Dhwani Patil,Harsh Patil,1998-05-15,"No. 18, Nehru Street, Indiranagar, Coimbatore, Tamil Nadu - 641065",train,clean
P02030,christian,F,Jessica,Joseph,given_surname,Jessica Joseph,David Joseph,1998-10-21,"No. 98, Main Road, Velachery, Mumbai, Maharashtra - 400398",train,clean
P02031,north,F,Sneha,Tiwari,given_surname,Sneha Tiwari,Sanjay Tiwari,1999-07-04,"No. 59, Lake View Road, Malviya Nagar, Mumbai, Maharashtra - 400052",train,critical
P02032,north,M,Rahul,Gupta,given_surname,Rahul Gupta,Sandeep Gupta,2004-05-09,"No. 200, Main Road, Sector 62, Delhi, Delhi - 110512",train,critical
P02033,north,F,Simran,Yadav,given_surname,Simran Yadav,Sandeep Yadav,2003-09-01,"No. 135, 2nd Main, Andheri, Kochi, Kerala - 682677",train,clean
P02034,north,M,Vikram,Sharma,given_surname,Vikram Sharma,Sandeep Sharma,2004-05-27,"No. 96, Station Road, Kothrud, Mumbai, Maharashtra - 400357",val,clean
P02035,christian,F,Teresa,Joseph,given_surname,Teresa Joseph,John Joseph,1999-02-01,"No. 154, Lake View Road, Banjara Hills, Delhi, Delhi - 110044",val,clean
P02036,tamil,F,Janani,Siva,given_father,Janani Siva,Siva,2003-03-03,"No. 163, Park Avenue, Saket, Kochi, Kerala - 682528",val,clean
P02037,kannada,F,Bhoomika,Rao,given_surname,Bhoomika Rao,Satish Rao,1999-12-14,"No. 36, Main Road, Koramangala, Madurai, Tamil Nadu - 625001",test,clean
P02038,tamil,M,Selvam,Murugan,given_father,Selvam Murugan,Murugan,2002-04-14,"No. 247, Cross Road, Malviya Nagar, Ahmedabad, Gujarat - 380157",test,clean
P02039,marathi_gujarati,F,Rutuja,Deshpande,given_surname,Rutuja Deshpande,Omkar Deshpande,2002-03-01,"No. 113, Lake View Road, Kakkanad, Mysuru, Karnataka - 570366",test,critical
P02040,christian,F,Grace,Pereira,given_surname,Grace Pereira,Thomas Pereira,2001-08-23,"No. 7, Temple Street, Banjara Hills, Thiruvananthapuram, Kerala - 695609",train,clean
P02041,christian,M,David,Mathew,given_surname,David Mathew,Thomas Mathew,1998-06-16,"No. 25, Main Road, Banjara Hills, Thiruvananthapuram, Kerala - 695108",train,clean
P02042,north,F,Ritu,Agarwal,given_surname,Ritu Agarwal,Sanjay Agarwal,2002-05-06,"No. 46, Nehru Street, Andheri, Noida, Uttar Pradesh - 201563",train,clean
P02043,muslim,F,Sana,Sheikh,given_surname,Sana Sheikh,Imran Sheikh,1998-10-16,"No. 242, Cross Road, Kakkanad, Ahmedabad, Gujarat - 380229",train,clean
P02044,kannada,M,Manjunath,Bhat,given_surname,Manjunath Bhat,Satish Bhat,1999-01-12,"No. 68, Cross Road, Salt Lake, Delhi, Delhi - 110869",train,clean
P02045,tamil,F,Sowmya,Siva,given_father,Sowmya Siva,Siva,2002-10-07,"No. 168, Park Avenue, Indiranagar, Chennai, Tamil Nadu - 600354",train,needs_review
P02046,christian,F,Teresa,Pereira,given_surname,Teresa Pereira,Daniel Pereira,2002-10-31,"No. 196, Market Street, Saket, Coimbatore, Tamil Nadu - 641444",train,clean
P02047,marathi_gujarati,M,Aniket,Patil,given_surname,Aniket Patil,Sagar Patil,2005-02-14,"No. 80, 4th Cross, T Nagar, Delhi, Delhi - 110713",train,clean
P02048,malayalam,M,Jithin,Menon,given_surname,Jithin Menon,Arjun Menon,2005-06-15,"No. 229, 4th Cross, Anna Nagar, Pune, Maharashtra - 411697",train,critical
P02049,muslim,F,Sana,Syed,given_surname,Sana Syed,Arif Syed,1998-08-27,"No. 142, MG Road, Malviya Nagar, Mumbai, Maharashtra - 400697",train,clean
P02050,north,M,Pradeep,Agarwal,given_surname,Pradeep Agarwal,Ankit Agarwal,2003-04-10,"No. 47, Temple Street, Banjara Hills, Hyderabad, Telangana - 500646",train,clean
P02051,tamil,F,Sowmya,Babu,given_father,Sowmya Babu,Babu,2003-01-06,"No. 67, MG Road, Navrangpura, Mysuru, Karnataka - 570041",train,clean
P02052,marathi_gujarati,M,Harsh,Deshpande,given_surname,Harsh Deshpande,Aniket Deshpande,1998-10-31,"No. 39, Nehru Street, Jayanagar, Kolkata, West Bengal - 700547",train,clean
P02053,tamil,F,Abirami,Kumar,given_father,Abirami Kumar,Kumar,2000-11-18,"No. 153, Market Street, Andheri, Delhi, Delhi - 110432",train,needs_review
P02054,malayalam,M,Sanju,Menon,given_surname,Sanju Menon,Nikhil Menon,2004-06-01,"No. 53, Church Street, Navrangpura, Kochi, Kerala - 682492",val,clean
P02055,north,M,Vikram,Sharma,given_surname,Vikram Sharma,Sanjay Sharma,2003-11-17,"No. 194, Station Road, Banjara Hills, Jaipur, Rajasthan - 302267",val,clean
P02056,bengali,F,Riya,Das,given_surname,Riya Das,Sayan Das,2003-07-02,"No. 197, Nehru Street, Kakkanad, Kolkata, West Bengal - 700137",val,needs_review
P02057,kannada,M,Shashank,Gowda,given_surname,Shashank Gowda,Prashanth Gowda,2001-10-19,"No. 180, Nehru Street, Saket, Chennai, Tamil Nadu - 600115",test,needs_review
P02058,north,M,Vikram,Mishra,given_surname,Vikram Mishra,Pradeep Mishra,2005-10-17,"No. 141, 4th Cross, Kakkanad, Kochi, Kerala - 682448",test,clean
P02059,north,F,Priyanka,Verma,given_surname,Priyanka Verma,Ajay Verma,2004-05-24,"No. 223, 4th Cross, Koramangala, Kolkata, West Bengal - 700679",test,clean
P02060,tamil,M,Murugan,Manikandan,given_father,Murugan Manikandan,Manikandan,2004-07-02,"No. 231, Nehru Street, Andheri, Delhi, Delhi - 110058",train,critical
P02061,north,F,Anjali,Mishra,given_surname,Anjali Mishra,Sandeep Mishra,2003-06-14,"No. 111, Park Avenue, Salt Lake, Jaipur, Rajasthan - 302350",train,clean
P02062,telugu,M,Krishna,Raju,given_surname,Krishna Raju,Venkatesh Raju,2001-03-20,"No. 50, Cross Road, Banjara Hills, Pune, Maharashtra - 411553",train,critical
P02063,north,M,Vikram,Mishra,given_surname,Vikram Mishra,Deepak Mishra,2000-04-09,"No. 145, Park Avenue, Jayanagar, Mysuru, Karnataka - 570902",train,clean
P02064,marathi_gujarati,F,Prachi,Patel,given_surname,Prachi Patel,Parth Patel,2001-07-22,"No. 49, Cross Road, Velachery, Delhi, Delhi - 110563",train,clean
P02065,bengali,F,Ishita,Chatterjee,given_surname,Ishita Chatterjee,Subhajit Chatterjee,2004-01-02,"No. 7, Gandhi Road, Navrangpura, Mumbai, Maharashtra - 400032",train,clean
P02066,malayalam,F,Divya,Panicker,given_surname,Divya Panicker,Vishnu Panicker,2002-02-28,"No. 233, Temple Street, Andheri, Madurai, Tamil Nadu - 625205",train,needs_review
P02067,muslim,M,Salman,Syed,given_surname,Salman Syed,Abdul Syed,2002-12-22,"No. 154, Main Road, Saket, Noida, Uttar Pradesh - 201999",train,clean
P02068,north,M,Amit,Pandey,given_surname,Amit Pandey,Rahul Pandey,2003-01-22,"No. 214, Nehru Street, Andheri, Coimbatore, Tamil Nadu - 641074",train,needs_review
P02069,bengali,M,Sayan,Bose,given_surname,Sayan Bose,Debashis Bose,1999-02-04,"No. 12, Temple Street, Andheri, Jaipur, Rajasthan - 302371",train,clean
P02070,marathi_gujarati,F,Rutuja,Desai,given_surname,Rutuja Desai,Jay Desai,1999-05-07,"No. 136, Park Avenue, Velachery, Thiruvananthapuram, Kerala - 695744",train,needs_review
P02071,tamil,F,Vaishnavi,Velu,given_father,Vaishnavi Velu,Velu,2004-01-15,"No. 60, Gandhi Road, T Nagar, Bengaluru, Karnataka - 560042",train,critical
P02072,north,M,Sanjay,Singh,given_surname,Sanjay Singh,Rahul Singh,1999-01-09,"No. 124, Cross Road, Navrangpura, Chennai, Tamil Nadu - 600406",train,clean
P02073,north,F,Priyanka,Mishra,given_surname,Priyanka Mishra,Gaurav Mishra,2005-07-15,"No. 73, Park Avenue, Andheri, Mumbai, Maharashtra - 400945",train,clean
P02074,tamil,M,Balaji,Madhavan,given_father,Balaji Madhavan,Madhavan,1998-10-06,"No. 172, Market Street, Koramangala, Jaipur, Rajasthan - 302247",val,clean
P02075,tamil,M,Madhavan,Sundar,given_father,Madhavan Sundar,Sundar,2002-07-04,"No. 173, Main Road, Andheri, Bengaluru, Karnataka - 560438",val,needs_review
P02076,christian,M,David,Fernandes,given_surname,David Fernandes,Thomas Fernandes,2003-03-17,"No. 65, Main Road, Andheri, Chennai, Tamil Nadu - 600966",val,needs_review
P02077,malayalam,M,Sreejith,Pillai,given_surname,Sreejith Pillai,Nikhil Pillai,2002-09-06,"No. 160, 2nd Main, Jayanagar, Kochi, Kerala - 682013",test,needs_review
P02078,bengali,F,Ananya,Bose,given_surname,Ananya Bose,Subhajit Bose,1999-11-19,"No. 207, Church Street, Saket, Kochi, Kerala - 682749",test,clean
P02079,tamil,M,Vignesh,Murugan,given_father,Vignesh Murugan,Murugan,2002-12-21,"No. 97, 2nd Main, Banjara Hills, Madurai, Tamil Nadu - 625269",test,clean
P02080,north,F,Shreya,Sharma,given_surname,Shreya Sharma,Rahul Sharma,2001-02-03,"No. 46, 2nd Main, Koramangala, Chennai, Tamil Nadu - 600353",train,clean
P02081,bengali,F,Moumita,Ghosh,given_surname,Moumita Ghosh,Rajib Ghosh,2000-01-23,"No. 27, 2nd Main, Koramangala, Ahmedabad, Gujarat - 380400",train,clean
P02082,christian,M,David,Joseph,given_surname,David Joseph,Samuel Joseph,2005-08-02,"No. 10, Temple Street, Jayanagar, Kolkata, West Bengal - 700086",train,clean
P02083,north,F,Shreya,Chauhan,given_surname,Shreya Chauhan,Rahul Chauhan,1999-11-30,"No. 162, Cross Road, Navrangpura, Thiruvananthapuram, Kerala - 695866",train,needs_review
P02084,christian,F,Angel,Fernandes,given_surname,Angel Fernandes,Joel Fernandes,2004-07-10,"No. 248, MG Road, Kothrud, Hyderabad, Telangana - 500862",train,clean
P02085,muslim,F,Rukhsar,Ansari,given_surname,Rukhsar Ansari,Irfan Ansari,2003-05-23,"No. 62, Park Avenue, Koramangala, Delhi, Delhi - 110707",train,needs_review
P02086,kannada,F,Sahana,Kulkarni,given_surname,Sahana Kulkarni,Girish Kulkarni,2001-06-20,"No. 243, MG Road, Salt Lake, Thiruvananthapuram, Kerala - 695617",train,critical
P02087,north,M,Ankit,Agarwal,given_surname,Ankit Agarwal,Sumit Agarwal,2001-11-04,"No. 11, MG Road, Salt Lake, Delhi, Delhi - 110016",train,needs_review
P02088,muslim,M,Irfan,Qureshi,given_surname,Irfan Qureshi,Salman Qureshi,2004-04-17,"No. 177, Park Avenue, Koramangala, Ahmedabad, Gujarat - 380398",train,clean
P02089,telugu,F,Sravani,Reddy,given_surname,Sravani Reddy,Ravi Reddy,1998-09-19,"No. 129, 2nd Main, Velachery, Bengaluru, Karnataka - 560897",train,clean
P02090,muslim,F,Sana,Sheikh,given_surname,Sana Sheikh,Mohammed Sheikh,2005-08-08,"No. 59, Lake View Road, Banjara Hills, Hyderabad, Telangana - 500655",train,needs_review
P02091,kannada,F,Asha,Bhat,given_surname,Asha Bhat,Shashank Bhat,2003-12-05,"No. 201, Nehru Street, Jayanagar, Coimbatore, Tamil Nadu - 641326",train,clean
P02092,bengali,M,Subhajit,Bose,given_surname,Subhajit Bose,Anirban Bose,2005-10-29,"No. 9, Park Avenue, Malviya Nagar, Jaipur, Rajasthan - 302337",train,needs_review
P02093,telugu,M,Prasad,Reddy,given_surname,Prasad Reddy,Kiran Reddy,1999-10-16,"No. 217, Park Avenue, Malviya Nagar, Mumbai, Maharashtra - 400423",train,clean
P02094,kannada,F,Kavitha,Hegde,given_surname,Kavitha Hegde,Raghavendra Hegde,2003-09-24,"No. 225, MG Road, Navrangpura, Kolkata, West Bengal - 700614",val,clean
P02095,bengali,F,Tanushree,Mukherjee,given_surname,Tanushree Mukherjee,Anirban Mukherjee,2002-07-03,"No. 75, 4th Cross, Anna Nagar, Mumbai, Maharashtra - 400595",val,clean
P02096,muslim,F,Shabana,Pathan,given_surname,Shabana Pathan,Sameer Pathan,2000-07-01,"No. 194, Cross Road, Banjara Hills, Chennai, Tamil Nadu - 600859",val,needs_review
P02097,tamil,F,Abirami,Murugan,given_father,Abirami Murugan,Murugan,1999-01-17,"No. 51, Cross Road, Sector 62, Coimbatore, Tamil Nadu - 641439",test,needs_review
P02098,tamil,F,Abirami,Kumar,given_father,Abirami Kumar,Kumar,1998-06-13,"No. 139, Cross Road, Banjara Hills, Mumbai, Maharashtra - 400447",test,clean
P02099,tamil,M,Madhavan,Senthil,given_father,Madhavan Senthil,Senthil,1998-04-15,"No. 77, Temple Street, Sector 62, Kochi, Kerala - 682780",test,clean
P02100,telugu,F,Sravani,Naidu,given_surname,Sravani Naidu,Ravi Naidu,2004-12-31,"No. 124, 4th Cross, Velachery, Bengaluru, Karnataka - 560012",train,clean
P02101,north,M,Rohit,Singh,given_surname,Rohit Singh,Rahul Singh,2004-03-27,"No. 162, 2nd Main, Anna Nagar, Chennai, Tamil Nadu - 600037",train,needs_review
P02102,kannada,F,Rashmi,Kulkarni,given_surname,Rashmi Kulkarni,Puneeth Kulkarni,1999-09-28,"No. 45, Market Street, Kakkanad, Ahmedabad, Gujarat - 380127",train,clean
P02103,kannada,M,Shashank,Bhat,given_surname,Shashank Bhat,Girish Bhat,2005-04-03,"No. 74, Church Street, Indiranagar, Madurai, Tamil Nadu - 625148",train,clean
P02104,north,M,Rahul,Sharma,given_surname,Rahul Sharma,Ankit Sharma,2004-05-06,"No. 177, Gandhi Road, Sector 62, Madurai, Tamil Nadu - 625612",train,needs_review
P02105,north,M,Sandeep,Sharma,given_surname,Sandeep Sharma,Ajay Sharma,1998-02-09,"No. 118, MG Road, Anna Nagar, Hyderabad, Telangana - 500644",train,clean
P02106,tamil,M,Velu,Kannan,given_father,Velu Kannan,Kannan,2001-08-30,"No. 187, Main Road, Salt Lake, Thiruvananthapuram, Kerala - 695046",train,clean
P02107,bengali,F,Tanushree,Chatterjee,given_surname,Tanushree Chatterjee,Subhajit Chatterjee,2001-10-02,"No. 36, Lake View Road, Velachery, Mysuru, Karnataka - 570334",train,clean
P02108,tamil,F,Sowmya,Kannan,given_father,Sowmya Kannan,Kannan,2004-03-24,"No. 92, Park Avenue, Jayanagar, Mysuru, Karnataka - 570270",train,clean
P02109,north,F,Riya,Agarwal,given_surname,Riya Agarwal,Rohit Agarwal,1999-11-19,"No. 63, Temple Street, Malviya Nagar, Coimbatore, Tamil Nadu - 641276",train,clean
P02110,muslim,F,Ayesha,Ansari,given_surname,Ayesha Ansari,Arif Ansari,2003-09-22,"No. 153, Church Street, Andheri, Pune, Maharashtra - 411796",train,clean
P02111,tamil,F,Sangeetha,Karthik,given_father,Sangeetha Karthik,Karthik,2000-04-07,"No. 233, Station Road, Jayanagar, Delhi, Delhi - 110389",train,clean
P02112,kannada,F,Geetha,Bhat,given_surname,Geetha Bhat,Shashank Bhat,2004-05-08,"No. 146, Main Road, Saket, Pune, Maharashtra - 411719",train,clean
P02113,tamil,F,Gayathri,Babu,given_father,Gayathri Babu,Babu,2001-10-03,"No. 118, MG Road, Navrangpura, Hyderabad, Telangana - 500038",train,clean
P02114,malayalam,M,Arjun,Nair,given_surname,Arjun Nair,Sreejith Nair,2005-02-08,"No. 58, Market Street, Navrangpura, Noida, Uttar Pradesh - 201238",val,clean
P02115,marathi_gujarati,M,Omkar,Patel,given_surname,Omkar Patel,Parth Patel,2003-08-20,"No. 41, Gandhi Road, Andheri, Bengaluru, Karnataka - 560065",val,clean
P02116,tamil,F,Meena,Manikandan,given_father,Meena Manikandan,Manikandan,2001-10-21,"No. 97, Market Street, Malviya Nagar, Ahmedabad, Gujarat - 380417",val,clean
P02117,muslim,F,Fathima,Sheikh,given_surname,Fathima Sheikh,Salman Sheikh,1998-11-22,"No. 59, 4th Cross, Andheri, Pune, Maharashtra - 411355",test,clean
P02118,muslim,M,Sameer,Qureshi,given_surname,Sameer Qureshi,Salman Qureshi,2002-10-13,"No. 101, Lake View Road, Sector 62, Ahmedabad, Gujarat - 380412",test,clean
P02119,tamil,M,Vignesh,Kannan,given_father,Vignesh Kannan,Kannan,2001-09-24,"No. 232, Lake View Road, Banjara Hills, Kochi, Kerala - 682522",test,clean
P02120,tamil,F,Revathi,Prakash,given_father,Revathi Prakash,Prakash,1999-12-05,"No. 201, Market Street, Salt Lake, Pune, Maharashtra - 411665",train,clean
P02121,tamil,F,Keerthana,Selvam,given_father,Keerthana Selvam,Selvam,1999-10-24,"No. 103, Church Street, Indiranagar, Noida, Uttar Pradesh - 201327",train,clean
P02122,north,F,Ritu,Yadav,given_surname,Ritu Yadav,Ajay Yadav,2000-09-03,"No. 150, Church Street, Andheri, Jaipur, Rajasthan - 302973",train,clean
P02123,marathi_gujarati,F,Hetal,Desai,given_surname,Hetal Desai,Parth Desai,1998-06-27,"No. 38, MG Road, Anna Nagar, Mysuru, Karnataka - 570413",train,clean
P02124,malayalam,F,Lekshmi,Kurup,given_surname,Lekshmi Kurup,Vishnu Kurup,1999-10-28,"No. 146, Temple Street, Velachery, Kolkata, West Bengal - 700216",train,needs_review
P02125,north,F,Priyanka,Agarwal,given_surname,Priyanka Agarwal,Sumit Agarwal,1998-06-12,"No. 186, Nehru Street, Malviya Nagar, Madurai, Tamil Nadu - 625117",train,clean
P02126,telugu,F,Padma,Raju,given_surname,Padma Raju,Ravi Raju,2002-06-27,"No. 163, 2nd Main, Indiranagar, Kolkata, West Bengal - 700201",train,clean
P02127,muslim,F,Heena,Qureshi,given_surname,Heena Qureshi,Irfan Qureshi,1999-10-16,"No. 194, 2nd Main, Sector 62, Madurai, Tamil Nadu - 625567",train,critical
P02128,bengali,M,Sayan,Bose,given_surname,Sayan Bose,Subhajit Bose,2005-03-20,"No. 175, Temple Street, Kothrud, Jaipur, Rajasthan - 302808",train,clean
P02129,tamil,F,Meena,Madhavan,given_father,Meena Madhavan,Madhavan,2004-03-15,"No. 141, Church Street, Saket, Ahmedabad, Gujarat - 380933",train,needs_review
P02130,muslim,M,Imran,Khan,given_surname,Imran Khan,Mohammed Khan,1998-09-25,"No. 230, Church Street, Koramangala, Coimbatore, Tamil Nadu - 641891",train,clean
P02131,marathi_gujarati,F,Madhuri,Shah,given_surname,Madhuri Shah,Nikhil Shah,2001-07-12,"No. 187, 2nd Main, Saket, Thiruvananthapuram, Kerala - 695361",train,clean
P02132,kannada,M,Prashanth,Hegde,given_surname,Prashanth Hegde,Puneeth Hegde,1998-05-07,"No. 79, 4th Cross, Navrangpura, Noida, Uttar Pradesh - 201545",train,clean
P02133,muslim,F,Heena,Ansari,given_surname,Heena Ansari,Abdul Ansari,2002-06-11,"No. 125, Market Street, T Nagar, Thiruvananthapuram, Kerala - 695015",train,critical
P02134,muslim,M,Sameer,Khan,given_surname,Sameer Khan,Imran Khan,1999-07-07,"No. 45, Station Road, Koramangala, Mumbai, Maharashtra - 400490",val,needs_review
P02135,telugu,F,Jyothi,Reddy,given_surname,Jyothi Reddy,Naresh Reddy,1998-01-22,"No. 160, 2nd Main, Navrangpura, Mysuru, Karnataka - 570355",val,clean
P02136,tamil,M,Karthik,Kannan,given_father,Karthik Kannan,Kannan,2002-03-02,"No. 194, Gandhi Road, Navrangpura, Delhi, Delhi - 110554",val,clean
P02137,marathi_gujarati,F,Sayali,Shah,given_surname,Sayali Shah,Harsh Shah,2002-08-12,"No. 136, Nehru Street, Saket, Bengaluru, Karnataka - 560563",test,needs_review
P02138,tamil,F,Vaishnavi,Madhavan,given_father,Vaishnavi Madhavan,Madhavan,2004-10-29,"No. 101, Market Street, Anna Nagar, Mysuru, Karnataka - 570972",test,clean
P02139,kannada,M,Manjunath,Hegde,given_surname,Manjunath Hegde,Prashanth Hegde,2004-06-16,"No. 37, Park Avenue, Kothrud, Kochi, Kerala - 682195",test,critical
P02140,tamil,F,Revathi,Velu,given_father,Revathi Velu,Velu,2002-01-23,"No. 211, Cross Road, Navrangpura, Mumbai, Maharashtra - 400091",train,clean
P02141,telugu,M,Ravi,Varma,given_surname,Ravi Varma,Venkatesh Varma,1999-05-28,"No. 249, Gandhi Road, Anna Nagar, Hyderabad, Telangana - 500326",train,clean
P02142,telugu,M,Naresh,Varma,given_surname,Naresh Varma,Krishna Varma,2000-11-20,"No. 175, Gandhi Road, Sector 62, Thiruvananthapuram, Kerala - 695977",train,clean
P02143,tamil,M,Manikandan,Arun,given_father,Manikandan Arun,Arun,2002-12-10,"No. 224, MG Road, Malviya Nagar, Coimbatore, Tamil Nadu - 641720",train,clean
P02144,kannada,M,Satish,Hegde,given_surname,Satish Hegde,Naveen Hegde,2000-02-26,"No. 178, Cross Road, Jayanagar, Mumbai, Maharashtra - 400589",train,clean
P02145,north,M,Sanjay,Gupta,given_surname,Sanjay Gupta,Pradeep Gupta,2001-10-31,"No. 27, Church Street, Velachery, Kolkata, West Bengal - 700897",train,clean
P02146,muslim,M,Arif,Sheikh,given_surname,Arif Sheikh,Salman Sheikh,1998-06-11,"No. 157, 2nd Main, Andheri, Bengaluru, Karnataka - 560886",train,clean
P02147,tamil,F,Sowmya,Sundar,given_father,Sowmya Sundar,Sundar,2001-07-26,"No. 172, 2nd Main, Koramangala, Hyderabad, Telangana - 500634",train,clean
P02148,malayalam,M,Anand,Nair,given_surname,Anand Nair,Arjun Nair,2000-08-24,"No. 167, Park Avenue, Malviya Nagar, Pune, Maharashtra - 411462",train,clean
P02149,north,F,Sneha,Mishra,given_surname,Sneha Mishra,Ajay Mishra,2002-06-29,"No. 151, Park Avenue, Banjara Hills, Noida, Uttar Pradesh - 201887",train,clean
P02150,tamil,F,Indhu,Senthil,given_father,Indhu Senthil,Senthil,2001-05-26,"No. 175, Nehru Street, T Nagar, Ahmedabad, Gujarat - 380441",train,needs_review
P02151,tamil,M,Madhavan,Selvam,given_father,Madhavan Selvam,Selvam,2003-03-09,"No. 13, Market Street, Indiranagar, Kolkata, West Bengal - 700670",train,clean
P02152,tamil,M,Ramesh,Selvam,given_father,Ramesh Selvam,Selvam,1998-03-18,"No. 149, Cross Road, Malviya Nagar, Kochi, Kerala - 682259",train,clean
P02153,telugu,F,Lavanya,Raju,given_surname,Lavanya Raju,Prasad Raju,2001-03-07,"No. 187, Lake View Road, Malviya Nagar, Madurai, Tamil Nadu - 625551",train,clean
P02154,north,M,Deepak,Agarwal,given_surname,Deepak Agarwal,Rohit Agarwal,2005-03-01,"No. 101, Church Street, Jayanagar, Hyderabad, Telangana - 500503",val,clean
P02155,tamil,F,Abirami,Murugan,given_father,Abirami Murugan,Murugan,2002-04-21,"No. 15, Nehru Street, Anna Nagar, Kolkata, West Bengal - 700806",val,clean
P02156,north,M,Ankit,Agarwal,given_surname,Ankit Agarwal,Sumit Agarwal,2003-05-10,"No. 214, Park Avenue, T Nagar, Chennai, Tamil Nadu - 600078",val,needs_review
P02157,north,M,Rohit,Yadav,given_surname,Rohit Yadav,Ankit Yadav,2005-06-20,"No. 17, Station Road, Navrangpura, Delhi, Delhi - 110794",test,critical
P02158,bengali,F,Debjani,Banerjee,given_surname,Debjani Banerjee,Anirban Banerjee,2001-01-04,"No. 145, Church Street, Sector 62, Hyderabad, Telangana - 500617",test,clean
P02159,north,M,Pradeep,Sharma,given_surname,Pradeep Sharma,Rohit Sharma,2002-02-24,"No. 176, Main Road, Jayanagar, Kochi, Kerala - 682049",test,clean
P02160,north,M,Amit,Singh,given_surname,Amit Singh,Rahul Singh,2004-01-17,"No. 129, Cross Road, Navrangpura, Jaipur, Rajasthan - 302047",train,clean
P02161,north,F,Riya,Sharma,given_surname,Riya Sharma,Ajay Sharma,1999-08-25,"No. 206, 2nd Main, Indiranagar, Pune, Maharashtra - 411183",train,clean
P02162,north,F,Simran,Yadav,given_surname,Simran Yadav,Deepak Yadav,2004-08-17,"No. 96, Lake View Road, Saket, Coimbatore, Tamil Nadu - 641663",train,clean
P02163,kannada,F,Geetha,Rao,given_surname,Geetha Rao,Girish Rao,2002-03-26,"No. 98, Market Street, Koramangala, Ahmedabad, Gujarat - 380460",train,clean
P02164,north,M,Rohit,Tiwari,given_surname,Rohit Tiwari,Amit Tiwari,2005-07-01,"No. 51, Station Road, Sector 62, Kochi, Kerala - 682533",train,needs_review
P02165,kannada,M,Prashanth,Hegde,given_surname,Prashanth Hegde,Puneeth Hegde,1999-12-22,"No. 201, Station Road, Navrangpura, Noida, Uttar Pradesh - 201059",train,clean
P02166,muslim,M,Salman,Qureshi,given_surname,Salman Qureshi,Arif Qureshi,2002-02-16,"No. 179, Station Road, Andheri, Kochi, Kerala - 682991",train,critical
P02167,north,F,Komal,Agarwal,given_surname,Komal Agarwal,Rahul Agarwal,1998-10-08,"No. 165, Park Avenue, Andheri, Mumbai, Maharashtra - 400533",train,clean
P02168,tamil,F,Revathi,Balaji,given_father,Revathi Balaji,Balaji,1999-02-17,"No. 71, Nehru Street, Kothrud, Noida, Uttar Pradesh - 201071",train,clean
P02169,malayalam,M,Anand,Nair,given_surname,Anand Nair,Akhil Nair,1998-06-26,"No. 230, Market Street, Banjara Hills, Noida, Uttar Pradesh - 201219",train,clean
P02170,tamil,M,Babu,Selvam,given_father,Babu Selvam,Selvam,2003-11-09,"No. 187, Park Avenue, Salt Lake, Hyderabad, Telangana - 500502",train,clean
P02171,telugu,F,Divya,Raju,given_surname,Divya Raju,Srinivas Raju,1998-04-09,"No. 9, Main Road, Anna Nagar, Chennai, Tamil Nadu - 600013",train,clean
P02172,tamil,M,Madhavan,Babu,given_father,Madhavan Babu,Babu,2004-12-28,"No. 205, 2nd Main, Koramangala, Jaipur, Rajasthan - 302333",train,clean
P02173,telugu,F,Haritha,Varma,given_surname,Haritha Varma,Venkatesh Varma,2004-05-30,"No. 248, Station Road, Malviya Nagar, Coimbatore, Tamil Nadu - 641304",train,critical
P02174,malayalam,F,Sruthi,Menon,given_surname,Sruthi Menon,Arjun Menon,1998-05-11,"No. 68, Cross Road, Andheri, Bengaluru, Karnataka - 560062",val,needs_review
P02175,north,F,Anjali,Verma,given_surname,Anjali Verma,Sanjay Verma,2000-10-17,"No. 190, 4th Cross, Velachery, Bengaluru, Karnataka - 560000",val,clean
P02176,tamil,F,Yamini,Selvam,given_father,Yamini Selvam,Selvam,1999-11-22,"No. 4, MG Road, Jayanagar, Pune, Maharashtra - 411518",val,clean
P02177,kannada,F,Bhoomika,Hegde,given_surname,Bhoomika Hegde,Prashanth Hegde,2003-10-07,"No. 239, Temple Street, Sector 62, Bengaluru, Karnataka - 560569",test,clean
P02178,north,F,Komal,Tiwari,given_surname,Komal Tiwari,Ankit Tiwari,2001-12-23,"No. 110, Nehru Street, Kothrud, Kochi, Kerala - 682945",test,clean
P02179,tamil,F,Gayathri,Karthik,given_father,Gayathri Karthik,Karthik,2002-12-27,"No. 184, Cross Road, Koramangala, Kolkata, West Bengal - 700262",test,needs_review
P02180,north,F,Sneha,Mishra,given_surname,Sneha Mishra,Pradeep Mishra,2005-10-14,"No. 101, 4th Cross, Velachery, Mysuru, Karnataka - 570312",train,clean
P02181,north,M,Sandeep,Tiwari,given_surname,Sandeep Tiwari,Deepak Tiwari,2005-10-05,"No. 230, Station Road, Kakkanad, Jaipur, Rajasthan - 302342",train,clean
P02182,north,M,Sumit,Tiwari,given_surname,Sumit Tiwari,Vikram Tiwari,1999-08-16,"No. 205, Main Road, Kothrud, Mysuru, Karnataka - 570772",train,critical
P02183,telugu,F,Bhavani,Raju,given_surname,Bhavani Raju,Prasad Raju,2002-12-17,"No. 13, Main Road, Navrangpura, Kochi, Kerala - 682209",train,clean
P02184,telugu,F,Swathi,Varma,given_surname,Swathi Varma,Suresh Varma,2003-01-05,"No. 209, 4th Cross, T Nagar, Pune, Maharashtra - 411842",train,needs_review
P02185,telugu,M,Chaitanya,Reddy,given_surname,Chaitanya Reddy,Srinivas Reddy,1998-01-28,"No. 61, MG Road, Kakkanad, Jaipur, Rajasthan - 302333",train,clean
P02186,telugu,M,Chaitanya,Rao,given_surname,Chaitanya Rao,Venkatesh Rao,2005-03-21,"No. 49, Park Avenue, T Nagar, Mumbai, Maharashtra - 400530",train,clean
P02187,tamil,M,Karthik,Elango,given_father,Karthik Elango,Elango,1999-10-29,"No. 179, Cross Road, Velachery, Kolkata, West Bengal - 700988",train,critical
P02188,tamil,F,Abirami,Kannan,given_father,Abirami Kannan,Kannan,2003-02-28,"No. 102, Church Street, Banjara Hills, Chennai, Tamil Nadu - 600040",train,critical
P02189,muslim,F,Shabana,Sheikh,given_surname,Shabana Sheikh,Salman Sheikh,1998-09-21,"No. 207, Park Avenue, Velachery, Madurai, Tamil Nadu - 625551",train,clean
P02190,tamil,F,Sangeetha,Murugan,given_father,Sangeetha Murugan,Murugan,2004-11-06,"No. 209, Market Street, Kakkanad, Hyderabad, Telangana - 500617",train,needs_review
P02191,north,F,Shreya,Agarwal,given_surname,Shreya Agarwal,Rohit Agarwal,2003-04-24,"No. 186, Main Road, Jayanagar, Ahmedabad, Gujarat - 380908",train,needs_review
P02192,telugu,F,Madhuri,Chowdary,given_surname,Madhuri Chowdary,Venkatesh Chowdary,2003-10-09,"No. 3, MG Road, Kothrud, Noida, Uttar Pradesh - 201283",train,clean
P02193,kannada,F,Pallavi,Bhat,given_surname,Pallavi Bhat,Naveen Bhat,1999-01-25,"No. 77, Station Road, T Nagar, Noida, Uttar Pradesh - 201771",train,clean
P02194,marathi_gujarati,F,Prachi,Joshi,given_surname,Prachi Joshi,Sagar Joshi,1999-04-10,"No. 214, 4th Cross, Koramangala, Hyderabad, Telangana - 500964",val,clean
P02195,tamil,F,Abirami,Kumar,given_father,Abirami Kumar,Kumar,2000-09-06,"No. 101, 2nd Main, Navrangpura, Coimbatore, Tamil Nadu - 641398",val,clean
P02196,kannada,M,Raghavendra,Hegde,given_surname,Raghavendra Hegde,Satish Hegde,2000-12-11,"No. 96, Gandhi Road, Indiranagar, Noida, Uttar Pradesh - 201229",val,clean
P02197,christian,M,Thomas,Mathew,given_surname,Thomas Mathew,David Mathew,2005-03-11,"No. 172, Temple Street, Andheri, Thiruvananthapuram, Kerala - 695328",test,needs_review
P02198,telugu,F,Divya,Rao,given_surname,Divya Rao,Ravi Rao,1999-06-07,"No. 196, Nehru Street, Kakkanad, Coimbatore, Tamil Nadu - 641871",test,clean
P02199,telugu,M,Ravi,Varma,given_surname,Ravi Varma,Suresh Varma,2004-04-04,"No. 79, Main Road, Indiranagar, Madurai, Tamil Nadu - 625787",test,clean
P02200,north,F,Anjali,Pandey,given_surname,Anjali Pandey,Amit Pandey,2002-02-19,"No. 224, Park Avenue, Salt Lake, Thiruvananthapuram, Kerala - 695054",train,clean
P02201,tamil,F,Saranya,Sundar,given_father,Saranya Sundar,Sundar,2004-08-26,"No. 56, Lake View Road, Navrangpura, Madurai, Tamil Nadu - 625684",train,clean
P02202,tamil,F,Harini,Madhavan,given_father,Harini Madhavan,Madhavan,1999-03-16,"No. 84, Market Street, T Nagar, Delhi, Delhi - 110658",train,clean
P02203,north,M,Gaurav,Sharma,given_surname,Gaurav Sharma,Ankit Sharma,2004-09-02,"No. 168, Nehru Street, Banjara Hills, Coimbatore, Tamil Nadu - 641167",train,clean
P02204,north,F,Shreya,Sharma,given_surname,Shreya Sharma,Sandeep Sharma,2005-05-12,"No. 248, Cross Road, Andheri, Coimbatore, Tamil Nadu - 641671",train,needs_review
P02205,north,M,Ankit,Sharma,given_surname,Ankit Sharma,Sandeep Sharma,2000-02-24,"No. 214, Church Street, Malviya Nagar, Noida, Uttar Pradesh - 201067",train,needs_review
P02206,tamil,F,Kalaiselvi,Saravanan,given_father,Kalaiselvi Saravanan,Saravanan,1998-07-14,"No. 203, Station Road, Koramangala, Jaipur, Rajasthan - 302077",train,clean
P02207,marathi_gujarati,M,Jay,Joshi,given_surname,Jay Joshi,Sagar Joshi,2002-04-11,"No. 28, Market Street, Banjara Hills, Noida, Uttar Pradesh - 201041",train,needs_review
P02208,bengali,F,Debjani,Chatterjee,given_surname,Debjani Chatterjee,Anirban Chatterjee,1999-10-20,"No. 208, Church Street, Banjara Hills, Hyderabad, Telangana - 500712",train,clean
P02209,north,M,Vikram,Singh,given_surname,Vikram Singh,Gaurav Singh,2004-11-15,"No. 6, Church Street, Anna Nagar, Coimbatore, Tamil Nadu - 641276",train,needs_review
P02210,muslim,F,Nazia,Qureshi,given_surname,Nazia Qureshi,Arif Qureshi,1998-02-04,"No. 31, Church Street, Banjara Hills, Kolkata, West Bengal - 700132",train,needs_review
P02211,telugu,M,Venkatesh,Reddy,given_surname,Venkatesh Reddy,Prasad Reddy,1998-04-10,"No. 206, Station Road, Banjara Hills, Hyderabad, Telangana - 500873",train,critical
P02212,malayalam,M,Anand,Panicker,given_surname,Anand Panicker,Arjun Panicker,2003-02-22,"No. 234, Cross Road, Saket, Thiruvananthapuram, Kerala - 695825",train,needs_review
P02213,muslim,F,Sana,Syed,given_surname,Sana Syed,Imran Syed,2001-04-02,"No. 247, Station Road, Anna Nagar, Thiruvananthapuram, Kerala - 695214",train,clean
P02214,telugu,F,Sravani,Naidu,given_surname,Sravani Naidu,Kiran Naidu,1998-08-15,"No. 132, Cross Road, Saket, Chennai, Tamil Nadu - 600102",val,clean
P02215,telugu,F,Haritha,Reddy,given_surname,Haritha Reddy,Chaitanya Reddy,2005-02-20,"No. 199, Main Road, Banjara Hills, Madurai, Tamil Nadu - 625491",val,clean
P02216,north,M,Rohit,Yadav,given_surname,Rohit Yadav,Ankit Yadav,2001-02-18,"No. 58, Gandhi Road, Kakkanad, Delhi, Delhi - 110412",val,clean
P02217,marathi_gujarati,F,Prachi,Patel,given_surname,Prachi Patel,Harsh Patel,2005-07-29,"No. 223, Gandhi Road, Indiranagar, Kochi, Kerala - 682007",test,clean
P02218,kannada,F,Bhoomika,Bhat,given_surname,Bhoomika Bhat,Satish Bhat,2003-10-24,"No. 170, Main Road, Velachery, Jaipur, Rajasthan - 302694",test,clean
P02219,kannada,F,Spoorthi,Hegde,given_surname,Spoorthi Hegde,Darshan Hegde,2000-01-18,"No. 19, Cross Road, Salt Lake, Mumbai, Maharashtra - 400639",test,clean
P02220,north,F,Priyanka,Tiwari,given_surname,Priyanka Tiwari,Rahul Tiwari,2000-02-28,"No. 2, Church Street, Saket, Bengaluru, Karnataka - 560040",train,clean
P02221,christian,F,Grace,Thomas,given_surname,Grace Thomas,Thomas Thomas,2000-10-03,"No. 211, Market Street, Koramangala, Thiruvananthapuram, Kerala - 695202",train,clean
P02222,north,M,Sandeep,Tiwari,given_surname,Sandeep Tiwari,Gaurav Tiwari,2000-09-18,"No. 231, 4th Cross, Velachery, Chennai, Tamil Nadu - 600154",train,critical
P02223,christian,F,Merlin,Joseph,given_surname,Merlin Joseph,John Joseph,2001-03-13,"No. 220, Church Street, Anna Nagar, Hyderabad, Telangana - 500410",train,needs_review
P02224,tamil,F,Vaishnavi,Saravanan,given_father,Vaishnavi Saravanan,Saravanan,2001-06-20,"No. 246, 2nd Main, Banjara Hills, Kolkata, West Bengal - 700104",train,needs_review
P02225,telugu,F,Haritha,Rao,given_surname,Haritha Rao,Venkatesh Rao,1998-01-21,"No. 225, Station Road, Banjara Hills, Chennai, Tamil Nadu - 600609",train,clean
P02226,north,F,Shreya,Sharma,given_surname,Shreya Sharma,Ajay Sharma,2005-06-22,"No. 105, Church Street, Jayanagar, Ahmedabad, Gujarat - 380561",train,clean
P02227,telugu,F,Madhuri,Naidu,given_surname,Madhuri Naidu,Prasad Naidu,2000-08-06,"No. 154, Gandhi Road, Anna Nagar, Delhi, Delhi - 110091",train,needs_review
P02228,north,M,Ajay,Verma,given_surname,Ajay Verma,Ankit Verma,2000-01-20,"No. 215, Gandhi Road, Koramangala, Mumbai, Maharashtra - 400070",train,critical
P02229,telugu,M,Naresh,Naidu,given_surname,Naresh Naidu,Suresh Naidu,2002-03-02,"No. 87, Station Road, Kothrud, Kochi, Kerala - 682126",train,needs_review
P02230,north,F,Sushma,Agarwal,given_surname,Sushma Agarwal,Sandeep Agarwal,2004-12-20,"No. 35, Church Street, Anna Nagar, Bengaluru, Karnataka - 560503",train,needs_review
P02231,tamil,M,Babu,Senthil,given_father,Babu Senthil,Senthil,2005-09-14,"No. 91, Market Street, T Nagar, Pune, Maharashtra - 411630",train,clean
P02232,marathi_gujarati,F,Prachi,Patil,given_surname,Prachi Patil,Sagar Patil,2000-04-08,"No. 210, Cross Road, Navrangpura, Kolkata, West Bengal - 700523",train,clean
P02233,marathi_gujarati,M,Jay,Mehta,given_surname,Jay Mehta,Aniket Mehta,2000-04-24,"No. 127, Market Street, T Nagar, Pune, Maharashtra - 411550",train,needs_review
P02234,malayalam,F,Divya,Nair,given_surname,Divya Nair,Jithin Nair,2004-09-16,"No. 134, Nehru Street, Malviya Nagar, Mumbai, Maharashtra - 400913",val,clean
P02235,tamil,M,Sundar,Selvam,given_father,Sundar Selvam,Selvam,2000-09-10,"No. 73, MG Road, Andheri, Jaipur, Rajasthan - 302333",val,needs_review
P02236,north,M,Ankit,Verma,given_surname,Ankit Verma,Vikram Verma,1998-07-08,"No. 48, Park Avenue, Saket, Madurai, Tamil Nadu - 625626",val,clean
P02237,kannada,M,Shashank,Hegde,given_surname,Shashank Hegde,Naveen Hegde,1998-05-29,"No. 54, Park Avenue, Andheri, Ahmedabad, Gujarat - 380389",test,clean
P02238,north,F,Riya,Chauhan,given_surname,Riya Chauhan,Sanjay Chauhan,1999-11-09,"No. 62, Nehru Street, T Nagar, Hyderabad, Telangana - 500100",test,clean
P02239,kannada,F,Nandini,Kulkarni,given_surname,Nandini Kulkarni,Darshan Kulkarni,2005-02-02,"No. 76, Church Street, Saket, Chennai, Tamil Nadu - 600228",test,critical
P02240,tamil,M,Murugan,Balaji,given_father,Murugan Balaji,Balaji,2005-08-31,"No. 216, Park Avenue, Saket, Mysuru, Karnataka - 570116",train,clean
P02241,tamil,F,Gayathri,Senthil,given_father,Gayathri Senthil,Senthil,1998-03-20,"No. 79, Park Avenue, T Nagar, Hyderabad, Telangana - 500928",train,needs_review
P02242,tamil,F,Vaishnavi,Arun,given_father,Vaishnavi Arun,Arun,2004-09-25,"No. 134, Market Street, Andheri, Noida, Uttar Pradesh - 201958",train,clean
P02243,north,M,Sumit,Chauhan,given_surname,Sumit Chauhan,Amit Chauhan,1999-07-24,"No. 51, Nehru Street, Kothrud, Mysuru, Karnataka - 570764",train,clean
P02244,tamil,F,Priya,Babu,given_father,Priya Babu,Babu,2000-07-19,"No. 8, Station Road, Banjara Hills, Pune, Maharashtra - 411366",train,clean
P02245,telugu,F,Jyothi,Raju,given_surname,Jyothi Raju,Naresh Raju,2004-10-02,"No. 184, MG Road, Malviya Nagar, Noida, Uttar Pradesh - 201202",train,clean
P02246,north,F,Sneha,Tiwari,given_surname,Sneha Tiwari,Gaurav Tiwari,2002-06-03,"No. 247, Lake View Road, Andheri, Noida, Uttar Pradesh - 201187",train,clean
P02247,bengali,M,Sourav,Bose,given_surname,Sourav Bose,Rajib Bose,2000-06-09,"No. 59, Main Road, Koramangala, Bengaluru, Karnataka - 560199",train,needs_review
P02248,tamil,F,Tamilselvi,Balaji,given_father,Tamilselvi Balaji,Balaji,2003-06-06,"No. 153, Nehru Street, Malviya Nagar, Madurai, Tamil Nadu - 625382",train,needs_review
P02249,tamil,M,Madhavan,Karthik,given_father,Madhavan Karthik,Karthik,2002-04-22,"No. 201, Station Road, Salt Lake, Bengaluru, Karnataka - 560426",train,needs_review
P02250,malayalam,F,Sruthi,Panicker,given_surname,Sruthi Panicker,Rahul Panicker,2004-06-25,"No. 195, Park Avenue, T Nagar, Noida, Uttar Pradesh - 201018",train,needs_review
P02251,kannada,F,Shilpa,Gowda,given_surname,Shilpa Gowda,Naveen Gowda,2002-03-14,"No. 187, Gandhi Road, T Nagar, Kolkata, West Bengal - 700278",train,clean
P02252,kannada,M,Darshan,Gowda,given_surname,Darshan Gowda,Naveen Gowda,1999-05-20,"No. 63, Park Avenue, T Nagar, Chennai, Tamil Nadu - 600214",train,critical
P02253,telugu,F,Swathi,Varma,given_surname,Swathi Varma,Chaitanya Varma,2000-08-23,"No. 12, Gandhi Road, Velachery, Madurai, Tamil Nadu - 625935",train,clean
P02254,tamil,M,Prakash,Vignesh,given_father,Prakash Vignesh,Vignesh,1999-11-01,"No. 55, Market Street, Kakkanad, Thiruvananthapuram, Kerala - 695267",val,critical
P02255,telugu,F,Divya,Rao,given_surname,Divya Rao,Venkatesh Rao,2004-04-28,"No. 45, 4th Cross, Velachery, Mysuru, Karnataka - 570913",val,needs_review
P02256,bengali,F,Tanushree,Das,given_surname,Tanushree Das,Arnab Das,2002-11-01,"No. 176, Cross Road, Anna Nagar, Thiruvananthapuram, Kerala - 695348",val,clean
P02257,kannada,M,Satish,Gowda,given_surname,Satish Gowda,Shashank Gowda,2001-01-08,"No. 101, Station Road, Malviya Nagar, Noida, Uttar Pradesh - 201139",test,clean
P02258,tamil,F,Meena,Prakash,given_father,Meena Prakash,Prakash,2004-08-17,"No. 114, Market Street, Salt Lake, Coimbatore, Tamil Nadu - 641274",test,needs_review
P02259,north,M,Rohit,Pandey,given_surname,Rohit Pandey,Sandeep Pandey,2002-03-28,"No. 150, Temple Street, Banjara Hills, Kolkata, West Bengal - 700698",test,clean
P02260,north,M,Rohit,Singh,given_surname,Rohit Singh,Pradeep Singh,2003-10-19,"No. 42, Cross Road, Salt Lake, Hyderabad, Telangana - 500124",train,clean
P02261,telugu,M,Srinivas,Raju,given_surname,Srinivas Raju,Prasad Raju,2004-01-01,"No. 15, Gandhi Road, Malviya Nagar, Ahmedabad, Gujarat - 380654",train,needs_review
P02262,tamil,F,Janani,Manikandan,given_father,Janani Manikandan,Manikandan,2000-03-13,"No. 222, 2nd Main, Velachery, Jaipur, Rajasthan - 302561",train,clean
P02263,north,M,Vikram,Gupta,given_surname,Vikram Gupta,Gaurav Gupta,2004-07-14,"No. 180, Nehru Street, Navrangpura, Coimbatore, Tamil Nadu - 641509",train,clean
P02264,tamil,F,Nithya,Kumar,given_father,Nithya Kumar,Kumar,1998-11-24,"No. 226, Market Street, Anna Nagar, Kolkata, West Bengal - 700939",train,critical
P02265,bengali,M,Sayan,Ghosh,given_surname,Sayan Ghosh,Sourav Ghosh,2001-10-04,"No. 205, 2nd Main, Navrangpura, Ahmedabad, Gujarat - 380312",train,critical
P02266,marathi_gujarati,F,Snehal,Shah,given_surname,Snehal Shah,Aniket Shah,2002-10-20,"No. 174, Temple Street, Velachery, Delhi, Delhi - 110186",train,clean
P02267,bengali,M,Sayan,Chatterjee,given_surname,Sayan Chatterjee,Debashis Chatterjee,2001-11-20,"No. 178, Station Road, Velachery, Noida, Uttar Pradesh - 201595",train,needs_review
P02268,christian,F,Merlin,Fernandes,given_surname,Merlin Fernandes,Daniel Fernandes,2002-08-11,"No. 69, Temple Street, Sector 62, Coimbatore, Tamil Nadu - 641634",train,clean
P02269,bengali,M,Subhajit,Roy,given_surname,Subhajit Roy,Sayan Roy,2002-03-24,"No. 148, Nehru Street, T Nagar, Thiruvananthapuram, Kerala - 695243",train,clean
P02270,marathi_gujarati,M,Parth,Joshi,given_surname,Parth Joshi,Nikhil Joshi,2002-10-19,"No. 182, Temple Street, Anna Nagar, Coimbatore, Tamil Nadu - 641130",train,critical
P02271,muslim,F,Nazia,Sheikh,given_surname,Nazia Sheikh,Mohammed Sheikh,2001-04-04,"No. 144, Park Avenue, Navrangpura, Mumbai, Maharashtra - 400199",train,clean
P02272,muslim,F,Ayesha,Syed,given_surname,Ayesha Syed,Arif Syed,2005-07-28,"No. 27, Cross Road, Jayanagar, Mumbai, Maharashtra - 400675",train,critical
P02273,tamil,F,Indhu,Madhavan,given_father,Indhu Madhavan,Madhavan,2003-08-14,"No. 17, Cross Road, Anna Nagar, Mumbai, Maharashtra - 400265",train,critical
P02274,north,F,Riya,Singh,given_surname,Riya Singh,Sanjay Singh,1999-01-18,"No. 27, Station Road, Kakkanad, Mysuru, Karnataka - 570410",val,clean
P02275,north,M,Rohit,Yadav,given_surname,Rohit Yadav,Sanjay Yadav,2002-12-17,"No. 82, Lake View Road, Sector 62, Chennai, Tamil Nadu - 600031",val,clean
P02276,telugu,M,Prasad,Varma,given_surname,Prasad Varma,Naresh Varma,2000-05-19,"No. 28, Park Avenue, Velachery, Jaipur, Rajasthan - 302097",val,clean
P02277,malayalam,F,Reshma,Panicker,given_surname,Reshma Panicker,Sanju Panicker,1998-08-02,"No. 74, Main Road, Kothrud, Ahmedabad, Gujarat - 380155",test,critical
P02278,marathi_gujarati,M,Nikhil,Shah,given_surname,Nikhil Shah,Parth Shah,2004-09-01,"No. 117, 4th Cross, Indiranagar, Coimbatore, Tamil Nadu - 641058",test,clean
P02279,muslim,M,Salman,Sheikh,given_surname,Salman Sheikh,Irfan Sheikh,2000-09-15,"No. 241, Park Avenue, T Nagar, Mysuru, Karnataka - 570297",test,critical
P02280,north,M,Gaurav,Yadav,given_surname,Gaurav Yadav,Vikram Yadav,2003-09-06,"No. 221, Cross Road, Malviya Nagar, Mumbai, Maharashtra - 400111",train,clean
P02281,bengali,F,Tanushree,Banerjee,given_surname,Tanushree Banerjee,Anirban Banerjee,2000-06-13,"No. 128, Market Street, Koramangala, Mysuru, Karnataka - 570472",train,clean
P02282,muslim,F,Zainab,Ansari,given_surname,Zainab Ansari,Salman Ansari,2005-01-23,"No. 234, 4th Cross, Andheri, Ahmedabad, Gujarat - 380413",train,clean
P02283,telugu,F,Sunitha,Chowdary,given_surname,Sunitha Chowdary,Kiran Chowdary,2002-12-22,"No. 225, Main Road, Koramangala, Delhi, Delhi - 110574",train,clean
P02284,telugu,M,Mahesh,Rao,given_surname,Mahesh Rao,Venkatesh Rao,1999-02-13,"No. 149, Gandhi Road, T Nagar, Chennai, Tamil Nadu - 600850",train,needs_review
P02285,tamil,M,Ramesh,Balaji,given_father,Ramesh Balaji,Balaji,2002-11-02,"No. 239, Main Road, Anna Nagar, Ahmedabad, Gujarat - 380963",train,needs_review
P02286,tamil,F,Sangeetha,Elango,given_father,Sangeetha Elango,Elango,2001-12-09,"No. 125, Cross Road, Anna Nagar, Jaipur, Rajasthan - 302349",train,critical
P02287,muslim,M,Farhan,Khan,given_surname,Farhan Khan,Imran Khan,2004-01-30,"No. 88, 4th Cross, T Nagar, Hyderabad, Telangana - 500884",train,clean
P02288,muslim,F,Nazia,Khan,given_surname,Nazia Khan,Imran Khan,2001-06-21,"No. 233, Market Street, Kakkanad, Bengaluru, Karnataka - 560880",train,needs_review
P02289,christian,M,George,Thomas,given_surname,George Thomas,Joel Thomas,2002-07-14,"No. 110, Cross Road, Banjara Hills, Coimbatore, Tamil Nadu - 641447",train,clean
P02290,tamil,F,Indhu,Elango,given_father,Indhu Elango,Elango,2004-01-06,"No. 106, Park Avenue, Navrangpura, Kolkata, West Bengal - 700079",train,needs_review
P02291,north,M,Sumit,Pandey,given_surname,Sumit Pandey,Pradeep Pandey,2000-05-08,"No. 87, 4th Cross, T Nagar, Pune, Maharashtra - 411189",train,critical
P02292,north,M,Rohit,Yadav,given_surname,Rohit Yadav,Amit Yadav,2002-04-18,"No. 17, Nehru Street, Malviya Nagar, Noida, Uttar Pradesh - 201390",train,clean
P02293,tamil,M,Prakash,Siva,given_father,Prakash Siva,Siva,2005-11-19,"No. 76, Lake View Road, Velachery, Hyderabad, Telangana - 500330",train,clean
P02294,tamil,F,Abirami,Balaji,given_father,Abirami Balaji,Balaji,1999-09-07,"No. 168, Temple Street, Saket, Delhi, Delhi - 110377",val,clean
P02295,tamil,F,Harini,Senthil,given_father,Harini Senthil,Senthil,2003-06-20,"No. 79, Nehru Street, Andheri, Noida, Uttar Pradesh - 201940",val,clean
P02296,tamil,F,Gayathri,Kannan,given_father,Gayathri Kannan,Kannan,1998-03-01,"No. 70, Gandhi Road, Banjara Hills, Hyderabad, Telangana - 500529",val,needs_review
P02297,telugu,F,Sravani,Naidu,given_surname,Sravani Naidu,Naresh Naidu,2001-04-04,"No. 232, 2nd Main, Jayanagar, Delhi, Delhi - 110848",test,clean
P02298,muslim,F,Sana,Ansari,given_surname,Sana Ansari,Mohammed Ansari,2000-01-23,"No. 249, 2nd Main, T Nagar, Kolkata, West Bengal - 700030",test,clean
P02299,christian,F,Grace,D'Souza,given_surname,Grace D'Souza,Joseph D'Souza,2005-01-13,"No. 49, Main Road, Anna Nagar, Delhi, Delhi - 110086",test,clean
P02300,north,F,Archana,Pandey,given_surname,Archana Pandey,Ankit Pandey,1999-11-24,"No. 186, Main Road, Navrangpura, Thiruvananthapuram, Kerala - 695688",train,clean
P02301,bengali,M,Subhajit,Roy,given_surname,Subhajit Roy,Arnab Roy,2000-11-10,"No. 106, Nehru Street, Malviya Nagar, Kochi, Kerala - 682694",train,clean
P02302,north,F,Anjali,Verma,given_surname,Anjali Verma,Pradeep Verma,2003-12-21,"No. 222, Market Street, Jayanagar, Kolkata, West Bengal - 700172",train,critical
P02303,telugu,M,Chaitanya,Raju,given_surname,Chaitanya Raju,Krishna Raju,1999-11-24,"No. 197, Station Road, Kakkanad, Madurai, Tamil Nadu - 625557",train,clean
P02304,kannada,M,Puneeth,Kulkarni,given_surname,Puneeth Kulkarni,Satish Kulkarni,2005-03-18,"No. 109, Gandhi Road, T Nagar, Kochi, Kerala - 682547",train,clean
P02305,north,M,Sumit,Singh,given_surname,Sumit Singh,Pradeep Singh,1999-09-24,"No. 119, 4th Cross, Andheri, Madurai, Tamil Nadu - 625529",train,needs_review
P02306,north,M,Sanjay,Mishra,given_surname,Sanjay Mishra,Sandeep Mishra,2005-01-14,"No. 201, Park Avenue, Koramangala, Hyderabad, Telangana - 500569",train,clean
P02307,telugu,F,Padma,Rao,given_surname,Padma Rao,Naresh Rao,2000-03-05,"No. 213, MG Road, Kakkanad, Coimbatore, Tamil Nadu - 641259",train,clean
P02308,north,F,Riya,Singh,given_surname,Riya Singh,Sumit Singh,2001-06-28,"No. 95, Gandhi Road, Kothrud, Thiruvananthapuram, Kerala - 695847",train,clean
P02309,north,F,Neha,Gupta,given_surname,Neha Gupta,Rahul Gupta,2003-02-03,"No. 51, Station Road, Malviya Nagar, Madurai, Tamil Nadu - 625026",train,needs_review
P02310,muslim,F,Heena,Sheikh,given_surname,Heena Sheikh,Irfan Sheikh,1998-02-12,"No. 32, MG Road, Koramangala, Kochi, Kerala - 682119",train,critical
P02311,telugu,M,Suresh,Naidu,given_surname,Suresh Naidu,Chaitanya Naidu,2000-10-20,"No. 7, Station Road, Velachery, Kochi, Kerala - 682972",train,clean
P02312,muslim,M,Arif,Qureshi,given_surname,Arif Qureshi,Salman Qureshi,2000-04-03,"No. 243, Station Road, Navrangpura, Hyderabad, Telangana - 500743",train,clean
P02313,north,F,Neha,Sharma,given_surname,Neha Sharma,Sumit Sharma,2000-07-18,"No. 40, 2nd Main, Jayanagar, Mumbai, Maharashtra - 400562",train,needs_review
P02314,christian,M,Thomas,Pereira,given_surname,Thomas Pereira,David Pereira,1998-02-11,"No. 184, Station Road, Banjara Hills, Hyderabad, Telangana - 500861",val,clean
P02315,muslim,F,Heena,Ansari,given_surname,Heena Ansari,Irfan Ansari,1999-11-11,"No. 143, Cross Road, Koramangala, Delhi, Delhi - 110137",val,critical
P02316,marathi_gujarati,F,Dhwani,Patil,given_surname,Dhwani Patil,Tejas Patil,2001-04-06,"No. 106, Lake View Road, Velachery, Pune, Maharashtra - 411116",val,critical
P02317,tamil,M,Manikandan,Ramesh,given_father,Manikandan Ramesh,Ramesh,2002-08-20,"No. 190, Park Avenue, Saket, Coimbatore, Tamil Nadu - 641374",test,needs_review
P02318,muslim,F,Shabana,Syed,given_surname,Shabana Syed,Imran Syed,2001-06-02,"No. 241, 4th Cross, Koramangala, Delhi, Delhi - 110424",test,clean
P02319,bengali,F,Sreya,Bose,given_surname,Sreya Bose,Abhijit Bose,1998-02-26,"No. 79, Temple Street, Saket, Chennai, Tamil Nadu - 600326",test,critical
P02320,malayalam,M,Arjun,Varghese,given_surname,Arjun Varghese,Hari Varghese,2000-06-30,"No. 136, 2nd Main, Saket, Kolkata, West Bengal - 700180",train,critical
P02321,north,M,Deepak,Verma,given_surname,Deepak Verma,Rahul Verma,1998-01-20,"No. 242, Nehru Street, Banjara Hills, Kochi, Kerala - 682722",train,needs_review
P02322,tamil,F,Vaishnavi,Karthik,given_father,Vaishnavi Karthik,Karthik,2004-07-14,"No. 87, Temple Street, Saket, Jaipur, Rajasthan - 302135",train,needs_review
P02323,north,F,Simran,Yadav,given_surname,Simran Yadav,Ajay Yadav,2003-04-16,"No. 167, Park Avenue, Andheri, Kolkata, West Bengal - 700650",train,needs_review
P02324,malayalam,M,Anand,Varghese,given_surname,Anand Varghese,Hari Varghese,2003-06-11,"No. 163, Market Street, Saket, Kolkata, West Bengal - 700575",train,clean
P02325,marathi_gujarati,F,Rutuja,Mehta,given_surname,Rutuja Mehta,Parth Mehta,2001-11-08,"No. 58, Gandhi Road, Koramangala, Kolkata, West Bengal - 700575",train,clean
P02326,christian,M,David,Mathew,given_surname,David Mathew,George Mathew,2003-06-23,"No. 163, Main Road, Indiranagar, Jaipur, Rajasthan - 302684",train,clean
P02327,telugu,F,Lavanya,Varma,given_surname,Lavanya Varma,Srinivas Varma,2001-11-08,"No. 208, Main Road, Indiranagar, Kochi, Kerala - 682397",train,clean
P02328,tamil,M,Babu,Arun,given_father,Babu Arun,Arun,2005-08-24,"No. 104, Nehru Street, Anna Nagar, Hyderabad, Telangana - 500876",train,clean
P02329,malayalam,M,Hari,Nair,given_surname,Hari Nair,Anand Nair,2001-03-15,"No. 248, Lake View Road, Andheri, Madurai, Tamil Nadu - 625039",train,clean
P02330,kannada,M,Raghavendra,Shetty,given_surname,Raghavendra Shetty,Naveen Shetty,2000-02-13,"No. 154, Nehru Street, Salt Lake, Bengaluru, Karnataka - 560087",train,critical
P02331,telugu,M,Venkatesh,Rao,given_surname,Venkatesh Rao,Naresh Rao,2000-11-26,"No. 178, Market Street, Sector 62, Chennai, Tamil Nadu - 600162",train,needs_review
P02332,christian,M,John,Pereira,given_surname,John Pereira,Samuel Pereira,2005-04-02,"No. 48, Church Street, Saket, Mysuru, Karnataka - 570686",train,clean
P02333,kannada,F,Geetha,Hegde,given_surname,Geetha Hegde,Raghavendra Hegde,2002-03-19,"No. 126, Temple Street, T Nagar, Jaipur, Rajasthan - 302846",train,needs_review
P02334,marathi_gujarati,M,Aniket,Shah,given_surname,Aniket Shah,Omkar Shah,1999-02-23,"No. 224, Station Road, Indiranagar, Chennai, Tamil Nadu - 600359",val,needs_review
P02335,tamil,F,Nithya,Raju,given_father,Nithya Raju,Raju,2001-08-11,"No. 204, Nehru Street, T Nagar, Ahmedabad, Gujarat - 380567",val,clean
P02336,marathi_gujarati,F,Sayali,Patel,given_surname,Sayali Patel,Nikhil Patel,1998-10-25,"No. 19, Station Road, Navrangpura, Delhi, Delhi - 110921",val,needs_review
P02337,muslim,F,Rukhsar,Qureshi,given_surname,Rukhsar Qureshi,Mohammed Qureshi,2000-04-06,"No. 110, Station Road, Kothrud, Thiruvananthapuram, Kerala - 695551",test,clean
P02338,north,M,Sandeep,Agarwal,given_surname,Sandeep Agarwal,Deepak Agarwal,2004-07-01,"No. 119, Temple Street, Velachery, Bengaluru, Karnataka - 560274",test,clean
P02339,north,M,Amit,Verma,given_surname,Amit Verma,Rohit Verma,2002-03-24,"No. 155, Main Road, Andheri, Bengaluru, Karnataka - 560589",test,critical
P02340,marathi_gujarati,F,Rutuja,Desai,given_surname,Rutuja Desai,Tejas Desai,2000-05-29,"No. 164, Main Road, Anna Nagar, Jaipur, Rajasthan - 302758",train,clean
P02341,marathi_gujarati,F,Sayali,Joshi,given_surname,Sayali Joshi,Aniket Joshi,2003-05-23,"No. 213, Station Road, Saket, Kolkata, West Bengal - 700474",train,needs_review
P02342,tamil,M,Karthik,Velu,given_father,Karthik Velu,Velu,2004-08-21,"No. 140, Nehru Street, Salt Lake, Mumbai, Maharashtra - 400820",train,clean
P02343,muslim,M,Salman,Khan,given_surname,Salman Khan,Abdul Khan,2005-12-20,"No. 169, Market Street, Salt Lake, Coimbatore, Tamil Nadu - 641696",train,clean
P02344,tamil,M,Kumar,Murugan,given_father,Kumar Murugan,Murugan,1999-02-18,"No. 5, Station Road, Indiranagar, Coimbatore, Tamil Nadu - 641229",train,needs_review
P02345,tamil,M,Saravanan,Kumar,given_father,Saravanan Kumar,Kumar,2000-01-25,"No. 197, Station Road, Jayanagar, Kochi, Kerala - 682601",train,clean
P02346,tamil,M,Arun,Babu,given_father,Arun Babu,Babu,1998-01-13,"No. 192, Church Street, Banjara Hills, Bengaluru, Karnataka - 560472",train,clean
P02347,telugu,F,Jyothi,Varma,given_surname,Jyothi Varma,Naresh Varma,2003-04-13,"No. 169, Market Street, Indiranagar, Bengaluru, Karnataka - 560738",train,clean
P02348,north,M,Sumit,Tiwari,given_surname,Sumit Tiwari,Deepak Tiwari,2002-11-11,"No. 180, MG Road, T Nagar, Kochi, Kerala - 682711",train,clean
P02349,tamil,F,Priya,Ramesh,given_father,Priya Ramesh,Ramesh,2004-02-20,"No. 131, Park Avenue, Koramangala, Kolkata, West Bengal - 700389",train,clean
P02350,tamil,M,Balaji,Siva,given_father,Balaji Siva,Siva,1999-09-24,"No. 131, Nehru Street, Jayanagar, Bengaluru, Karnataka - 560071",train,clean
P02351,marathi_gujarati,F,Dhwani,Joshi,given_surname,Dhwani Joshi,Harsh Joshi,1999-12-05,"No. 111, 2nd Main, Kothrud, Chennai, Tamil Nadu - 600212",train,clean
P02352,malayalam,M,Jithin,Pillai,given_surname,Jithin Pillai,Nikhil Pillai,2004-06-12,"No. 13, Main Road, Velachery, Noida, Uttar Pradesh - 201583",train,needs_review
P02353,north,F,Shreya,Gupta,given_surname,Shreya Gupta,Deepak Gupta,1998-03-02,"No. 213, Lake View Road, Kakkanad, Bengaluru, Karnataka - 560463",train,clean
P02354,tamil,F,Nithya,Manikandan,given_father,Nithya Manikandan,Manikandan,2004-05-30,"No. 177, Gandhi Road, Saket, Pune, Maharashtra - 411350",val,clean
P02355,kannada,F,Bhoomika,Gowda,given_surname,Bhoomika Gowda,Raghavendra Gowda,1999-06-17,"No. 139, Cross Road, Indiranagar, Bengaluru, Karnataka - 560077",val,clean
P02356,telugu,M,Prasad,Rao,given_surname,Prasad Rao,Ravi Rao,2004-01-08,"No. 54, Lake View Road, Koramangala, Mumbai, Maharashtra - 400333",val,clean
P02357,telugu,F,Divya,Chowdary,given_surname,Divya Chowdary,Venkatesh Chowdary,1999-02-12,"No. 84, Market Street, Velachery, Mysuru, Karnataka - 570051",test,clean
P02358,north,F,Komal,Verma,given_surname,Komal Verma,Sumit Verma,1998-05-10,"No. 88, Gandhi Road, Andheri, Coimbatore, Tamil Nadu - 641638",test,clean
P02359,north,M,Pradeep,Chauhan,given_surname,Pradeep Chauhan,Deepak Chauhan,2002-06-14,"No. 185, Nehru Street, T Nagar, Ahmedabad, Gujarat - 380751",test,clean
P02360,tamil,M,Murugan,Babu,given_father,Murugan Babu,Babu,2004-06-09,"No. 63, 4th Cross, T Nagar, Kolkata, West Bengal - 700584",train,clean
P02361,malayalam,M,Arjun,Panicker,given_surname,Arjun Panicker,Vishnu Panicker,2004-12-10,"No. 12, Nehru Street, Sector 62, Mysuru, Karnataka - 570342",train,clean
P02362,tamil,F,Kavya,Prakash,given_father,Kavya Prakash,Prakash,2004-01-06,"No. 28, MG Road, Velachery, Ahmedabad, Gujarat - 380416",train,clean
P02363,muslim,M,Arif,Syed,given_surname,Arif Syed,Imran Syed,2005-08-12,"No. 247, Main Road, Jayanagar, Thiruvananthapuram, Kerala - 695225",train,clean
P02364,north,M,Sumit,Chauhan,given_surname,Sumit Chauhan,Amit Chauhan,1998-08-09,"No. 122, Temple Street, Saket, Hyderabad, Telangana - 500598",train,clean
P02365,christian,F,Sharon,Pereira,given_surname,Sharon Pereira,John Pereira,2004-02-06,"No. 179, Lake View Road, Banjara Hills, Coimbatore, Tamil Nadu - 641089",train,clean
P02366,kannada,M,Manjunath,Shetty,given_surname,Manjunath Shetty,Naveen Shetty,2001-07-21,"No. 114, Cross Road, Banjara Hills, Mysuru, Karnataka - 570152",train,clean
P02367,marathi_gujarati,F,Rutuja,Desai,given_surname,Rutuja Desai,Tejas Desai,1998-01-05,"No. 63, Market Street, Saket, Pune, Maharashtra - 411966",train,critical
P02368,kannada,M,Raghavendra,Gowda,given_surname,Raghavendra Gowda,Harish Gowda,2001-02-01,"No. 65, Station Road, Saket, Madurai, Tamil Nadu - 625678",train,clean
P02369,telugu,F,Jyothi,Rao,given_surname,Jyothi Rao,Mahesh Rao,2000-01-07,"No. 114, Cross Road, Koramangala, Pune, Maharashtra - 411156",train,clean
P02370,tamil,M,Vignesh,Selvam,given_father,Vignesh Selvam,Selvam,2000-11-22,"No. 28, Cross Road, Koramangala, Coimbatore, Tamil Nadu - 641516",train,critical
P02371,telugu,M,Venkatesh,Varma,given_surname,Venkatesh Varma,Chaitanya Varma,2002-05-27,"No. 101, 4th Cross, Banjara Hills, Ahmedabad, Gujarat - 380844",train,clean
P02372,muslim,F,Ayesha,Qureshi,given_surname,Ayesha Qureshi,Farhan Qureshi,2002-12-04,"No. 193, Station Road, Koramangala, Kolkata, West Bengal - 700881",train,clean
P02373,malayalam,M,Rahul,Varghese,given_surname,Rahul Varghese,Jithin Varghese,2005-01-26,"No. 201, Temple Street, Sector 62, Thiruvananthapuram, Kerala - 695036",train,clean
P02374,bengali,F,Sreya,Banerjee,given_surname,Sreya Banerjee,Subhajit Banerjee,2002-06-09,"No. 224, Cross Road, Velachery, Kochi, Kerala - 682388",val,clean
P02375,marathi_gujarati,F,Madhuri,Joshi,given_surname,Madhuri Joshi,Aniket Joshi,2003-11-06,"No. 164, Park Avenue, Saket, Madurai, Tamil Nadu - 625566",val,clean
P02376,muslim,F,Fathima,Khan,given_surname,Fathima Khan,Arif Khan,2005-12-10,"No. 106, Lake View Road, Andheri, Madurai, Tamil Nadu - 625737",val,needs_review
P02377,marathi_gujarati,M,Tejas,Patil,given_surname,Tejas Patil,Harsh Patil,2000-04-04,"No. 185, Park Avenue, Kakkanad, Kolkata, West Bengal - 700131",test,needs_review
P02378,christian,M,Thomas,Pereira,given_surname,Thomas Pereira,George Pereira,2002-02-26,"No. 177, Market Street, Anna Nagar, Chennai, Tamil Nadu - 600267",test,clean
P02379,christian,M,David,D'Souza,given_surname,David D'Souza,Daniel D'Souza,1998-07-19,"No. 136, Main Road, Navrangpura, Mumbai, Maharashtra - 400731",test,clean
P02380,north,F,Priyanka,Tiwari,given_surname,Priyanka Tiwari,Vikram Tiwari,2003-05-12,"No. 82, Market Street, Salt Lake, Mysuru, Karnataka - 570156",train,clean
P02381,north,F,Pooja,Agarwal,given_surname,Pooja Agarwal,Vikram Agarwal,2004-06-05,"No. 125, Station Road, Jayanagar, Jaipur, Rajasthan - 302525",train,clean
P02382,tamil,F,Sowmya,Senthil,given_father,Sowmya Senthil,Senthil,2003-01-25,"No. 210, 2nd Main, Banjara Hills, Chennai, Tamil Nadu - 600289",train,clean
P02383,marathi_gujarati,M,Omkar,Shah,given_surname,Omkar Shah,Harsh Shah,2004-09-22,"No. 105, Main Road, Saket, Coimbatore, Tamil Nadu - 641471",train,needs_review
P02384,north,M,Deepak,Chauhan,given_surname,Deepak Chauhan,Pradeep Chauhan,2000-10-07,"No. 7, Lake View Road, Indiranagar, Chennai, Tamil Nadu - 600925",train,clean
P02385,muslim,M,Irfan,Syed,given_surname,Irfan Syed,Salman Syed,2003-05-02,"No. 153, Lake View Road, Saket, Mysuru, Karnataka - 570227",train,needs_review
P02386,tamil,M,Madhavan,Murugan,given_father,Madhavan Murugan,Murugan,2005-02-11,"No. 6, Station Road, Velachery, Kolkata, West Bengal - 700679",train,clean
P02387,tamil,F,Keerthana,Senthil,given_father,Keerthana Senthil,Senthil,1998-06-03,"No. 190, Gandhi Road, Navrangpura, Madurai, Tamil Nadu - 625676",train,clean
P02388,marathi_gujarati,M,Jay,Joshi,given_surname,Jay Joshi,Harsh Joshi,2001-04-18,"No. 68, Church Street, Anna Nagar, Kochi, Kerala - 682393",train,needs_review
P02389,malayalam,M,Jithin,Kurup,given_surname,Jithin Kurup,Anand Kurup,2005-01-24,"No. 26, 2nd Main, Saket, Madurai, Tamil Nadu - 625865",train,clean
P02390,malayalam,M,Akhil,Varghese,given_surname,Akhil Varghese,Nikhil Varghese,1999-06-07,"No. 34, Temple Street, Anna Nagar, Mumbai, Maharashtra - 400990",train,clean
P02391,kannada,F,Nandini,Rao,given_surname,Nandini Rao,Satish Rao,2003-10-06,"No. 212, Nehru Street, Koramangala, Bengaluru, Karnataka - 560716",train,needs_review
P02392,marathi_gujarati,F,Rutuja,Deshpande,given_surname,Rutuja Deshpande,Tejas Deshpande,2005-07-28,"No. 61, 2nd Main, Salt Lake, Noida, Uttar Pradesh - 201758",train,needs_review
P02393,tamil,M,Arun,Vignesh,given_father,Arun Vignesh,Vignesh,1999-01-30,"No. 104, 4th Cross, Kakkanad, Chennai, Tamil Nadu - 600840",train,clean
P02394,malayalam,M,Sanju,Kurup,given_surname,Sanju Kurup,Jithin Kurup,2004-06-20,"No. 24, Main Road, Saket, Ahmedabad, Gujarat - 380726",val,clean
P02395,muslim,M,Arif,Qureshi,given_surname,Arif Qureshi,Mohammed Qureshi,2001-01-16,"No. 157, Temple Street, Velachery, Thiruvananthapuram, Kerala - 695328",val,clean
P02396,north,M,Sumit,Yadav,given_surname,Sumit Yadav,Ankit Yadav,2000-11-19,"No. 39, Church Street, Salt Lake, Kolkata, West Bengal - 700497",val,clean
P02397,north,F,Sneha,Singh,given_surname,Sneha Singh,Sandeep Singh,2003-08-21,"No. 62, Church Street, Banjara Hills, Ahmedabad, Gujarat - 380395",test,clean
P02398,tamil,F,Revathi,Siva,given_father,Revathi Siva,Siva,2002-07-29,"No. 189, Nehru Street, Banjara Hills, Noida, Uttar Pradesh - 201574",test,critical
P02399,christian,F,Grace,Joseph,given_surname,Grace Joseph,John Joseph,1999-02-16,"No. 7, Temple Street, Velachery, Noida, Uttar Pradesh - 201787",test,critical
P02400,tamil,F,Sowmya,Ramesh,given_father,Sowmya Ramesh,Ramesh,2004-10-06,"No. 3, Park Avenue, Salt Lake, Madurai, Tamil Nadu - 625603",train,clean
P02401,kannada,M,Darshan,Gowda,given_surname,Darshan Gowda,Girish Gowda,1998-09-16,"No. 54, Lake View Road, Malviya Nagar, Delhi, Delhi - 110203",train,clean
P02402,telugu,F,Sravani,Chowdary,given_surname,Sravani Chowdary,Ravi Chowdary,2001-05-20,"No. 70, MG Road, Kakkanad, Ahmedabad, Gujarat - 380058",train,clean
P02403,telugu,M,Ravi,Raju,given_surname,Ravi Raju,Chaitanya Raju,2005-11-25,"No. 142, Gandhi Road, Indiranagar, Pune, Maharashtra - 411266",train,clean
P02404,north,F,Pooja,Sharma,given_surname,Pooja Sharma,Ankit Sharma,2001-03-17,"No. 134, Temple Street, Andheri, Mysuru, Karnataka - 570287",train,clean
P02405,malayalam,M,Anand,Kurup,given_surname,Anand Kurup,Rahul Kurup,2000-01-25,"No. 239, Main Road, Navrangpura, Jaipur, Rajasthan - 302054",train,clean
P02406,muslim,M,Arif,Qureshi,given_surname,Arif Qureshi,Sameer Qureshi,2005-12-24,"No. 64, Cross Road, Saket, Kochi, Kerala - 682455",train,clean
P02407,north,M,Vikram,Chauhan,given_surname,Vikram Chauhan,Sumit Chauhan,1998-09-29,"No. 191, Temple Street, Velachery, Mysuru, Karnataka - 570987",train,needs_review
P02408,tamil,F,Malathi,Sundar,given_father,Malathi Sundar,Sundar,2003-02-19,"No. 141, Temple Street, Salt Lake, Mysuru, Karnataka - 570464",train,clean
P02409,malayalam,M,Sanju,Panicker,given_surname,Sanju Panicker,Anand Panicker,2001-01-29,"No. 13, Church Street, T Nagar, Hyderabad, Telangana - 500873",train,clean
P02410,bengali,M,Debashis,Mukherjee,given_surname,Debashis Mukherjee,Sourav Mukherjee,2004-09-01,"No. 125, Park Avenue, Anna Nagar, Hyderabad, Telangana - 500892",train,clean
P02411,malayalam,F,Divya,Kurup,given_surname,Divya Kurup,Jithin Kurup,2001-06-01,"No. 162, MG Road, Sector 62, Hyderabad, Telangana - 500823",train,critical
P02412,tamil,F,Revathi,Arun,given_father,Revathi Arun,Arun,1998-07-26,"No. 210, Church Street, Navrangpura, Jaipur, Rajasthan - 302360",train,clean
P02413,bengali,M,Sourav,Roy,given_surname,Sourav Roy,Rajib Roy,1999-09-18,"No. 61, Park Avenue, Navrangpura, Pune, Maharashtra - 411668",train,clean
P02414,kannada,F,Shilpa,Gowda,given_surname,Shilpa Gowda,Harish Gowda,1998-10-14,"No. 106, 2nd Main, Koramangala, Delhi, Delhi - 110319",val,clean
P02415,tamil,F,Saranya,Ramesh,given_father,Saranya Ramesh,Ramesh,2002-11-30,"No. 43, Church Street, Velachery, Ahmedabad, Gujarat - 380326",val,clean
P02416,kannada,M,Girish,Hegde,given_surname,Girish Hegde,Manjunath Hegde,2002-06-30,"No. 51, Temple Street, Velachery, Hyderabad, Telangana - 500955",val,clean
P02417,tamil,F,Gayathri,Elango,given_father,Gayathri Elango,Elango,2002-04-02,"No. 228, Station Road, Indiranagar, Hyderabad, Telangana - 500072",test,needs_review
P02418,tamil,F,Abirami,Senthil,given_father,Abirami Senthil,Senthil,2001-12-18,"No. 184, Park Avenue, Saket, Madurai, Tamil Nadu - 625843",test,critical
P02419,muslim,M,Sameer,Ansari,given_surname,Sameer Ansari,Mohammed Ansari,1998-11-26,"No. 10, Temple Street, Koramangala, Chennai, Tamil Nadu - 600496",test,clean
P02420,tamil,F,Malathi,Vignesh,given_father,Malathi Vignesh,Vignesh,2001-04-04,"No. 41, Lake View Road, Kothrud, Thiruvananthapuram, Kerala - 695615",train,clean
P02421,kannada,F,Bhoomika,Hegde,given_surname,Bhoomika Hegde,Naveen Hegde,2001-01-01,"No. 1, MG Road, Salt Lake, Mysuru, Karnataka - 570194",train,critical
P02422,tamil,F,Sowmya,Siva,given_father,Sowmya Siva,Siva,2005-04-03,"No. 142, Temple Street, Salt Lake, Thiruvananthapuram, Kerala - 695001",train,clean
P02423,muslim,F,Rukhsar,Sheikh,given_surname,Rukhsar Sheikh,Mohammed Sheikh,2000-11-24,"No. 127, Main Road, Malviya Nagar, Bengaluru, Karnataka - 560986",train,clean
P02424,kannada,F,Kavitha,Hegde,given_surname,Kavitha Hegde,Manjunath Hegde,1998-02-11,"No. 241, Church Street, Indiranagar, Coimbatore, Tamil Nadu - 641393",train,critical
P02425,bengali,F,Riya,Ghosh,given_surname,Riya Ghosh,Subhajit Ghosh,2004-09-21,"No. 19, 4th Cross, Banjara Hills, Ahmedabad, Gujarat - 380570",train,clean
P02426,telugu,M,Chaitanya,Varma,given_surname,Chaitanya Varma,Venkatesh Varma,2004-06-13,"No. 90, Lake View Road, Saket, Jaipur, Rajasthan - 302851",train,clean
P02427,muslim,F,Rukhsar,Pathan,given_surname,Rukhsar Pathan,Sameer Pathan,1999-05-12,"No. 147, 2nd Main, T Nagar, Mumbai, Maharashtra - 400453",train,clean
P02428,kannada,M,Naveen,Kulkarni,given_surname,Naveen Kulkarni,Prashanth Kulkarni,2002-10-20,"No. 113, Gandhi Road, Saket, Coimbatore, Tamil Nadu - 641910",train,critical
P02429,marathi_gujarati,F,Krupa,Patil,given_surname,Krupa Patil,Parth Patil,2000-02-03,"No. 173, Lake View Road, T Nagar, Jaipur, Rajasthan - 302752",train,clean
P02430,north,F,Ritu,Sharma,given_surname,Ritu Sharma,Rahul Sharma,2005-08-25,"No. 113, Temple Street, Malviya Nagar, Noida, Uttar Pradesh - 201811",train,critical
P02431,muslim,F,Sana,Sheikh,given_surname,Sana Sheikh,Abdul Sheikh,2003-02-06,"No. 11, Gandhi Road, Andheri, Kochi, Kerala - 682567",train,needs_review
P02432,marathi_gujarati,F,Sayali,Mehta,given_surname,Sayali Mehta,Sagar Mehta,2003-08-03,"No. 182, 2nd Main, Sector 62, Kolkata, West Bengal - 700198",train,critical
P02433,north,M,Sanjay,Sharma,given_surname,Sanjay Sharma,Rahul Sharma,2004-01-15,"No. 7, Nehru Street, Navrangpura, Coimbatore, Tamil Nadu - 641714",train,critical
P02434,tamil,F,Tamilselvi,Raju,given_father,Tamilselvi Raju,Raju,2002-11-04,"No. 17, Main Road, Andheri, Hyderabad, Telangana - 500268",val,clean
P02435,tamil,F,Keerthana,Ramesh,given_father,Keerthana Ramesh,Ramesh,2003-03-28,"No. 42, Lake View Road, Navrangpura, Jaipur, Rajasthan - 302859",val,clean
P02436,north,M,Deepak,Agarwal,given_surname,Deepak Agarwal,Sumit Agarwal,1999-06-12,"No. 63, Market Street, Kakkanad, Mysuru, Karnataka - 570791",val,clean
P02437,north,M,Deepak,Gupta,given_surname,Deepak Gupta,Sumit Gupta,1999-04-28,"No. 159, Main Road, Jayanagar, Pune, Maharashtra - 411535",test,clean
P02438,north,F,Archana,Singh,given_surname,Archana Singh,Deepak Singh,2003-12-12,"No. 197, Main Road, Koramangala, Chennai, Tamil Nadu - 600857",test,clean
P02439,tamil,F,Revathi,Prakash,given_father,Revathi Prakash,Prakash,2003-04-10,"No. 71, Church Street, Sector 62, Hyderabad, Telangana - 500351",test,clean
P02440,tamil,F,Lakshmi,Saravanan,given_father,Lakshmi Saravanan,Saravanan,1998-06-08,"No. 138, Market Street, Koramangala, Bengaluru, Karnataka - 560248",train,needs_review
P02441,christian,F,Sharon,Thomas,given_surname,Sharon Thomas,David Thomas,2002-05-31,"No. 226, Main Road, Sector 62, Kochi, Kerala - 682171",train,clean
P02442,kannada,M,Prashanth,Shetty,given_surname,Prashanth Shetty,Harish Shetty,2005-04-13,"No. 136, 4th Cross, Navrangpura, Madurai, Tamil Nadu - 625273",train,critical
P02443,kannada,M,Harish,Bhat,given_surname,Harish Bhat,Raghavendra Bhat,2003-06-01,"No. 194, Gandhi Road, Andheri, Kolkata, West Bengal - 700698",train,needs_review
P02444,tamil,M,Karthik,Kumar,given_father,Karthik Kumar,Kumar,2003-07-09,"No. 215, Market Street, Malviya Nagar, Madurai, Tamil Nadu - 625090",train,clean
P02445,tamil,M,Vignesh,Prakash,given_father,Vignesh Prakash,Prakash,1999-09-11,"No. 16, Gandhi Road, Jayanagar, Delhi, Delhi - 110069",train,critical
P02446,tamil,F,Lakshmi,Babu,given_father,Lakshmi Babu,Babu,2000-01-13,"No. 27, Nehru Street, Banjara Hills, Ahmedabad, Gujarat - 380046",train,clean
P02447,marathi_gujarati,M,Parth,Patel,given_surname,Parth Patel,Aniket Patel,2004-08-05,"No. 36, Nehru Street, Salt Lake, Hyderabad, Telangana - 500653",train,clean
P02448,kannada,F,Asha,Hegde,given_surname,Asha Hegde,Manjunath Hegde,2001-10-09,"No. 79, Park Avenue, Kakkanad, Chennai, Tamil Nadu - 600210",train,needs_review
P02449,tamil,F,Harini,Kumar,given_father,Harini Kumar,Kumar,2004-09-21,"No. 162, Park Avenue, Salt Lake, Mumbai, Maharashtra - 400601",train,clean
P02450,north,M,Gaurav,Mishra,given_surname,Gaurav Mishra,Amit Mishra,2005-05-23,"No. 96, 4th Cross, Saket, Pune, Maharashtra - 411168",train,clean
P02451,north,F,Pooja,Agarwal,given_surname,Pooja Agarwal,Rahul Agarwal,2004-12-10,"No. 219, 4th Cross, Saket, Hyderabad, Telangana - 500392",train,clean
P02452,north,M,Rohit,Sharma,given_surname,Rohit Sharma,Sanjay Sharma,2000-08-31,"No. 42, Market Street, Indiranagar, Hyderabad, Telangana - 500806",train,clean
P02453,north,F,Sushma,Pandey,given_surname,Sushma Pandey,Gaurav Pandey,2000-12-28,"No. 53, Lake View Road, Velachery, Mysuru, Karnataka - 570890",train,clean
P02454,bengali,M,Rajib,Chatterjee,given_surname,Rajib Chatterjee,Sourav Chatterjee,1998-05-11,"No. 136, 4th Cross, Banjara Hills, Thiruvananthapuram, Kerala - 695807",val,clean
P02455,north,M,Pradeep,Yadav,given_surname,Pradeep Yadav,Sanjay Yadav,2001-02-20,"No. 116, Temple Street, T Nagar, Hyderabad, Telangana - 500888",val,critical
P02456,malayalam,F,Sruthi,Nair,given_surname,Sruthi Nair,Arjun Nair,2003-07-17,"No. 56, Cross Road, Kothrud, Coimbatore, Tamil Nadu - 641499",val,clean
P02457,malayalam,M,Jithin,Kurup,given_surname,Jithin Kurup,Rahul Kurup,1998-02-24,"No. 23, Park Avenue, Jayanagar, Ahmedabad, Gujarat - 380961",test,clean
P02458,malayalam,F,Aswathy,Kurup,given_surname,Aswathy Kurup,Hari Kurup,1999-05-30,"No. 151, Cross Road, Koramangala, Kolkata, West Bengal - 700860",test,needs_review
P02459,telugu,M,Naresh,Varma,given_surname,Naresh Varma,Kiran Varma,2004-08-13,"No. 17, Gandhi Road, Salt Lake, Mysuru, Karnataka - 570547",test,needs_review
P02460,bengali,M,Debashis,Chatterjee,given_surname,Debashis Chatterjee,Arnab Chatterjee,1998-08-06,"No. 237, Lake View Road, Banjara Hills, Ahmedabad, Gujarat - 380876",train,needs_review
P02461,tamil,M,Vignesh,Kumar,given_father,Vignesh Kumar,Kumar,1998-04-09,"No. 111, Park Avenue, Anna Nagar, Coimbatore, Tamil Nadu - 641332",train,clean
P02462,telugu,M,Suresh,Raju,given_surname,Suresh Raju,Srinivas Raju,2001-08-09,"No. 46, 2nd Main, Kothrud, Coimbatore, Tamil Nadu - 641430",train,clean
P02463,marathi_gujarati,F,Krupa,Shah,given_surname,Krupa Shah,Tejas Shah,2004-04-27,"No. 101, Gandhi Road, Banjara Hills, Hyderabad, Telangana - 500861",train,clean
P02464,christian,M,George,D'Souza,given_surname,George D'Souza,Joel D'Souza,2002-03-15,"No. 146, Main Road, Andheri, Coimbatore, Tamil Nadu - 641231",train,clean
P02465,christian,F,Sharon,D'Souza,given_surname,Sharon D'Souza,George D'Souza,2001-02-06,"No. 65, Market Street, Anna Nagar, Jaipur, Rajasthan - 302749",train,clean
P02466,kannada,F,Kavitha,Hegde,given_surname,Kavitha Hegde,Puneeth Hegde,2002-01-13,"No. 214, Market Street, T Nagar, Jaipur, Rajasthan - 302454",train,clean
P02467,telugu,F,Bhavani,Chowdary,given_surname,Bhavani Chowdary,Mahesh Chowdary,1998-11-14,"No. 101, 2nd Main, Salt Lake, Pune, Maharashtra - 411344",train,needs_review
P02468,malayalam,M,Sanju,Varghese,given_surname,Sanju Varghese,Vishnu Varghese,2002-11-28,"No. 246, MG Road, Kothrud, Delhi, Delhi - 110933",train,needs_review
P02469,tamil,M,Velu,Saravanan,given_father,Velu Saravanan,Saravanan,1998-08-03,"No. 97, MG Road, Koramangala, Thiruvananthapuram, Kerala - 695145",train,clean
P02470,tamil,F,Sowmya,Murugan,given_father,Sowmya Murugan,Murugan,1999-10-07,"No. 199, Nehru Street, Kothrud, Mumbai, Maharashtra - 400968",train,clean
P02471,north,F,Simran,Agarwal,given_surname,Simran Agarwal,Deepak Agarwal,1999-06-12,"No. 39, MG Road, T Nagar, Chennai, Tamil Nadu - 600034",train,clean
P02472,north,F,Anjali,Gupta,given_surname,Anjali Gupta,Gaurav Gupta,2005-04-26,"No. 238, Main Road, Sector 62, Pune, Maharashtra - 411006",train,clean
P02473,telugu,M,Prasad,Chowdary,given_surname,Prasad Chowdary,Mahesh Chowdary,2005-08-20,"No. 156, MG Road, Velachery, Madurai, Tamil Nadu - 625875",train,clean
P02474,tamil,F,Tamilselvi,Kumar,given_father,Tamilselvi Kumar,Kumar,2001-07-28,"No. 148, Cross Road, Andheri, Noida, Uttar Pradesh - 201398",val,clean
P02475,north,M,Rahul,Verma,given_surname,Rahul Verma,Gaurav Verma,2004-02-24,"No. 72, Park Avenue, Banjara Hills, Mumbai, Maharashtra - 400024",val,critical
P02476,north,F,Riya,Gupta,given_surname,Riya Gupta,Sanjay Gupta,2005-05-13,"No. 223, Park Avenue, Saket, Jaipur, Rajasthan - 302587",val,critical
P02477,north,F,Pooja,Tiwari,given_surname,Pooja Tiwari,Sumit Tiwari,2002-09-26,"No. 8, Lake View Road, Banjara Hills, Mysuru, Karnataka - 570230",test,clean
P02478,malayalam,M,Anand,Pillai,given_surname,Anand Pillai,Arjun Pillai,2005-01-19,"No. 31, Market Street, Indiranagar, Noida, Uttar Pradesh - 201849",test,critical
P02479,kannada,F,Nandini,Kulkarni,given_surname,Nandini Kulkarni,Puneeth Kulkarni,1999-07-16,"No. 46, Market Street, Koramangala, Noida, Uttar Pradesh - 201984",test,clean
P02480,tamil,M,Arun,Madhavan,given_father,Arun Madhavan,Madhavan,2005-05-13,"No. 193, 4th Cross, Salt Lake, Kochi, Kerala - 682201",train,clean
P02481,kannada,M,Satish,Kulkarni,given_surname,Satish Kulkarni,Naveen Kulkarni,2004-05-21,"No. 203, Lake View Road, T Nagar, Noida, Uttar Pradesh - 201877",train,needs_review
P02482,marathi_gujarati,M,Harsh,Joshi,given_surname,Harsh Joshi,Aniket Joshi,1999-09-14,"No. 106, Gandhi Road, Koramangala, Delhi, Delhi - 110446",train,clean
P02483,malayalam,F,Aswathy,Nair,given_surname,Aswathy Nair,Arjun Nair,2003-11-11,"No. 90, Cross Road, Jayanagar, Chennai, Tamil Nadu - 600146",train,clean
P02484,north,M,Pradeep,Singh,given_surname,Pradeep Singh,Gaurav Singh,2002-05-21,"No. 175, Temple Street, T Nagar, Madurai, Tamil Nadu - 625959",train,clean
P02485,tamil,F,Harini,Karthik,given_father,Harini Karthik,Karthik,1999-06-29,"No. 181, 4th Cross, Kothrud, Jaipur, Rajasthan - 302579",train,critical
P02486,kannada,M,Manjunath,Kulkarni,given_surname,Manjunath Kulkarni,Harish Kulkarni,2000-05-25,"No. 81, Main Road, Navrangpura, Mumbai, Maharashtra - 400040",train,critical
P02487,telugu,M,Mahesh,Chowdary,given_surname,Mahesh Chowdary,Naresh Chowdary,2005-03-10,"No. 13, 2nd Main, Velachery, Madurai, Tamil Nadu - 625750",train,clean
P02488,telugu,M,Srinivas,Varma,given_surname,Srinivas Varma,Suresh Varma,2003-10-10,"No. 214, 2nd Main, Navrangpura, Hyderabad, Telangana - 500297",train,clean
P02489,north,F,Pooja,Verma,given_surname,Pooja Verma,Sumit Verma,1999-08-01,"No. 115, Gandhi Road, Malviya Nagar, Kochi, Kerala - 682675",train,needs_review
P02490,tamil,M,Siva,Prakash,given_father,Siva Prakash,Prakash,2005-07-05,"No. 16, 4th Cross, Banjara Hills, Thiruvananthapuram, Kerala - 695090",train,needs_review
P02491,muslim,F,Shabana,Qureshi,given_surname,Shabana Qureshi,Salman Qureshi,1999-08-02,"No. 127, Lake View Road, Malviya Nagar, Coimbatore, Tamil Nadu - 641826",train,critical
P02492,telugu,F,Swathi,Naidu,given_surname,Swathi Naidu,Mahesh Naidu,2000-08-13,"No. 92, Park Avenue, Banjara Hills, Jaipur, Rajasthan - 302538",train,needs_review
P02493,kannada,F,Sahana,Bhat,given_surname,Sahana Bhat,Darshan Bhat,2003-10-26,"No. 69, Temple Street, Saket, Delhi, Delhi - 110098",train,clean
P02494,tamil,F,Kalaiselvi,Selvam,given_father,Kalaiselvi Selvam,Selvam,1999-03-10,"No. 26, Main Road, Malviya Nagar, Chennai, Tamil Nadu - 600566",val,needs_review
P02495,tamil,M,Madhavan,Vignesh,given_father,Madhavan Vignesh,Vignesh,2000-03-05,"No. 24, Cross Road, Velachery, Mumbai, Maharashtra - 400523",val,clean
P02496,kannada,M,Darshan,Kulkarni,given_surname,Darshan Kulkarni,Satish Kulkarni,2003-05-13,"No. 97, Market Street, Velachery, Jaipur, Rajasthan - 302767",val,clean
P02497,tamil,M,Arun,Senthil,given_father,Arun Senthil,Senthil,2001-10-05,"No. 179, 4th Cross, Kakkanad, Mysuru, Karnataka - 570949",test,critical
P02498,kannada,F,Bhoomika,Hegde,given_surname,Bhoomika Hegde,Shashank Hegde,2000-08-09,"No. 171, Lake View Road, Banjara Hills, Pune, Maharashtra - 411699",test,needs_review
P02499,north,F,Simran,Tiwari,given_surname,Simran Tiwari,Rohit Tiwari,2001-06-17,"No. 29, Park Avenue, Kothrud, Chennai, Tamil Nadu - 600431",test,needs_review
P02500,north,F,Sushma,Tiwari,given_surname,Sushma Tiwari,Rahul Tiwari,1998-05-07,"No. 224, Cross Road, Velachery, Bengaluru, Karnataka - 560304",train,clean
P02501,kannada,F,Bhoomika,Shetty,given_surname,Bhoomika Shetty,Manjunath Shetty,2003-10-21,"No. 82, Church Street, Banjara Hills, Kochi, Kerala - 682620",train,clean
P02502,muslim,F,Sana,Ansari,given_surname,Sana Ansari,Arif Ansari,2003-08-12,"No. 16, Cross Road, Jayanagar, Mumbai, Maharashtra - 400071",train,critical
P02503,marathi_gujarati,F,Sayali,Shah,given_surname,Sayali Shah,Jay Shah,2001-09-07,"No. 23, Park Avenue, Banjara Hills, Kochi, Kerala - 682047",train,critical
P02504,bengali,M,Arnab,Roy,given_surname,Arnab Roy,Sayan Roy,2003-05-13,"No. 1, Main Road, Malviya Nagar, Ahmedabad, Gujarat - 380337",train,clean
P02505,malayalam,M,Arjun,Varghese,given_surname,Arjun Varghese,Rahul Varghese,2005-10-03,"No. 41, Cross Road, Anna Nagar, Noida, Uttar Pradesh - 201841",train,clean
P02506,telugu,F,Jyothi,Reddy,given_surname,Jyothi Reddy,Naresh Reddy,2004-05-04,"No. 248, Market Street, Kakkanad, Kolkata, West Bengal - 700414",train,critical
P02507,christian,M,Samuel,Mathew,given_surname,Samuel Mathew,Joel Mathew,1999-07-09,"No. 163, Gandhi Road, Andheri, Delhi, Delhi - 110647",train,needs_review
P02508,muslim,F,Nazia,Syed,given_surname,Nazia Syed,Farhan Syed,2000-04-12,"No. 23, Main Road, Jayanagar, Hyderabad, Telangana - 500773",train,clean
P02509,tamil,M,Arun,Karthik,given_father,Arun Karthik,Karthik,2004-10-02,"No. 28, Nehru Street, Velachery, Ahmedabad, Gujarat - 380780",train,clean
P02510,tamil,M,Siva,Karthik,given_father,Siva Karthik,Karthik,2004-04-04,"No. 123, 2nd Main, Malviya Nagar, Chennai, Tamil Nadu - 600747",train,clean
P02511,christian,F,Teresa,D'Souza,given_surname,Teresa D'Souza,Samuel D'Souza,2000-03-21,"No. 247, Park Avenue, Koramangala, Mumbai, Maharashtra - 400381",train,needs_review
P02512,muslim,M,Abdul,Qureshi,given_surname,Abdul Qureshi,Salman Qureshi,2000-03-26,"No. 111, Market Street, Banjara Hills, Pune, Maharashtra - 411566",train,clean
P02513,north,M,Amit,Mishra,given_surname,Amit Mishra,Sanjay Mishra,2005-11-16,"No. 99, 2nd Main, Salt Lake, Delhi, Delhi - 110024",train,critical
P02514,kannada,F,Geetha,Shetty,given_surname,Geetha Shetty,Manjunath Shetty,2002-08-31,"No. 250, Station Road, Kothrud, Mysuru, Karnataka - 570465",val,clean
P02515,malayalam,F,Lekshmi,Pillai,given_surname,Lekshmi Pillai,Jithin Pillai,2001-12-07,"No. 158, Park Avenue, T Nagar, Kochi, Kerala - 682618",val,clean
P02516,bengali,M,Abhijit,Sen,given_surname,Abhijit Sen,Arnab Sen,1998-09-16,"No. 118, Temple Street, T Nagar, Ahmedabad, Gujarat - 380842",val,clean
P02517,malayalam,M,Nikhil,Menon,given_surname,Nikhil Menon,Jithin Menon,2000-12-09,"No. 77, Lake View Road, Jayanagar, Jaipur, Rajasthan - 302729",test,needs_review
P02518,malayalam,F,Athira,Panicker,given_surname,Athira Panicker,Sreejith Panicker,1999-07-04,"No. 111, Nehru Street, Salt Lake, Jaipur, Rajasthan - 302726",test,clean
P02519,tamil,M,Karthik,Murugan,given_father,Karthik Murugan,Murugan,1998-10-30,"No. 2, Park Avenue, Malviya Nagar, Chennai, Tamil Nadu - 600770",test,clean
P02520,tamil,F,Kalaiselvi,Kumar,given_father,Kalaiselvi Kumar,Kumar,2005-07-23,"No. 246, Gandhi Road, Jayanagar, Hyderabad, Telangana - 500619",train,needs_review
P02521,kannada,F,Geetha,Shetty,given_surname,Geetha Shetty,Darshan Shetty,2003-01-23,"No. 31, 2nd Main, Kakkanad, Mumbai, Maharashtra - 400598",train,needs_review
P02522,telugu,F,Sunitha,Raju,given_surname,Sunitha Raju,Suresh Raju,2001-02-17,"No. 224, Cross Road, Malviya Nagar, Madurai, Tamil Nadu - 625984",train,clean
P02523,north,M,Rahul,Singh,given_surname,Rahul Singh,Gaurav Singh,2004-05-10,"No. 192, Main Road, Jayanagar, Thiruvananthapuram, Kerala - 695041",train,critical
P02524,north,F,Sneha,Mishra,given_surname,Sneha Mishra,Pradeep Mishra,1999-06-07,"No. 1, 2nd Main, Koramangala, Chennai, Tamil Nadu - 600247",train,clean
P02525,north,F,Sushma,Mishra,given_surname,Sushma Mishra,Rahul Mishra,2000-08-04,"No. 43, Lake View Road, Indiranagar, Noida, Uttar Pradesh - 201533",train,clean
P02526,tamil,F,Malathi,Raju,given_father,Malathi Raju,Raju,2004-03-05,"No. 58, MG Road, Velachery, Mysuru, Karnataka - 570822",train,critical
P02527,telugu,M,Prasad,Reddy,given_surname,Prasad Reddy,Krishna Reddy,1998-09-14,"No. 132, Gandhi Road, Saket, Pune, Maharashtra - 411238",train,clean
P02528,bengali,M,Subhajit,Das,given_surname,Subhajit Das,Anirban Das,2004-11-19,"No. 47, Station Road, Anna Nagar, Bengaluru, Karnataka - 560503",train,clean
P02529,north,F,Pooja,Chauhan,given_surname,Pooja Chauhan,Rahul Chauhan,1999-10-04,"No. 73, Lake View Road, Kothrud, Chennai, Tamil Nadu - 600766",train,clean
P02530,tamil,F,Keerthana,Sundar,given_father,Keerthana Sundar,Sundar,2004-06-15,"No. 26, Main Road, Koramangala, Kolkata, West Bengal - 700245",train,needs_review
P02531,north,M,Pradeep,Mishra,given_surname,Pradeep Mishra,Amit Mishra,2004-12-12,"No. 212, Station Road, Andheri, Thiruvananthapuram, Kerala - 695492",train,critical
P02532,tamil,F,Revathi,Velu,given_father,Revathi Velu,Velu,2003-09-24,"No. 110, Cross Road, Kakkanad, Chennai, Tamil Nadu - 600067",train,clean
P02533,muslim,F,Nazia,Pathan,given_surname,Nazia Pathan,Abdul Pathan,1998-11-18,"No. 186, 2nd Main, T Nagar, Jaipur, Rajasthan - 302572",train,clean
P02534,north,M,Sandeep,Chauhan,given_surname,Sandeep Chauhan,Deepak Chauhan,2000-07-14,"No. 177, 4th Cross, Velachery, Madurai, Tamil Nadu - 625159",val,clean
P02535,muslim,M,Irfan,Pathan,given_surname,Irfan Pathan,Farhan Pathan,2001-01-20,"No. 96, Gandhi Road, Kakkanad, Noida, Uttar Pradesh - 201561",val,clean
P02536,tamil,F,Saranya,Siva,given_father,Saranya Siva,Siva,1998-11-20,"No. 110, Market Street, Navrangpura, Hyderabad, Telangana - 500644",val,clean
P02537,telugu,M,Chaitanya,Reddy,given_surname,Chaitanya Reddy,Mahesh Reddy,2005-07-02,"No. 144, Market Street, Indiranagar, Noida, Uttar Pradesh - 201089",test,clean
P02538,tamil,F,Vaishnavi,Kumar,given_father,Vaishnavi Kumar,Kumar,2001-10-03,"No. 54, Park Avenue, Velachery, Madurai, Tamil Nadu - 625536",test,clean
P02539,telugu,F,Divya,Reddy,given_surname,Divya Reddy,Srinivas Reddy,2005-07-17,"No. 20, Market Street, Indiranagar, Delhi, Delhi - 110567",test,needs_review
P02540,muslim,F,Ayesha,Sheikh,given_surname,Ayesha Sheikh,Abdul Sheikh,2004-09-16,"No. 65, Park Avenue, Velachery, Ahmedabad, Gujarat - 380169",train,clean
P02541,muslim,F,Shabana,Qureshi,given_surname,Shabana Qureshi,Farhan Qureshi,2005-01-13,"No. 202, Nehru Street, Kakkanad, Coimbatore, Tamil Nadu - 641207",train,clean
P02542,telugu,F,Madhuri,Raju,given_surname,Madhuri Raju,Naresh Raju,1999-01-04,"No. 11, Gandhi Road, Sector 62, Madurai, Tamil Nadu - 625075",train,clean
P02543,muslim,F,Ayesha,Ansari,given_surname,Ayesha Ansari,Abdul Ansari,2003-08-04,"No. 122, Main Road, Kakkanad, Kolkata, West Bengal - 700963",train,clean
P02544,north,M,Ankit,Agarwal,given_surname,Ankit Agarwal,Rohit Agarwal,2003-03-20,"No. 32, Market Street, Jayanagar, Mysuru, Karnataka - 570395",train,clean
P02545,muslim,F,Rukhsar,Khan,given_surname,Rukhsar Khan,Mohammed Khan,2000-08-17,"No. 200, 2nd Main, Sector 62, Thiruvananthapuram, Kerala - 695157",train,critical
P02546,kannada,F,Kavitha,Gowda,given_surname,Kavitha Gowda,Darshan Gowda,1998-06-07,"No. 27, Park Avenue, Malviya Nagar, Hyderabad, Telangana - 500792",train,clean
P02547,telugu,M,Srinivas,Reddy,given_surname,Srinivas Reddy,Naresh Reddy,1999-05-10,"No. 12, Park Avenue, Andheri, Kolkata, West Bengal - 700147",train,needs_review
P02548,muslim,M,Mohammed,Ansari,given_surname,Mohammed Ansari,Salman Ansari,2002-10-02,"No. 42, Market Street, Koramangala, Bengaluru, Karnataka - 560279",train,clean
P02549,north,M,Vikram,Singh,given_surname,Vikram Singh,Ankit Singh,2003-09-26,"No. 20, Cross Road, Andheri, Hyderabad, Telangana - 500823",train,needs_review
P02550,bengali,F,Moumita,Das,given_surname,Moumita Das,Anirban Das,1999-06-15,"No. 239, Market Street, Velachery, Bengaluru, Karnataka - 560670",train,needs_review
P02551,muslim,M,Abdul,Ansari,given_surname,Abdul Ansari,Irfan Ansari,2000-06-17,"No. 152, MG Road, Kakkanad, Chennai, Tamil Nadu - 600130",train,clean
P02552,tamil,M,Manikandan,Balaji,given_father,Manikandan Balaji,Balaji,1999-05-30,"No. 3, Cross Road, Koramangala, Mysuru, Karnataka - 570906",train,clean
P02553,kannada,M,Harish,Rao,given_surname,Harish Rao,Raghavendra Rao,1999-05-12,"No. 239, 4th Cross, Salt Lake, Hyderabad, Telangana - 500554",train,needs_review
P02554,marathi_gujarati,F,Madhuri,Desai,given_surname,Madhuri Desai,Aniket Desai,1998-01-24,"No. 153, Church Street, Navrangpura, Coimbatore, Tamil Nadu - 641833",val,needs_review
P02555,tamil,M,Kannan,Madhavan,given_father,Kannan Madhavan,Madhavan,2002-02-05,"No. 228, Church Street, Andheri, Mumbai, Maharashtra - 400816",val,clean
P02556,tamil,F,Revathi,Karthik,given_father,Revathi Karthik,Karthik,1999-10-29,"No. 84, Main Road, Koramangala, Delhi, Delhi - 110141",val,critical
P02557,tamil,M,Raju,Vignesh,given_father,Raju Vignesh,Vignesh,1998-10-11,"No. 101, Main Road, Anna Nagar, Mysuru, Karnataka - 570233",test,clean
P02558,north,F,Ritu,Tiwari,given_surname,Ritu Tiwari,Pradeep Tiwari,1998-11-30,"No. 21, Park Avenue, Sector 62, Mumbai, Maharashtra - 400417",test,needs_review
P02559,muslim,F,Rukhsar,Syed,given_surname,Rukhsar Syed,Imran Syed,1999-11-01,"No. 46, MG Road, Kakkanad, Noida, Uttar Pradesh - 201627",test,critical
P02560,tamil,M,Saravanan,Vignesh,given_father,Saravanan Vignesh,Vignesh,1998-06-29,"No. 196, 4th Cross, T Nagar, Bengaluru, Karnataka - 560250",train,clean
P02561,north,F,Komal,Yadav,given_surname,Komal Yadav,Sumit Yadav,2003-06-17,"No. 249, Cross Road, Kakkanad, Ahmedabad, Gujarat - 380307",train,clean
P02562,telugu,M,Naresh,Reddy,given_surname,Naresh Reddy,Kiran Reddy,1998-02-08,"No. 107, Gandhi Road, Salt Lake, Noida, Uttar Pradesh - 201735",train,clean
P02563,north,F,Anjali,Singh,given_surname,Anjali Singh,Vikram Singh,2000-12-30,"No. 22, 4th Cross, Indiranagar, Madurai, Tamil Nadu - 625311",train,clean
P02564,bengali,F,Riya,Chatterjee,given_surname,Riya Chatterjee,Arnab Chatterjee,2003-04-16,"No. 113, Main Road, T Nagar, Jaipur, Rajasthan - 302868",train,needs_review
P02565,tamil,M,Velu,Kumar,given_father,Velu Kumar,Kumar,2003-11-22,"No. 226, MG Road, Saket, Mumbai, Maharashtra - 400157",train,critical
P02566,marathi_gujarati,M,Nikhil,Joshi,given_surname,Nikhil Joshi,Jay Joshi,2003-03-26,"No. 66, Lake View Road, Salt Lake, Thiruvananthapuram, Kerala - 695126",train,clean
P02567,telugu,M,Krishna,Chowdary,given_surname,Krishna Chowdary,Ravi Chowdary,2003-05-08,"No. 226, Main Road, T Nagar, Coimbatore, Tamil Nadu - 641437",train,needs_review
P02568,north,M,Amit,Mishra,given_surname,Amit Mishra,Sandeep Mishra,2004-04-27,"No. 165, Market Street, Salt Lake, Kolkata, West Bengal - 700741",train,needs_review
P02569,kannada,F,Pallavi,Rao,given_surname,Pallavi Rao,Puneeth Rao,1998-05-26,"No. 80, Main Road, Anna Nagar, Coimbatore, Tamil Nadu - 641213",train,needs_review
P02570,tamil,F,Lakshmi,Madhavan,given_father,Lakshmi Madhavan,Madhavan,2000-05-03,"No. 210, 4th Cross, Salt Lake, Coimbatore, Tamil Nadu - 641184",train,needs_review
P02571,tamil,M,Elango,Madhavan,given_father,Elango Madhavan,Madhavan,2004-09-03,"No. 158, Station Road, T Nagar, Ahmedabad, Gujarat - 380841",train,clean
P02572,tamil,M,Madhavan,Elango,given_father,Madhavan Elango,Elango,2005-09-19,"No. 152, Station Road, Kothrud, Mumbai, Maharashtra - 400966",train,clean
P02573,north,F,Shreya,Pandey,given_surname,Shreya Pandey,Deepak Pandey,2002-05-03,"No. 194, Gandhi Road, Kothrud, Mysuru, Karnataka - 570444",train,clean
P02574,tamil,F,Indhu,Saravanan,given_father,Indhu Saravanan,Saravanan,1998-10-15,"No. 56, 2nd Main, Andheri, Pune, Maharashtra - 411829",val,clean
P02575,tamil,M,Murugan,Arun,given_father,Murugan Arun,Arun,1998-07-16,"No. 173, Park Avenue, Kothrud, Coimbatore, Tamil Nadu - 641017",val,critical
P02576,kannada,F,Shilpa,Kulkarni,given_surname,Shilpa Kulkarni,Satish Kulkarni,1998-03-09,"No. 221, Market Street, Velachery, Kochi, Kerala - 682382",val,clean
P02577,telugu,F,Lavanya,Chowdary,given_surname,Lavanya Chowdary,Mahesh Chowdary,1999-10-02,"No. 69, Market Street, Banjara Hills, Coimbatore, Tamil Nadu - 641926",test,clean
P02578,north,F,Komal,Chauhan,given_surname,Komal Chauhan,Ajay Chauhan,2000-08-18,"No. 179, Main Road, Kothrud, Jaipur, Rajasthan - 302114",test,needs_review
P02579,marathi_gujarati,F,Snehal,Mehta,given_surname,Snehal Mehta,Aniket Mehta,2002-07-16,"No. 201, MG Road, Kothrud, Coimbatore, Tamil Nadu - 641875",test,clean
P02580,malayalam,M,Arjun,Kurup,given_surname,Arjun Kurup,Vishnu Kurup,2000-04-06,"No. 187, Lake View Road, T Nagar, Jaipur, Rajasthan - 302256",train,clean
P02581,north,F,Priyanka,Agarwal,given_surname,Priyanka Agarwal,Sanjay Agarwal,1998-06-06,"No. 25, MG Road, Koramangala, Madurai, Tamil Nadu - 625495",train,clean
P02582,tamil,M,Vignesh,Murugan,given_father,Vignesh Murugan,Murugan,2005-07-17,"No. 13, Market Street, Saket, Hyderabad, Telangana - 500508",train,clean
P02583,tamil,M,Kumar,Prakash,given_father,Kumar Prakash,Prakash,2005-03-29,"No. 222, Nehru Street, Saket, Mumbai, Maharashtra - 400832",train,needs_review
P02584,kannada,F,Asha,Shetty,given_surname,Asha Shetty,Manjunath Shetty,1999-02-04,"No. 40, Church Street, Kothrud, Kochi, Kerala - 682182",train,critical
P02585,telugu,M,Srinivas,Naidu,given_surname,Srinivas Naidu,Mahesh Naidu,2001-11-10,"No. 250, Church Street, Sector 62, Noida, Uttar Pradesh - 201547",train,clean
P02586,tamil,M,Arun,Kumar,given_father,Arun Kumar,Kumar,2001-07-02,"No. 113, Main Road, Kothrud, Delhi, Delhi - 110311",train,critical
P02587,tamil,F,Sowmya,Velu,given_father,Sowmya Velu,Velu,2005-05-11,"No. 209, Station Road, Kakkanad, Hyderabad, Telangana - 500296",train,needs_review
P02588,telugu,F,Divya,Reddy,given_surname,Divya Reddy,Krishna Reddy,2003-12-27,"No. 13, 4th Cross, Saket, Hyderabad, Telangana - 500503",train,clean
P02589,telugu,F,Swathi,Raju,given_surname,Swathi Raju,Chaitanya Raju,2004-10-02,"No. 189, MG Road, Navrangpura, Kolkata, West Bengal - 700117",train,needs_review
P02590,muslim,M,Farhan,Pathan,given_surname,Farhan Pathan,Arif Pathan,1998-07-07,"No. 213, Church Street, Kothrud, Kolkata, West Bengal - 700329",train,clean
P02591,telugu,M,Srinivas,Naidu,given_surname,Srinivas Naidu,Suresh Naidu,1999-05-25,"No. 95, Cross Road, Banjara Hills, Kolkata, West Bengal - 700069",train,clean
P02592,tamil,F,Malathi,Selvam,given_father,Malathi Selvam,Selvam,2004-07-26,"No. 237, Nehru Street, Salt Lake, Pune, Maharashtra - 411578",train,needs_review
P02593,malayalam,F,Athira,Nair,given_surname,Athira Nair,Vishnu Nair,2003-05-08,"No. 232, Park Avenue, Velachery, Kochi, Kerala - 682366",train,clean
P02594,telugu,M,Suresh,Reddy,given_surname,Suresh Reddy,Krishna Reddy,2002-07-17,"No. 44, 4th Cross, Sector 62, Madurai, Tamil Nadu - 625519",val,critical
P02595,tamil,F,Nithya,Prakash,given_father,Nithya Prakash,Prakash,2004-02-01,"No. 83, Temple Street, Sector 62, Jaipur, Rajasthan - 302363",val,clean
P02596,north,M,Ajay,Sharma,given_surname,Ajay Sharma,Sumit Sharma,1998-08-09,"No. 83, MG Road, Malviya Nagar, Pune, Maharashtra - 411713",val,clean
P02597,telugu,M,Chaitanya,Reddy,given_surname,Chaitanya Reddy,Venkatesh Reddy,2000-11-12,"No. 5, Park Avenue, Koramangala, Mysuru, Karnataka - 570325",test,critical
P02598,kannada,M,Puneeth,Bhat,given_surname,Puneeth Bhat,Harish Bhat,2005-10-24,"No. 214, Park Avenue, Koramangala, Mumbai, Maharashtra - 400270",test,critical
P02599,tamil,M,Karthik,Prakash,given_father,Karthik Prakash,Prakash,2004-09-02,"No. 187, 2nd Main, Kakkanad, Delhi, Delhi - 110006",test,critical
P02600,kannada,F,Kavitha,Rao,given_surname,Kavitha Rao,Puneeth Rao,2004-09-12,"No. 120, Nehru Street, Kakkanad, Kochi, Kerala - 682193",train,clean
P02601,bengali,M,Rajib,Das,given_surname,Rajib Das,Abhijit Das,2004-05-31,"No. 163, Main Road, Malviya Nagar, Kochi, Kerala - 682947",train,clean
P02602,north,F,Sushma,Pandey,given_surname,Sushma Pandey,Sumit Pandey,2005-08-28,"No. 1, Lake View Road, Saket, Chennai, Tamil Nadu - 600763",train,needs_review
P02603,north,F,Sushma,Pandey,given_surname,Sushma Pandey,Ajay Pandey,2004-10-29,"No. 134, Gandhi Road, Salt Lake, Pune, Maharashtra - 411904",train,clean
P02604,christian,M,John,Mathew,given_surname,John Mathew,Joel Mathew,2004-05-14,"No. 135, 2nd Main, Andheri, Chennai, Tamil Nadu - 600103",train,clean
P02605,tamil,F,Kalaiselvi,Balaji,given_father,Kalaiselvi Balaji,Balaji,1999-03-03,"No. 163, 4th Cross, Navrangpura, Mysuru, Karnataka - 570094",train,clean
P02606,malayalam,F,Divya,Kurup,given_surname,Divya Kurup,Nikhil Kurup,2004-12-17,"No. 165, Church Street, Salt Lake, Bengaluru, Karnataka - 560461",train,clean
P02607,bengali,M,Abhijit,Das,given_surname,Abhijit Das,Subhajit Das,1998-05-23,"No. 187, Main Road, Salt Lake, Jaipur, Rajasthan - 302142",train,clean
P02608,telugu,F,Haritha,Naidu,given_surname,Haritha Naidu,Naresh Naidu,2004-07-09,"No. 60, Park Avenue, Kothrud, Thiruvananthapuram, Kerala - 695788",train,clean
P02609,muslim,F,Zainab,Ansari,given_surname,Zainab Ansari,Arif Ansari,2001-08-19,"No. 15, Temple Street, Banjara Hills, Delhi, Delhi - 110506",train,needs_review
P02610,tamil,M,Kannan,Saravanan,given_father,Kannan Saravanan,Saravanan,2002-03-01,"No. 100, Nehru Street, Indiranagar, Pune, Maharashtra - 411690",train,clean
P02611,malayalam,F,Sruthi,Pillai,given_surname,Sruthi Pillai,Hari Pillai,2001-09-17,"No. 44, Church Street, Anna Nagar, Madurai, Tamil Nadu - 625476",train,clean
P02612,muslim,F,Rukhsar,Pathan,given_surname,Rukhsar Pathan,Abdul Pathan,2004-04-20,"No. 167, Gandhi Road, Anna Nagar, Pune, Maharashtra - 411984",train,clean
P02613,tamil,F,Kalaiselvi,Murugan,given_father,Kalaiselvi Murugan,Murugan,2003-02-13,"No. 123, Gandhi Road, Andheri, Jaipur, Rajasthan - 302597",train,clean
P02614,north,F,Komal,Verma,given_surname,Komal Verma,Ankit Verma,2000-05-14,"No. 242, Gandhi Road, Andheri, Chennai, Tamil Nadu - 600091",val,clean
P02615,north,F,Shreya,Pandey,given_surname,Shreya Pandey,Rohit Pandey,2005-04-09,"No. 106, Main Road, Saket, Chennai, Tamil Nadu - 600169",val,clean
P02616,christian,M,Joel,Joseph,given_surname,Joel Joseph,David Joseph,2001-12-20,"No. 118, Market Street, Indiranagar, Noida, Uttar Pradesh - 201841",val,clean
P02617,marathi_gujarati,F,Snehal,Patil,given_surname,Snehal Patil,Aniket Patil,2003-12-06,"No. 183, Main Road, Kakkanad, Pune, Maharashtra - 411805",test,critical
P02618,kannada,F,Asha,Hegde,given_surname,Asha Hegde,Darshan Hegde,2004-02-04,"No. 56, MG Road, T Nagar, Mumbai, Maharashtra - 400217",test,clean
P02619,malayalam,F,Anjali,Nair,given_surname,Anjali Nair,Vishnu Nair,2003-02-04,"No. 176, Temple Street, Andheri, Thiruvananthapuram, Kerala - 695100",test,clean
P02620,tamil,M,Vignesh,Balaji,given_father,Vignesh Balaji,Balaji,1998-07-20,"No. 54, Main Road, Navrangpura, Kolkata, West Bengal - 700532",train,clean
P02621,malayalam,F,Sruthi,Kurup,given_surname,Sruthi Kurup,Jithin Kurup,2002-04-05,"No. 170, Station Road, Malviya Nagar, Kolkata, West Bengal - 700098",train,clean
P02622,tamil,F,Nithya,Kumar,given_father,Nithya Kumar,Kumar,1999-10-30,"No. 136, Station Road, Indiranagar, Mysuru, Karnataka - 570696",train,clean
P02623,north,M,Deepak,Sharma,given_surname,Deepak Sharma,Ankit Sharma,2005-08-30,"No. 17, Lake View Road, Kothrud, Coimbatore, Tamil Nadu - 641846",train,critical
P02624,tamil,F,Sowmya,Kumar,given_father,Sowmya Kumar,Kumar,2000-01-22,"No. 81, Temple Street, Saket, Pune, Maharashtra - 411525",train,clean
P02625,kannada,M,Girish,Bhat,given_surname,Girish Bhat,Manjunath Bhat,2001-09-15,"No. 45, 2nd Main, Navrangpura, Coimbatore, Tamil Nadu - 641119",train,clean
P02626,kannada,M,Puneeth,Rao,given_surname,Puneeth Rao,Harish Rao,2000-12-24,"No. 132, Gandhi Road, Velachery, Mumbai, Maharashtra - 400199",train,clean
P02627,telugu,F,Haritha,Reddy,given_surname,Haritha Reddy,Suresh Reddy,2004-08-26,"No. 188, Church Street, Kothrud, Madurai, Tamil Nadu - 625032",train,clean
P02628,malayalam,M,Sanju,Pillai,given_surname,Sanju Pillai,Rahul Pillai,2005-09-06,"No. 172, 2nd Main, Jayanagar, Delhi, Delhi - 110616",train,needs_review
P02629,tamil,M,Madhavan,Selvam,given_father,Madhavan Selvam,Selvam,2001-09-10,"No. 42, Station Road, Malviya Nagar, Chennai, Tamil Nadu - 600926",train,clean
P02630,north,F,Anjali,Singh,given_surname,Anjali Singh,Pradeep Singh,2002-09-10,"No. 103, Park Avenue, Andheri, Bengaluru, Karnataka - 560265",train,needs_review
P02631,north,F,Pooja,Sharma,given_surname,Pooja Sharma,Sandeep Sharma,2000-04-02,"No. 177, 2nd Main, Sector 62, Coimbatore, Tamil Nadu - 641562",train,clean
P02632,malayalam,F,Reshma,Panicker,given_surname,Reshma Panicker,Hari Panicker,1998-12-27,"No. 236, Gandhi Road, Anna Nagar, Mumbai, Maharashtra - 400171",train,clean
P02633,telugu,F,Sunitha,Chowdary,given_surname,Sunitha Chowdary,Kiran Chowdary,2001-12-05,"No. 155, Church Street, Indiranagar, Bengaluru, Karnataka - 560123",train,clean
P02634,telugu,F,Padma,Chowdary,given_surname,Padma Chowdary,Venkatesh Chowdary,2005-09-02,"No. 20, 4th Cross, Andheri, Noida, Uttar Pradesh - 201978",val,critical
P02635,north,M,Rahul,Gupta,given_surname,Rahul Gupta,Vikram Gupta,2001-08-01,"No. 222, 2nd Main, Koramangala, Mumbai, Maharashtra - 400552",val,critical
P02636,bengali,M,Arnab,Bose,given_surname,Arnab Bose,Debashis Bose,2001-10-14,"No. 29, Park Avenue, T Nagar, Mysuru, Karnataka - 570779",val,needs_review
P02637,north,F,Sneha,Mishra,given_surname,Sneha Mishra,Sumit Mishra,2003-06-03,"No. 117, Temple Street, Navrangpura, Mumbai, Maharashtra - 400132",test,clean
P02638,tamil,F,Kalaiselvi,Balaji,given_father,Kalaiselvi Balaji,Balaji,2004-12-24,"No. 236, Market Street, Saket, Ahmedabad, Gujarat - 380556",test,needs_review
P02639,muslim,F,Ayesha,Ansari,given_surname,Ayesha Ansari,Imran Ansari,1999-08-21,"No. 185, Cross Road, Velachery, Thiruvananthapuram, Kerala - 695576",test,clean
P02640,north,F,Sushma,Sharma,given_surname,Sushma Sharma,Sanjay Sharma,1999-09-10,"No. 104, Church Street, T Nagar, Delhi, Delhi - 110534",train,critical
P02641,north,F,Riya,Sharma,given_surname,Riya Sharma,Pradeep Sharma,2005-10-27,"No. 96, Station Road, Saket, Mysuru, Karnataka - 570070",train,clean
P02642,bengali,F,Riya,Das,given_surname,Riya Das,Rajib Das,2004-01-17,"No. 17, Cross Road, Malviya Nagar, Kochi, Kerala - 682138",train,needs_review
P02643,tamil,M,Balaji,Babu,given_father,Balaji Babu,Babu,2005-12-15,"No. 38, Temple Street, Andheri, Coimbatore, Tamil Nadu - 641423",train,clean
P02644,tamil,F,Janani,Velu,given_father,Janani Velu,Velu,2003-04-14,"No. 187, Main Road, Navrangpura, Hyderabad, Telangana - 500116",train,clean
P02645,tamil,M,Sundar,Saravanan,given_father,Sundar Saravanan,Saravanan,2000-08-05,"No. 219, Temple Street, T Nagar, Chennai, Tamil Nadu - 600255",train,clean
P02646,kannada,F,Bhoomika,Rao,given_surname,Bhoomika Rao,Prashanth Rao,2000-12-19,"No. 129, Park Avenue, Kakkanad, Kolkata, West Bengal - 700884",train,needs_review
P02647,tamil,M,Kumar,Balaji,given_father,Kumar Balaji,Balaji,2001-01-12,"No. 15, Temple Street, Saket, Thiruvananthapuram, Kerala - 695978",train,needs_review
P02648,tamil,F,Sowmya,Elango,given_father,Sowmya Elango,Elango,2000-07-06,"No. 159, Church Street, Navrangpura, Noida, Uttar Pradesh - 201964",train,needs_review
P02649,north,M,Pradeep,Gupta,given_surname,Pradeep Gupta,Rohit Gupta,1999-08-01,"No. 153, Gandhi Road, Saket, Jaipur, Rajasthan - 302644",train,needs_review
P02650,tamil,M,Sundar,Senthil,given_father,Sundar Senthil,Senthil,2003-12-27,"No. 102, 4th Cross, Salt Lake, Chennai, Tamil Nadu - 600917",train,needs_review
P02651,tamil,F,Nithya,Selvam,given_father,Nithya Selvam,Selvam,2002-12-17,"No. 43, Church Street, Salt Lake, Bengaluru, Karnataka - 560625",train,critical
P02652,north,F,Sushma,Singh,given_surname,Sushma Singh,Sanjay Singh,2003-10-05,"No. 172, Park Avenue, T Nagar, Kochi, Kerala - 682943",train,critical
P02653,bengali,M,Debashis,Das,given_surname,Debashis Das,Subhajit Das,2004-09-08,"No. 149, Nehru Street, Saket, Ahmedabad, Gujarat - 380430",train,critical
P02654,telugu,F,Sravani,Chowdary,given_surname,Sravani Chowdary,Suresh Chowdary,1998-01-18,"No. 217, Cross Road, Anna Nagar, Hyderabad, Telangana - 500773",val,clean
P02655,north,F,Komal,Yadav,given_surname,Komal Yadav,Rahul Yadav,2000-04-13,"No. 76, MG Road, Salt Lake, Pune, Maharashtra - 411657",val,critical
P02656,north,F,Simran,Agarwal,given_surname,Simran Agarwal,Pradeep Agarwal,2002-09-17,"No. 58, Church Street, T Nagar, Jaipur, Rajasthan - 302241",val,clean
P02657,christian,M,Samuel,Pereira,given_surname,Samuel Pereira,Daniel Pereira,2001-02-07,"No. 228, Cross Road, Salt Lake, Kolkata, West Bengal - 700146",test,critical
P02658,bengali,M,Sayan,Bose,given_surname,Sayan Bose,Arnab Bose,1999-10-03,"No. 13, 4th Cross, Sector 62, Hyderabad, Telangana - 500523",test,clean
P02659,marathi_gujarati,F,Prachi,Shah,given_surname,Prachi Shah,Nikhil Shah,2001-04-22,"No. 33, Cross Road, Anna Nagar, Noida, Uttar Pradesh - 201004",test,clean
P02660,malayalam,M,Akhil,Panicker,given_surname,Akhil Panicker,Hari Panicker,2002-10-15,"No. 244, Temple Street, Saket, Kochi, Kerala - 682998",train,clean
P02661,tamil,F,Abirami,Kumar,given_father,Abirami Kumar,Kumar,2001-05-28,"No. 92, Cross Road, Jayanagar, Coimbatore, Tamil Nadu - 641883",train,needs_review
P02662,tamil,F,Sowmya,Manikandan,given_father,Sowmya Manikandan,Manikandan,2004-09-25,"No. 217, Temple Street, Andheri, Noida, Uttar Pradesh - 201297",train,clean
P02663,marathi_gujarati,M,Aniket,Patel,given_surname,Aniket Patel,Sagar Patel,2001-07-05,"No. 82, Park Avenue, Malviya Nagar, Noida, Uttar Pradesh - 201305",train,clean
P02664,tamil,M,Prakash,Kumar,given_father,Prakash Kumar,Kumar,2000-11-13,"No. 78, Lake View Road, Anna Nagar, Thiruvananthapuram, Kerala - 695202",train,clean
P02665,north,M,Rohit,Chauhan,given_surname,Rohit Chauhan,Ajay Chauhan,2001-04-04,"No. 94, Lake View Road, Andheri, Chennai, Tamil Nadu - 600382",train,clean
P02666,tamil,M,Manikandan,Babu,given_father,Manikandan Babu,Babu,1998-05-04,"No. 64, MG Road, Jayanagar, Delhi, Delhi - 110428",train,clean
P02667,muslim,M,Salman,Ansari,given_surname,Salman Ansari,Abdul Ansari,1998-12-18,"No. 200, Nehru Street, Velachery, Delhi, Delhi - 110853",train,clean
P02668,christian,M,Samuel,Joseph,given_surname,Samuel Joseph,David Joseph,1998-02-11,"No. 34, Lake View Road, T Nagar, Madurai, Tamil Nadu - 625411",train,clean
P02669,north,F,Sneha,Pandey,given_surname,Sneha Pandey,Gaurav Pandey,2003-06-16,"No. 165, Main Road, Indiranagar, Kochi, Kerala - 682142",train,clean
P02670,kannada,F,Bhoomika,Rao,given_surname,Bhoomika Rao,Darshan Rao,2002-01-18,"No. 233, Park Avenue, Andheri, Pune, Maharashtra - 411684",train,needs_review
P02671,north,M,Amit,Yadav,given_surname,Amit Yadav,Rohit Yadav,2001-02-14,"No. 181, Temple Street, Jayanagar, Madurai, Tamil Nadu - 625410",train,clean
P02672,tamil,M,Raju,Senthil,given_father,Raju Senthil,Senthil,1999-12-02,"No. 51, Lake View Road, T Nagar, Thiruvananthapuram, Kerala - 695115",train,critical
P02673,north,F,Archana,Agarwal,given_surname,Archana Agarwal,Ajay Agarwal,2003-01-13,"No. 145, Nehru Street, Sector 62, Ahmedabad, Gujarat - 380922",train,clean
P02674,tamil,M,Saravanan,Raju,given_father,Saravanan Raju,Raju,1999-07-19,"No. 247, Station Road, Indiranagar, Mysuru, Karnataka - 570100",val,clean
P02675,muslim,F,Ayesha,Pathan,given_surname,Ayesha Pathan,Arif Pathan,2003-11-15,"No. 135, Park Avenue, Salt Lake, Kolkata, West Bengal - 700927",val,clean
P02676,tamil,F,Kalaiselvi,Kumar,given_father,Kalaiselvi Kumar,Kumar,2005-12-10,"No. 28, 4th Cross, Sector 62, Hyderabad, Telangana - 500624",val,clean
P02677,tamil,M,Manikandan,Senthil,given_father,Manikandan Senthil,Senthil,2002-10-29,"No. 64, Park Avenue, Saket, Noida, Uttar Pradesh - 201537",test,clean
P02678,kannada,F,Asha,Shetty,given_surname,Asha Shetty,Darshan Shetty,2000-08-29,"No. 28, Gandhi Road, Saket, Chennai, Tamil Nadu - 600005",test,clean
P02679,north,F,Riya,Yadav,given_surname,Riya Yadav,Pradeep Yadav,2003-01-15,"No. 74, Market Street, Navrangpura, Coimbatore, Tamil Nadu - 641027",test,clean
P02680,kannada,F,Pallavi,Hegde,given_surname,Pallavi Hegde,Raghavendra Hegde,1999-08-22,"No. 81, Cross Road, Andheri, Thiruvananthapuram, Kerala - 695760",train,clean
P02681,telugu,F,Haritha,Raju,given_surname,Haritha Raju,Prasad Raju,2003-02-15,"No. 224, Lake View Road, Koramangala, Kochi, Kerala - 682212",train,clean
P02682,tamil,F,Indhu,Saravanan,given_father,Indhu Saravanan,Saravanan,2001-09-26,"No. 5, MG Road, Sector 62, Thiruvananthapuram, Kerala - 695643",train,needs_review
P02683,marathi_gujarati,F,Krupa,Desai,given_surname,Krupa Desai,Jay Desai,2004-02-28,"No. 184, MG Road, T Nagar, Mysuru, Karnataka - 570855",train,clean
P02684,malayalam,F,Sruthi,Panicker,given_surname,Sruthi Panicker,Anand Panicker,2000-11-13,"No. 69, 4th Cross, Anna Nagar, Coimbatore, Tamil Nadu - 641358",train,clean
P02685,muslim,M,Irfan,Syed,given_surname,Irfan Syed,Mohammed Syed,2004-02-19,"No. 159, Main Road, Velachery, Hyderabad, Telangana - 500813",train,clean
P02686,telugu,M,Naresh,Varma,given_surname,Naresh Varma,Kiran Varma,1998-11-13,"No. 65, 4th Cross, Andheri, Ahmedabad, Gujarat - 380241",train,clean
P02687,kannada,F,Rashmi,Bhat,given_surname,Rashmi Bhat,Harish Bhat,2003-04-17,"No. 122, 4th Cross, Kothrud, Kolkata, West Bengal - 700778",train,clean
P02688,north,M,Rohit,Yadav,given_surname,Rohit Yadav,Deepak Yadav,2001-08-20,"No. 93, Church Street, Velachery, Kolkata, West Bengal - 700900",train,clean
P02689,muslim,F,Rukhsar,Qureshi,given_surname,Rukhsar Qureshi,Sameer Qureshi,2002-06-08,"No. 235, Market Street, Andheri, Delhi, Delhi - 110923",train,needs_review
P02690,muslim,M,Abdul,Syed,given_surname,Abdul Syed,Irfan Syed,2004-10-03,"No. 71, Main Road, Indiranagar, Madurai, Tamil Nadu - 625770",train,needs_review
P02691,bengali,M,Subhajit,Banerjee,given_surname,Subhajit Banerjee,Sayan Banerjee,2002-12-04,"No. 218, Church Street, Malviya Nagar, Madurai, Tamil Nadu - 625874",train,clean
P02692,tamil,F,Lakshmi,Raju,given_father,Lakshmi Raju,Raju,2000-07-05,"No. 238, Nehru Street, Koramangala, Kochi, Kerala - 682755",train,clean
P02693,muslim,M,Imran,Pathan,given_surname,Imran Pathan,Sameer Pathan,2001-02-12,"No. 73, Market Street, T Nagar, Mysuru, Karnataka - 570982",train,clean
P02694,kannada,F,Shilpa,Bhat,given_surname,Shilpa Bhat,Naveen Bhat,2001-12-30,"No. 228, Market Street, Anna Nagar, Coimbatore, Tamil Nadu - 641719",val,critical
P02695,muslim,F,Fathima,Ansari,given_surname,Fathima Ansari,Irfan Ansari,2005-02-18,"No. 27, 2nd Main, Kakkanad, Delhi, Delhi - 110161",val,needs_review
P02696,malayalam,F,Aswathy,Pillai,given_surname,Aswathy Pillai,Anand Pillai,2003-06-14,"No. 125, Temple Street, Velachery, Thiruvananthapuram, Kerala - 695609",val,needs_review
P02697,muslim,M,Imran,Khan,given_surname,Imran Khan,Sameer Khan,1999-06-01,"No. 60, Main Road, Velachery, Ahmedabad, Gujarat - 380866",test,clean
P02698,bengali,F,Ishita,Mukherjee,given_surname,Ishita Mukherjee,Rajib Mukherjee,2001-01-11,"No. 17, Church Street, Anna Nagar, Mysuru, Karnataka - 570595",test,clean
P02699,north,F,Pooja,Singh,given_surname,Pooja Singh,Ankit Singh,1999-12-23,"No. 131, Temple Street, Indiranagar, Delhi, Delhi - 110490",test,clean
P02700,telugu,M,Ravi,Reddy,given_surname,Ravi Reddy,Srinivas Reddy,2000-03-17,"No. 232, 2nd Main, Andheri, Mumbai, Maharashtra - 400432",train,clean
P02701,muslim,M,Irfan,Pathan,given_surname,Irfan Pathan,Abdul Pathan,2001-05-22,"No. 225, 4th Cross, Velachery, Ahmedabad, Gujarat - 380140",train,clean
P02702,malayalam,F,Lekshmi,Varghese,given_surname,Lekshmi Varghese,Anand Varghese,1999-09-18,"No. 75, Temple Street, Navrangpura, Kolkata, West Bengal - 700865",train,needs_review
P02703,telugu,M,Chaitanya,Naidu,given_surname,Chaitanya Naidu,Kiran Naidu,2005-11-27,"No. 147, Gandhi Road, Jayanagar, Kochi, Kerala - 682983",train,needs_review
P02704,telugu,M,Naresh,Chowdary,given_surname,Naresh Chowdary,Kiran Chowdary,2005-02-16,"No. 215, Station Road, Velachery, Coimbatore, Tamil Nadu - 641042",train,critical
P02705,bengali,M,Sayan,Mukherjee,given_surname,Sayan Mukherjee,Subhajit Mukherjee,1999-11-19,"No. 46, Temple Street, Jayanagar, Coimbatore, Tamil Nadu - 641939",train,clean
P02706,telugu,M,Naresh,Rao,given_surname,Naresh Rao,Kiran Rao,2004-01-27,"No. 227, Main Road, Anna Nagar, Kochi, Kerala - 682936",train,clean
P02707,tamil,M,Arun,Siva,given_father,Arun Siva,Siva,1999-07-02,"No. 18, 4th Cross, Banjara Hills, Delhi, Delhi - 110883",train,needs_review
P02708,north,M,Rohit,Mishra,given_surname,Rohit Mishra,Ankit Mishra,2002-12-12,"No. 174, Cross Road, Salt Lake, Mysuru, Karnataka - 570160",train,clean
P02709,tamil,M,Senthil,Manikandan,given_father,Senthil Manikandan,Manikandan,1998-08-14,"No. 70, Market Street, Koramangala, Mysuru, Karnataka - 570153",train,needs_review
P02710,north,F,Sneha,Agarwal,given_surname,Sneha Agarwal,Ankit Agarwal,2000-07-27,"No. 148, 4th Cross, Anna Nagar, Ahmedabad, Gujarat - 380521",train,clean
P02711,north,F,Shreya,Sharma,given_surname,Shreya Sharma,Pradeep Sharma,1999-02-17,"No. 45, Temple Street, Banjara Hills, Pune, Maharashtra - 411870",train,needs_review
P02712,north,F,Pooja,Agarwal,given_surname,Pooja Agarwal,Rohit Agarwal,2002-05-08,"No. 4, MG Road, Navrangpura, Thiruvananthapuram, Kerala - 695742",train,needs_review
P02713,north,F,Archana,Agarwal,given_surname,Archana Agarwal,Sumit Agarwal,2004-11-24,"No. 158, Nehru Street, Jayanagar, Thiruvananthapuram, Kerala - 695347",train,clean
P02714,christian,F,Jessica,Pereira,given_surname,Jessica Pereira,Joseph Pereira,1999-02-22,"No. 22, Park Avenue, Anna Nagar, Bengaluru, Karnataka - 560200",val,critical
P02715,muslim,M,Mohammed,Ansari,given_surname,Mohammed Ansari,Salman Ansari,2002-11-03,"No. 125, Cross Road, Malviya Nagar, Kochi, Kerala - 682765",val,clean
P02716,kannada,M,Shashank,Bhat,given_surname,Shashank Bhat,Manjunath Bhat,1999-09-08,"No. 234, 2nd Main, Kothrud, Hyderabad, Telangana - 500175",val,clean
P02717,north,F,Sushma,Pandey,given_surname,Sushma Pandey,Gaurav Pandey,2005-06-02,"No. 117, Church Street, Anna Nagar, Mysuru, Karnataka - 570983",test,clean
P02718,bengali,F,Moumita,Sen,given_surname,Moumita Sen,Sayan Sen,1999-09-13,"No. 105, Park Avenue, Sector 62, Kolkata, West Bengal - 700636",test,clean
P02719,tamil,M,Manikandan,Balaji,given_father,Manikandan Balaji,Balaji,2001-06-22,"No. 175, Lake View Road, Koramangala, Coimbatore, Tamil Nadu - 641902",test,clean
P02720,north,F,Archana,Pandey,given_surname,Archana Pandey,Ajay Pandey,2000-10-13,"No. 217, Temple Street, Malviya Nagar, Noida, Uttar Pradesh - 201840",train,clean
P02721,telugu,M,Mahesh,Varma,given_surname,Mahesh Varma,Prasad Varma,1999-11-29,"No. 116, Cross Road, Saket, Noida, Uttar Pradesh - 201477",train,clean
P02722,telugu,F,Madhuri,Varma,given_surname,Madhuri Varma,Mahesh Varma,2000-10-01,"No. 76, Lake View Road, Koramangala, Thiruvananthapuram, Kerala - 695775",train,clean
P02723,marathi_gujarati,F,Rutuja,Kulkarni,given_surname,Rutuja Kulkarni,Aniket Kulkarni,1999-07-03,"No. 118, Market Street, Jayanagar, Chennai, Tamil Nadu - 600840",train,clean
P02724,malayalam,M,Sreejith,Panicker,given_surname,Sreejith Panicker,Jithin Panicker,2003-06-15,"No. 8, Temple Street, Indiranagar, Mysuru, Karnataka - 570583",train,clean
P02725,tamil,F,Harini,Kannan,given_father,Harini Kannan,Kannan,2005-05-08,"No. 76, 4th Cross, Kothrud, Delhi, Delhi - 110312",train,clean
P02726,north,F,Sneha,Singh,given_surname,Sneha Singh,Ankit Singh,1999-10-16,"No. 229, 2nd Main, Salt Lake, Jaipur, Rajasthan - 302795",train,clean
P02727,north,M,Rahul,Pandey,given_surname,Rahul Pandey,Pradeep Pandey,2002-01-20,"No. 215, 2nd Main, Kothrud, Thiruvananthapuram, Kerala - 695186",train,clean
P02728,telugu,F,Padma,Raju,given_surname,Padma Raju,Naresh Raju,1999-07-21,"No. 233, Station Road, T Nagar, Hyderabad, Telangana - 500764",train,clean
P02729,bengali,M,Rajib,Chatterjee,given_surname,Rajib Chatterjee,Abhijit Chatterjee,2002-03-17,"No. 5, Temple Street, T Nagar, Kochi, Kerala - 682062",train,clean
P02730,kannada,F,Sahana,Kulkarni,given_surname,Sahana Kulkarni,Prashanth Kulkarni,1998-04-06,"No. 237, Park Avenue, Anna Nagar, Bengaluru, Karnataka - 560307",train,clean
P02731,christian,M,John,Joseph,given_surname,John Joseph,Samuel Joseph,2004-06-21,"No. 209, MG Road, Sector 62, Jaipur, Rajasthan - 302898",train,needs_review
P02732,tamil,F,Kalaiselvi,Madhavan,given_father,Kalaiselvi Madhavan,Madhavan,2005-05-19,"No. 49, Gandhi Road, Sector 62, Madurai, Tamil Nadu - 625880",train,needs_review
P02733,christian,F,Jennifer,Thomas,given_surname,Jennifer Thomas,Joel Thomas,2001-05-01,"No. 243, Gandhi Road, Banjara Hills, Noida, Uttar Pradesh - 201523",train,needs_review
P02734,north,M,Ajay,Mishra,given_surname,Ajay Mishra,Gaurav Mishra,2003-10-12,"No. 31, Station Road, Koramangala, Kolkata, West Bengal - 700409",val,needs_review
P02735,north,M,Rahul,Sharma,given_surname,Rahul Sharma,Ajay Sharma,2000-01-28,"No. 106, Temple Street, Kakkanad, Hyderabad, Telangana - 500235",val,clean
P02736,christian,M,Samuel,Fernandes,given_surname,Samuel Fernandes,David Fernandes,2005-04-21,"No. 62, Cross Road, Navrangpura, Mumbai, Maharashtra - 400937",val,needs_review
P02737,telugu,M,Ravi,Chowdary,given_surname,Ravi Chowdary,Chaitanya Chowdary,2000-11-06,"No. 237, Church Street, Anna Nagar, Chennai, Tamil Nadu - 600871",test,clean
P02738,marathi_gujarati,F,Dhwani,Mehta,given_surname,Dhwani Mehta,Omkar Mehta,2003-01-14,"No. 121, Cross Road, T Nagar, Delhi, Delhi - 110202",test,clean
P02739,north,M,Vikram,Chauhan,given_surname,Vikram Chauhan,Amit Chauhan,2004-05-31,"No. 113, Main Road, Koramangala, Jaipur, Rajasthan - 302059",test,clean
P02740,tamil,M,Balaji,Elango,given_father,Balaji Elango,Elango,2001-09-27,"No. 117, Main Road, Kakkanad, Madurai, Tamil Nadu - 625998",train,clean
P02741,muslim,F,Sana,Khan,given_surname,Sana Khan,Arif Khan,2000-01-21,"No. 248, Church Street, Navrangpura, Hyderabad, Telangana - 500615",train,needs_review
P02742,christian,M,Thomas,Pereira,given_surname,Thomas Pereira,Samuel Pereira,2003-04-24,"No. 237, Station Road, Kakkanad, Jaipur, Rajasthan - 302344",train,clean
P02743,bengali,F,Riya,Banerjee,given_surname,Riya Banerjee,Sayan Banerjee,2005-06-17,"No. 11, 2nd Main, Malviya Nagar, Hyderabad, Telangana - 500056",train,needs_review
P02744,north,F,Priyanka,Verma,given_surname,Priyanka Verma,Ajay Verma,2000-09-02,"No. 123, Park Avenue, Kothrud, Hyderabad, Telangana - 500802",train,needs_review
P02745,bengali,F,Ananya,Mukherjee,given_surname,Ananya Mukherjee,Rajib Mukherjee,1999-04-20,"No. 144, Market Street, Navrangpura, Thiruvananthapuram, Kerala - 695738",train,clean
P02746,telugu,M,Ravi,Varma,given_surname,Ravi Varma,Krishna Varma,1999-08-25,"No. 33, Temple Street, Koramangala, Thiruvananthapuram, Kerala - 695468",train,needs_review
P02747,north,F,Sneha,Sharma,given_surname,Sneha Sharma,Sandeep Sharma,1999-04-25,"No. 228, Temple Street, Andheri, Coimbatore, Tamil Nadu - 641637",train,clean
P02748,bengali,M,Debashis,Roy,given_surname,Debashis Roy,Arnab Roy,2005-10-20,"No. 229, Park Avenue, Koramangala, Coimbatore, Tamil Nadu - 641858",train,clean
P02749,marathi_gujarati,M,Tejas,Mehta,given_surname,Tejas Mehta,Sagar Mehta,2002-03-13,"No. 16, Market Street, Kothrud, Mysuru, Karnataka - 570508",train,clean
P02750,kannada,M,Prashanth,Shetty,given_surname,Prashanth Shetty,Naveen Shetty,2003-09-07,"No. 187, Nehru Street, Malviya Nagar, Mysuru, Karnataka - 570993",train,clean
P02751,north,M,Rahul,Pandey,given_surname,Rahul Pandey,Deepak Pandey,2002-01-13,"No. 203, 2nd Main, Andheri, Mysuru, Karnataka - 570044",train,clean
P02752,kannada,F,Shilpa,Hegde,given_surname,Shilpa Hegde,Shashank Hegde,1998-10-07,"No. 6, MG Road, Andheri, Hyderabad, Telangana - 500106",train,needs_review
P02753,north,M,Rahul,Tiwari,given_surname,Rahul Tiwari,Gaurav Tiwari,2004-12-28,"No. 162, MG Road, Jayanagar, Jaipur, Rajasthan - 302190",train,clean
P02754,north,F,Simran,Tiwari,given_surname,Simran Tiwari,Deepak Tiwari,1999-04-02,"No. 100, MG Road, Malviya Nagar, Coimbatore, Tamil Nadu - 641244",val,clean
P02755,tamil,M,Arun,Selvam,given_father,Arun Selvam,Selvam,1998-11-18,"No. 15, Nehru Street, Kothrud, Kolkata, West Bengal - 700009",val,clean
P02756,kannada,F,Bhoomika,Hegde,given_surname,Bhoomika Hegde,Raghavendra Hegde,1998-10-18,"No. 139, Market Street, Jayanagar, Kolkata, West Bengal - 700462",val,clean
P02757,north,M,Vikram,Singh,given_surname,Vikram Singh,Ankit Singh,2003-12-03,"No. 194, Main Road, Anna Nagar, Pune, Maharashtra - 411540",test,clean
P02758,tamil,F,Lakshmi,Saravanan,given_father,Lakshmi Saravanan,Saravanan,1998-08-07,"No. 223, Church Street, Anna Nagar, Ahmedabad, Gujarat - 380111",test,clean
P02759,tamil,M,Karthik,Sundar,given_father,Karthik Sundar,Sundar,2000-04-27,"No. 192, Main Road, Malviya Nagar, Bengaluru, Karnataka - 560037",test,critical
P02760,north,M,Rahul,Mishra,given_surname,Rahul Mishra,Sanjay Mishra,2005-05-24,"No. 17, Market Street, Velachery, Bengaluru, Karnataka - 560295",train,clean
P02761,north,F,Komal,Tiwari,given_surname,Komal Tiwari,Rahul Tiwari,1998-02-22,"No. 118, Cross Road, Kothrud, Bengaluru, Karnataka - 560245",train,clean
P02762,north,M,Rahul,Agarwal,given_surname,Rahul Agarwal,Vikram Agarwal,2004-04-24,"No. 90, Main Road, Kothrud, Jaipur, Rajasthan - 302130",train,needs_review
P02763,tamil,F,Vaishnavi,Balaji,given_father,Vaishnavi Balaji,Balaji,2002-08-29,"No. 239, Park Avenue, Kothrud, Kochi, Kerala - 682151",train,clean
P02764,north,M,Pradeep,Yadav,given_surname,Pradeep Yadav,Ankit Yadav,2003-04-20,"No. 215, Church Street, Banjara Hills, Mumbai, Maharashtra - 400734",train,needs_review
P02765,kannada,F,Kavitha,Rao,given_surname,Kavitha Rao,Satish Rao,2004-02-06,"No. 247, Lake View Road, Kothrud, Bengaluru, Karnataka - 560745",train,clean
P02766,kannada,F,Rashmi,Shetty,given_surname,Rashmi Shetty,Puneeth Shetty,2005-10-16,"No. 89, 4th Cross, Andheri, Hyderabad, Telangana - 500193",train,critical
P02767,north,M,Ajay,Yadav,given_surname,Ajay Yadav,Pradeep Yadav,2000-07-05,"No. 198, Main Road, Sector 62, Noida, Uttar Pradesh - 201802",train,clean
P02768,christian,F,Jennifer,Fernandes,given_surname,Jennifer Fernandes,George Fernandes,2002-09-09,"No. 98, Nehru Street, Sector 62, Mumbai, Maharashtra - 400344",train,clean
P02769,tamil,M,Elango,Sundar,given_father,Elango Sundar,Sundar,2004-06-03,"No. 129, MG Road, Anna Nagar, Mumbai, Maharashtra - 400339",train,needs_review
P02770,north,M,Pradeep,Agarwal,given_surname,Pradeep Agarwal,Sandeep Agarwal,2004-07-01,"No. 10, 2nd Main, T Nagar, Coimbatore, Tamil Nadu - 641574",train,clean
P02771,tamil,M,Arun,Ramesh,given_father,Arun Ramesh,Ramesh,2001-05-20,"No. 84, 2nd Main, Jayanagar, Kochi, Kerala - 682623",train,clean
P02772,bengali,M,Subhajit,Das,given_surname,Subhajit Das,Abhijit Das,2002-11-26,"No. 18, Main Road, Navrangpura, Mumbai, Maharashtra - 400144",train,clean
P02773,malayalam,F,Neethu,Nair,given_surname,Neethu Nair,Hari Nair,2002-07-23,"No. 131, MG Road, Sector 62, Pune, Maharashtra - 411712",train,clean
P02774,telugu,M,Venkatesh,Rao,given_surname,Venkatesh Rao,Mahesh Rao,2002-01-16,"No. 46, Temple Street, Velachery, Kolkata, West Bengal - 700734",val,clean
P02775,kannada,F,Shilpa,Bhat,given_surname,Shilpa Bhat,Satish Bhat,1999-10-28,"No. 230, Gandhi Road, Velachery, Coimbatore, Tamil Nadu - 641335",val,clean
P02776,north,F,Riya,Sharma,given_surname,Riya Sharma,Deepak Sharma,2001-11-08,"No. 208, 2nd Main, Jayanagar, Delhi, Delhi - 110642",val,critical
P02777,tamil,F,Indhu,Siva,given_father,Indhu Siva,Siva,2003-08-04,"No. 219, Station Road, Salt Lake, Kochi, Kerala - 682513",test,clean
P02778,telugu,F,Lavanya,Reddy,given_surname,Lavanya Reddy,Kiran Reddy,2004-03-24,"No. 77, Lake View Road, Andheri, Bengaluru, Karnataka - 560556",test,clean
P02779,north,F,Sneha,Singh,given_surname,Sneha Singh,Vikram Singh,2003-09-15,"No. 239, Gandhi Road, Jayanagar, Thiruvananthapuram, Kerala - 695774",test,clean
P02780,telugu,F,Bhavani,Varma,given_surname,Bhavani Varma,Srinivas Varma,1999-07-29,"No. 99, 4th Cross, T Nagar, Noida, Uttar Pradesh - 201247",train,critical
P02781,malayalam,M,Jithin,Varghese,given_surname,Jithin Varghese,Sanju Varghese,2000-07-04,"No. 232, Church Street, Salt Lake, Bengaluru, Karnataka - 560916",train,clean
P02782,kannada,M,Girish,Hegde,given_surname,Girish Hegde,Raghavendra Hegde,2000-06-21,"No. 3, Lake View Road, Andheri, Mumbai, Maharashtra - 400775",train,needs_review
P02783,marathi_gujarati,M,Harsh,Deshpande,given_surname,Harsh Deshpande,Sagar Deshpande,1998-04-16,"No. 31, Temple Street, Anna Nagar, Kolkata, West Bengal - 700493",train,clean
P02784,malayalam,M,Hari,Pillai,given_surname,Hari Pillai,Arjun Pillai,2003-11-03,"No. 189, Market Street, Indiranagar, Pune, Maharashtra - 411517",train,needs_review
P02785,muslim,M,Farhan,Qureshi,given_surname,Farhan Qureshi,Mohammed Qureshi,2004-05-24,"No. 239, 2nd Main, Koramangala, Mysuru, Karnataka - 570999",train,clean
P02786,kannada,M,Manjunath,Hegde,given_surname,Manjunath Hegde,Raghavendra Hegde,2002-10-20,"No. 170, Market Street, Koramangala, Kochi, Kerala - 682173",train,clean
P02787,bengali,M,Debashis,Chatterjee,given_surname,Debashis Chatterjee,Sourav Chatterjee,2001-12-05,"No. 94, Cross Road, Koramangala, Ahmedabad, Gujarat - 380956",train,clean
P02788,north,M,Ankit,Chauhan,given_surname,Ankit Chauhan,Sumit Chauhan,2003-02-10,"No. 27, Church Street, Sector 62, Coimbatore, Tamil Nadu - 641661",train,critical
P02789,muslim,M,Abdul,Pathan,given_surname,Abdul Pathan,Farhan Pathan,1999-02-25,"No. 173, Nehru Street, Salt Lake, Thiruvananthapuram, Kerala - 695848",train,clean
P02790,north,F,Sneha,Mishra,given_surname,Sneha Mishra,Gaurav Mishra,2003-11-12,"No. 163, Gandhi Road, Kothrud, Jaipur, Rajasthan - 302276",train,needs_review
P02791,muslim,M,Mohammed,Ansari,given_surname,Mohammed Ansari,Imran Ansari,1999-06-25,"No. 177, Market Street, Andheri, Thiruvananthapuram, Kerala - 695953",train,needs_review
P02792,north,M,Sumit,Yadav,given_surname,Sumit Yadav,Deepak Yadav,2003-12-21,"No. 87, Cross Road, Anna Nagar, Coimbatore, Tamil Nadu - 641318",train,clean
P02793,north,M,Gaurav,Yadav,given_surname,Gaurav Yadav,Deepak Yadav,2001-09-08,"No. 5, Church Street, Kakkanad, Delhi, Delhi - 110513",train,clean
P02794,muslim,M,Salman,Syed,given_surname,Salman Syed,Irfan Syed,2001-03-24,"No. 116, Market Street, Saket, Chennai, Tamil Nadu - 600289",val,needs_review
P02795,christian,F,Teresa,Pereira,given_surname,Teresa Pereira,Joel Pereira,1999-02-07,"No. 123, Market Street, Malviya Nagar, Mysuru, Karnataka - 570059",val,critical
P02796,kannada,F,Rashmi,Hegde,given_surname,Rashmi Hegde,Prashanth Hegde,2000-04-14,"No. 166, Main Road, Jayanagar, Pune, Maharashtra - 411252",val,clean
P02797,muslim,M,Irfan,Syed,given_surname,Irfan Syed,Farhan Syed,2005-05-04,"No. 84, Temple Street, Indiranagar, Mumbai, Maharashtra - 400774",test,clean
P02798,north,F,Neha,Verma,given_surname,Neha Verma,Sanjay Verma,2005-02-10,"No. 207, Nehru Street, T Nagar, Delhi, Delhi - 110853",test,clean
P02799,tamil,M,Prakash,Madhavan,given_father,Prakash Madhavan,Madhavan,2005-04-15,"No. 62, Lake View Road, Kothrud, Kolkata, West Bengal - 700494",test,clean
P02800,north,M,Vikram,Yadav,given_surname,Vikram Yadav,Ajay Yadav,2002-02-05,"No. 86, Cross Road, Jayanagar, Delhi, Delhi - 110923",train,needs_review
P02801,north,F,Shreya,Yadav,given_surname,Shreya Yadav,Vikram Yadav,2004-07-18,"No. 150, Church Street, Saket, Noida, Uttar Pradesh - 201229",train,clean
P02802,malayalam,F,Sruthi,Varghese,given_surname,Sruthi Varghese,Vishnu Varghese,1999-10-24,"No. 148, Temple Street, Koramangala, Pune, Maharashtra - 411284",train,clean
P02803,telugu,F,Haritha,Reddy,given_surname,Haritha Reddy,Naresh Reddy,2000-06-28,"No. 175, Nehru Street, Indiranagar, Coimbatore, Tamil Nadu - 641182",train,clean
P02804,christian,M,Daniel,Pereira,given_surname,Daniel Pereira,Thomas Pereira,2001-04-10,"No. 43, Park Avenue, Sector 62, Hyderabad, Telangana - 500989",train,clean
P02805,marathi_gujarati,M,Sagar,Mehta,given_surname,Sagar Mehta,Omkar Mehta,2003-02-14,"No. 70, Market Street, Kakkanad, Coimbatore, Tamil Nadu - 641047",train,critical
P02806,malayalam,F,Aswathy,Kurup,given_surname,Aswathy Kurup,Sanju Kurup,2003-10-23,"No. 216, Gandhi Road, Saket, Thiruvananthapuram, Kerala - 695806",train,clean
P02807,muslim,F,Ayesha,Khan,given_surname,Ayesha Khan,Salman Khan,2002-01-14,"No. 139, Main Road, Jayanagar, Kolkata, West Bengal - 700729",train,clean
P02808,tamil,F,Yamini,Elango,given_father,Yamini Elango,Elango,2005-01-22,"No. 21, Gandhi Road, Salt Lake, Madurai, Tamil Nadu - 625081",train,clean
P02809,kannada,F,Rashmi,Kulkarni,given_surname,Rashmi Kulkarni,Shashank Kulkarni,2000-03-18,"No. 58, MG Road, Kakkanad, Hyderabad, Telangana - 500289",train,clean
P02810,telugu,M,Chaitanya,Naidu,given_surname,Chaitanya Naidu,Srinivas Naidu,2003-03-23,"No. 39, Main Road, Kothrud, Pune, Maharashtra - 411783",train,clean
P02811,tamil,F,Keerthana,Selvam,given_father,Keerthana Selvam,Selvam,2003-07-23,"No. 139, Cross Road, Koramangala, Chennai, Tamil Nadu - 600926",train,clean
P02812,telugu,F,Swathi,Naidu,given_surname,Swathi Naidu,Suresh Naidu,1999-08-07,"No. 235, 2nd Main, Malviya Nagar, Mumbai, Maharashtra - 400281",train,clean
P02813,north,F,Anjali,Tiwari,given_surname,Anjali Tiwari,Sanjay Tiwari,2005-07-25,"No. 249, Market Street, Sector 62, Pune, Maharashtra - 411926",train,needs_review
P02814,marathi_gujarati,F,Dhwani,Shah,given_surname,Dhwani Shah,Aniket Shah,2004-10-20,"No. 205, Main Road, Kakkanad, Chennai, Tamil Nadu - 600894",val,clean
P02815,tamil,M,Raju,Prakash,given_father,Raju Prakash,Prakash,2001-02-07,"No. 151, Temple Street, Koramangala, Noida, Uttar Pradesh - 201229",val,critical
P02816,north,F,Riya,Gupta,given_surname,Riya Gupta,Ankit Gupta,2001-11-23,"No. 49, Lake View Road, Kothrud, Mysuru, Karnataka - 570961",val,needs_review
P02817,kannada,F,Nandini,Gowda,given_surname,Nandini Gowda,Darshan Gowda,1998-06-17,"No. 42, Station Road, Velachery, Mumbai, Maharashtra - 400136",test,critical
P02818,muslim,F,Nazia,Syed,given_surname,Nazia Syed,Abdul Syed,2004-01-12,"No. 55, Cross Road, Andheri, Coimbatore, Tamil Nadu - 641157",test,clean
P02819,north,F,Shreya,Gupta,given_surname,Shreya Gupta,Deepak Gupta,2004-07-13,"No. 157, MG Road, Malviya Nagar, Delhi, Delhi - 110428",test,clean
P02820,tamil,M,Karthik,Murugan,given_father,Karthik Murugan,Murugan,2004-05-16,"No. 22, Cross Road, Andheri, Bengaluru, Karnataka - 560524",train,needs_review
P02821,telugu,F,Bhavani,Naidu,given_surname,Bhavani Naidu,Srinivas Naidu,1998-10-22,"No. 57, 2nd Main, Indiranagar, Chennai, Tamil Nadu - 600151",train,clean
P02822,tamil,M,Madhavan,Sundar,given_father,Madhavan Sundar,Sundar,2002-11-18,"No. 164, Main Road, Malviya Nagar, Pune, Maharashtra - 411687",train,clean
P02823,malayalam,M,Sanju,Varghese,given_surname,Sanju Varghese,Vishnu Varghese,2002-01-04,"No. 177, Church Street, Andheri, Coimbatore, Tamil Nadu - 641388",train,clean
P02824,muslim,M,Mohammed,Sheikh,given_surname,Mohammed Sheikh,Salman Sheikh,2001-04-06,"No. 202, Main Road, Navrangpura, Mumbai, Maharashtra - 400873",train,critical
P02825,malayalam,F,Gopika,Menon,given_surname,Gopika Menon,Vishnu Menon,2003-05-29,"No. 236, Park Avenue, Velachery, Mumbai, Maharashtra - 400591",train,needs_review
P02826,telugu,F,Jyothi,Rao,given_surname,Jyothi Rao,Kiran Rao,1999-01-23,"No. 236, Park Avenue, Kothrud, Bengaluru, Karnataka - 560570",train,clean
P02827,marathi_gujarati,M,Tejas,Patel,given_surname,Tejas Patel,Parth Patel,2001-09-17,"No. 63, 2nd Main, Kothrud, Madurai, Tamil Nadu - 625930",train,clean
P02828,north,F,Neha,Pandey,given_surname,Neha Pandey,Deepak Pandey,1999-02-25,"No. 38, MG Road, Indiranagar, Pune, Maharashtra - 411333",train,clean
P02829,marathi_gujarati,M,Sagar,Joshi,given_surname,Sagar Joshi,Tejas Joshi,2002-01-18,"No. 21, 2nd Main, Anna Nagar, Bengaluru, Karnataka - 560281",train,clean
P02830,tamil,M,Raju,Kumar,given_father,Raju Kumar,Kumar,2004-06-04,"No. 182, Main Road, Sector 62, Noida, Uttar Pradesh - 201519",train,needs_review
P02831,muslim,M,Farhan,Qureshi,given_surname,Farhan Qureshi,Abdul Qureshi,1998-12-19,"No. 232, 2nd Main, Indiranagar, Chennai, Tamil Nadu - 600527",train,clean
P02832,tamil,F,Keerthana,Kannan,given_father,Keerthana Kannan,Kannan,1998-03-17,"No. 31, Temple Street, Indiranagar, Kolkata, West Bengal - 700291",train,clean
P02833,telugu,F,Swathi,Naidu,given_surname,Swathi Naidu,Chaitanya Naidu,1998-05-04,"No. 179, 2nd Main, Koramangala, Bengaluru, Karnataka - 560930",train,clean
P02834,north,M,Amit,Yadav,given_surname,Amit Yadav,Pradeep Yadav,2005-12-06,"No. 150, 4th Cross, Navrangpura, Mumbai, Maharashtra - 400208",val,critical
P02835,tamil,F,Vaishnavi,Siva,given_father,Vaishnavi Siva,Siva,2004-10-14,"No. 154, Market Street, Kothrud, Pune, Maharashtra - 411796",val,critical
P02836,christian,F,Jennifer,Joseph,given_surname,Jennifer Joseph,David Joseph,1999-03-29,"No. 122, Church Street, Koramangala, Kochi, Kerala - 682896",val,needs_review
P02837,marathi_gujarati,M,Harsh,Shah,given_surname,Harsh Shah,Tejas Shah,2003-02-12,"No. 238, Park Avenue, Indiranagar, Delhi, Delhi - 110654",test,clean
P02838,malayalam,M,Hari,Panicker,given_surname,Hari Panicker,Jithin Panicker,2002-09-10,"No. 219, Temple Street, Kothrud, Jaipur, Rajasthan - 302554",test,needs_review
P02839,kannada,F,Asha,Rao,given_surname,Asha Rao,Harish Rao,2004-12-29,"No. 245, 4th Cross, Salt Lake, Kochi, Kerala - 682419",test,needs_review
P02840,telugu,F,Sravani,Varma,given_surname,Sravani Varma,Mahesh Varma,2004-10-30,"No. 166, MG Road, Anna Nagar, Mumbai, Maharashtra - 400868",train,critical
P02841,kannada,F,Bhoomika,Rao,given_surname,Bhoomika Rao,Satish Rao,2002-11-14,"No. 113, Church Street, T Nagar, Chennai, Tamil Nadu - 600461",train,clean
P02842,malayalam,M,Rahul,Varghese,given_surname,Rahul Varghese,Jithin Varghese,2005-01-05,"No. 159, Park Avenue, Anna Nagar, Noida, Uttar Pradesh - 201073",train,clean
P02843,christian,F,Angel,D'Souza,given_surname,Angel D'Souza,John D'Souza,1998-01-25,"No. 205, Park Avenue, Anna Nagar, Delhi, Delhi - 110738",train,clean
P02844,north,M,Sanjay,Gupta,given_surname,Sanjay Gupta,Rahul Gupta,2003-11-21,"No. 12, Church Street, Banjara Hills, Ahmedabad, Gujarat - 380634",train,clean
P02845,muslim,F,Shabana,Ansari,given_surname,Shabana Ansari,Sameer Ansari,2000-12-09,"No. 95, Cross Road, Koramangala, Hyderabad, Telangana - 500443",train,critical
P02846,muslim,F,Rukhsar,Sheikh,given_surname,Rukhsar Sheikh,Arif Sheikh,2005-01-24,"No. 191, Station Road, Jayanagar, Noida, Uttar Pradesh - 201052",train,needs_review
P02847,tamil,M,Saravanan,Raju,given_father,Saravanan Raju,Raju,2002-06-10,"No. 225, Market Street, Banjara Hills, Kochi, Kerala - 682961",train,needs_review
P02848,tamil,M,Kumar,Kannan,given_father,Kumar Kannan,Kannan,1998-04-30,"No. 78, Nehru Street, Anna Nagar, Coimbatore, Tamil Nadu - 641808",train,critical
P02849,tamil,F,Saranya,Saravanan,given_father,Saranya Saravanan,Saravanan,1999-03-14,"No. 114, MG Road, Anna Nagar, Mysuru, Karnataka - 570889",train,clean
P02850,bengali,M,Sourav,Banerjee,given_surname,Sourav Banerjee,Abhijit Banerjee,2004-08-05,"No. 181, Gandhi Road, Anna Nagar, Pune, Maharashtra - 411173",train,clean
P02851,tamil,F,Malathi,Ramesh,given_father,Malathi Ramesh,Ramesh,2004-06-07,"No. 87, Lake View Road, Anna Nagar, Madurai, Tamil Nadu - 625237",train,clean
P02852,north,M,Amit,Agarwal,given_surname,Amit Agarwal,Vikram Agarwal,2001-02-16,"No. 197, Gandhi Road, Anna Nagar, Madurai, Tamil Nadu - 625813",train,clean
P02853,muslim,F,Fathima,Qureshi,given_surname,Fathima Qureshi,Sameer Qureshi,2003-10-23,"No. 6, Church Street, Saket, Mumbai, Maharashtra - 400777",train,clean
P02854,tamil,F,Meena,Arun,given_father,Meena Arun,Arun,2000-02-29,"No. 15, Lake View Road, Indiranagar, Pune, Maharashtra - 411112",val,needs_review
P02855,tamil,M,Sundar,Karthik,given_father,Sundar Karthik,Karthik,2001-03-05,"No. 52, Market Street, Andheri, Madurai, Tamil Nadu - 625917",val,critical
P02856,malayalam,F,Athira,Panicker,given_surname,Athira Panicker,Vishnu Panicker,2003-01-08,"No. 99, 4th Cross, Saket, Jaipur, Rajasthan - 302384",val,clean
P02857,kannada,M,Girish,Gowda,given_surname,Girish Gowda,Raghavendra Gowda,1999-10-29,"No. 43, Main Road, Malviya Nagar, Pune, Maharashtra - 411679",test,clean
P02858,marathi_gujarati,F,Sayali,Mehta,given_surname,Sayali Mehta,Nikhil Mehta,2001-02-11,"No. 89, Park Avenue, T Nagar, Coimbatore, Tamil Nadu - 641180",test,needs_review
P02859,tamil,F,Malathi,Senthil,given_father,Malathi Senthil,Senthil,2001-05-23,"No. 112, Church Street, Kakkanad, Coimbatore, Tamil Nadu - 641863",test,needs_review
P02860,north,M,Sumit,Mishra,given_surname,Sumit Mishra,Deepak Mishra,2005-08-27,"No. 238, 2nd Main, Sector 62, Ahmedabad, Gujarat - 380189",train,clean
P02861,christian,M,David,Joseph,given_surname,David Joseph,Daniel Joseph,2000-12-23,"No. 42, Lake View Road, Kakkanad, Mumbai, Maharashtra - 400932",train,critical
P02862,north,F,Ritu,Singh,given_surname,Ritu Singh,Sandeep Singh,2005-06-30,"No. 174, Gandhi Road, Kakkanad, Kochi, Kerala - 682032",train,needs_review
P02863,malayalam,F,Anjali,Kurup,given_surname,Anjali Kurup,Nikhil Kurup,1999-01-22,"No. 90, Gandhi Road, Salt Lake, Thiruvananthapuram, Kerala - 695083",train,clean
P02864,tamil,M,Kannan,Balaji,given_father,Kannan Balaji,Balaji,2001-12-29,"No. 99, Main Road, Indiranagar, Kochi, Kerala - 682799",train,clean
P02865,tamil,M,Murugan,Babu,given_father,Murugan Babu,Babu,2000-03-23,"No. 143, MG Road, Andheri, Mumbai, Maharashtra - 400899",train,clean
P02866,telugu,M,Krishna,Rao,given_surname,Krishna Rao,Venkatesh Rao,2003-05-05,"No. 118, Gandhi Road, Indiranagar, Mysuru, Karnataka - 570812",train,clean
P02867,bengali,M,Sayan,Roy,given_surname,Sayan Roy,Rajib Roy,2003-09-18,"No. 190, Temple Street, Malviya Nagar, Mumbai, Maharashtra - 400813",train,clean
P02868,north,F,Ritu,Sharma,given_surname,Ritu Sharma,Vikram Sharma,2004-09-25,"No. 222, Lake View Road, Salt Lake, Bengaluru, Karnataka - 560484",train,needs_review
P02869,tamil,M,Senthil,Elango,given_father,Senthil Elango,Elango,1998-10-09,"No. 37, Lake View Road, Indiranagar, Delhi, Delhi - 110967",train,clean
P02870,north,M,Sandeep,Gupta,given_surname,Sandeep Gupta,Vikram Gupta,2005-05-20,"No. 188, Temple Street, Salt Lake, Hyderabad, Telangana - 500736",train,needs_review
P02871,marathi_gujarati,F,Prachi,Deshpande,given_surname,Prachi Deshpande,Aniket Deshpande,2005-08-13,"No. 167, Market Street, T Nagar, Kochi, Kerala - 682127",train,clean
P02872,malayalam,M,Vishnu,Panicker,given_surname,Vishnu Panicker,Akhil Panicker,2000-09-30,"No. 232, 2nd Main, Banjara Hills, Ahmedabad, Gujarat - 380026",train,clean
P02873,telugu,F,Sravani,Raju,given_surname,Sravani Raju,Suresh Raju,2002-08-09,"No. 238, Temple Street, Velachery, Madurai, Tamil Nadu - 625535",train,needs_review
P02874,tamil,M,Senthil,Karthik,given_father,Senthil Karthik,Karthik,2004-06-30,"No. 164, Church Street, Koramangala, Mysuru, Karnataka - 570106",val,needs_review
P02875,malayalam,F,Anjali,Nair,given_surname,Anjali Nair,Nikhil Nair,1999-02-19,"No. 224, Main Road, T Nagar, Hyderabad, Telangana - 500157",val,clean
P02876,telugu,M,Kiran,Varma,given_surname,Kiran Varma,Chaitanya Varma,1998-01-20,"No. 206, Temple Street, Navrangpura, Mysuru, Karnataka - 570881",val,clean
P02877,telugu,F,Madhuri,Naidu,given_surname,Madhuri Naidu,Chaitanya Naidu,2000-02-13,"No. 98, Station Road, Salt Lake, Delhi, Delhi - 110945",test,critical
P02878,north,F,Ritu,Singh,given_surname,Ritu Singh,Pradeep Singh,2002-12-01,"No. 244, Lake View Road, Sector 62, Kochi, Kerala - 682193",test,clean
P02879,tamil,F,Lakshmi,Madhavan,given_father,Lakshmi Madhavan,Madhavan,1998-10-17,"No. 61, Cross Road, Saket, Coimbatore, Tamil Nadu - 641227",test,clean
P02880,malayalam,M,Arjun,Panicker,given_surname,Arjun Panicker,Akhil Panicker,2003-06-11,"No. 81, Nehru Street, Sector 62, Madurai, Tamil Nadu - 625970",train,clean
P02881,muslim,M,Salman,Ansari,given_surname,Salman Ansari,Farhan Ansari,2003-12-17,"No. 164, Market Street, Banjara Hills, Madurai, Tamil Nadu - 625481",train,clean
P02882,north,M,Vikram,Gupta,given_surname,Vikram Gupta,Sandeep Gupta,2002-09-06,"No. 200, Lake View Road, Jayanagar, Jaipur, Rajasthan - 302589",train,clean
P02883,tamil,F,Tamilselvi,Balaji,given_father,Tamilselvi Balaji,Balaji,1998-08-20,"No. 182, Cross Road, Saket, Mumbai, Maharashtra - 400618",train,critical
P02884,north,M,Pradeep,Verma,given_surname,Pradeep Verma,Sanjay Verma,2005-02-18,"No. 136, Temple Street, Kakkanad, Coimbatore, Tamil Nadu - 641040",train,needs_review
P02885,malayalam,M,Nikhil,Nair,given_surname,Nikhil Nair,Arjun Nair,2004-09-28,"No. 183, Main Road, Jayanagar, Coimbatore, Tamil Nadu - 641041",train,clean
P02886,marathi_gujarati,F,Snehal,Deshpande,given_surname,Snehal Deshpande,Nikhil Deshpande,1999-04-19,"No. 248, Nehru Street, Andheri, Thiruvananthapuram, Kerala - 695137",train,clean
P02887,tamil,M,Ramesh,Raju,given_father,Ramesh Raju,Raju,2000-10-03,"No. 135, Park Avenue, Kothrud, Chennai, Tamil Nadu - 600533",train,needs_review
P02888,muslim,F,Ayesha,Sheikh,given_surname,Ayesha Sheikh,Abdul Sheikh,1998-04-10,"No. 1, Gandhi Road, Kakkanad, Madurai, Tamil Nadu - 625332",train,clean
P02889,kannada,M,Shashank,Bhat,given_surname,Shashank Bhat,Darshan Bhat,2003-03-19,"No. 216, Main Road, Andheri, Hyderabad, Telangana - 500370",train,clean
P02890,north,F,Anjali,Gupta,given_surname,Anjali Gupta,Vikram Gupta,2004-02-07,"No. 43, Cross Road, Kakkanad, Hyderabad, Telangana - 500811",train,clean
P02891,telugu,F,Lavanya,Reddy,given_surname,Lavanya Reddy,Suresh Reddy,1999-02-13,"No. 127, Nehru Street, Kothrud, Chennai, Tamil Nadu - 600991",train,needs_review
P02892,north,F,Neha,Singh,given_surname,Neha Singh,Deepak Singh,1998-11-12,"No. 9, MG Road, Koramangala, Delhi, Delhi - 110554",train,critical
P02893,tamil,F,Kalaiselvi,Vignesh,given_father,Kalaiselvi Vignesh,Vignesh,1999-07-12,"No. 149, Temple Street, Jayanagar, Noida, Uttar Pradesh - 201524",train,clean
P02894,kannada,F,Nandini,Bhat,given_surname,Nandini Bhat,Manjunath Bhat,1999-12-31,"No. 119, 4th Cross, Kothrud, Kolkata, West Bengal - 700827",val,clean
P02895,kannada,F,Rashmi,Gowda,given_surname,Rashmi Gowda,Satish Gowda,2002-02-18,"No. 201, Market Street, Jayanagar, Kochi, Kerala - 682929",val,critical
P02896,malayalam,M,Arjun,Pillai,given_surname,Arjun Pillai,Anand Pillai,2000-10-15,"No. 175, Temple Street, Salt Lake, Jaipur, Rajasthan - 302238",val,clean
P02897,north,F,Sushma,Mishra,given_surname,Sushma Mishra,Rahul Mishra,2002-08-04,"No. 110, Station Road, Velachery, Thiruvananthapuram, Kerala - 695125",test,clean
P02898,telugu,F,Lavanya,Raju,given_surname,Lavanya Raju,Venkatesh Raju,2004-04-03,"No. 128, Lake View Road, Kakkanad, Mysuru, Karnataka - 570010",test,clean
P02899,north,M,Rohit,Verma,given_surname,Rohit Verma,Gaurav Verma,2001-03-07,"No. 28, Lake View Road, Jayanagar, Madurai, Tamil Nadu - 625779",test,needs_review
P02900,malayalam,M,Hari,Pillai,given_surname,Hari Pillai,Jithin Pillai,2000-10-08,"No. 177, Church Street, Jayanagar, Bengaluru, Karnataka - 560022",train,clean
P02901,kannada,M,Prashanth,Gowda,given_surname,Prashanth Gowda,Puneeth Gowda,2004-07-11,"No. 175, 2nd Main, Malviya Nagar, Thiruvananthapuram, Kerala - 695046",train,critical
P02902,malayalam,F,Anjali,Panicker,given_surname,Anjali Panicker,Arjun Panicker,2002-02-24,"No. 217, Park Avenue, Indiranagar, Coimbatore, Tamil Nadu - 641717",train,clean
P02903,kannada,F,Sahana,Gowda,given_surname,Sahana Gowda,Prashanth Gowda,2005-05-01,"No. 182, Station Road, Banjara Hills, Thiruvananthapuram, Kerala - 695455",train,clean
P02904,telugu,M,Ravi,Rao,given_surname,Ravi Rao,Venkatesh Rao,2004-08-03,"No. 14, 2nd Main, Kothrud, Bengaluru, Karnataka - 560176",train,needs_review
P02905,marathi_gujarati,M,Harsh,Shah,given_surname,Harsh Shah,Tejas Shah,2005-05-19,"No. 89, Park Avenue, Kakkanad, Mysuru, Karnataka - 570261",train,clean
P02906,malayalam,M,Hari,Menon,given_surname,Hari Menon,Nikhil Menon,2000-01-01,"No. 95, Church Street, Indiranagar, Pune, Maharashtra - 411347",train,clean
P02907,north,M,Amit,Chauhan,given_surname,Amit Chauhan,Sandeep Chauhan,2004-11-07,"No. 154, Gandhi Road, Navrangpura, Chennai, Tamil Nadu - 600341",train,needs_review
P02908,muslim,M,Salman,Syed,given_surname,Salman Syed,Mohammed Syed,2001-03-16,"No. 224, Nehru Street, Velachery, Mysuru, Karnataka - 570755",train,needs_review
P02909,north,F,Pooja,Singh,given_surname,Pooja Singh,Ankit Singh,2000-07-20,"No. 75, Main Road, Saket, Delhi, Delhi - 110186",train,clean
P02910,north,F,Priyanka,Singh,given_surname,Priyanka Singh,Ankit Singh,1998-02-18,"No. 246, Temple Street, Saket, Thiruvananthapuram, Kerala - 695363",train,critical
P02911,marathi_gujarati,F,Dhwani,Mehta,given_surname,Dhwani Mehta,Nikhil Mehta,2002-09-29,"No. 199, 2nd Main, Anna Nagar, Bengaluru, Karnataka - 560162",train,needs_review
P02912,bengali,F,Ishita,Das,given_surname,Ishita Das,Debashis Das,1999-08-22,"No. 116, Temple Street, Andheri, Bengaluru, Karnataka - 560277",train,clean
P02913,bengali,F,Tanushree,Bose,given_surname,Tanushree Bose,Debashis Bose,2005-04-10,"No. 118, Lake View Road, Banjara Hills, Hyderabad, Telangana - 500269",train,needs_review
P02914,christian,M,Samuel,D'Souza,given_surname,Samuel D'Souza,George D'Souza,2001-04-24,"No. 177, 2nd Main, Salt Lake, Chennai, Tamil Nadu - 600256",val,clean
P02915,north,F,Komal,Sharma,given_surname,Komal Sharma,Sanjay Sharma,2004-10-08,"No. 243, Main Road, T Nagar, Mysuru, Karnataka - 570850",val,needs_review
P02916,tamil,F,Abirami,Ramesh,given_father,Abirami Ramesh,Ramesh,2002-08-14,"No. 236, Gandhi Road, Saket, Hyderabad, Telangana - 500494",val,clean
P02917,north,M,Rohit,Pandey,given_surname,Rohit Pandey,Rahul Pandey,2005-05-03,"No. 81, Station Road, Sector 62, Ahmedabad, Gujarat - 380312",test,clean
P02918,telugu,F,Swathi,Naidu,given_surname,Swathi Naidu,Mahesh Naidu,2003-01-08,"No. 59, Main Road, Malviya Nagar, Jaipur, Rajasthan - 302606",test,needs_review
P02919,muslim,M,Imran,Qureshi,given_surname,Imran Qureshi,Salman Qureshi,2000-10-07,"No. 158, Church Street, Banjara Hills, Chennai, Tamil Nadu - 600477",test,needs_review
P02920,malayalam,M,Akhil,Menon,given_surname,Akhil Menon,Jithin Menon,2004-12-31,"No. 134, 4th Cross, Sector 62, Chennai, Tamil Nadu - 600032",train,needs_review
P02921,telugu,F,Swathi,Varma,given_surname,Swathi Varma,Mahesh Varma,2003-06-30,"No. 54, MG Road, Andheri, Bengaluru, Karnataka - 560326",train,clean
P02922,tamil,M,Selvam,Karthik,given_father,Selvam Karthik,Karthik,2000-11-07,"No. 71, Main Road, Sector 62, Delhi, Delhi - 110584",train,clean
P02923,tamil,F,Priya,Selvam,given_father,Priya Selvam,Selvam,2004-04-12,"No. 87, Temple Street, Saket, Bengaluru, Karnataka - 560875",train,clean
P02924,north,M,Rahul,Pandey,given_surname,Rahul Pandey,Ankit Pandey,2000-04-12,"No. 63, 4th Cross, Kakkanad, Hyderabad, Telangana - 500468",train,clean
P02925,tamil,M,Karthik,Sundar,given_father,Karthik Sundar,Sundar,1999-09-18,"No. 212, Cross Road, Salt Lake, Kolkata, West Bengal - 700310",train,clean
P02926,telugu,F,Jyothi,Reddy,given_surname,Jyothi Reddy,Kiran Reddy,2004-01-12,"No. 149, Main Road, Koramangala, Mumbai, Maharashtra - 400204",train,needs_review
P02927,malayalam,F,Gopika,Nair,given_surname,Gopika Nair,Jithin Nair,2002-08-21,"No. 126, Main Road, Saket, Madurai, Tamil Nadu - 625021",train,needs_review
P02928,tamil,F,Saranya,Vignesh,given_father,Saranya Vignesh,Vignesh,2002-11-05,"No. 137, Park Avenue, Sector 62, Bengaluru, Karnataka - 560756",train,critical
P02929,kannada,M,Girish,Shetty,given_surname,Girish Shetty,Naveen Shetty,2002-08-13,"No. 14, 4th Cross, Sector 62, Jaipur, Rajasthan - 302240",train,needs_review
P02930,kannada,M,Satish,Gowda,given_surname,Satish Gowda,Prashanth Gowda,2005-05-15,"No. 54, MG Road, Kakkanad, Coimbatore, Tamil Nadu - 641583",train,clean
P02931,telugu,M,Chaitanya,Naidu,given_surname,Chaitanya Naidu,Suresh Naidu,2000-03-17,"No. 91, 4th Cross, Salt Lake, Hyderabad, Telangana - 500900",train,clean
P02932,north,F,Shreya,Chauhan,given_surname,Shreya Chauhan,Rohit Chauhan,2002-02-03,"No. 80, Temple Street, Sector 62, Kolkata, West Bengal - 700201",train,clean
P02933,telugu,M,Chaitanya,Varma,given_surname,Chaitanya Varma,Prasad Varma,2005-12-10,"No. 88, Main Road, Koramangala, Hyderabad, Telangana - 500406",train,clean
P02934,north,M,Amit,Yadav,given_surname,Amit Yadav,Gaurav Yadav,1999-08-28,"No. 6, Cross Road, Salt Lake, Madurai, Tamil Nadu - 625549",val,needs_review
P02935,malayalam,M,Vishnu,Nair,given_surname,Vishnu Nair,Rahul Nair,1999-10-27,"No. 13, 2nd Main, Sector 62, Madurai, Tamil Nadu - 625034",val,critical
P02936,telugu,M,Prasad,Varma,given_surname,Prasad Varma,Venkatesh Varma,2003-07-17,"No. 4, Nehru Street, Banjara Hills, Kolkata, West Bengal - 700628",val,needs_review
P02937,telugu,F,Madhuri,Rao,given_surname,Madhuri Rao,Chaitanya Rao,2000-04-26,"No. 181, Park Avenue, Kothrud, Madurai, Tamil Nadu - 625003",test,clean
P02938,tamil,M,Madhavan,Prakash,given_father,Madhavan Prakash,Prakash,2001-02-12,"No. 61, MG Road, Kakkanad, Thiruvananthapuram, Kerala - 695448",test,needs_review
P02939,marathi_gujarati,M,Tejas,Mehta,given_surname,Tejas Mehta,Jay Mehta,2002-09-20,"No. 103, 2nd Main, Kakkanad, Delhi, Delhi - 110703",test,needs_review
P02940,telugu,M,Srinivas,Naidu,given_surname,Srinivas Naidu,Chaitanya Naidu,2002-03-17,"No. 92, MG Road, Koramangala, Coimbatore, Tamil Nadu - 641862",train,clean
P02941,kannada,F,Shilpa,Rao,given_surname,Shilpa Rao,Puneeth Rao,2002-01-30,"No. 149, Lake View Road, T Nagar, Mumbai, Maharashtra - 400672",train,clean
P02942,bengali,F,Debjani,Sen,given_surname,Debjani Sen,Anirban Sen,2005-01-12,"No. 212, Cross Road, Sector 62, Mumbai, Maharashtra - 400718",train,clean
P02943,tamil,M,Sundar,Kumar,given_father,Sundar Kumar,Kumar,2003-12-27,"No. 228, Nehru Street, Kothrud, Kolkata, West Bengal - 700719",train,clean
P02944,north,F,Ritu,Gupta,given_surname,Ritu Gupta,Ankit Gupta,2003-12-19,"No. 122, Temple Street, Velachery, Kolkata, West Bengal - 700121",train,clean
P02945,telugu,M,Prasad,Raju,given_surname,Prasad Raju,Naresh Raju,2004-07-22,"No. 71, Station Road, Kothrud, Jaipur, Rajasthan - 302656",train,clean
P02946,malayalam,F,Anagha,Nair,given_surname,Anagha Nair,Hari Nair,2003-08-01,"No. 21, 2nd Main, Kakkanad, Coimbatore, Tamil Nadu - 641180",train,needs_review
P02947,north,F,Komal,Verma,given_surname,Komal Verma,Rohit Verma,2005-10-01,"No. 34, Station Road, Kakkanad, Ahmedabad, Gujarat - 380818",train,clean
P02948,tamil,F,Lakshmi,Madhavan,given_father,Lakshmi Madhavan,Madhavan,2003-12-25,"No. 216, Gandhi Road, Kothrud, Thiruvananthapuram, Kerala - 695984",train,needs_review
P02949,north,F,Simran,Tiwari,given_surname,Simran Tiwari,Rahul Tiwari,1998-03-13,"No. 62, Market Street, Anna Nagar, Bengaluru, Karnataka - 560343",train,needs_review
P02950,malayalam,F,Athira,Menon,given_surname,Athira Menon,Vishnu Menon,2003-05-23,"No. 39, MG Road, Jayanagar, Coimbatore, Tamil Nadu - 641259",train,clean
P02951,christian,M,Thomas,Joseph,given_surname,Thomas Joseph,Daniel Joseph,1998-08-06,"No. 224, Temple Street, T Nagar, Delhi, Delhi - 110539",train,needs_review
P02952,bengali,M,Sayan,Ghosh,given_surname,Sayan Ghosh,Anirban Ghosh,2000-03-19,"No. 5, 2nd Main, Saket, Coimbatore, Tamil Nadu - 641587",train,clean
P02953,north,M,Vikram,Chauhan,given_surname,Vikram Chauhan,Sanjay Chauhan,1999-06-21,"No. 195, Main Road, Anna Nagar, Pune, Maharashtra - 411785",train,clean
P02954,north,F,Neha,Chauhan,given_surname,Neha Chauhan,Ajay Chauhan,2002-05-11,"No. 52, 4th Cross, Salt Lake, Jaipur, Rajasthan - 302601",val,clean
P02955,bengali,F,Ishita,Chatterjee,given_surname,Ishita Chatterjee,Abhijit Chatterjee,2005-05-17,"No. 27, MG Road, Banjara Hills, Chennai, Tamil Nadu - 600044",val,clean
P02956,tamil,M,Karthik,Vignesh,given_father,Karthik Vignesh,Vignesh,2002-01-01,"No. 105, 4th Cross, Banjara Hills, Kochi, Kerala - 682840",val,needs_review
P02957,north,M,Rohit,Chauhan,given_surname,Rohit Chauhan,Pradeep Chauhan,2003-06-01,"No. 181, Main Road, Navrangpura, Hyderabad, Telangana - 500461",test,needs_review
P02958,north,M,Amit,Mishra,given_surname,Amit Mishra,Ajay Mishra,2004-07-03,"No. 64, MG Road, T Nagar, Bengaluru, Karnataka - 560152",test,needs_review
P02959,north,F,Neha,Verma,given_surname,Neha Verma,Sandeep Verma,2001-07-15,"No. 116, MG Road, Kothrud, Pune, Maharashtra - 411124",test,needs_review
P02960,marathi_gujarati,F,Hetal,Patel,given_surname,Hetal Patel,Aniket Patel,2005-03-21,"No. 214, Market Street, Navrangpura, Madurai, Tamil Nadu - 625017",train,clean
P02961,marathi_gujarati,M,Omkar,Shah,given_surname,Omkar Shah,Harsh Shah,2002-12-10,"No. 134, Nehru Street, T Nagar, Hyderabad, Telangana - 500034",train,needs_review
P02962,malayalam,F,Gopika,Nair,given_surname,Gopika Nair,Vishnu Nair,1998-11-03,"No. 244, Cross Road, Sector 62, Mysuru, Karnataka - 570665",train,critical
P02963,bengali,M,Rajib,Chatterjee,given_surname,Rajib Chatterjee,Arnab Chatterjee,2005-05-08,"No. 152, Park Avenue, Kakkanad, Pune, Maharashtra - 411692",train,clean
P02964,malayalam,F,Neethu,Nair,given_surname,Neethu Nair,Vishnu Nair,2001-09-15,"No. 192, Temple Street, Velachery, Mysuru, Karnataka - 570899",train,clean
P02965,kannada,M,Prashanth,Kulkarni,given_surname,Prashanth Kulkarni,Girish Kulkarni,1999-03-22,"No. 234, Station Road, T Nagar, Mumbai, Maharashtra - 400522",train,critical
P02966,north,F,Simran,Pandey,given_surname,Simran Pandey,Sumit Pandey,2005-02-14,"No. 97, 2nd Main, Andheri, Ahmedabad, Gujarat - 380106",train,clean
P02967,kannada,M,Manjunath,Shetty,given_surname,Manjunath Shetty,Harish Shetty,2003-11-24,"No. 124, Church Street, Kothrud, Kochi, Kerala - 682427",train,needs_review
P02968,telugu,F,Haritha,Rao,given_surname,Haritha Rao,Chaitanya Rao,2002-02-05,"No. 89, 4th Cross, Kakkanad, Kochi, Kerala - 682820",train,clean
P02969,muslim,M,Imran,Syed,given_surname,Imran Syed,Abdul Syed,2004-06-22,"No. 208, Temple Street, Navrangpura, Jaipur, Rajasthan - 302434",train,clean
P02970,kannada,M,Satish,Rao,given_surname,Satish Rao,Shashank Rao,2003-01-15,"No. 237, Cross Road, Anna Nagar, Pune, Maharashtra - 411334",train,clean
P02971,north,F,Sneha,Mishra,given_surname,Sneha Mishra,Deepak Mishra,2000-02-08,"No. 118, MG Road, Velachery, Coimbatore, Tamil Nadu - 641603",train,clean
P02972,north,M,Sumit,Tiwari,given_surname,Sumit Tiwari,Ajay Tiwari,1998-12-24,"No. 135, Church Street, Kothrud, Ahmedabad, Gujarat - 380613",train,critical
P02973,kannada,F,Nandini,Gowda,given_surname,Nandini Gowda,Puneeth Gowda,1999-06-16,"No. 192, Church Street, Anna Nagar, Ahmedabad, Gujarat - 380254",train,clean
P02974,north,M,Sumit,Yadav,given_surname,Sumit Yadav,Rahul Yadav,2003-03-09,"No. 126, Lake View Road, Velachery, Delhi, Delhi - 110969",val,needs_review
P02975,north,F,Riya,Gupta,given_surname,Riya Gupta,Gaurav Gupta,2001-02-15,"No. 74, Temple Street, Jayanagar, Mysuru, Karnataka - 570942",val,clean
P02976,north,F,Ritu,Yadav,given_surname,Ritu Yadav,Sandeep Yadav,2005-03-12,"No. 225, Nehru Street, Jayanagar, Madurai, Tamil Nadu - 625681",val,needs_review
P02977,tamil,M,Arun,Elango,given_father,Arun Elango,Elango,2005-07-10,"No. 216, Station Road, Navrangpura, Ahmedabad, Gujarat - 380101",test,needs_review
P02978,muslim,M,Sameer,Pathan,given_surname,Sameer Pathan,Salman Pathan,2004-12-15,"No. 190, MG Road, Kakkanad, Kolkata, West Bengal - 700205",test,needs_review
P02979,north,M,Deepak,Sharma,given_surname,Deepak Sharma,Sumit Sharma,2002-04-30,"No. 115, Church Street, Jayanagar, Kochi, Kerala - 682739",test,needs_review
P02980,malayalam,F,Divya,Varghese,given_surname,Divya Varghese,Vishnu Varghese,1999-11-28,"No. 44, 4th Cross, Jayanagar, Mysuru, Karnataka - 570926",train,needs_review
P02981,kannada,M,Puneeth,Bhat,given_surname,Puneeth Bhat,Darshan Bhat,1999-04-26,"No. 150, Park Avenue, Jayanagar, Coimbatore, Tamil Nadu - 641183",train,clean
P02982,north,M,Rahul,Chauhan,given_surname,Rahul Chauhan,Rohit Chauhan,2000-03-29,"No. 139, Church Street, Koramangala, Delhi, Delhi - 110668",train,clean
P02983,tamil,M,Babu,Prakash,given_father,Babu Prakash,Prakash,2002-10-17,"No. 225, Nehru Street, Kakkanad, Kochi, Kerala - 682764",train,critical
P02984,muslim,M,Irfan,Qureshi,given_surname,Irfan Qureshi,Salman Qureshi,1998-04-04,"No. 4, Main Road, T Nagar, Mumbai, Maharashtra - 400309",train,clean
P02985,north,M,Sumit,Yadav,given_surname,Sumit Yadav,Sandeep Yadav,2000-10-18,"No. 38, Market Street, Jayanagar, Jaipur, Rajasthan - 302021",train,needs_review
P02986,marathi_gujarati,F,Krupa,Patel,given_surname,Krupa Patel,Jay Patel,1998-09-25,"No. 1, Church Street, Sector 62, Bengaluru, Karnataka - 560512",train,clean
P02987,christian,F,Grace,Joseph,given_surname,Grace Joseph,Daniel Joseph,2001-05-23,"No. 23, Cross Road, Navrangpura, Kolkata, West Bengal - 700269",train,needs_review
P02988,telugu,F,Sunitha,Raju,given_surname,Sunitha Raju,Mahesh Raju,2001-01-11,"No. 8, Market Street, Indiranagar, Thiruvananthapuram, Kerala - 695819",train,critical
P02989,marathi_gujarati,M,Aniket,Shah,given_surname,Aniket Shah,Nikhil Shah,2005-05-01,"No. 155, Station Road, Velachery, Jaipur, Rajasthan - 302182",train,clean
P02990,tamil,F,Yamini,Prakash,given_father,Yamini Prakash,Prakash,2000-09-14,"No. 248, Station Road, Anna Nagar, Kolkata, West Bengal - 700370",train,clean
P02991,tamil,F,Sowmya,Murugan,given_father,Sowmya Murugan,Murugan,2000-12-03,"No. 17, Station Road, Velachery, Jaipur, Rajasthan - 302953",train,clean
P02992,telugu,F,Lavanya,Varma,given_surname,Lavanya Varma,Prasad Varma,2003-09-03,"No. 215, Cross Road, Banjara Hills, Mumbai, Maharashtra - 400073",train,clean
P02993,muslim,F,Fathima,Khan,given_surname,Fathima Khan,Imran Khan,2003-02-15,"No. 131, Temple Street, Jayanagar, Thiruvananthapuram, Kerala - 695571",train,needs_review
P02994,kannada,F,Kavitha,Gowda,given_surname,Kavitha Gowda,Girish Gowda,2003-10-21,"No. 53, Temple Street, Indiranagar, Pune, Maharashtra - 411053",val,critical
P02995,telugu,F,Lavanya,Raju,given_surname,Lavanya Raju,Srinivas Raju,2000-05-02,"No. 185, Gandhi Road, Velachery, Coimbatore, Tamil Nadu - 641858",val,needs_review
P02996,christian,F,Sharon,Joseph,given_surname,Sharon Joseph,John Joseph,1999-01-06,"No. 196, Temple Street, Velachery, Hyderabad, Telangana - 500366",val,clean
P02997,north,F,Sushma,Sharma,given_surname,Sushma Sharma,Deepak Sharma,2005-08-05,"No. 229, Gandhi Road, T Nagar, Mumbai, Maharashtra - 400316",test,clean
P02998,muslim,M,Mohammed,Qureshi,given_surname,Mohammed Qureshi,Farhan Qureshi,2004-07-12,"No. 215, 4th Cross, Saket, Chennai, Tamil Nadu - 600554",test,clean
P02999,muslim,M,Abdul,Ansari,given_surname,Abdul Ansari,Imran Ansari,2004-01-10,"No. 164, 4th Cross, Anna Nagar, Mysuru, Karnataka - 570814",test,needs_review
P03000,north,M,Rahul,Singh,given_surname,Rahul Singh,Sandeep Singh,2004-04-24,"No. 210, Park Avenue, Salt Lake, Chennai, Tamil Nadu - 600918",train,clean
P03001,north,M,Amit,Tiwari,given_surname,Amit Tiwari,Gaurav Tiwari,1999-02-20,"No. 206, 2nd Main, Andheri, Mumbai, Maharashtra - 400036",train,clean
P03002,tamil,F,Sangeetha,Karthik,given_father,Sangeetha Karthik,Karthik,2004-10-03,"No. 162, Lake View Road, Anna Nagar, Ahmedabad, Gujarat - 380795",train,clean
P03003,telugu,M,Mahesh,Chowdary,given_surname,Mahesh Chowdary,Suresh Chowdary,2002-07-04,"No. 188, 2nd Main, Koramangala, Thiruvananthapuram, Kerala - 695879",train,needs_review
P03004,tamil,M,Raju,Senthil,given_father,Raju Senthil,Senthil,1999-11-02,"No. 154, Cross Road, Malviya Nagar, Mysuru, Karnataka - 570516",train,clean
P03005,marathi_gujarati,M,Sagar,Joshi,given_surname,Sagar Joshi,Tejas Joshi,2001-07-31,"No. 36, 2nd Main, Kakkanad, Madurai, Tamil Nadu - 625459",train,clean
P03006,north,F,Shreya,Singh,given_surname,Shreya Singh,Sumit Singh,1999-05-21,"No. 174, Temple Street, Koramangala, Coimbatore, Tamil Nadu - 641197",train,clean
P03007,tamil,F,Vaishnavi,Raju,given_father,Vaishnavi Raju,Raju,1999-02-05,"No. 123, Lake View Road, Sector 62, Madurai, Tamil Nadu - 625290",train,clean
P03008,christian,M,John,Joseph,given_surname,John Joseph,Daniel Joseph,2004-04-06,"No. 7, 2nd Main, Andheri, Noida, Uttar Pradesh - 201675",train,clean
P03009,telugu,M,Kiran,Chowdary,given_surname,Kiran Chowdary,Venkatesh Chowdary,1998-02-05,"No. 59, Nehru Street, Velachery, Madurai, Tamil Nadu - 625919",train,clean
P03010,marathi_gujarati,F,Hetal,Deshpande,given_surname,Hetal Deshpande,Omkar Deshpande,2003-06-14,"No. 128, 4th Cross, Andheri, Thiruvananthapuram, Kerala - 695241",train,clean
P03011,telugu,F,Divya,Rao,given_surname,Divya Rao,Chaitanya Rao,2002-07-21,"No. 87, Station Road, Kothrud, Jaipur, Rajasthan - 302427",train,critical
P03012,christian,M,Joseph,Pereira,given_surname,Joseph Pereira,George Pereira,2002-10-21,"No. 123, Temple Street, Banjara Hills, Pune, Maharashtra - 411387",train,clean
P03013,north,M,Ajay,Singh,given_surname,Ajay Singh,Rahul Singh,2004-03-17,"No. 162, Park Avenue, T Nagar, Bengaluru, Karnataka - 560392",train,clean
P03014,marathi_gujarati,F,Dhwani,Desai,given_surname,Dhwani Desai,Parth Desai,2003-02-28,"No. 174, Market Street, Koramangala, Delhi, Delhi - 110377",val,needs_review
P03015,marathi_gujarati,F,Snehal,Desai,given_surname,Snehal Desai,Tejas Desai,1998-06-03,"No. 88, Nehru Street, Navrangpura, Coimbatore, Tamil Nadu - 641600",val,needs_review
P03016,telugu,F,Jyothi,Naidu,given_surname,Jyothi Naidu,Naresh Naidu,1998-03-06,"No. 112, Gandhi Road, Kothrud, Mysuru, Karnataka - 570942",val,needs_review
P03017,tamil,M,Raju,Elango,given_father,Raju Elango,Elango,2002-09-13,"No. 209, Park Avenue, Velachery, Delhi, Delhi - 110347",test,needs_review
P03018,north,F,Sushma,Tiwari,given_surname,Sushma Tiwari,Amit Tiwari,2000-03-06,"No. 78, MG Road, Andheri, Delhi, Delhi - 110384",test,clean
P03019,marathi_gujarati,M,Jay,Deshpande,given_surname,Jay Deshpande,Harsh Deshpande,2005-03-22,"No. 214, 2nd Main, Indiranagar, Ahmedabad, Gujarat - 380005",test,clean
P03020,bengali,F,Ananya,Bose,given_surname,Ananya Bose,Anirban Bose,1998-10-07,"No. 94, Nehru Street, Banjara Hills, Madurai, Tamil Nadu - 625226",train,critical
P03021,bengali,M,Debashis,Das,given_surname,Debashis Das,Anirban Das,2002-05-08,"No. 60, Station Road, Kothrud, Jaipur, Rajasthan - 302386",train,clean
P03022,malayalam,F,Gopika,Nair,given_surname,Gopika Nair,Arjun Nair,2004-09-09,"No. 127, 2nd Main, Velachery, Kolkata, West Bengal - 700799",train,clean
P03023,tamil,M,Kumar,Karthik,given_father,Kumar Karthik,Karthik,2003-12-30,"No. 39, 4th Cross, Jayanagar, Coimbatore, Tamil Nadu - 641284",train,clean
P03024,north,F,Archana,Yadav,given_surname,Archana Yadav,Rohit Yadav,2002-01-27,"No. 9, Gandhi Road, Kakkanad, Pune, Maharashtra - 411084",train,critical
P03025,tamil,M,Manikandan,Sundar,given_father,Manikandan Sundar,Sundar,2003-03-29,"No. 192, Main Road, Saket, Mysuru, Karnataka - 570708",train,critical
P03026,tamil,M,Raju,Murugan,given_father,Raju Murugan,Murugan,2001-09-20,"No. 112, Lake View Road, Andheri, Pune, Maharashtra - 411456",train,clean
P03027,kannada,F,Asha,Shetty,given_surname,Asha Shetty,Naveen Shetty,2001-01-08,"No. 34, Church Street, Indiranagar, Delhi, Delhi - 110375",train,clean
P03028,tamil,M,Selvam,Kannan,given_father,Selvam Kannan,Kannan,1999-11-11,"No. 232, Lake View Road, Sector 62, Kochi, Kerala - 682007",train,clean
P03029,north,M,Sanjay,Sharma,given_surname,Sanjay Sharma,Sandeep Sharma,2004-09-29,"No. 130, Cross Road, Anna Nagar, Mysuru, Karnataka - 570956",train,clean
P03030,north,M,Sandeep,Pandey,given_surname,Sandeep Pandey,Deepak Pandey,2002-10-03,"No. 29, Church Street, Jayanagar, Ahmedabad, Gujarat - 380215",train,needs_review
P03031,tamil,M,Manikandan,Babu,given_father,Manikandan Babu,Babu,2001-01-22,"No. 41, Market Street, Jayanagar, Noida, Uttar Pradesh - 201545",train,clean
P03032,bengali,F,Payel,Ghosh,given_surname,Payel Ghosh,Subhajit Ghosh,2001-05-12,"No. 115, 2nd Main, Kakkanad, Chennai, Tamil Nadu - 600352",train,clean
P03033,malayalam,F,Athira,Panicker,given_surname,Athira Panicker,Arjun Panicker,2004-07-26,"No. 37, MG Road, Saket, Ahmedabad, Gujarat - 380299",train,clean
P03034,bengali,F,Payel,Banerjee,given_surname,Payel Banerjee,Debashis Banerjee,2000-12-18,"No. 139, MG Road, Saket, Kochi, Kerala - 682219",val,clean
P03035,north,M,Rohit,Singh,given_surname,Rohit Singh,Vikram Singh,2004-06-15,"No. 197, Church Street, Banjara Hills, Thiruvananthapuram, Kerala - 695599",val,needs_review
P03036,tamil,F,Indhu,Babu,given_father,Indhu Babu,Babu,2000-08-29,"No. 228, Market Street, T Nagar, Bengaluru, Karnataka - 560924",val,needs_review
P03037,north,M,Ankit,Gupta,given_surname,Ankit Gupta,Sumit Gupta,2005-07-28,"No. 139, 4th Cross, Jayanagar, Thiruvananthapuram, Kerala - 695450",test,clean
P03038,telugu,M,Ravi,Raju,given_surname,Ravi Raju,Prasad Raju,2005-04-07,"No. 134, Main Road, Andheri, Jaipur, Rajasthan - 302156",test,clean
P03039,bengali,M,Subhajit,Das,given_surname,Subhajit Das,Debashis Das,2002-08-19,"No. 37, Market Street, Jayanagar, Mysuru, Karnataka - 570051",test,clean
P03040,muslim,F,Heena,Syed,given_surname,Heena Syed,Abdul Syed,2004-12-30,"No. 12, 2nd Main, Sector 62, Coimbatore, Tamil Nadu - 641659",train,clean
P03041,malayalam,F,Neethu,Kurup,given_surname,Neethu Kurup,Jithin Kurup,2002-09-22,"No. 218, Lake View Road, Velachery, Hyderabad, Telangana - 500746",train,clean
P03042,marathi_gujarati,M,Sagar,Mehta,given_surname,Sagar Mehta,Aniket Mehta,1999-12-30,"No. 196, 2nd Main, Velachery, Kochi, Kerala - 682281",train,clean
P03043,malayalam,M,Akhil,Panicker,given_surname,Akhil Panicker,Arjun Panicker,2004-08-07,"No. 33, Park Avenue, T Nagar, Chennai, Tamil Nadu - 600783",train,needs_review
P03044,kannada,F,Asha,Rao,given_surname,Asha Rao,Harish Rao,2003-09-07,"No. 53, Lake View Road, T Nagar, Kolkata, West Bengal - 700908",train,needs_review
P03045,muslim,F,Zainab,Khan,given_surname,Zainab Khan,Salman Khan,1999-01-03,"No. 243, Gandhi Road, Kakkanad, Mysuru, Karnataka - 570383",train,clean
P03046,malayalam,M,Arjun,Varghese,given_surname,Arjun Varghese,Anand Varghese,2000-07-02,"No. 134, Market Street, Kakkanad, Mysuru, Karnataka - 570813",train,clean
P03047,telugu,M,Krishna,Naidu,given_surname,Krishna Naidu,Srinivas Naidu,2005-08-28,"No. 195, Cross Road, Anna Nagar, Hyderabad, Telangana - 500292",train,needs_review
P03048,tamil,F,Janani,Kannan,given_father,Janani Kannan,Kannan,2004-02-16,"No. 225, Station Road, Kakkanad, Chennai, Tamil Nadu - 600368",train,clean
P03049,tamil,F,Sowmya,Selvam,given_father,Sowmya Selvam,Selvam,1998-02-21,"No. 59, Market Street, Salt Lake, Noida, Uttar Pradesh - 201709",train,clean
P03050,muslim,M,Farhan,Ansari,given_surname,Farhan Ansari,Imran Ansari,2003-11-11,"No. 166, Main Road, Kothrud, Mumbai, Maharashtra - 400623",train,clean
P03051,north,F,Shreya,Tiwari,given_surname,Shreya Tiwari,Sandeep Tiwari,2005-01-18,"No. 181, 2nd Main, Velachery, Thiruvananthapuram, Kerala - 695490",train,clean
P03052,telugu,F,Bhavani,Raju,given_surname,Bhavani Raju,Chaitanya Raju,2001-02-28,"No. 151, 2nd Main, Indiranagar, Mumbai, Maharashtra - 400565",train,clean
P03053,kannada,M,Naveen,Hegde,given_surname,Naveen Hegde,Puneeth Hegde,2003-11-23,"No. 237, Cross Road, Kothrud, Pune, Maharashtra - 411534",train,clean
P03054,bengali,M,Sourav,Ghosh,given_surname,Sourav Ghosh,Subhajit Ghosh,2002-08-07,"No. 81, 4th Cross, Indiranagar, Hyderabad, Telangana - 500538",val,clean
P03055,north,M,Sandeep,Tiwari,given_surname,Sandeep Tiwari,Sumit Tiwari,2001-02-24,"No. 142, Gandhi Road, Sector 62, Noida, Uttar Pradesh - 201831",val,critical
P03056,tamil,F,Kavya,Babu,given_father,Kavya Babu,Babu,2001-02-25,"No. 82, Nehru Street, Saket, Kolkata, West Bengal - 700317",val,clean
P03057,christian,F,Grace,Mathew,given_surname,Grace Mathew,Joel Mathew,2002-02-03,"No. 104, Nehru Street, Navrangpura, Delhi, Delhi - 110752",test,needs_review
P03058,kannada,M,Girish,Hegde,given_surname,Girish Hegde,Shashank Hegde,1998-11-09,"No. 114, Cross Road, Banjara Hills, Bengaluru, Karnataka - 560913",test,clean
P03059,marathi_gujarati,M,Jay,Mehta,given_surname,Jay Mehta,Harsh Mehta,1998-09-05,"No. 59, Nehru Street, Salt Lake, Bengaluru, Karnataka - 560067",test,clean
P03060,telugu,F,Bhavani,Chowdary,given_surname,Bhavani Chowdary,Venkatesh Chowdary,2003-09-24,"No. 33, MG Road, Jayanagar, Delhi, Delhi - 110885",train,needs_review
P03061,malayalam,M,Arjun,Menon,given_surname,Arjun Menon,Rahul Menon,1998-06-20,"No. 3, Lake View Road, Jayanagar, Jaipur, Rajasthan - 302696",train,needs_review
P03062,tamil,M,Sundar,Karthik,given_father,Sundar Karthik,Karthik,2005-08-27,"No. 43, Church Street, Banjara Hills, Chennai, Tamil Nadu - 600845",train,clean
P03063,malayalam,F,Aswathy,Panicker,given_surname,Aswathy Panicker,Arjun Panicker,1999-05-10,"No. 32, Church Street, Velachery, Pune, Maharashtra - 411665",train,clean
P03064,tamil,F,Gayathri,Vignesh,given_father,Gayathri Vignesh,Vignesh,2003-02-15,"No. 207, Gandhi Road, Sector 62, Coimbatore, Tamil Nadu - 641357",train,clean
P03065,muslim,M,Sameer,Ansari,given_surname,Sameer Ansari,Mohammed Ansari,2001-07-26,"No. 75, Station Road, Anna Nagar, Bengaluru, Karnataka - 560923",train,clean
P03066,tamil,F,Meena,Elango,given_father,Meena Elango,Elango,1999-04-26,"No. 225, Lake View Road, Kothrud, Coimbatore, Tamil Nadu - 641414",train,needs_review
P03067,telugu,F,Swathi,Naidu,given_surname,Swathi Naidu,Venkatesh Naidu,1998-10-29,"No. 19, Station Road, Saket, Ahmedabad, Gujarat - 380681",train,clean
P03068,tamil,M,Murugan,Velu,given_father,Murugan Velu,Velu,2003-03-28,"No. 43, Temple Street, Malviya Nagar, Kolkata, West Bengal - 700247",train,clean
P03069,malayalam,M,Hari,Pillai,given_surname,Hari Pillai,Nikhil Pillai,2002-12-26,"No. 215, Market Street, Kakkanad, Kolkata, West Bengal - 700655",train,needs_review
P03070,kannada,F,Sahana,Shetty,given_surname,Sahana Shetty,Raghavendra Shetty,2002-04-12,"No. 36, Nehru Street, Indiranagar, Bengaluru, Karnataka - 560810",train,clean
P03071,christian,F,Grace,Mathew,given_surname,Grace Mathew,John Mathew,1998-02-01,"No. 44, Gandhi Road, Navrangpura, Hyderabad, Telangana - 500332",train,clean
P03072,christian,F,Teresa,Mathew,given_surname,Teresa Mathew,Joel Mathew,2000-06-07,"No. 234, Temple Street, Kakkanad, Jaipur, Rajasthan - 302937",train,clean
P03073,north,F,Sneha,Verma,given_surname,Sneha Verma,Ajay Verma,2003-12-07,"No. 27, Lake View Road, Sector 62, Jaipur, Rajasthan - 302026",train,clean
P03074,north,F,Shreya,Verma,given_surname,Shreya Verma,Rahul Verma,2000-04-06,"No. 146, MG Road, Sector 62, Jaipur, Rajasthan - 302352",val,clean
P03075,north,F,Riya,Chauhan,given_surname,Riya Chauhan,Ankit Chauhan,2003-07-04,"No. 130, Gandhi Road, Kakkanad, Bengaluru, Karnataka - 560339",val,clean
P03076,tamil,F,Malathi,Siva,given_father,Malathi Siva,Siva,2004-04-27,"No. 224, 2nd Main, Jayanagar, Chennai, Tamil Nadu - 600310",val,critical
P03077,malayalam,F,Anjali,Panicker,given_surname,Anjali Panicker,Jithin Panicker,2003-02-03,"No. 200, 2nd Main, Andheri, Thiruvananthapuram, Kerala - 695983",test,critical
P03078,north,M,Sumit,Chauhan,given_surname,Sumit Chauhan,Pradeep Chauhan,1999-11-16,"No. 169, 2nd Main, Navrangpura, Kochi, Kerala - 682625",test,clean
P03079,north,F,Sushma,Pandey,given_surname,Sushma Pandey,Deepak Pandey,2001-09-24,"No. 208, Nehru Street, Jayanagar, Madurai, Tamil Nadu - 625929",test,clean
P03080,tamil,F,Kavya,Madhavan,given_father,Kavya Madhavan,Madhavan,2000-08-14,"No. 17, Nehru Street, Salt Lake, Kolkata, West Bengal - 700303",train,clean
P03081,marathi_gujarati,M,Aniket,Desai,given_surname,Aniket Desai,Parth Desai,2002-08-03,"No. 109, Station Road, Malviya Nagar, Ahmedabad, Gujarat - 380991",train,clean
P03082,tamil,F,Vaishnavi,Saravanan,given_father,Vaishnavi Saravanan,Saravanan,1999-04-20,"No. 186, Lake View Road, Andheri, Noida, Uttar Pradesh - 201592",train,clean
P03083,telugu,F,Padma,Raju,given_surname,Padma Raju,Prasad Raju,1999-01-22,"No. 171, Gandhi Road, Andheri, Mysuru, Karnataka - 570905",train,needs_review
P03084,bengali,M,Debashis,Sen,given_surname,Debashis Sen,Arnab Sen,2005-05-18,"No. 97, MG Road, Malviya Nagar, Noida, Uttar Pradesh - 201658",train,critical
P03085,tamil,F,Abirami,Manikandan,given_father,Abirami Manikandan,Manikandan,1998-05-21,"No. 117, Main Road, Jayanagar, Bengaluru, Karnataka - 560773",train,clean
P03086,north,M,Sandeep,Yadav,given_surname,Sandeep Yadav,Sanjay Yadav,2004-05-31,"No. 127, Market Street, Sector 62, Pune, Maharashtra - 411887",train,critical
P03087,north,F,Riya,Singh,given_surname,Riya Singh,Ajay Singh,2001-10-15,"No. 97, Market Street, Saket, Hyderabad, Telangana - 500437",train,clean
P03088,marathi_gujarati,F,Snehal,Kulkarni,given_surname,Snehal Kulkarni,Sagar Kulkarni,2003-10-28,"No. 59, Station Road, Saket, Jaipur, Rajasthan - 302070",train,critical
P03089,north,F,Pooja,Yadav,given_surname,Pooja Yadav,Rohit Yadav,2001-07-11,"No. 158, Nehru Street, Sector 62, Kochi, Kerala - 682788",train,clean
P03090,tamil,M,Vignesh,Kumar,given_father,Vignesh Kumar,Kumar,1998-06-30,"No. 11, Market Street, Andheri, Thiruvananthapuram, Kerala - 695895",train,clean
P03091,muslim,F,Rukhsar,Khan,given_surname,Rukhsar Khan,Imran Khan,2004-04-16,"No. 100, Market Street, Salt Lake, Mysuru, Karnataka - 570521",train,clean
P03092,marathi_gujarati,M,Omkar,Patil,given_surname,Omkar Patil,Harsh Patil,2000-01-01,"No. 166, Lake View Road, Koramangala, Kochi, Kerala - 682354",train,clean
P03093,tamil,M,Arun,Babu,given_father,Arun Babu,Babu,2002-03-21,"No. 124, Park Avenue, Koramangala, Kolkata, West Bengal - 700075",train,critical
P03094,tamil,M,Selvam,Murugan,given_father,Selvam Murugan,Murugan,1999-09-04,"No. 167, Station Road, Andheri, Hyderabad, Telangana - 500167",val,needs_review
P03095,malayalam,M,Sreejith,Panicker,given_surname,Sreejith Panicker,Jithin Panicker,2001-06-29,"No. 63, MG Road, Koramangala, Madurai, Tamil Nadu - 625373",val,needs_review
P03096,north,F,Sneha,Sharma,given_surname,Sneha Sharma,Sandeep Sharma,2004-03-16,"No. 136, 4th Cross, Kothrud, Mysuru, Karnataka - 570701",val,clean
P03097,kannada,M,Darshan,Gowda,given_surname,Darshan Gowda,Prashanth Gowda,1999-12-19,"No. 193, Cross Road, Anna Nagar, Hyderabad, Telangana - 500396",test,clean
P03098,north,M,Rahul,Chauhan,given_surname,Rahul Chauhan,Rohit Chauhan,1998-07-30,"No. 178, Gandhi Road, Kakkanad, Jaipur, Rajasthan - 302913",test,clean
P03099,telugu,F,Bhavani,Raju,given_surname,Bhavani Raju,Venkatesh Raju,2001-05-29,"No. 246, Nehru Street, Andheri, Thiruvananthapuram, Kerala - 695467",test,clean
P03100,north,M,Pradeep,Yadav,given_surname,Pradeep Yadav,Sanjay Yadav,2004-12-07,"No. 209, Park Avenue, Koramangala, Kochi, Kerala - 682616",train,critical
P03101,christian,M,George,Pereira,given_surname,George Pereira,Joel Pereira,1999-04-21,"No. 49, Gandhi Road, Jayanagar, Coimbatore, Tamil Nadu - 641192",train,critical
P03102,bengali,F,Moumita,Mukherjee,given_surname,Moumita Mukherjee,Anirban Mukherjee,1999-02-25,"No. 180, Temple Street, Kothrud, Mumbai, Maharashtra - 400052",train,clean
P03103,tamil,F,Abirami,Saravanan,given_father,Abirami Saravanan,Saravanan,2001-04-26,"No. 62, Station Road, Anna Nagar, Mysuru, Karnataka - 570408",train,needs_review
P03104,tamil,M,Saravanan,Manikandan,given_father,Saravanan Manikandan,Manikandan,2005-03-07,"No. 78, Lake View Road, Sector 62, Jaipur, Rajasthan - 302533",train,critical
P03105,kannada,F,Spoorthi,Hegde,given_surname,Spoorthi Hegde,Puneeth Hegde,2003-10-23,"No. 83, Park Avenue, Saket, Madurai, Tamil Nadu - 625534",train,critical
P03106,north,F,Archana,Pandey,given_surname,Archana Pandey,Rohit Pandey,1999-11-23,"No. 39, Temple Street, Anna Nagar, Hyderabad, Telangana - 500932",train,critical
P03107,telugu,M,Mahesh,Raju,given_surname,Mahesh Raju,Srinivas Raju,2000-08-26,"No. 58, 4th Cross, Anna Nagar, Kochi, Kerala - 682710",train,needs_review
P03108,tamil,M,Ramesh,Senthil,given_father,Ramesh Senthil,Senthil,2001-11-08,"No. 130, Cross Road, Saket, Mumbai, Maharashtra - 400469",train,clean
P03109,malayalam,F,Athira,Varghese,given_surname,Athira Varghese,Anand Varghese,2001-05-26,"No. 145, MG Road, Jayanagar, Noida, Uttar Pradesh - 201093",train,clean
P03110,kannada,F,Spoorthi,Bhat,given_surname,Spoorthi Bhat,Naveen Bhat,1998-06-13,"No. 63, Nehru Street, Malviya Nagar, Coimbatore, Tamil Nadu - 641130",train,critical
P03111,tamil,F,Tamilselvi,Manikandan,given_father,Tamilselvi Manikandan,Manikandan,2004-11-09,"No. 20, Lake View Road, Velachery, Mumbai, Maharashtra - 400162",train,clean
P03112,marathi_gujarati,F,Sayali,Kulkarni,given_surname,Sayali Kulkarni,Nikhil Kulkarni,2005-05-03,"No. 18, Station Road, Malviya Nagar, Bengaluru, Karnataka - 560893",train,clean
P03113,north,M,Ankit,Pandey,given_surname,Ankit Pandey,Vikram Pandey,2002-06-12,"No. 147, Park Avenue, Indiranagar, Kolkata, West Bengal - 700239",train,clean
P03114,kannada,F,Bhoomika,Gowda,given_surname,Bhoomika Gowda,Puneeth Gowda,2003-04-27,"No. 105, Main Road, Andheri, Mumbai, Maharashtra - 400710",val,clean
P03115,north,M,Sandeep,Gupta,given_surname,Sandeep Gupta,Ajay Gupta,2005-03-22,"No. 156, Gandhi Road, Sector 62, Madurai, Tamil Nadu - 625253",val,clean
P03116,marathi_gujarati,F,Snehal,Shah,given_surname,Snehal Shah,Harsh Shah,2002-02-25,"No. 240, Temple Street, Velachery, Madurai, Tamil Nadu - 625397",val,needs_review
P03117,kannada,F,Kavitha,Gowda,given_surname,Kavitha Gowda,Girish Gowda,2000-06-16,"No. 76, Station Road, Indiranagar, Thiruvananthapuram, Kerala - 695594",test,clean
P03118,tamil,M,Kumar,Murugan,given_father,Kumar Murugan,Murugan,2001-03-28,"No. 242, Temple Street, Saket, Pune, Maharashtra - 411480",test,clean
P03119,kannada,M,Satish,Hegde,given_surname,Satish Hegde,Naveen Hegde,2001-06-05,"No. 233, Park Avenue, Kakkanad, Chennai, Tamil Nadu - 600430",test,clean
P03120,kannada,M,Naveen,Shetty,given_surname,Naveen Shetty,Manjunath Shetty,2005-06-04,"No. 92, Nehru Street, Banjara Hills, Mumbai, Maharashtra - 400939",train,needs_review
P03121,telugu,M,Chaitanya,Rao,given_surname,Chaitanya Rao,Srinivas Rao,2002-10-24,"No. 239, Market Street, Velachery, Bengaluru, Karnataka - 560742",train,clean
P03122,malayalam,M,Anand,Pillai,given_surname,Anand Pillai,Jithin Pillai,2005-04-30,"No. 14, 4th Cross, Saket, Thiruvananthapuram, Kerala - 695281",train,clean
P03123,kannada,F,Sahana,Hegde,given_surname,Sahana Hegde,Puneeth Hegde,2004-04-13,"No. 40, Station Road, Kakkanad, Coimbatore, Tamil Nadu - 641149",train,clean
P03124,north,M,Ajay,Yadav,given_surname,Ajay Yadav,Amit Yadav,2001-10-15,"No. 129, Station Road, Kothrud, Mumbai, Maharashtra - 400528",train,clean
P03125,muslim,M,Sameer,Syed,given_surname,Sameer Syed,Farhan Syed,2004-10-19,"No. 97, Market Street, Koramangala, Mysuru, Karnataka - 570980",train,clean
P03126,malayalam,F,Athira,Pillai,given_surname,Athira Pillai,Rahul Pillai,2000-02-26,"No. 175, Park Avenue, Jayanagar, Madurai, Tamil Nadu - 625103",train,clean
P03127,north,M,Deepak,Yadav,given_surname,Deepak Yadav,Rohit Yadav,2003-06-11,"No. 214, MG Road, Indiranagar, Jaipur, Rajasthan - 302165",train,clean
P03128,north,F,Riya,Mishra,given_surname,Riya Mishra,Rohit Mishra,1999-10-23,"No. 126, 4th Cross, Sector 62, Delhi, Delhi - 110738",train,clean
P03129,muslim,F,Nazia,Pathan,given_surname,Nazia Pathan,Sameer Pathan,1999-06-24,"No. 97, 2nd Main, Indiranagar, Ahmedabad, Gujarat - 380762",train,needs_review
P03130,tamil,M,Balaji,Kumar,given_father,Balaji Kumar,Kumar,2003-11-25,"No. 221, Temple Street, Banjara Hills, Mumbai, Maharashtra - 400382",train,clean
P03131,kannada,M,Girish,Rao,given_surname,Girish Rao,Prashanth Rao,1998-09-14,"No. 142, Temple Street, T Nagar, Chennai, Tamil Nadu - 600531",train,clean
P03132,north,M,Gaurav,Verma,given_surname,Gaurav Verma,Deepak Verma,2002-04-21,"No. 29, Lake View Road, Indiranagar, Thiruvananthapuram, Kerala - 695143",train,needs_review
P03133,tamil,M,Vignesh,Saravanan,given_father,Vignesh Saravanan,Saravanan,1998-02-15,"No. 6, Lake View Road, Anna Nagar, Delhi, Delhi - 110449",train,clean
P03134,tamil,F,Gayathri,Raju,given_father,Gayathri Raju,Raju,2005-05-11,"No. 103, Market Street, T Nagar, Mysuru, Karnataka - 570044",val,critical
P03135,muslim,F,Zainab,Khan,given_surname,Zainab Khan,Arif Khan,2003-12-07,"No. 101, Nehru Street, Malviya Nagar, Kochi, Kerala - 682651",val,needs_review
P03136,tamil,M,Elango,Madhavan,given_father,Elango Madhavan,Madhavan,2005-07-19,"No. 128, Nehru Street, Banjara Hills, Mumbai, Maharashtra - 400064",val,clean
P03137,marathi_gujarati,F,Sayali,Desai,given_surname,Sayali Desai,Jay Desai,2001-06-22,"No. 170, Lake View Road, Salt Lake, Thiruvananthapuram, Kerala - 695655",test,critical
P03138,tamil,F,Tamilselvi,Siva,given_father,Tamilselvi Siva,Siva,2004-01-21,"No. 213, Station Road, Kothrud, Kochi, Kerala - 682885",test,clean
P03139,muslim,M,Arif,Qureshi,given_surname,Arif Qureshi,Mohammed Qureshi,2001-08-10,"No. 106, Church Street, Jayanagar, Kolkata, West Bengal - 700386",test,needs_review
P03140,north,F,Riya,Tiwari,given_surname,Riya Tiwari,Ajay Tiwari,2004-08-15,"No. 83, Station Road, T Nagar, Kolkata, West Bengal - 700156",train,needs_review
P03141,telugu,M,Venkatesh,Varma,given_surname,Venkatesh Varma,Kiran Varma,1998-12-07,"No. 40, Cross Road, Indiranagar, Kolkata, West Bengal - 700296",train,clean
P03142,north,F,Shreya,Yadav,given_surname,Shreya Yadav,Rohit Yadav,1999-04-08,"No. 48, Cross Road, Andheri, Ahmedabad, Gujarat - 380342",train,clean
P03143,tamil,M,Selvam,Prakash,given_father,Selvam Prakash,Prakash,2002-03-03,"No. 54, Station Road, Velachery, Ahmedabad, Gujarat - 380485",train,critical
P03144,kannada,F,Geetha,Shetty,given_surname,Geetha Shetty,Manjunath Shetty,2005-04-02,"No. 72, Lake View Road, Koramangala, Kolkata, West Bengal - 700057",train,clean
P03145,malayalam,F,Neethu,Panicker,given_surname,Neethu Panicker,Rahul Panicker,2001-07-09,"No. 33, Lake View Road, Salt Lake, Jaipur, Rajasthan - 302225",train,clean
P03146,marathi_gujarati,F,Hetal,Kulkarni,given_surname,Hetal Kulkarni,Nikhil Kulkarni,2004-11-05,"No. 128, Park Avenue, Kothrud, Kolkata, West Bengal - 700201",train,clean
P03147,muslim,M,Arif,Sheikh,given_surname,Arif Sheikh,Abdul Sheikh,2001-05-14,"No. 239, 2nd Main, Banjara Hills, Delhi, Delhi - 110667",train,needs_review
P03148,north,F,Simran,Verma,given_surname,Simran Verma,Rohit Verma,2004-10-24,"No. 111, Lake View Road, Anna Nagar, Mumbai, Maharashtra - 400946",train,clean
P03149,north,M,Gaurav,Tiwari,given_surname,Gaurav Tiwari,Ajay Tiwari,1998-12-30,"No. 133, 4th Cross, Malviya Nagar, Chennai, Tamil Nadu - 600276",train,clean
P03150,telugu,M,Kiran,Chowdary,given_surname,Kiran Chowdary,Naresh Chowdary,2002-04-10,"No. 250, Station Road, Salt Lake, Madurai, Tamil Nadu - 625383",train,clean
P03151,tamil,M,Velu,Balaji,given_father,Velu Balaji,Balaji,2000-01-05,"No. 79, Church Street, Jayanagar, Madurai, Tamil Nadu - 625527",train,needs_review
P03152,kannada,M,Manjunath,Rao,given_surname,Manjunath Rao,Girish Rao,1999-08-26,"No. 48, Station Road, Sector 62, Delhi, Delhi - 110696",train,needs_review
P03153,muslim,F,Rukhsar,Ansari,given_surname,Rukhsar Ansari,Arif Ansari,1999-03-04,"No. 6, 2nd Main, Koramangala, Chennai, Tamil Nadu - 600899",train,critical
P03154,malayalam,M,Jithin,Kurup,given_surname,Jithin Kurup,Vishnu Kurup,2004-10-07,"No. 131, 4th Cross, Velachery, Delhi, Delhi - 110942",val,clean
P03155,north,M,Ajay,Sharma,given_surname,Ajay Sharma,Rohit Sharma,1998-01-14,"No. 83, Station Road, Kothrud, Kochi, Kerala - 682209",val,clean
P03156,malayalam,M,Jithin,Panicker,given_surname,Jithin Panicker,Vishnu Panicker,2002-07-03,"No. 15, MG Road, Indiranagar, Thiruvananthapuram, Kerala - 695622",val,clean
P03157,telugu,M,Venkatesh,Rao,given_surname,Venkatesh Rao,Ravi Rao,2005-03-18,"No. 158, Lake View Road, Kothrud, Coimbatore, Tamil Nadu - 641077",test,critical
P03158,kannada,M,Manjunath,Bhat,given_surname,Manjunath Bhat,Puneeth Bhat,1999-02-03,"No. 98, 4th Cross, T Nagar, Thiruvananthapuram, Kerala - 695015",test,critical
P03159,tamil,F,Kalaiselvi,Karthik,given_father,Kalaiselvi Karthik,Karthik,2000-04-07,"No. 230, Temple Street, Sector 62, Coimbatore, Tamil Nadu - 641850",test,clean
P03160,telugu,M,Venkatesh,Naidu,given_surname,Venkatesh Naidu,Prasad Naidu,2003-05-27,"No. 33, Lake View Road, Navrangpura, Coimbatore, Tamil Nadu - 641994",train,clean
P03161,muslim,F,Fathima,Khan,given_surname,Fathima Khan,Salman Khan,2002-05-15,"No. 181, Church Street, Anna Nagar, Delhi, Delhi - 110212",train,clean
P03162,muslim,M,Sameer,Syed,given_surname,Sameer Syed,Mohammed Syed,1999-07-04,"No. 204, Gandhi Road, Indiranagar, Madurai, Tamil Nadu - 625414",train,clean
P03163,north,M,Sumit,Mishra,given_surname,Sumit Mishra,Pradeep Mishra,2004-03-15,"No. 26, Temple Street, Malviya Nagar, Bengaluru, Karnataka - 560242",train,critical
P03164,north,M,Rohit,Singh,given_surname,Rohit Singh,Amit Singh,1998-11-05,"No. 109, 2nd Main, Kakkanad, Bengaluru, Karnataka - 560366",train,clean
P03165,marathi_gujarati,F,Rutuja,Shah,given_surname,Rutuja Shah,Parth Shah,2003-04-02,"No. 36, Temple Street, Navrangpura, Kochi, Kerala - 682277",train,clean
P03166,north,M,Rahul,Verma,given_surname,Rahul Verma,Rohit Verma,1998-05-22,"No. 68, MG Road, Anna Nagar, Ahmedabad, Gujarat - 380694",train,clean
P03167,tamil,M,Babu,Selvam,given_father,Babu Selvam,Selvam,2000-06-22,"No. 113, MG Road, Malviya Nagar, Kolkata, West Bengal - 700310",train,clean
P03168,north,M,Vikram,Agarwal,given_surname,Vikram Agarwal,Ajay Agarwal,1999-03-01,"No. 250, Nehru Street, Andheri, Hyderabad, Telangana - 500718",train,needs_review
P03169,muslim,M,Salman,Khan,given_surname,Salman Khan,Arif Khan,2000-05-11,"No. 164, Church Street, Kothrud, Thiruvananthapuram, Kerala - 695161",train,clean
P03170,kannada,M,Girish,Kulkarni,given_surname,Girish Kulkarni,Darshan Kulkarni,1999-10-19,"No. 199, MG Road, Salt Lake, Kolkata, West Bengal - 700394",train,clean
P03171,christian,M,Thomas,Pereira,given_surname,Thomas Pereira,John Pereira,1998-08-29,"No. 138, Park Avenue, T Nagar, Ahmedabad, Gujarat - 380643",train,needs_review
P03172,bengali,F,Riya,Mukherjee,given_surname,Riya Mukherjee,Abhijit Mukherjee,1999-01-27,"No. 200, Gandhi Road, Navrangpura, Coimbatore, Tamil Nadu - 641875",train,clean
P03173,north,M,Rohit,Gupta,given_surname,Rohit Gupta,Sandeep Gupta,2003-01-12,"No. 141, Church Street, Saket, Jaipur, Rajasthan - 302537",train,clean
P03174,tamil,F,Gayathri,Saravanan,given_father,Gayathri Saravanan,Saravanan,1998-08-24,"No. 190, Nehru Street, Andheri, Madurai, Tamil Nadu - 625046",val,needs_review
P03175,bengali,M,Rajib,Sen,given_surname,Rajib Sen,Sourav Sen,2005-09-06,"No. 145, 2nd Main, Sector 62, Jaipur, Rajasthan - 302440",val,needs_review
P03176,christian,M,Daniel,Mathew,given_surname,Daniel Mathew,Samuel Mathew,1999-10-17,"No. 119, Church Street, Banjara Hills, Hyderabad, Telangana - 500051",val,clean
P03177,tamil,M,Babu,Velu,given_father,Babu Velu,Velu,2001-10-11,"No. 17, Nehru Street, Anna Nagar, Pune, Maharashtra - 411393",test,critical
P03178,kannada,M,Harish,Hegde,given_surname,Harish Hegde,Shashank Hegde,2000-10-14,"No. 211, 2nd Main, Andheri, Jaipur, Rajasthan - 302287",test,clean
P03179,tamil,F,Sowmya,Kumar,given_father,Sowmya Kumar,Kumar,2004-07-31,"No. 100, MG Road, Kakkanad, Hyderabad, Telangana - 500041",test,needs_review
P03180,telugu,M,Naresh,Rao,given_surname,Naresh Rao,Ravi Rao,2002-03-09,"No. 100, Park Avenue, T Nagar, Noida, Uttar Pradesh - 201170",train,clean
P03181,bengali,M,Abhijit,Bose,given_surname,Abhijit Bose,Anirban Bose,2002-11-30,"No. 117, 4th Cross, Koramangala, Delhi, Delhi - 110151",train,clean
P03182,christian,F,Mary,D'Souza,given_surname,Mary D'Souza,Samuel D'Souza,2005-12-26,"No. 108, Cross Road, Kakkanad, Kolkata, West Bengal - 700700",train,needs_review
P03183,telugu,F,Sravani,Chowdary,given_surname,Sravani Chowdary,Srinivas Chowdary,2001-11-25,"No. 246, Lake View Road, Salt Lake, Kolkata, West Bengal - 700121",train,clean
P03184,kannada,M,Darshan,Hegde,given_surname,Darshan Hegde,Prashanth Hegde,2003-06-22,"No. 171, MG Road, T Nagar, Pune, Maharashtra - 411811",train,clean
P03185,muslim,M,Arif,Khan,given_surname,Arif Khan,Salman Khan,1999-04-05,"No. 169, Station Road, Anna Nagar, Hyderabad, Telangana - 500423",train,clean
P03186,north,F,Shreya,Gupta,given_surname,Shreya Gupta,Rahul Gupta,2005-10-20,"No. 210, Main Road, Banjara Hills, Jaipur, Rajasthan - 302842",train,clean
P03187,tamil,M,Kumar,Selvam,given_father,Kumar Selvam,Selvam,2003-11-04,"No. 13, Cross Road, T Nagar, Mysuru, Karnataka - 570423",train,clean
P03188,tamil,F,Kavya,Siva,given_father,Kavya Siva,Siva,2000-09-16,"No. 106, Main Road, Kakkanad, Thiruvananthapuram, Kerala - 695147",train,clean
P03189,kannada,M,Satish,Gowda,given_surname,Satish Gowda,Raghavendra Gowda,2000-10-13,"No. 225, Gandhi Road, Koramangala, Delhi, Delhi - 110539",train,clean
P03190,malayalam,M,Nikhil,Panicker,given_surname,Nikhil Panicker,Akhil Panicker,2005-11-30,"No. 79, Church Street, T Nagar, Chennai, Tamil Nadu - 600414",train,clean
P03191,north,M,Ajay,Sharma,given_surname,Ajay Sharma,Gaurav Sharma,2000-11-15,"No. 5, Lake View Road, Sector 62, Kolkata, West Bengal - 700611",train,critical
P03192,telugu,F,Swathi,Varma,given_surname,Swathi Varma,Mahesh Varma,2003-08-06,"No. 81, Market Street, Anna Nagar, Pune, Maharashtra - 411965",train,clean
P03193,kannada,F,Spoorthi,Hegde,given_surname,Spoorthi Hegde,Harish Hegde,2002-09-14,"No. 192, Church Street, Sector 62, Delhi, Delhi - 110947",train,clean
P03194,north,M,Amit,Singh,given_surname,Amit Singh,Ankit Singh,2002-05-27,"No. 36, Gandhi Road, Velachery, Noida, Uttar Pradesh - 201848",val,needs_review
P03195,malayalam,M,Rahul,Menon,given_surname,Rahul Menon,Sanju Menon,2005-09-29,"No. 152, 2nd Main, Indiranagar, Jaipur, Rajasthan - 302815",val,needs_review
P03196,kannada,M,Naveen,Shetty,given_surname,Naveen Shetty,Raghavendra Shetty,2005-10-09,"No. 226, Temple Street, Malviya Nagar, Jaipur, Rajasthan - 302488",val,clean
P03197,telugu,M,Venkatesh,Naidu,given_surname,Venkatesh Naidu,Srinivas Naidu,2001-07-27,"No. 227, Gandhi Road, Kothrud, Mysuru, Karnataka - 570258",test,clean
P03198,tamil,M,Kannan,Saravanan,given_father,Kannan Saravanan,Saravanan,2000-11-08,"No. 132, Main Road, Kothrud, Hyderabad, Telangana - 500170",test,critical
P03199,muslim,M,Salman,Qureshi,given_surname,Salman Qureshi,Irfan Qureshi,2003-10-08,"No. 231, Park Avenue, Navrangpura, Delhi, Delhi - 110895",test,clean
P03200,christian,F,Merlin,Joseph,given_surname,Merlin Joseph,Daniel Joseph,2002-08-14,"No. 135, 2nd Main, Velachery, Mysuru, Karnataka - 570568",train,clean
P03201,malayalam,F,Divya,Kurup,given_surname,Divya Kurup,Akhil Kurup,2003-10-05,"No. 142, MG Road, Indiranagar, Mumbai, Maharashtra - 400456",train,clean
P03202,tamil,M,Velu,Kannan,given_father,Velu Kannan,Kannan,2000-01-25,"No. 185, 2nd Main, Andheri, Hyderabad, Telangana - 500836",train,clean
P03203,kannada,M,Prashanth,Shetty,given_surname,Prashanth Shetty,Shashank Shetty,2000-12-07,"No. 138, MG Road, Banjara Hills, Mumbai, Maharashtra - 400041",train,needs_review
P03204,bengali,M,Anirban,Sen,given_surname,Anirban Sen,Debashis Sen,1998-06-20,"No. 22, Church Street, Kakkanad, Noida, Uttar Pradesh - 201946",train,needs_review
P03205,kannada,F,Pallavi,Gowda,given_surname,Pallavi Gowda,Naveen Gowda,2004-08-14,"No. 32, Temple Street, Sector 62, Chennai, Tamil Nadu - 600912",train,critical
P03206,bengali,M,Abhijit,Sen,given_surname,Abhijit Sen,Rajib Sen,2002-12-06,"No. 207, Station Road, Banjara Hills, Thiruvananthapuram, Kerala - 695774",train,needs_review
P03207,north,F,Ritu,Yadav,given_surname,Ritu Yadav,Ajay Yadav,2003-09-06,"No. 148, Market Street, Indiranagar, Coimbatore, Tamil Nadu - 641711",train,clean
P03208,north,M,Vikram,Mishra,given_surname,Vikram Mishra,Rohit Mishra,2001-04-11,"No. 182, Park Avenue, Andheri, Bengaluru, Karnataka - 560086",train,clean
P03209,north,F,Sushma,Mishra,given_surname,Sushma Mishra,Pradeep Mishra,1998-04-22,"No. 167, Cross Road, Kothrud, Kochi, Kerala - 682984",train,clean
P03210,malayalam,F,Gopika,Kurup,given_surname,Gopika Kurup,Akhil Kurup,1999-06-28,"No. 114, Cross Road, Anna Nagar, Mumbai, Maharashtra - 400238",train,clean
P03211,tamil,M,Arun,Siva,given_father,Arun Siva,Siva,1998-12-28,"No. 217, 2nd Main, Banjara Hills, Jaipur, Rajasthan - 302841",train,clean
P03212,north,M,Rahul,Singh,given_surname,Rahul Singh,Deepak Singh,1998-08-18,"No. 141, Gandhi Road, T Nagar, Chennai, Tamil Nadu - 600529",train,needs_review
P03213,telugu,M,Venkatesh,Reddy,given_surname,Venkatesh Reddy,Mahesh Reddy,2003-12-18,"No. 129, MG Road, Navrangpura, Mysuru, Karnataka - 570542",train,clean
P03214,bengali,M,Sourav,Sen,given_surname,Sourav Sen,Arnab Sen,2003-04-20,"No. 245, Gandhi Road, Andheri, Jaipur, Rajasthan - 302343",val,needs_review
P03215,north,F,Sneha,Verma,given_surname,Sneha Verma,Ajay Verma,1999-12-23,"No. 191, Temple Street, Banjara Hills, Chennai, Tamil Nadu - 600464",val,clean
P03216,christian,F,Angel,Mathew,given_surname,Angel Mathew,Thomas Mathew,2005-08-17,"No. 49, Market Street, Kothrud, Chennai, Tamil Nadu - 600823",val,needs_review
P03217,tamil,M,Sundar,Saravanan,given_father,Sundar Saravanan,Saravanan,2001-12-12,"No. 84, Main Road, Velachery, Ahmedabad, Gujarat - 380053",test,needs_review
P03218,tamil,M,Madhavan,Velu,given_father,Madhavan Velu,Velu,1999-10-11,"No. 169, Nehru Street, Kothrud, Noida, Uttar Pradesh - 201083",test,critical
P03219,telugu,F,Sunitha,Chowdary,given_surname,Sunitha Chowdary,Venkatesh Chowdary,2000-03-21,"No. 156, Market Street, T Nagar, Kolkata, West Bengal - 700694",test,clean
P03220,muslim,F,Nazia,Pathan,given_surname,Nazia Pathan,Salman Pathan,2004-01-31,"No. 163, MG Road, Indiranagar, Coimbatore, Tamil Nadu - 641225",train,needs_review
P03221,kannada,F,Kavitha,Rao,given_surname,Kavitha Rao,Girish Rao,2003-12-27,"No. 44, MG Road, Sector 62, Chennai, Tamil Nadu - 600916",train,clean
P03222,kannada,F,Shilpa,Kulkarni,given_surname,Shilpa Kulkarni,Shashank Kulkarni,1999-10-29,"No. 234, Nehru Street, Kothrud, Thiruvananthapuram, Kerala - 695640",train,critical
P03223,bengali,M,Arnab,Das,given_surname,Arnab Das,Rajib Das,2001-01-09,"No. 100, Market Street, Indiranagar, Hyderabad, Telangana - 500776",train,clean
P03224,marathi_gujarati,M,Harsh,Deshpande,given_surname,Harsh Deshpande,Jay Deshpande,2003-12-07,"No. 157, Station Road, Sector 62, Kochi, Kerala - 682758",train,clean
P03225,malayalam,F,Reshma,Menon,given_surname,Reshma Menon,Jithin Menon,2003-08-23,"No. 159, 4th Cross, Jayanagar, Mumbai, Maharashtra - 400588",train,clean
P03226,kannada,F,Shilpa,Hegde,given_surname,Shilpa Hegde,Darshan Hegde,2001-11-20,"No. 48, Church Street, Indiranagar, Kolkata, West Bengal - 700923",train,clean
P03227,muslim,F,Heena,Khan,given_surname,Heena Khan,Abdul Khan,2005-06-13,"No. 219, Lake View Road, Saket, Coimbatore, Tamil Nadu - 641186",train,clean
P03228,marathi_gujarati,F,Krupa,Deshpande,given_surname,Krupa Deshpande,Omkar Deshpande,2005-06-10,"No. 184, Cross Road, Koramangala, Noida, Uttar Pradesh - 201288",train,clean
P03229,tamil,M,Kumar,Manikandan,given_father,Kumar Manikandan,Manikandan,2003-12-26,"No. 237, Cross Road, Kothrud, Mysuru, Karnataka - 570637",train,critical
P03230,tamil,M,Ramesh,Elango,given_father,Ramesh Elango,Elango,2002-09-29,"No. 2, Church Street, Andheri, Coimbatore, Tamil Nadu - 641074",train,needs_review
P03231,bengali,F,Ishita,Banerjee,given_surname,Ishita Banerjee,Subhajit Banerjee,2004-07-16,"No. 40, Park Avenue, Andheri, Mumbai, Maharashtra - 400325",train,critical
P03232,muslim,M,Abdul,Khan,given_surname,Abdul Khan,Arif Khan,2001-10-28,"No. 150, 2nd Main, Kothrud, Noida, Uttar Pradesh - 201148",train,clean
P03233,bengali,F,Payel,Roy,given_surname,Payel Roy,Rajib Roy,2001-12-30,"No. 117, MG Road, Indiranagar, Hyderabad, Telangana - 500824",train,needs_review
P03234,kannada,M,Prashanth,Shetty,given_surname,Prashanth Shetty,Shashank Shetty,2000-07-28,"No. 113, MG Road, Saket, Hyderabad, Telangana - 500268",val,needs_review
P03235,kannada,M,Harish,Shetty,given_surname,Harish Shetty,Raghavendra Shetty,1998-07-29,"No. 69, Nehru Street, Saket, Mysuru, Karnataka - 570313",val,clean
P03236,telugu,M,Prasad,Chowdary,given_surname,Prasad Chowdary,Suresh Chowdary,2003-05-20,"No. 55, Church Street, Kakkanad, Mumbai, Maharashtra - 400649",val,clean
P03237,malayalam,M,Hari,Varghese,given_surname,Hari Varghese,Sreejith Varghese,2000-01-26,"No. 43, Cross Road, Malviya Nagar, Mysuru, Karnataka - 570053",test,critical
P03238,north,M,Ajay,Tiwari,given_surname,Ajay Tiwari,Vikram Tiwari,1998-08-12,"No. 230, Church Street, Navrangpura, Delhi, Delhi - 110005",test,clean
P03239,christian,F,Merlin,Joseph,given_surname,Merlin Joseph,George Joseph,2005-10-20,"No. 127, MG Road, Velachery, Mysuru, Karnataka - 570172",test,clean
P03240,kannada,M,Girish,Kulkarni,given_surname,Girish Kulkarni,Manjunath Kulkarni,2003-06-16,"No. 104, Station Road, Salt Lake, Thiruvananthapuram, Kerala - 695904",train,needs_review
P03241,north,M,Rahul,Yadav,given_surname,Rahul Yadav,Vikram Yadav,2003-12-26,"No. 8, Church Street, Jayanagar, Delhi, Delhi - 110707",train,needs_review
P03242,malayalam,F,Gopika,Menon,given_surname,Gopika Menon,Sreejith Menon,1999-04-28,"No. 250, Nehru Street, Saket, Noida, Uttar Pradesh - 201499",train,clean
P03243,north,M,Gaurav,Chauhan,given_surname,Gaurav Chauhan,Pradeep Chauhan,1999-06-21,"No. 146, Lake View Road, Sector 62, Thiruvananthapuram, Kerala - 695167",train,critical
P03244,muslim,M,Arif,Khan,given_surname,Arif Khan,Salman Khan,2004-01-22,"No. 234, 2nd Main, Velachery, Chennai, Tamil Nadu - 600572",train,needs_review
P03245,christian,F,Angel,Joseph,given_surname,Angel Joseph,John Joseph,2000-12-11,"No. 68, 4th Cross, Sector 62, Noida, Uttar Pradesh - 201934",train,critical
P03246,kannada,F,Rashmi,Kulkarni,given_surname,Rashmi Kulkarni,Darshan Kulkarni,2003-07-19,"No. 122, Nehru Street, Salt Lake, Thiruvananthapuram, Kerala - 695771",train,needs_review
P03247,north,M,Deepak,Tiwari,given_surname,Deepak Tiwari,Rahul Tiwari,2004-09-14,"No. 68, Nehru Street, Kakkanad, Hyderabad, Telangana - 500289",train,clean
P03248,north,M,Deepak,Agarwal,given_surname,Deepak Agarwal,Vikram Agarwal,1999-12-29,"No. 96, Temple Street, Velachery, Coimbatore, Tamil Nadu - 641151",train,clean
P03249,tamil,M,Siva,Saravanan,given_father,Siva Saravanan,Saravanan,2000-04-30,"No. 85, MG Road, T Nagar, Jaipur, Rajasthan - 302559",train,clean
P03250,north,F,Simran,Sharma,given_surname,Simran Sharma,Ankit Sharma,2002-10-29,"No. 18, Church Street, Kakkanad, Mysuru, Karnataka - 570122",train,needs_review
P03251,marathi_gujarati,M,Sagar,Shah,given_surname,Sagar Shah,Jay Shah,2002-07-11,"No. 65, Lake View Road, T Nagar, Jaipur, Rajasthan - 302596",train,critical
P03252,telugu,F,Padma,Chowdary,given_surname,Padma Chowdary,Krishna Chowdary,2004-12-17,"No. 2, Lake View Road, Velachery, Pune, Maharashtra - 411442",train,needs_review
P03253,north,F,Komal,Mishra,given_surname,Komal Mishra,Deepak Mishra,2000-12-31,"No. 94, Main Road, Andheri, Delhi, Delhi - 110004",train,needs_review
P03254,tamil,F,Sowmya,Ramesh,given_father,Sowmya Ramesh,Ramesh,2005-09-13,"No. 195, 2nd Main, Malviya Nagar, Ahmedabad, Gujarat - 380978",val,clean
P03255,muslim,M,Irfan,Syed,given_surname,Irfan Syed,Arif Syed,2004-12-25,"No. 148, 2nd Main, Kothrud, Chennai, Tamil Nadu - 600745",val,clean
P03256,telugu,M,Kiran,Reddy,given_surname,Kiran Reddy,Mahesh Reddy,2004-02-13,"No. 43, 2nd Main, Jayanagar, Coimbatore, Tamil Nadu - 641537",val,clean
P03257,bengali,M,Rajib,Das,given_surname,Rajib Das,Debashis Das,2002-11-28,"No. 81, MG Road, Malviya Nagar, Jaipur, Rajasthan - 302242",test,clean
P03258,tamil,M,Vignesh,Manikandan,given_father,Vignesh Manikandan,Manikandan,2003-10-20,"No. 196, Lake View Road, Kothrud, Kochi, Kerala - 682304",test,needs_review
P03259,north,F,Ritu,Gupta,given_surname,Ritu Gupta,Amit Gupta,2002-10-09,"No. 96, 4th Cross, Banjara Hills, Hyderabad, Telangana - 500209",test,clean
P03260,kannada,M,Harish,Gowda,given_surname,Harish Gowda,Raghavendra Gowda,2002-10-21,"No. 164, Church Street, Koramangala, Thiruvananthapuram, Kerala - 695217",train,critical
P03261,muslim,F,Rukhsar,Syed,given_surname,Rukhsar Syed,Abdul Syed,2004-10-08,"No. 159, Lake View Road, Banjara Hills, Kochi, Kerala - 682077",train,clean
P03262,muslim,F,Sana,Pathan,given_surname,Sana Pathan,Irfan Pathan,2005-06-09,"No. 73, Nehru Street, Velachery, Jaipur, Rajasthan - 302292",train,clean
P03263,tamil,M,Raju,Selvam,given_father,Raju Selvam,Selvam,2001-08-10,"No. 212, Market Street, Anna Nagar, Kolkata, West Bengal - 700028",train,clean
P03264,marathi_gujarati,F,Hetal,Joshi,given_surname,Hetal Joshi,Aniket Joshi,2003-03-21,"No. 2, Main Road, Kothrud, Mumbai, Maharashtra - 400166",train,clean
P03265,telugu,F,Bhavani,Varma,given_surname,Bhavani Varma,Prasad Varma,2000-03-20,"No. 157, Market Street, Salt Lake, Delhi, Delhi - 110844",train,clean
P03266,north,M,Ankit,Pandey,given_surname,Ankit Pandey,Gaurav Pandey,2005-11-09,"No. 6, Market Street, Malviya Nagar, Pune, Maharashtra - 411604",train,clean
P03267,bengali,M,Sayan,Bose,given_surname,Sayan Bose,Abhijit Bose,2002-07-24,"No. 140, Temple Street, Jayanagar, Coimbatore, Tamil Nadu - 641693",train,critical
P03268,muslim,M,Abdul,Pathan,given_surname,Abdul Pathan,Salman Pathan,2003-05-17,"No. 104, Market Street, Banjara Hills, Madurai, Tamil Nadu - 625633",train,clean
P03269,tamil,F,Nithya,Elango,given_father,Nithya Elango,Elango,2000-12-27,"No. 48, Church Street, Velachery, Ahmedabad, Gujarat - 380871",train,critical
P03270,tamil,F,Kalaiselvi,Balaji,given_father,Kalaiselvi Balaji,Balaji,2001-04-28,"No. 149, 2nd Main, Velachery, Kochi, Kerala - 682500",train,clean
P03271,north,F,Sushma,Tiwari,given_surname,Sushma Tiwari,Pradeep Tiwari,2000-01-28,"No. 31, Gandhi Road, Navrangpura, Noida, Uttar Pradesh - 201745",train,clean
P03272,telugu,F,Bhavani,Reddy,given_surname,Bhavani Reddy,Naresh Reddy,2002-10-21,"No. 189, Market Street, Anna Nagar, Delhi, Delhi - 110452",train,clean
P03273,bengali,M,Rajib,Das,given_surname,Rajib Das,Subhajit Das,2000-12-31,"No. 7, Park Avenue, Banjara Hills, Coimbatore, Tamil Nadu - 641998",train,critical
P03274,tamil,M,Sundar,Murugan,given_father,Sundar Murugan,Murugan,2002-03-20,"No. 63, Main Road, Jayanagar, Mumbai, Maharashtra - 400140",val,clean
P03275,malayalam,F,Reshma,Menon,given_surname,Reshma Menon,Rahul Menon,2002-11-19,"No. 39, Station Road, Koramangala, Jaipur, Rajasthan - 302771",val,clean
P03276,tamil,F,Saranya,Senthil,given_father,Saranya Senthil,Senthil,2004-02-03,"No. 217, Lake View Road, Banjara Hills, Pune, Maharashtra - 411790",val,needs_review
P03277,north,M,Sanjay,Verma,given_surname,Sanjay Verma,Pradeep Verma,1998-05-09,"No. 42, Park Avenue, Kothrud, Noida, Uttar Pradesh - 201560",test,needs_review
P03278,north,M,Rahul,Gupta,given_surname,Rahul Gupta,Ankit Gupta,1999-03-20,"No. 20, Temple Street, Koramangala, Madurai, Tamil Nadu - 625546",test,clean
P03279,telugu,M,Kiran,Rao,given_surname,Kiran Rao,Suresh Rao,1998-07-01,"No. 216, Lake View Road, Salt Lake, Hyderabad, Telangana - 500470",test,needs_review
P03280,north,F,Sneha,Chauhan,given_surname,Sneha Chauhan,Vikram Chauhan,2003-02-28,"No. 113, MG Road, Jayanagar, Hyderabad, Telangana - 500115",train,critical
P03281,telugu,M,Ravi,Reddy,given_surname,Ravi Reddy,Chaitanya Reddy,2002-08-14,"No. 37, Temple Street, Kakkanad, Coimbatore, Tamil Nadu - 641364",train,needs_review
P03282,muslim,F,Zainab,Syed,given_surname,Zainab Syed,Irfan Syed,2000-06-09,"No. 120, 4th Cross, Anna Nagar, Chennai, Tamil Nadu - 600618",train,needs_review
P03283,marathi_gujarati,M,Jay,Joshi,given_surname,Jay Joshi,Harsh Joshi,1999-07-01,"No. 18, Gandhi Road, Banjara Hills, Kolkata, West Bengal - 700605",train,needs_review
P03284,malayalam,M,Akhil,Nair,given_surname,Akhil Nair,Jithin Nair,2004-03-18,"No. 25, Gandhi Road, Saket, Madurai, Tamil Nadu - 625082",train,needs_review
P03285,telugu,M,Kiran,Raju,given_surname,Kiran Raju,Ravi Raju,1999-12-30,"No. 79, Nehru Street, Koramangala, Pune, Maharashtra - 411426",train,clean
P03286,tamil,F,Abirami,Siva,given_father,Abirami Siva,Siva,1999-01-29,"No. 151, Main Road, Jayanagar, Coimbatore, Tamil Nadu - 641242",train,clean
P03287,north,F,Pooja,Verma,given_surname,Pooja Verma,Gaurav Verma,2001-10-02,"No. 33, Park Avenue, Kothrud, Pune, Maharashtra - 411570",train,clean
P03288,malayalam,M,Akhil,Varghese,given_surname,Akhil Varghese,Nikhil Varghese,2002-02-14,"No. 219, Temple Street, Kakkanad, Mumbai, Maharashtra - 400071",train,needs_review
P03289,bengali,M,Sayan,Ghosh,given_surname,Sayan Ghosh,Debashis Ghosh,1999-01-01,"No. 39, Lake View Road, Banjara Hills, Kolkata, West Bengal - 700838",train,clean
P03290,malayalam,M,Sanju,Nair,given_surname,Sanju Nair,Jithin Nair,2005-06-19,"No. 67, Gandhi Road, Andheri, Noida, Uttar Pradesh - 201882",train,needs_review
P03291,tamil,F,Vaishnavi,Vignesh,given_father,Vaishnavi Vignesh,Vignesh,2002-01-21,"No. 216, Lake View Road, Navrangpura, Kolkata, West Bengal - 700180",train,clean
P03292,marathi_gujarati,M,Tejas,Joshi,given_surname,Tejas Joshi,Aniket Joshi,2004-12-09,"No. 197, Park Avenue, Anna Nagar, Chennai, Tamil Nadu - 600450",train,needs_review
P03293,telugu,M,Krishna,Chowdary,given_surname,Krishna Chowdary,Prasad Chowdary,2002-05-27,"No. 216, Market Street, Velachery, Mysuru, Karnataka - 570750",train,critical
P03294,north,F,Komal,Pandey,given_surname,Komal Pandey,Rahul Pandey,2004-06-29,"No. 189, Station Road, Jayanagar, Coimbatore, Tamil Nadu - 641509",val,clean
P03295,north,F,Sushma,Verma,given_surname,Sushma Verma,Rahul Verma,2002-04-21,"No. 33, Church Street, Koramangala, Mumbai, Maharashtra - 400187",val,needs_review
P03296,tamil,M,Prakash,Babu,given_father,Prakash Babu,Babu,2004-02-10,"No. 234, 2nd Main, Salt Lake, Madurai, Tamil Nadu - 625005",val,clean
P03297,north,F,Ritu,Gupta,given_surname,Ritu Gupta,Sumit Gupta,1998-08-23,"No. 206, Gandhi Road, Saket, Mysuru, Karnataka - 570531",test,clean
P03298,bengali,M,Debashis,Bose,given_surname,Debashis Bose,Subhajit Bose,1998-04-14,"No. 54, Nehru Street, Anna Nagar, Kolkata, West Bengal - 700156",test,clean
P03299,muslim,M,Salman,Sheikh,given_surname,Salman Sheikh,Abdul Sheikh,2003-02-04,"No. 23, Park Avenue, Andheri, Madurai, Tamil Nadu - 625711",test,needs_review
P03300,kannada,F,Nandini,Rao,given_surname,Nandini Rao,Prashanth Rao,2003-01-19,"No. 85, Cross Road, Indiranagar, Noida, Uttar Pradesh - 201073",train,clean
P03301,muslim,F,Fathima,Khan,given_surname,Fathima Khan,Farhan Khan,1999-03-01,"No. 239, Nehru Street, Kakkanad, Chennai, Tamil Nadu - 600484",train,clean
P03302,malayalam,M,Arjun,Kurup,given_surname,Arjun Kurup,Anand Kurup,2004-09-23,"No. 128, Temple Street, Banjara Hills, Kolkata, West Bengal - 700661",train,clean
P03303,tamil,F,Saranya,Madhavan,given_father,Saranya Madhavan,Madhavan,1999-02-19,"No. 159, Market Street, Malviya Nagar, Hyderabad, Telangana - 500217",train,clean
P03304,marathi_gujarati,M,Nikhil,Mehta,given_surname,Nikhil Mehta,Jay Mehta,1999-02-11,"No. 46, Lake View Road, Banjara Hills, Hyderabad, Telangana - 500735",train,needs_review
P03305,north,F,Anjali,Verma,given_surname,Anjali Verma,Ajay Verma,1998-03-09,"No. 236, Gandhi Road, Indiranagar, Hyderabad, Telangana - 500667",train,clean
P03306,north,M,Sanjay,Singh,given_surname,Sanjay Singh,Sandeep Singh,1998-11-25,"No. 203, 4th Cross, Andheri, Mumbai, Maharashtra - 400030",train,critical
P03307,tamil,M,Sundar,Balaji,given_father,Sundar Balaji,Balaji,2005-04-13,"No. 216, Market Street, Koramangala, Mysuru, Karnataka - 570637",train,needs_review
P03308,bengali,M,Debashis,Roy,given_surname,Debashis Roy,Arnab Roy,2000-07-29,"No. 218, Temple Street, Andheri, Thiruvananthapuram, Kerala - 695627",train,needs_review
P03309,muslim,M,Salman,Sheikh,given_surname,Salman Sheikh,Irfan Sheikh,1998-11-24,"No. 116, Cross Road, Sector 62, Bengaluru, Karnataka - 560458",train,clean
P03310,muslim,M,Arif,Qureshi,given_surname,Arif Qureshi,Sameer Qureshi,1998-06-30,"No. 50, Market Street, Indiranagar, Jaipur, Rajasthan - 302470",train,clean
P03311,north,M,Sandeep,Pandey,given_surname,Sandeep Pandey,Pradeep Pandey,1999-06-20,"No. 240, Church Street, T Nagar, Chennai, Tamil Nadu - 600197",train,clean
P03312,bengali,F,Riya,Ghosh,given_surname,Riya Ghosh,Debashis Ghosh,2000-05-22,"No. 156, Temple Street, Saket, Mumbai, Maharashtra - 400626",train,clean
P03313,marathi_gujarati,M,Tejas,Deshpande,given_surname,Tejas Deshpande,Harsh Deshpande,2004-06-16,"No. 71, Church Street, Kothrud, Pune, Maharashtra - 411366",train,clean
P03314,north,F,Priyanka,Agarwal,given_surname,Priyanka Agarwal,Amit Agarwal,2005-08-27,"No. 121, Gandhi Road, Indiranagar, Kolkata, West Bengal - 700820",val,clean
P03315,christian,M,John,Mathew,given_surname,John Mathew,Samuel Mathew,1998-02-10,"No. 177, 4th Cross, Koramangala, Hyderabad, Telangana - 500731",val,critical
P03316,tamil,M,Sundar,Elango,given_father,Sundar Elango,Elango,1999-12-19,"No. 124, Main Road, Koramangala, Jaipur, Rajasthan - 302267",val,needs_review
P03317,north,M,Ajay,Agarwal,given_surname,Ajay Agarwal,Amit Agarwal,2003-10-25,"No. 77, Main Road, Malviya Nagar, Madurai, Tamil Nadu - 625820",test,needs_review
P03318,north,F,Riya,Tiwari,given_surname,Riya Tiwari,Amit Tiwari,2004-03-18,"No. 94, Main Road, Sector 62, Thiruvananthapuram, Kerala - 695937",test,needs_review
P03319,marathi_gujarati,M,Nikhil,Shah,given_surname,Nikhil Shah,Omkar Shah,2003-07-16,"No. 206, Gandhi Road, Navrangpura, Pune, Maharashtra - 411322",test,clean
P03320,christian,M,George,D'Souza,given_surname,George D'Souza,Thomas D'Souza,2004-03-04,"No. 113, Park Avenue, Andheri, Noida, Uttar Pradesh - 201121",train,needs_review
P03321,christian,M,David,Thomas,given_surname,David Thomas,John Thomas,2002-12-28,"No. 45, Temple Street, Banjara Hills, Delhi, Delhi - 110187",train,clean
P03322,north,F,Komal,Agarwal,given_surname,Komal Agarwal,Deepak Agarwal,2003-10-26,"No. 45, Main Road, Navrangpura, Noida, Uttar Pradesh - 201164",train,needs_review
P03323,tamil,M,Karthik,Elango,given_father,Karthik Elango,Elango,2002-12-17,"No. 114, MG Road, Velachery, Delhi, Delhi - 110678",train,critical
P03324,telugu,F,Sravani,Rao,given_surname,Sravani Rao,Venkatesh Rao,1998-07-17,"No. 210, 2nd Main, Kothrud, Kolkata, West Bengal - 700564",train,critical
P03325,telugu,F,Jyothi,Reddy,given_surname,Jyothi Reddy,Ravi Reddy,1999-07-26,"No. 92, Station Road, Indiranagar, Noida, Uttar Pradesh - 201037",train,needs_review
P03326,north,M,Gaurav,Singh,given_surname,Gaurav Singh,Sumit Singh,1999-03-12,"No. 242, Main Road, Velachery, Bengaluru, Karnataka - 560874",train,clean
P03327,muslim,F,Nazia,Qureshi,given_surname,Nazia Qureshi,Salman Qureshi,2001-02-27,"No. 199, Market Street, Velachery, Coimbatore, Tamil Nadu - 641871",train,critical
P03328,marathi_gujarati,F,Rutuja,Joshi,given_surname,Rutuja Joshi,Parth Joshi,2005-04-10,"No. 170, Gandhi Road, Navrangpura, Chennai, Tamil Nadu - 600182",train,clean
P03329,north,M,Sumit,Mishra,given_surname,Sumit Mishra,Amit Mishra,2004-07-04,"No. 237, Park Avenue, Banjara Hills, Chennai, Tamil Nadu - 600600",train,clean
P03330,telugu,M,Chaitanya,Reddy,given_surname,Chaitanya Reddy,Suresh Reddy,1998-06-09,"No. 11, Temple Street, Indiranagar, Mysuru, Karnataka - 570656",train,clean
P03331,muslim,M,Mohammed,Pathan,given_surname,Mohammed Pathan,Farhan Pathan,2005-02-28,"No. 114, 4th Cross, Kakkanad, Hyderabad, Telangana - 500208",train,clean
P03332,tamil,M,Selvam,Raju,given_father,Selvam Raju,Raju,2001-01-18,"No. 41, 4th Cross, Malviya Nagar, Mysuru, Karnataka - 570516",train,needs_review
P03333,marathi_gujarati,F,Snehal,Patil,given_surname,Snehal Patil,Harsh Patil,2001-08-29,"No. 150, Church Street, Jayanagar, Madurai, Tamil Nadu - 625237",train,critical
P03334,tamil,M,Saravanan,Balaji,given_father,Saravanan Balaji,Balaji,2002-02-17,"No. 225, Cross Road, Saket, Noida, Uttar Pradesh - 201739",val,clean
P03335,malayalam,F,Lekshmi,Nair,given_surname,Lekshmi Nair,Nikhil Nair,2002-07-12,"No. 186, 2nd Main, Navrangpura, Delhi, Delhi - 110160",val,clean
P03336,tamil,F,Tamilselvi,Karthik,given_father,Tamilselvi Karthik,Karthik,2004-10-16,"No. 78, MG Road, Indiranagar, Hyderabad, Telangana - 500517",val,needs_review
P03337,malayalam,M,Rahul,Varghese,given_surname,Rahul Varghese,Anand Varghese,2004-09-30,"No. 110, MG Road, Kakkanad, Kolkata, West Bengal - 700672",test,critical
P03338,marathi_gujarati,F,Krupa,Mehta,given_surname,Krupa Mehta,Nikhil Mehta,2002-01-17,"No. 145, Main Road, Velachery, Madurai, Tamil Nadu - 625912",test,clean
P03339,telugu,F,Divya,Reddy,given_surname,Divya Reddy,Kiran Reddy,2002-12-15,"No. 41, Park Avenue, Kothrud, Kolkata, West Bengal - 700567",test,needs_review
P03340,telugu,F,Padma,Rao,given_surname,Padma Rao,Ravi Rao,2005-02-15,"No. 69, Market Street, Andheri, Jaipur, Rajasthan - 302081",train,clean
P03341,kannada,M,Satish,Hegde,given_surname,Satish Hegde,Puneeth Hegde,2003-08-03,"No. 182, Church Street, Saket, Madurai, Tamil Nadu - 625207",train,critical
P03342,malayalam,M,Sreejith,Nair,given_surname,Sreejith Nair,Sanju Nair,2005-08-10,"No. 15, Cross Road, Velachery, Kolkata, West Bengal - 700165",train,critical
P03343,malayalam,F,Reshma,Panicker,given_surname,Reshma Panicker,Vishnu Panicker,2002-05-22,"No. 13, Nehru Street, Sector 62, Kochi, Kerala - 682101",train,clean
P03344,north,M,Rahul,Mishra,given_surname,Rahul Mishra,Vikram Mishra,2003-10-31,"No. 136, Nehru Street, Salt Lake, Chennai, Tamil Nadu - 600425",train,clean
P03345,muslim,F,Rukhsar,Qureshi,given_surname,Rukhsar Qureshi,Farhan Qureshi,2000-07-10,"No. 94, Park Avenue, Malviya Nagar, Delhi, Delhi - 110183",train,needs_review
P03346,kannada,M,Puneeth,Kulkarni,given_surname,Puneeth Kulkarni,Shashank Kulkarni,1998-07-29,"No. 126, MG Road, Saket, Mumbai, Maharashtra - 400470",train,critical
P03347,tamil,M,Prakash,Manikandan,given_father,Prakash Manikandan,Manikandan,2005-10-27,"No. 87, Station Road, Navrangpura, Mysuru, Karnataka - 570536",train,needs_review
P03348,kannada,F,Pallavi,Gowda,given_surname,Pallavi Gowda,Girish Gowda,2003-02-27,"No. 1, Park Avenue, Andheri, Mysuru, Karnataka - 570514",train,clean
P03349,tamil,F,Revathi,Balaji,given_father,Revathi Balaji,Balaji,2005-12-12,"No. 104, Main Road, Velachery, Coimbatore, Tamil Nadu - 641237",train,needs_review
P03350,north,F,Riya,Yadav,given_surname,Riya Yadav,Deepak Yadav,2004-09-15,"No. 178, Gandhi Road, Indiranagar, Jaipur, Rajasthan - 302997",train,clean
P03351,north,M,Ajay,Gupta,given_surname,Ajay Gupta,Sanjay Gupta,2005-12-05,"No. 31, Station Road, Velachery, Mumbai, Maharashtra - 400808",train,clean
P03352,kannada,M,Prashanth,Shetty,given_surname,Prashanth Shetty,Darshan Shetty,2002-04-05,"No. 24, Station Road, Jayanagar, Hyderabad, Telangana - 500799",train,clean
P03353,tamil,M,Ramesh,Karthik,given_father,Ramesh Karthik,Karthik,2000-08-23,"No. 237, 2nd Main, Navrangpura, Ahmedabad, Gujarat - 380616",train,clean
P03354,telugu,F,Lavanya,Rao,given_surname,Lavanya Rao,Srinivas Rao,2003-10-17,"No. 44, Church Street, T Nagar, Noida, Uttar Pradesh - 201160",val,needs_review
P03355,marathi_gujarati,M,Nikhil,Patel,given_surname,Nikhil Patel,Jay Patel,2002-08-22,"No. 71, Main Road, Kakkanad, Delhi, Delhi - 110822",val,clean
P03356,christian,F,Mary,Joseph,given_surname,Mary Joseph,Thomas Joseph,1999-07-01,"No. 176, Gandhi Road, T Nagar, Delhi, Delhi - 110409",val,clean
P03357,tamil,M,Sundar,Murugan,given_father,Sundar Murugan,Murugan,2002-12-25,"No. 232, Station Road, Malviya Nagar, Jaipur, Rajasthan - 302279",test,clean
P03358,north,M,Ankit,Singh,given_surname,Ankit Singh,Rahul Singh,1998-04-19,"No. 52, Church Street, Saket, Ahmedabad, Gujarat - 380437",test,clean
P03359,telugu,M,Krishna,Rao,given_surname,Krishna Rao,Ravi Rao,2002-08-17,"No. 110, 2nd Main, Navrangpura, Hyderabad, Telangana - 500352",test,needs_review
P03360,north,M,Deepak,Gupta,given_surname,Deepak Gupta,Sandeep Gupta,2001-11-27,"No. 140, Lake View Road, Navrangpura, Ahmedabad, Gujarat - 380972",train,needs_review
P03361,tamil,F,Saranya,Manikandan,given_father,Saranya Manikandan,Manikandan,2001-06-09,"No. 136, Gandhi Road, Saket, Chennai, Tamil Nadu - 600337",train,clean
P03362,muslim,F,Ayesha,Syed,given_surname,Ayesha Syed,Irfan Syed,2002-04-11,"No. 235, Market Street, Banjara Hills, Jaipur, Rajasthan - 302201",train,clean
P03363,tamil,F,Abirami,Selvam,given_father,Abirami Selvam,Selvam,2001-09-24,"No. 220, Gandhi Road, Kakkanad, Thiruvananthapuram, Kerala - 695490",train,clean
P03364,north,F,Komal,Chauhan,given_surname,Komal Chauhan,Deepak Chauhan,2000-11-05,"No. 191, Church Street, Indiranagar, Bengaluru, Karnataka - 560780",train,clean
P03365,north,F,Priyanka,Pandey,given_surname,Priyanka Pandey,Amit Pandey,2001-09-12,"No. 53, Station Road, Sector 62, Pune, Maharashtra - 411139",train,clean
P03366,telugu,F,Madhuri,Varma,given_surname,Madhuri Varma,Chaitanya Varma,1999-03-02,"No. 148, MG Road, Malviya Nagar, Ahmedabad, Gujarat - 380824",train,clean
P03367,north,M,Pradeep,Tiwari,given_surname,Pradeep Tiwari,Rohit Tiwari,1999-01-17,"No. 161, Gandhi Road, Navrangpura, Chennai, Tamil Nadu - 600624",train,needs_review
P03368,kannada,F,Kavitha,Bhat,given_surname,Kavitha Bhat,Harish Bhat,2003-04-23,"No. 127, 2nd Main, Malviya Nagar, Madurai, Tamil Nadu - 625413",train,needs_review
P03369,bengali,M,Arnab,Ghosh,given_surname,Arnab Ghosh,Sourav Ghosh,2001-10-10,"No. 200, 2nd Main, Kakkanad, Delhi, Delhi - 110805",train,clean
P03370,malayalam,F,Anagha,Pillai,given_surname,Anagha Pillai,Hari Pillai,2004-10-05,"No. 189, Temple Street, Kothrud, Mumbai, Maharashtra - 400958",train,clean
P03371,tamil,F,Lakshmi,Kumar,given_father,Lakshmi Kumar,Kumar,2004-04-22,"No. 54, Nehru Street, Koramangala, Thiruvananthapuram, Kerala - 695151",train,needs_review
P03372,marathi_gujarati,M,Harsh,Deshpande,given_surname,Harsh Deshpande,Sagar Deshpande,2001-02-14,"No. 35, 2nd Main, Jayanagar, Coimbatore, Tamil Nadu - 641606",train,needs_review
P03373,malayalam,M,Hari,Panicker,given_surname,Hari Panicker,Nikhil Panicker,1998-07-18,"No. 160, Temple Street, Velachery, Bengaluru, Karnataka - 560664",train,critical
P03374,christian,F,Merlin,Mathew,given_surname,Merlin Mathew,David Mathew,1999-01-12,"No. 117, Church Street, Malviya Nagar, Ahmedabad, Gujarat - 380808",val,clean
P03375,muslim,M,Imran,Ansari,given_surname,Imran Ansari,Sameer Ansari,1998-09-14,"No. 58, 4th Cross, Indiranagar, Kolkata, West Bengal - 700876",val,clean
P03376,telugu,F,Haritha,Reddy,given_surname,Haritha Reddy,Mahesh Reddy,2004-05-28,"No. 24, Lake View Road, Sector 62, Hyderabad, Telangana - 500592",val,needs_review
P03377,north,M,Gaurav,Pandey,given_surname,Gaurav Pandey,Ankit Pandey,1998-05-16,"No. 60, Lake View Road, Navrangpura, Mumbai, Maharashtra - 400507",test,clean
P03378,telugu,M,Ravi,Varma,given_surname,Ravi Varma,Kiran Varma,2003-10-01,"No. 207, Main Road, Jayanagar, Hyderabad, Telangana - 500855",test,clean
P03379,north,M,Amit,Singh,given_surname,Amit Singh,Rohit Singh,2002-05-07,"No. 22, 4th Cross, Kakkanad, Mysuru, Karnataka - 570582",test,critical
P03380,muslim,F,Shabana,Pathan,given_surname,Shabana Pathan,Mohammed Pathan,2004-11-08,"No. 144, Park Avenue, Andheri, Madurai, Tamil Nadu - 625097",train,clean
P03381,christian,M,David,D'Souza,given_surname,David D'Souza,Thomas D'Souza,1999-08-10,"No. 94, MG Road, Navrangpura, Madurai, Tamil Nadu - 625876",train,clean
P03382,malayalam,F,Anjali,Nair,given_surname,Anjali Nair,Nikhil Nair,2003-11-13,"No. 239, Temple Street, Sector 62, Mumbai, Maharashtra - 400491",train,clean
P03383,kannada,F,Sahana,Shetty,given_surname,Sahana Shetty,Girish Shetty,2004-08-13,"No. 11, Church Street, Indiranagar, Ahmedabad, Gujarat - 380084",train,critical
P03384,marathi_gujarati,F,Dhwani,Deshpande,given_surname,Dhwani Deshpande,Jay Deshpande,2002-07-08,"No. 189, Park Avenue, Velachery, Chennai, Tamil Nadu - 600801",train,clean
P03385,north,M,Vikram,Yadav,given_surname,Vikram Yadav,Rahul Yadav,2005-07-19,"No. 75, 2nd Main, Kakkanad, Madurai, Tamil Nadu - 625894",train,clean
P03386,muslim,F,Heena,Qureshi,given_surname,Heena Qureshi,Farhan Qureshi,1999-06-26,"No. 106, 2nd Main, Banjara Hills, Chennai, Tamil Nadu - 600329",train,clean
P03387,tamil,M,Babu,Manikandan,given_father,Babu Manikandan,Manikandan,1999-03-19,"No. 165, MG Road, Velachery, Madurai, Tamil Nadu - 625696",train,clean
P03388,malayalam,F,Sruthi,Pillai,given_surname,Sruthi Pillai,Nikhil Pillai,2005-11-01,"No. 46, 4th Cross, Jayanagar, Mumbai, Maharashtra - 400854",train,needs_review
P03389,kannada,F,Pallavi,Kulkarni,given_surname,Pallavi Kulkarni,Darshan Kulkarni,1998-05-17,"No. 235, Lake View Road, Saket, Chennai, Tamil Nadu - 600538",train,clean
P03390,kannada,M,Puneeth,Shetty,given_surname,Puneeth Shetty,Manjunath Shetty,1998-03-22,"No. 194, 4th Cross, Kothrud, Kolkata, West Bengal - 700111",train,clean
P03391,malayalam,M,Sreejith,Menon,given_surname,Sreejith Menon,Anand Menon,2001-02-19,"No. 129, Main Road, Velachery, Chennai, Tamil Nadu - 600910",train,needs_review
P03392,north,M,Ajay,Gupta,given_surname,Ajay Gupta,Vikram Gupta,2001-12-28,"No. 15, Lake View Road, Andheri, Coimbatore, Tamil Nadu - 641647",train,needs_review
P03393,marathi_gujarati,F,Hetal,Patil,given_surname,Hetal Patil,Jay Patil,2002-05-09,"No. 195, Gandhi Road, Indiranagar, Jaipur, Rajasthan - 302091",train,needs_review
P03394,marathi_gujarati,F,Snehal,Deshpande,given_surname,Snehal Deshpande,Parth Deshpande,2001-06-21,"No. 128, 2nd Main, Malviya Nagar, Madurai, Tamil Nadu - 625406",val,clean
P03395,telugu,F,Jyothi,Varma,given_surname,Jyothi Varma,Krishna Varma,1998-05-30,"No. 154, Gandhi Road, Koramangala, Bengaluru, Karnataka - 560716",val,critical
P03396,malayalam,F,Divya,Menon,given_surname,Divya Menon,Rahul Menon,1999-03-27,"No. 185, 4th Cross, Koramangala, Thiruvananthapuram, Kerala - 695992",val,clean
P03397,north,F,Komal,Tiwari,given_surname,Komal Tiwari,Vikram Tiwari,2003-12-15,"No. 175, Park Avenue, Kakkanad, Hyderabad, Telangana - 500885",test,needs_review
P03398,north,F,Riya,Sharma,given_surname,Riya Sharma,Ankit Sharma,1999-03-18,"No. 185, Cross Road, T Nagar, Hyderabad, Telangana - 500744",test,clean
P03399,malayalam,M,Arjun,Menon,given_surname,Arjun Menon,Anand Menon,2003-08-04,"No. 142, 2nd Main, Jayanagar, Jaipur, Rajasthan - 302711",test,clean
P03400,telugu,M,Suresh,Chowdary,given_surname,Suresh Chowdary,Venkatesh Chowdary,2003-03-09,"No. 127, Main Road, Salt Lake, Delhi, Delhi - 110164",train,clean
P03401,marathi_gujarati,F,Dhwani,Kulkarni,given_surname,Dhwani Kulkarni,Nikhil Kulkarni,2001-05-12,"No. 21, Nehru Street, Sector 62, Mumbai, Maharashtra - 400848",train,needs_review
P03402,kannada,M,Girish,Hegde,given_surname,Girish Hegde,Harish Hegde,2001-02-12,"No. 19, Cross Road, Velachery, Kolkata, West Bengal - 700349",train,clean
P03403,kannada,M,Satish,Shetty,given_surname,Satish Shetty,Puneeth Shetty,1998-11-28,"No. 42, Lake View Road, Kothrud, Coimbatore, Tamil Nadu - 641313",train,clean
P03404,malayalam,F,Anagha,Panicker,given_surname,Anagha Panicker,Hari Panicker,2003-07-30,"No. 190, Nehru Street, Jayanagar, Ahmedabad, Gujarat - 380259",train,clean
P03405,muslim,M,Salman,Pathan,given_surname,Salman Pathan,Imran Pathan,1999-02-13,"No. 223, Lake View Road, Banjara Hills, Kochi, Kerala - 682312",train,clean
P03406,kannada,F,Spoorthi,Shetty,given_surname,Spoorthi Shetty,Prashanth Shetty,2002-12-24,"No. 155, 2nd Main, Indiranagar, Mumbai, Maharashtra - 400480",train,critical
P03407,north,F,Simran,Chauhan,given_surname,Simran Chauhan,Sandeep Chauhan,2000-01-15,"No. 65, Cross Road, Koramangala, Bengaluru, Karnataka - 560190",train,clean
P03408,telugu,M,Mahesh,Raju,given_surname,Mahesh Raju,Krishna Raju,2000-01-07,"No. 112, Main Road, Saket, Jaipur, Rajasthan - 302395",train,critical
P03409,malayalam,M,Jithin,Pillai,given_surname,Jithin Pillai,Rahul Pillai,1999-02-02,"No. 221, Station Road, Sector 62, Ahmedabad, Gujarat - 380611",train,clean
P03410,bengali,F,Tanushree,Sen,given_surname,Tanushree Sen,Debashis Sen,2003-04-24,"No. 6, Church Street, Koramangala, Chennai, Tamil Nadu - 600799",train,clean
P03411,telugu,M,Kiran,Reddy,given_surname,Kiran Reddy,Naresh Reddy,2001-01-22,"No. 145, Cross Road, T Nagar, Bengaluru, Karnataka - 560711",train,critical
P03412,tamil,F,Keerthana,Saravanan,given_father,Keerthana Saravanan,Saravanan,1999-08-05,"No. 12, Church Street, Kakkanad, Madurai, Tamil Nadu - 625181",train,needs_review
P03413,tamil,M,Selvam,Madhavan,given_father,Selvam Madhavan,Madhavan,1998-11-15,"No. 9, MG Road, Koramangala, Kolkata, West Bengal - 700609",train,clean
P03414,muslim,F,Rukhsar,Ansari,given_surname,Rukhsar Ansari,Farhan Ansari,2003-04-18,"No. 33, Church Street, Salt Lake, Thiruvananthapuram, Kerala - 695750",val,clean
P03415,marathi_gujarati,M,Sagar,Mehta,given_surname,Sagar Mehta,Harsh Mehta,1998-06-21,"No. 149, Station Road, Navrangpura, Noida, Uttar Pradesh - 201659",val,clean
P03416,malayalam,M,Anand,Kurup,given_surname,Anand Kurup,Hari Kurup,2005-12-03,"No. 130, Lake View Road, Koramangala, Mysuru, Karnataka - 570415",val,critical
P03417,malayalam,M,Vishnu,Varghese,given_surname,Vishnu Varghese,Akhil Varghese,2002-12-24,"No. 177, 2nd Main, T Nagar, Coimbatore, Tamil Nadu - 641401",test,clean
P03418,marathi_gujarati,F,Prachi,Deshpande,given_surname,Prachi Deshpande,Tejas Deshpande,2004-01-10,"No. 173, Park Avenue, Salt Lake, Mysuru, Karnataka - 570937",test,clean
P03419,malayalam,F,Lekshmi,Varghese,given_surname,Lekshmi Varghese,Vishnu Varghese,2002-06-14,"No. 198, Nehru Street, Navrangpura, Noida, Uttar Pradesh - 201569",test,clean
P03420,kannada,M,Girish,Hegde,given_surname,Girish Hegde,Shashank Hegde,1999-11-17,"No. 90, Nehru Street, Sector 62, Coimbatore, Tamil Nadu - 641103",train,needs_review
P03421,marathi_gujarati,M,Nikhil,Patel,given_surname,Nikhil Patel,Tejas Patel,2003-06-06,"No. 156, Park Avenue, Velachery, Bengaluru, Karnataka - 560988",train,clean
P03422,tamil,M,Sundar,Arun,given_father,Sundar Arun,Arun,2001-11-22,"No. 66, 4th Cross, Banjara Hills, Hyderabad, Telangana - 500448",train,needs_review
P03423,tamil,F,Meena,Raju,given_father,Meena Raju,Raju,2000-06-09,"No. 4, 4th Cross, Navrangpura, Noida, Uttar Pradesh - 201627",train,needs_review
P03424,tamil,M,Velu,Babu,given_father,Velu Babu,Babu,2001-11-24,"No. 195, Station Road, Sector 62, Bengaluru, Karnataka - 560406",train,clean
P03425,telugu,F,Padma,Raju,given_surname,Padma Raju,Krishna Raju,2003-06-04,"No. 194, 2nd Main, Banjara Hills, Delhi, Delhi - 110135",train,clean
P03426,marathi_gujarati,M,Nikhil,Desai,given_surname,Nikhil Desai,Parth Desai,2001-09-29,"No. 138, Lake View Road, Navrangpura, Kochi, Kerala - 682510",train,clean
P03427,north,F,Ritu,Mishra,given_surname,Ritu Mishra,Vikram Mishra,2002-01-24,"No. 213, Temple Street, Kothrud, Noida, Uttar Pradesh - 201614",train,critical
P03428,malayalam,F,Neethu,Varghese,given_surname,Neethu Varghese,Anand Varghese,2000-08-26,"No. 29, Temple Street, Kothrud, Coimbatore, Tamil Nadu - 641934",train,critical
P03429,bengali,F,Sreya,Ghosh,given_surname,Sreya Ghosh,Arnab Ghosh,2002-09-11,"No. 152, Station Road, Navrangpura, Noida, Uttar Pradesh - 201652",train,clean
P03430,tamil,F,Gayathri,Vignesh,given_father,Gayathri Vignesh,Vignesh,2002-10-19,"No. 26, Park Avenue, Anna Nagar, Pune, Maharashtra - 411561",train,needs_review
P03431,tamil,F,Kavya,Babu,given_father,Kavya Babu,Babu,1999-12-16,"No. 58, Temple Street, Jayanagar, Ahmedabad, Gujarat - 380151",train,clean
P03432,tamil,M,Murugan,Siva,given_father,Murugan Siva,Siva,2005-02-19,"No. 125, Park Avenue, Kakkanad, Kolkata, West Bengal - 700952",train,needs_review
P03433,malayalam,F,Neethu,Menon,given_surname,Neethu Menon,Vishnu Menon,2005-04-18,"No. 214, Church Street, Anna Nagar, Bengaluru, Karnataka - 560482",train,needs_review
P03434,kannada,M,Naveen,Hegde,given_surname,Naveen Hegde,Shashank Hegde,1999-05-31,"No. 230, 4th Cross, Anna Nagar, Chennai, Tamil Nadu - 600887",val,clean
P03435,north,F,Riya,Gupta,given_surname,Riya Gupta,Vikram Gupta,2002-05-27,"No. 122, 2nd Main, Saket, Madurai, Tamil Nadu - 625578",val,clean
P03436,north,M,Vikram,Verma,given_surname,Vikram Verma,Sumit Verma,1999-06-23,"No. 237, Temple Street, Banjara Hills, Kolkata, West Bengal - 700448",val,clean
P03437,bengali,M,Abhijit,Chatterjee,given_surname,Abhijit Chatterjee,Sourav Chatterjee,1999-10-18,"No. 168, 2nd Main, T Nagar, Kolkata, West Bengal - 700947",test,clean
P03438,north,F,Pooja,Gupta,given_surname,Pooja Gupta,Deepak Gupta,2002-09-02,"No. 106, MG Road, Sector 62, Thiruvananthapuram, Kerala - 695788",test,clean
P03439,bengali,M,Anirban,Banerjee,given_surname,Anirban Banerjee,Sayan Banerjee,1999-12-28,"No. 111, 4th Cross, Saket, Kolkata, West Bengal - 700731",test,needs_review
P03440,kannada,M,Shashank,Hegde,given_surname,Shashank Hegde,Raghavendra Hegde,1999-08-18,"No. 43, Gandhi Road, Navrangpura, Thiruvananthapuram, Kerala - 695238",train,needs_review
P03441,north,M,Sanjay,Tiwari,given_surname,Sanjay Tiwari,Ankit Tiwari,2005-11-10,"No. 224, Market Street, Kothrud, Jaipur, Rajasthan - 302081",train,clean
P03442,malayalam,F,Gopika,Panicker,given_surname,Gopika Panicker,Anand Panicker,2001-04-30,"No. 54, Market Street, Velachery, Madurai, Tamil Nadu - 625415",train,critical
P03443,north,M,Gaurav,Sharma,given_surname,Gaurav Sharma,Rahul Sharma,2000-09-07,"No. 151, 2nd Main, Salt Lake, Mumbai, Maharashtra - 400351",train,needs_review
P03444,kannada,M,Satish,Gowda,given_surname,Satish Gowda,Girish Gowda,2002-10-28,"No. 238, 2nd Main, Malviya Nagar, Mysuru, Karnataka - 570644",train,clean
P03445,north,M,Amit,Tiwari,given_surname,Amit Tiwari,Ajay Tiwari,1998-01-28,"No. 97, Nehru Street, Andheri, Chennai, Tamil Nadu - 600496",train,needs_review
P03446,marathi_gujarati,F,Hetal,Desai,given_surname,Hetal Desai,Nikhil Desai,2000-10-17,"No. 201, Lake View Road, Sector 62, Bengaluru, Karnataka - 560728",train,clean
P03447,muslim,F,Sana,Sheikh,given_surname,Sana Sheikh,Sameer Sheikh,2003-03-31,"No. 234, Station Road, Velachery, Thiruvananthapuram, Kerala - 695810",train,clean
P03448,tamil,F,Revathi,Velu,given_father,Revathi Velu,Velu,1999-06-06,"No. 155, Nehru Street, Kothrud, Thiruvananthapuram, Kerala - 695457",train,clean
P03449,marathi_gujarati,M,Parth,Mehta,given_surname,Parth Mehta,Jay Mehta,2000-05-26,"No. 11, Park Avenue, Banjara Hills, Noida, Uttar Pradesh - 201285",train,needs_review
P03450,bengali,M,Rajib,Mukherjee,given_surname,Rajib Mukherjee,Anirban Mukherjee,1999-07-28,"No. 184, Station Road, Kakkanad, Thiruvananthapuram, Kerala - 695337",train,needs_review
P03451,north,F,Sneha,Sharma,given_surname,Sneha Sharma,Pradeep Sharma,2002-10-07,"No. 212, Lake View Road, Andheri, Chennai, Tamil Nadu - 600589",train,needs_review
P03452,tamil,M,Murugan,Raju,given_father,Murugan Raju,Raju,2002-04-21,"No. 71, MG Road, Salt Lake, Mysuru, Karnataka - 570815",train,clean
P03453,telugu,F,Bhavani,Raju,given_surname,Bhavani Raju,Venkatesh Raju,2003-04-03,"No. 80, Gandhi Road, Kothrud, Kolkata, West Bengal - 700339",train,needs_review
P03454,kannada,M,Girish,Gowda,given_surname,Girish Gowda,Prashanth Gowda,1998-09-29,"No. 236, Market Street, Malviya Nagar, Noida, Uttar Pradesh - 201367",val,critical
P03455,kannada,M,Raghavendra,Hegde,given_surname,Raghavendra Hegde,Puneeth Hegde,2002-08-07,"No. 37, Main Road, Banjara Hills, Delhi, Delhi - 110486",val,clean
P03456,telugu,M,Venkatesh,Reddy,given_surname,Venkatesh Reddy,Ravi Reddy,2005-11-24,"No. 158, Market Street, Anna Nagar, Madurai, Tamil Nadu - 625472",val,clean
P03457,kannada,F,Spoorthi,Gowda,given_surname,Spoorthi Gowda,Shashank Gowda,2004-11-25,"No. 114, Park Avenue, Koramangala, Pune, Maharashtra - 411987",test,clean
P03458,tamil,F,Yamini,Saravanan,given_father,Yamini Saravanan,Saravanan,1998-11-07,"No. 25, Main Road, Koramangala, Kolkata, West Bengal - 700273",test,needs_review
P03459,kannada,M,Harish,Rao,given_surname,Harish Rao,Satish Rao,2001-09-09,"No. 208, Park Avenue, Velachery, Hyderabad, Telangana - 500251",test,needs_review
P03460,tamil,M,Madhavan,Babu,given_father,Madhavan Babu,Babu,1998-04-10,"No. 108, Station Road, Malviya Nagar, Thiruvananthapuram, Kerala - 695774",train,clean
P03461,tamil,M,Ramesh,Selvam,given_father,Ramesh Selvam,Selvam,2005-11-22,"No. 162, Church Street, Banjara Hills, Noida, Uttar Pradesh - 201118",train,clean
P03462,telugu,M,Suresh,Reddy,given_surname,Suresh Reddy,Krishna Reddy,2002-01-21,"No. 46, MG Road, Indiranagar, Chennai, Tamil Nadu - 600261",train,critical
P03463,marathi_gujarati,M,Sagar,Deshpande,given_surname,Sagar Deshpande,Harsh Deshpande,2003-12-12,"No. 88, Temple Street, Sector 62, Delhi, Delhi - 110906",train,needs_review
P03464,north,M,Ajay,Yadav,given_surname,Ajay Yadav,Gaurav Yadav,2005-01-23,"No. 170, 4th Cross, Kakkanad, Jaipur, Rajasthan - 302018",train,clean
P03465,tamil,F,Janani,Prakash,given_father,Janani Prakash,Prakash,2004-09-18,"No. 92, Station Road, Malviya Nagar, Kolkata, West Bengal - 700214",train,clean
P03466,malayalam,F,Anagha,Pillai,given_surname,Anagha Pillai,Sanju Pillai,2003-09-13,"No. 197, Lake View Road, Malviya Nagar, Hyderabad, Telangana - 500820",train,clean
P03467,tamil,F,Meena,Sundar,given_father,Meena Sundar,Sundar,1999-07-11,"No. 204, Nehru Street, Velachery, Ahmedabad, Gujarat - 380941",train,clean
P03468,tamil,F,Keerthana,Raju,given_father,Keerthana Raju,Raju,2000-08-09,"No. 45, Nehru Street, Velachery, Noida, Uttar Pradesh - 201292",train,clean
P03469,telugu,F,Lavanya,Raju,given_surname,Lavanya Raju,Venkatesh Raju,2000-07-07,"No. 123, Main Road, Banjara Hills, Coimbatore, Tamil Nadu - 641917",train,critical
P03470,marathi_gujarati,M,Parth,Patil,given_surname,Parth Patil,Aniket Patil,2001-11-20,"No. 99, MG Road, Velachery, Bengaluru, Karnataka - 560590",train,clean
P03471,tamil,M,Babu,Murugan,given_father,Babu Murugan,Murugan,2003-03-12,"No. 208, Main Road, Indiranagar, Mumbai, Maharashtra - 400410",train,needs_review
P03472,telugu,F,Sravani,Chowdary,given_surname,Sravani Chowdary,Prasad Chowdary,1998-05-27,"No. 203, Cross Road, Banjara Hills, Jaipur, Rajasthan - 302455",train,needs_review
P03473,north,F,Anjali,Singh,given_surname,Anjali Singh,Ajay Singh,2000-04-14,"No. 85, 2nd Main, Koramangala, Bengaluru, Karnataka - 560049",train,clean
P03474,north,F,Priyanka,Chauhan,given_surname,Priyanka Chauhan,Pradeep Chauhan,1998-01-14,"No. 10, Church Street, Sector 62, Madurai, Tamil Nadu - 625571",val,clean
P03475,tamil,M,Kumar,Prakash,given_father,Kumar Prakash,Prakash,2000-05-25,"No. 60, Lake View Road, Kothrud, Madurai, Tamil Nadu - 625862",val,critical
P03476,tamil,F,Saranya,Raju,given_father,Saranya Raju,Raju,1998-11-20,"No. 37, 2nd Main, Malviya Nagar, Mysuru, Karnataka - 570552",val,clean
P03477,telugu,M,Krishna,Reddy,given_surname,Krishna Reddy,Srinivas Reddy,2005-11-20,"No. 121, Church Street, Koramangala, Mysuru, Karnataka - 570756",test,needs_review
P03478,muslim,F,Ayesha,Sheikh,given_surname,Ayesha Sheikh,Salman Sheikh,2003-01-03,"No. 55, Church Street, Velachery, Delhi, Delhi - 110306",test,needs_review
P03479,marathi_gujarati,F,Hetal,Patil,given_surname,Hetal Patil,Nikhil Patil,2005-02-06,"No. 11, MG Road, Jayanagar, Delhi, Delhi - 110022",test,critical
P03480,malayalam,M,Akhil,Kurup,given_surname,Akhil Kurup,Vishnu Kurup,2003-01-12,"No. 220, Market Street, Anna Nagar, Ahmedabad, Gujarat - 380622",train,clean
P03481,tamil,M,Kannan,Vignesh,given_father,Kannan Vignesh,Vignesh,1999-08-28,"No. 249, Main Road, Salt Lake, Hyderabad, Telangana - 500329",train,clean
P03482,north,F,Simran,Mishra,given_surname,Simran Mishra,Sandeep Mishra,2001-03-19,"No. 118, 4th Cross, Banjara Hills, Mysuru, Karnataka - 570346",train,clean
P03483,bengali,F,Debjani,Sen,given_surname,Debjani Sen,Subhajit Sen,2000-01-21,"No. 76, Temple Street, Saket, Kolkata, West Bengal - 700842",train,clean
P03484,tamil,F,Priya,Balaji,given_father,Priya Balaji,Balaji,2000-11-17,"No. 216, Main Road, Sector 62, Coimbatore, Tamil Nadu - 641805",train,clean
P03485,telugu,M,Chaitanya,Varma,given_surname,Chaitanya Varma,Krishna Varma,2002-01-05,"No. 234, Lake View Road, Jayanagar, Hyderabad, Telangana - 500821",train,critical
P03486,bengali,F,Riya,Ghosh,given_surname,Riya Ghosh,Subhajit Ghosh,2005-10-03,"No. 170, Park Avenue, Andheri, Pune, Maharashtra - 411282",train,clean
P03487,tamil,F,Yamini,Arun,given_father,Yamini Arun,Arun,1998-02-22,"No. 227, 2nd Main, Malviya Nagar, Mumbai, Maharashtra - 400943",train,clean
P03488,north,M,Sandeep,Yadav,given_surname,Sandeep Yadav,Gaurav Yadav,2001-09-22,"No. 247, Nehru Street, Malviya Nagar, Chennai, Tamil Nadu - 600873",train,clean
P03489,telugu,F,Sunitha,Raju,given_surname,Sunitha Raju,Chaitanya Raju,1998-05-15,"No. 15, Market Street, Andheri, Kochi, Kerala - 682159",train,clean
P03490,kannada,M,Puneeth,Bhat,given_surname,Puneeth Bhat,Prashanth Bhat,2005-12-08,"No. 237, 4th Cross, Anna Nagar, Noida, Uttar Pradesh - 201745",train,critical
P03491,muslim,M,Irfan,Khan,given_surname,Irfan Khan,Mohammed Khan,1999-12-20,"No. 42, 4th Cross, Saket, Hyderabad, Telangana - 500674",train,clean
P03492,kannada,F,Kavitha,Rao,given_surname,Kavitha Rao,Raghavendra Rao,2003-05-20,"No. 166, Gandhi Road, Indiranagar, Delhi, Delhi - 110351",train,clean
P03493,north,F,Neha,Verma,given_surname,Neha Verma,Ankit Verma,2003-08-15,"No. 218, Nehru Street, Andheri, Mysuru, Karnataka - 570038",train,clean
P03494,tamil,M,Kumar,Sundar,given_father,Kumar Sundar,Sundar,1999-11-20,"No. 217, MG Road, Salt Lake, Coimbatore, Tamil Nadu - 641531",val,needs_review
P03495,christian,M,Samuel,Fernandes,given_surname,Samuel Fernandes,George Fernandes,1998-10-31,"No. 54, Main Road, Malviya Nagar, Ahmedabad, Gujarat - 380008",val,clean
P03496,kannada,M,Raghavendra,Kulkarni,given_surname,Raghavendra Kulkarni,Naveen Kulkarni,1998-01-16,"No. 186, Cross Road, Navrangpura, Chennai, Tamil Nadu - 600330",val,clean
P03497,muslim,M,Farhan,Khan,given_surname,Farhan Khan,Sameer Khan,2002-02-12,"No. 72, Gandhi Road, Malviya Nagar, Kolkata, West Bengal - 700062",test,needs_review
P03498,north,F,Sushma,Tiwari,given_surname,Sushma Tiwari,Deepak Tiwari,2004-07-18,"No. 194, Market Street, Sector 62, Bengaluru, Karnataka - 560972",test,clean
P03499,kannada,M,Shashank,Kulkarni,given_surname,Shashank Kulkarni,Harish Kulkarni,2000-01-13,"No. 231, 4th Cross, Andheri, Mumbai, Maharashtra - 400281",test,clean
P03500,christian,M,John,Thomas,given_surname,John Thomas,George Thomas,2000-03-11,"No. 145, Lake View Road, Salt Lake, Madurai, Tamil Nadu - 625949",train,clean
P03501,muslim,F,Rukhsar,Ansari,given_surname,Rukhsar Ansari,Imran Ansari,2002-10-08,"No. 83, Market Street, Indiranagar, Madurai, Tamil Nadu - 625950",train,clean
P03502,telugu,M,Ravi,Chowdary,given_surname,Ravi Chowdary,Venkatesh Chowdary,2003-12-08,"No. 170, Temple Street, Navrangpura, Kolkata, West Bengal - 700274",train,clean
P03503,tamil,M,Velu,Karthik,given_father,Velu Karthik,Karthik,2005-03-20,"No. 107, 4th Cross, Banjara Hills, Bengaluru, Karnataka - 560549",train,needs_review
P03504,christian,F,Merlin,Joseph,given_surname,Merlin Joseph,Thomas Joseph,2000-04-26,"No. 12, 4th Cross, Anna Nagar, Chennai, Tamil Nadu - 600680",train,clean
P03505,tamil,M,Ramesh,Sundar,given_father,Ramesh Sundar,Sundar,2000-02-20,"No. 115, Market Street, Sector 62, Mumbai, Maharashtra - 400410",train,clean
P03506,malayalam,M,Arjun,Nair,given_surname,Arjun Nair,Hari Nair,2005-09-07,"No. 37, MG Road, Navrangpura, Madurai, Tamil Nadu - 625268",train,clean
P03507,muslim,F,Nazia,Qureshi,given_surname,Nazia Qureshi,Sameer Qureshi,2005-11-06,"No. 165, Station Road, Banjara Hills, Mysuru, Karnataka - 570942",train,clean
P03508,malayalam,M,Akhil,Kurup,given_surname,Akhil Kurup,Jithin Kurup,2004-02-27,"No. 199, 2nd Main, Anna Nagar, Kolkata, West Bengal - 700035",train,clean
P03509,north,F,Ritu,Singh,given_surname,Ritu Singh,Sanjay Singh,2004-12-05,"No. 134, 4th Cross, Salt Lake, Jaipur, Rajasthan - 302435",train,needs_review
P03510,tamil,M,Babu,Manikandan,given_father,Babu Manikandan,Manikandan,2004-11-12,"No. 126, Gandhi Road, Koramangala, Thiruvananthapuram, Kerala - 695238",train,clean
P03511,muslim,F,Zainab,Khan,given_surname,Zainab Khan,Arif Khan,2001-03-07,"No. 16, Lake View Road, T Nagar, Noida, Uttar Pradesh - 201223",train,clean
P03512,malayalam,F,Anagha,Pillai,given_surname,Anagha Pillai,Sanju Pillai,2000-12-24,"No. 164, Park Avenue, Koramangala, Mysuru, Karnataka - 570922",train,critical
P03513,bengali,F,Payel,Das,given_surname,Payel Das,Abhijit Das,2005-09-22,"No. 169, Temple Street, Saket, Coimbatore, Tamil Nadu - 641778",train,clean
P03514,malayalam,F,Anagha,Varghese,given_surname,Anagha Varghese,Hari Varghese,2002-01-12,"No. 71, Cross Road, Malviya Nagar, Chennai, Tamil Nadu - 600876",val,critical
P03515,tamil,F,Indhu,Vignesh,given_father,Indhu Vignesh,Vignesh,2004-10-10,"No. 214, Lake View Road, Jayanagar, Madurai, Tamil Nadu - 625393",val,needs_review
P03516,christian,F,Mary,D'Souza,given_surname,Mary D'Souza,Joel D'Souza,1998-12-30,"No. 167, Gandhi Road, Anna Nagar, Chennai, Tamil Nadu - 600547",val,needs_review
P03517,kannada,M,Manjunath,Shetty,given_surname,Manjunath Shetty,Girish Shetty,1999-09-07,"No. 63, Nehru Street, Kothrud, Pune, Maharashtra - 411017",test,clean
P03518,tamil,F,Saranya,Elango,given_father,Saranya Elango,Elango,2001-08-03,"No. 196, Gandhi Road, Jayanagar, Mumbai, Maharashtra - 400424",test,clean
P03519,malayalam,F,Neethu,Pillai,given_surname,Neethu Pillai,Arjun Pillai,2005-09-24,"No. 169, Lake View Road, Velachery, Pune, Maharashtra - 411320",test,clean
P03520,tamil,M,Balaji,Babu,given_father,Balaji Babu,Babu,2003-01-09,"No. 228, Park Avenue, Andheri, Mysuru, Karnataka - 570032",train,clean
P03521,tamil,M,Kannan,Kumar,given_father,Kannan Kumar,Kumar,2000-12-02,"No. 247, Park Avenue, Navrangpura, Madurai, Tamil Nadu - 625568",train,clean
P03522,tamil,F,Indhu,Ramesh,given_father,Indhu Ramesh,Ramesh,2005-08-17,"No. 99, Park Avenue, Koramangala, Ahmedabad, Gujarat - 380829",train,critical
P03523,bengali,F,Payel,Banerjee,given_surname,Payel Banerjee,Anirban Banerjee,2000-01-25,"No. 135, 2nd Main, Velachery, Mysuru, Karnataka - 570650",train,needs_review
P03524,north,F,Archana,Tiwari,given_surname,Archana Tiwari,Rahul Tiwari,2005-10-26,"No. 2, Park Avenue, Sector 62, Mumbai, Maharashtra - 400841",train,clean
P03525,north,M,Pradeep,Agarwal,given_surname,Pradeep Agarwal,Rohit Agarwal,2004-05-11,"No. 155, Nehru Street, Sector 62, Jaipur, Rajasthan - 302025",train,needs_review
P03526,bengali,F,Moumita,Ghosh,given_surname,Moumita Ghosh,Arnab Ghosh,2002-08-09,"No. 181, Nehru Street, Indiranagar, Thiruvananthapuram, Kerala - 695659",train,needs_review
P03527,kannada,F,Asha,Hegde,given_surname,Asha Hegde,Raghavendra Hegde,2003-09-10,"No. 133, Main Road, Anna Nagar, Mysuru, Karnataka - 570519",train,clean
P03528,tamil,M,Balaji,Karthik,given_father,Balaji Karthik,Karthik,2005-10-29,"No. 202, Main Road, Anna Nagar, Bengaluru, Karnataka - 560427",train,needs_review
P03529,bengali,F,Payel,Das,given_surname,Payel Das,Subhajit Das,2003-10-08,"No. 225, 2nd Main, Banjara Hills, Mumbai, Maharashtra - 400495",train,needs_review
P03530,tamil,F,Sangeetha,Balaji,given_father,Sangeetha Balaji,Balaji,2001-10-16,"No. 59, Temple Street, Sector 62, Hyderabad, Telangana - 500167",train,clean
P03531,kannada,F,Kavitha,Hegde,given_surname,Kavitha Hegde,Harish Hegde,2005-05-01,"No. 182, Nehru Street, Velachery, Noida, Uttar Pradesh - 201261",train,clean
P03532,bengali,F,Ananya,Bose,given_surname,Ananya Bose,Sayan Bose,2005-09-09,"No. 87, 2nd Main, Koramangala, Madurai, Tamil Nadu - 625834",train,needs_review
P03533,bengali,M,Debashis,Banerjee,given_surname,Debashis Banerjee,Subhajit Banerjee,1998-12-07,"No. 183, 2nd Main, Jayanagar, Mysuru, Karnataka - 570026",train,clean
P03534,marathi_gujarati,F,Krupa,Joshi,given_surname,Krupa Joshi,Jay Joshi,2004-07-01,"No. 141, Temple Street, Saket, Jaipur, Rajasthan - 302590",val,clean
P03535,tamil,F,Keerthana,Elango,given_father,Keerthana Elango,Elango,1999-01-01,"No. 169, Church Street, Anna Nagar, Delhi, Delhi - 110409",val,clean
P03536,telugu,F,Bhavani,Reddy,given_surname,Bhavani Reddy,Srinivas Reddy,2003-11-07,"No. 174, Main Road, Kothrud, Noida, Uttar Pradesh - 201549",val,needs_review
P03537,malayalam,M,Nikhil,Pillai,given_surname,Nikhil Pillai,Vishnu Pillai,1998-07-18,"No. 239, Station Road, Kakkanad, Jaipur, Rajasthan - 302667",test,needs_review
P03538,christian,M,Thomas,Pereira,given_surname,Thomas Pereira,Joel Pereira,2000-01-10,"No. 123, Church Street, Andheri, Kolkata, West Bengal - 700732",test,clean
P03539,telugu,F,Jyothi,Rao,given_surname,Jyothi Rao,Prasad Rao,2003-01-24,"No. 169, Lake View Road, Kakkanad, Mysuru, Karnataka - 570877",test,critical
P03540,tamil,M,Kumar,Prakash,given_father,Kumar Prakash,Prakash,2000-09-28,"No. 123, Main Road, Koramangala, Delhi, Delhi - 110499",train,clean
P03541,telugu,M,Mahesh,Naidu,given_surname,Mahesh Naidu,Ravi Naidu,2002-11-01,"No. 155, Market Street, Navrangpura, Mumbai, Maharashtra - 400205",train,critical
P03542,kannada,F,Sahana,Shetty,given_surname,Sahana Shetty,Harish Shetty,2004-02-05,"No. 138, Gandhi Road, Anna Nagar, Ahmedabad, Gujarat - 380249",train,needs_review
P03543,kannada,M,Shashank,Hegde,given_surname,Shashank Hegde,Harish Hegde,2005-12-21,"No. 190, Lake View Road, Saket, Delhi, Delhi - 110894",train,needs_review
P03544,north,F,Priyanka,Pandey,given_surname,Priyanka Pandey,Vikram Pandey,2002-09-08,"No. 36, Nehru Street, Navrangpura, Madurai, Tamil Nadu - 625729",train,clean
P03545,malayalam,M,Jithin,Kurup,given_surname,Jithin Kurup,Hari Kurup,2000-08-18,"No. 159, Church Street, Kakkanad, Kochi, Kerala - 682120",train,clean
P03546,telugu,F,Haritha,Raju,given_surname,Haritha Raju,Krishna Raju,2001-06-28,"No. 63, Park Avenue, Kothrud, Delhi, Delhi - 110114",train,clean
P03547,malayalam,F,Gopika,Pillai,given_surname,Gopika Pillai,Sanju Pillai,2005-10-28,"No. 77, Main Road, Navrangpura, Hyderabad, Telangana - 500099",train,clean
P03548,north,M,Gaurav,Chauhan,given_surname,Gaurav Chauhan,Sumit Chauhan,1998-07-14,"No. 236, Park Avenue, Salt Lake, Thiruvananthapuram, Kerala - 695638",train,needs_review
P03549,telugu,F,Lavanya,Raju,given_surname,Lavanya Raju,Venkatesh Raju,2002-01-05,"No. 117, Lake View Road, Anna Nagar, Ahmedabad, Gujarat - 380733",train,clean
P03550,tamil,M,Ramesh,Raju,given_father,Ramesh Raju,Raju,2000-02-20,"No. 247, 4th Cross, Kothrud, Mumbai, Maharashtra - 400391",train,clean
P03551,north,M,Sanjay,Pandey,given_surname,Sanjay Pandey,Gaurav Pandey,2005-03-09,"No. 43, Market Street, Malviya Nagar, Thiruvananthapuram, Kerala - 695335",train,clean
P03552,north,F,Riya,Sharma,given_surname,Riya Sharma,Ajay Sharma,2005-05-27,"No. 60, Market Street, Indiranagar, Bengaluru, Karnataka - 560103",train,clean
P03553,tamil,M,Sundar,Murugan,given_father,Sundar Murugan,Murugan,2000-02-09,"No. 67, Nehru Street, Jayanagar, Chennai, Tamil Nadu - 600959",train,clean
P03554,kannada,M,Darshan,Kulkarni,given_surname,Darshan Kulkarni,Girish Kulkarni,1998-08-09,"No. 22, Station Road, T Nagar, Pune, Maharashtra - 411382",val,clean
P03555,tamil,M,Senthil,Velu,given_father,Senthil Velu,Velu,2002-09-25,"No. 201, Lake View Road, Koramangala, Jaipur, Rajasthan - 302497",val,critical
P03556,malayalam,M,Sanju,Varghese,given_surname,Sanju Varghese,Arjun Varghese,1998-11-01,"No. 210, Lake View Road, Indiranagar, Madurai, Tamil Nadu - 625222",val,critical
P03557,north,M,Rohit,Singh,given_surname,Rohit Singh,Deepak Singh,2000-03-14,"No. 70, 2nd Main, Kothrud, Hyderabad, Telangana - 500802",test,needs_review
P03558,kannada,M,Prashanth,Bhat,given_surname,Prashanth Bhat,Shashank Bhat,2000-07-13,"No. 69, Lake View Road, T Nagar, Kolkata, West Bengal - 700248",test,critical
P03559,kannada,M,Darshan,Rao,given_surname,Darshan Rao,Shashank Rao,1999-08-27,"No. 208, Gandhi Road, Salt Lake, Bengaluru, Karnataka - 560794",test,clean
P03560,christian,M,George,Joseph,given_surname,George Joseph,Samuel Joseph,2004-02-02,"No. 73, Market Street, Kothrud, Noida, Uttar Pradesh - 201686",train,clean
P03561,tamil,M,Kannan,Karthik,given_father,Kannan Karthik,Karthik,2004-01-02,"No. 111, 2nd Main, T Nagar, Mysuru, Karnataka - 570538",train,critical
P03562,north,M,Gaurav,Singh,given_surname,Gaurav Singh,Deepak Singh,2005-01-17,"No. 31, Temple Street, Kakkanad, Chennai, Tamil Nadu - 600072",train,clean
P03563,marathi_gujarati,M,Parth,Mehta,given_surname,Parth Mehta,Tejas Mehta,1998-03-14,"No. 91, Nehru Street, Kakkanad, Mysuru, Karnataka - 570012",train,clean
P03564,north,M,Rohit,Agarwal,given_surname,Rohit Agarwal,Sanjay Agarwal,2003-09-11,"No. 62, MG Road, Malviya Nagar, Kolkata, West Bengal - 700972",train,clean
P03565,bengali,M,Sourav,Bose,given_surname,Sourav Bose,Arnab Bose,1998-01-23,"No. 179, Temple Street, Saket, Bengaluru, Karnataka - 560775",train,critical
P03566,north,F,Archana,Singh,given_surname,Archana Singh,Gaurav Singh,2002-07-09,"No. 108, 4th Cross, Kothrud, Noida, Uttar Pradesh - 201301",train,critical
P03567,tamil,F,Malathi,Murugan,given_father,Malathi Murugan,Murugan,2001-06-28,"No. 246, Church Street, Koramangala, Madurai, Tamil Nadu - 625388",train,clean
P03568,north,F,Priyanka,Pandey,given_surname,Priyanka Pandey,Pradeep Pandey,2005-01-21,"No. 139, Station Road, Anna Nagar, Hyderabad, Telangana - 500678",train,clean
P03569,north,M,Rahul,Gupta,given_surname,Rahul Gupta,Sumit Gupta,2002-04-26,"No. 62, MG Road, Koramangala, Chennai, Tamil Nadu - 600787",train,clean
P03570,bengali,M,Arnab,Banerjee,given_surname,Arnab Banerjee,Rajib Banerjee,2004-08-11,"No. 183, Market Street, Anna Nagar, Kochi, Kerala - 682450",train,critical
P03571,christian,F,Sharon,Fernandes,given_surname,Sharon Fernandes,Samuel Fernandes,2001-07-10,"No. 219, Nehru Street, Kothrud, Mysuru, Karnataka - 570352",train,clean
P03572,north,F,Shreya,Verma,given_surname,Shreya Verma,Ajay Verma,1998-12-05,"No. 193, Gandhi Road, Koramangala, Jaipur, Rajasthan - 302963",train,clean
P03573,north,F,Sushma,Pandey,given_surname,Sushma Pandey,Sandeep Pandey,2002-01-30,"No. 248, MG Road, Banjara Hills, Coimbatore, Tamil Nadu - 641385",train,clean
P03574,north,M,Rahul,Chauhan,given_surname,Rahul Chauhan,Sanjay Chauhan,1998-03-16,"No. 203, 2nd Main, Malviya Nagar, Noida, Uttar Pradesh - 201822",val,clean
P03575,malayalam,M,Nikhil,Kurup,given_surname,Nikhil Kurup,Arjun Kurup,2004-12-15,"No. 18, 4th Cross, Velachery, Mumbai, Maharashtra - 400305",val,clean
P03576,north,M,Deepak,Agarwal,given_surname,Deepak Agarwal,Sanjay Agarwal,1998-05-06,"No. 138, 2nd Main, T Nagar, Kolkata, West Bengal - 700005",val,clean
P03577,tamil,F,Kavya,Velu,given_father,Kavya Velu,Velu,2003-12-13,"No. 181, Market Street, Sector 62, Madurai, Tamil Nadu - 625632",test,needs_review
P03578,telugu,M,Kiran,Varma,given_surname,Kiran Varma,Venkatesh Varma,2001-03-26,"No. 115, 2nd Main, Koramangala, Bengaluru, Karnataka - 560847",test,needs_review
P03579,tamil,M,Sundar,Madhavan,given_father,Sundar Madhavan,Madhavan,2000-03-29,"No. 103, Church Street, Jayanagar, Ahmedabad, Gujarat - 380357",test,clean
P03580,north,M,Sumit,Mishra,given_surname,Sumit Mishra,Gaurav Mishra,1999-08-03,"No. 221, Gandhi Road, T Nagar, Delhi, Delhi - 110501",train,critical
P03581,marathi_gujarati,M,Sagar,Deshpande,given_surname,Sagar Deshpande,Jay Deshpande,2005-02-22,"No. 133, MG Road, Malviya Nagar, Thiruvananthapuram, Kerala - 695948",train,clean
P03582,malayalam,M,Jithin,Kurup,given_surname,Jithin Kurup,Rahul Kurup,2001-12-16,"No. 247, Nehru Street, Kakkanad, Mumbai, Maharashtra - 400150",train,critical
P03583,tamil,F,Abirami,Sundar,given_father,Abirami Sundar,Sundar,2001-09-21,"No. 107, Nehru Street, T Nagar, Chennai, Tamil Nadu - 600373",train,clean
P03584,muslim,F,Heena,Qureshi,given_surname,Heena Qureshi,Irfan Qureshi,1999-07-09,"No. 81, Church Street, Malviya Nagar, Mysuru, Karnataka - 570877",train,critical
P03585,kannada,M,Puneeth,Bhat,given_surname,Puneeth Bhat,Prashanth Bhat,2002-05-26,"No. 190, Station Road, T Nagar, Kolkata, West Bengal - 700866",train,clean
P03586,tamil,F,Vaishnavi,Raju,given_father,Vaishnavi Raju,Raju,1998-07-26,"No. 85, Nehru Street, Indiranagar, Hyderabad, Telangana - 500624",train,needs_review
P03587,muslim,M,Imran,Syed,given_surname,Imran Syed,Farhan Syed,2001-08-28,"No. 124, Temple Street, Velachery, Mumbai, Maharashtra - 400112",train,clean
P03588,kannada,F,Rashmi,Bhat,given_surname,Rashmi Bhat,Girish Bhat,1999-01-29,"No. 28, Temple Street, Banjara Hills, Mysuru, Karnataka - 570408",train,needs_review
P03589,north,F,Riya,Verma,given_surname,Riya Verma,Ankit Verma,1999-09-10,"No. 210, Main Road, Koramangala, Chennai, Tamil Nadu - 600588",train,needs_review
P03590,north,M,Ajay,Singh,given_surname,Ajay Singh,Sandeep Singh,2002-09-28,"No. 5, Park Avenue, Banjara Hills, Delhi, Delhi - 110809",train,clean
P03591,christian,F,Grace,Thomas,given_surname,Grace Thomas,John Thomas,1998-06-18,"No. 141, Market Street, Banjara Hills, Jaipur, Rajasthan - 302090",train,clean
P03592,tamil,F,Nithya,Elango,given_father,Nithya Elango,Elango,1999-03-11,"No. 228, Temple Street, Sector 62, Delhi, Delhi - 110550",train,needs_review
P03593,north,M,Ajay,Gupta,given_surname,Ajay Gupta,Amit Gupta,2003-07-20,"No. 179, Temple Street, Salt Lake, Ahmedabad, Gujarat - 380084",train,needs_review
P03594,marathi_gujarati,F,Dhwani,Shah,given_surname,Dhwani Shah,Sagar Shah,2005-11-21,"No. 58, 4th Cross, Velachery, Pune, Maharashtra - 411391",val,clean
P03595,tamil,F,Harini,Velu,given_father,Harini Velu,Velu,2001-01-22,"No. 144, Nehru Street, Kothrud, Jaipur, Rajasthan - 302511",val,needs_review
P03596,telugu,F,Swathi,Reddy,given_surname,Swathi Reddy,Naresh Reddy,1998-09-06,"No. 231, Main Road, Malviya Nagar, Thiruvananthapuram, Kerala - 695475",val,clean
P03597,malayalam,F,Anagha,Menon,given_surname,Anagha Menon,Arjun Menon,2005-06-10,"No. 225, Lake View Road, Koramangala, Chennai, Tamil Nadu - 600232",test,needs_review
P03598,north,F,Pooja,Singh,given_surname,Pooja Singh,Rahul Singh,1998-07-08,"No. 245, Temple Street, Koramangala, Delhi, Delhi - 110514",test,clean
P03599,muslim,F,Heena,Syed,given_surname,Heena Syed,Irfan Syed,1999-05-04,"No. 217, Cross Road, Kothrud, Coimbatore, Tamil Nadu - 641576",test,critical
P03600,bengali,F,Riya,Chatterjee,given_surname,Riya Chatterjee,Anirban Chatterjee,2004-11-22,"No. 34, Lake View Road, Andheri, Thiruvananthapuram, Kerala - 695480",train,clean
P03601,christian,F,Jessica,Pereira,given_surname,Jessica Pereira,Joel Pereira,1998-11-27,"No. 26, Market Street, Velachery, Mumbai, Maharashtra - 400786",train,clean
P03602,kannada,M,Darshan,Hegde,given_surname,Darshan Hegde,Shashank Hegde,2005-02-05,"No. 83, Park Avenue, Banjara Hills, Pune, Maharashtra - 411695",train,critical
P03603,telugu,F,Lavanya,Rao,given_surname,Lavanya Rao,Srinivas Rao,2001-01-13,"No. 174, Market Street, Andheri, Pune, Maharashtra - 411724",train,clean
P03604,tamil,F,Sangeetha,Karthik,given_father,Sangeetha Karthik,Karthik,1999-01-14,"No. 207, Market Street, Velachery, Hyderabad, Telangana - 500063",train,needs_review
P03605,north,F,Neha,Agarwal,given_surname,Neha Agarwal,Rahul Agarwal,2004-02-05,"No. 171, MG Road, Koramangala, Kolkata, West Bengal - 700535",train,needs_review
P03606,telugu,M,Chaitanya,Rao,given_surname,Chaitanya Rao,Krishna Rao,2002-12-25,"No. 85, Cross Road, Salt Lake, Pune, Maharashtra - 411140",train,clean
P03607,kannada,F,Pallavi,Gowda,given_surname,Pallavi Gowda,Puneeth Gowda,2005-01-07,"No. 102, MG Road, Anna Nagar, Noida, Uttar Pradesh - 201966",train,clean
P03608,north,F,Sneha,Yadav,given_surname,Sneha Yadav,Sandeep Yadav,2001-02-06,"No. 104, Lake View Road, Andheri, Jaipur, Rajasthan - 302040",train,needs_review
P03609,kannada,M,Harish,Shetty,given_surname,Harish Shetty,Satish Shetty,2004-05-08,"No. 24, 4th Cross, Kothrud, Thiruvananthapuram, Kerala - 695309",train,clean
P03610,tamil,F,Indhu,Elango,given_father,Indhu Elango,Elango,1999-11-08,"No. 156, Temple Street, Velachery, Coimbatore, Tamil Nadu - 641152",train,needs_review
P03611,tamil,F,Saranya,Murugan,given_father,Saranya Murugan,Murugan,2000-09-03,"No. 153, Temple Street, Kothrud, Coimbatore, Tamil Nadu - 641806",train,critical
P03612,north,F,Shreya,Gupta,given_surname,Shreya Gupta,Vikram Gupta,2004-11-28,"No. 128, Main Road, Sector 62, Chennai, Tamil Nadu - 600045",train,needs_review
P03613,tamil,M,Velu,Elango,given_father,Velu Elango,Elango,1999-03-27,"No. 92, Station Road, Malviya Nagar, Noida, Uttar Pradesh - 201076",train,clean
P03614,tamil,M,Balaji,Vignesh,given_father,Balaji Vignesh,Vignesh,2000-05-12,"No. 219, Lake View Road, Kothrud, Delhi, Delhi - 110922",val,clean
P03615,telugu,M,Krishna,Naidu,given_surname,Krishna Naidu,Naresh Naidu,2004-01-29,"No. 189, Gandhi Road, T Nagar, Coimbatore, Tamil Nadu - 641733",val,clean
P03616,tamil,M,Kannan,Murugan,given_father,Kannan Murugan,Murugan,2001-11-26,"No. 213, Market Street, Koramangala, Bengaluru, Karnataka - 560990",val,needs_review
P03617,north,M,Sandeep,Verma,given_surname,Sandeep Verma,Rohit Verma,2005-09-06,"No. 133, Lake View Road, Kothrud, Pune, Maharashtra - 411414",test,clean
P03618,malayalam,M,Sanju,Panicker,given_surname,Sanju Panicker,Arjun Panicker,2004-04-04,"No. 181, Church Street, Koramangala, Pune, Maharashtra - 411977",test,critical
P03619,kannada,F,Nandini,Hegde,given_surname,Nandini Hegde,Naveen Hegde,2003-12-19,"No. 196, Main Road, Banjara Hills, Jaipur, Rajasthan - 302884",test,clean
P03620,tamil,M,Ramesh,Manikandan,given_father,Ramesh Manikandan,Manikandan,2005-10-09,"No. 61, Main Road, Salt Lake, Kochi, Kerala - 682337",train,needs_review
P03621,malayalam,F,Anjali,Kurup,given_surname,Anjali Kurup,Hari Kurup,1998-05-04,"No. 200, Cross Road, Saket, Jaipur, Rajasthan - 302989",train,clean
P03622,bengali,F,Riya,Ghosh,given_surname,Riya Ghosh,Subhajit Ghosh,1999-12-09,"No. 62, Market Street, Sector 62, Mumbai, Maharashtra - 400747",train,needs_review
P03623,telugu,F,Haritha,Reddy,given_surname,Haritha Reddy,Krishna Reddy,2005-06-20,"No. 209, Park Avenue, T Nagar, Noida, Uttar Pradesh - 201423",train,clean
P03624,bengali,F,Debjani,Mukherjee,given_surname,Debjani Mukherjee,Abhijit Mukherjee,1998-05-06,"No. 42, Market Street, Banjara Hills, Mysuru, Karnataka - 570530",train,critical
P03625,christian,F,Teresa,Fernandes,given_surname,Teresa Fernandes,John Fernandes,2002-07-05,"No. 26, Market Street, Indiranagar, Jaipur, Rajasthan - 302097",train,clean
P03626,malayalam,M,Vishnu,Panicker,given_surname,Vishnu Panicker,Rahul Panicker,2000-08-18,"No. 119, Nehru Street, Velachery, Thiruvananthapuram, Kerala - 695478",train,clean
P03627,muslim,F,Nazia,Pathan,given_surname,Nazia Pathan,Mohammed Pathan,2004-01-10,"No. 102, Nehru Street, Navrangpura, Coimbatore, Tamil Nadu - 641778",train,clean
P03628,muslim,F,Ayesha,Ansari,given_surname,Ayesha Ansari,Arif Ansari,2004-07-25,"No. 119, Market Street, Banjara Hills, Kolkata, West Bengal - 700096",train,critical
P03629,telugu,M,Prasad,Rao,given_surname,Prasad Rao,Venkatesh Rao,2003-07-16,"No. 115, 2nd Main, Navrangpura, Kochi, Kerala - 682985",train,needs_review
P03630,tamil,F,Keerthana,Manikandan,given_father,Keerthana Manikandan,Manikandan,2002-09-09,"No. 47, Lake View Road, Saket, Pune, Maharashtra - 411128",train,critical
P03631,north,F,Sneha,Chauhan,given_surname,Sneha Chauhan,Sandeep Chauhan,1999-11-03,"No. 206, Gandhi Road, Anna Nagar, Madurai, Tamil Nadu - 625858",train,critical
P03632,muslim,M,Salman,Khan,given_surname,Salman Khan,Sameer Khan,2002-12-14,"No. 148, Market Street, Saket, Madurai, Tamil Nadu - 625887",train,clean
P03633,tamil,M,Elango,Saravanan,given_father,Elango Saravanan,Saravanan,2003-11-16,"No. 47, MG Road, Jayanagar, Noida, Uttar Pradesh - 201294",train,clean
P03634,telugu,F,Bhavani,Naidu,given_surname,Bhavani Naidu,Kiran Naidu,2003-02-24,"No. 238, Market Street, Malviya Nagar, Chennai, Tamil Nadu - 600588",val,needs_review
P03635,bengali,F,Riya,Das,given_surname,Riya Das,Arnab Das,2005-10-02,"No. 229, Nehru Street, Kakkanad, Jaipur, Rajasthan - 302911",val,needs_review
P03636,tamil,F,Tamilselvi,Balaji,given_father,Tamilselvi Balaji,Balaji,2004-08-26,"No. 219, Temple Street, Navrangpura, Madurai, Tamil Nadu - 625103",val,clean
P03637,muslim,M,Salman,Syed,given_surname,Salman Syed,Irfan Syed,1999-04-28,"No. 149, Station Road, Jayanagar, Hyderabad, Telangana - 500621",test,needs_review
P03638,muslim,F,Shabana,Pathan,given_surname,Shabana Pathan,Mohammed Pathan,2000-04-30,"No. 186, Market Street, Malviya Nagar, Bengaluru, Karnataka - 560007",test,critical
P03639,north,F,Anjali,Singh,given_surname,Anjali Singh,Gaurav Singh,2000-11-20,"No. 138, Gandhi Road, Koramangala, Kochi, Kerala - 682077",test,clean
P03640,north,F,Archana,Agarwal,given_surname,Archana Agarwal,Ajay Agarwal,2004-04-12,"No. 89, MG Road, Kakkanad, Thiruvananthapuram, Kerala - 695149",train,clean
P03641,north,F,Archana,Tiwari,given_surname,Archana Tiwari,Sanjay Tiwari,2003-02-21,"No. 71, Market Street, Banjara Hills, Chennai, Tamil Nadu - 600644",train,critical
P03642,malayalam,F,Divya,Pillai,given_surname,Divya Pillai,Sanju Pillai,2002-04-06,"No. 15, Lake View Road, Jayanagar, Hyderabad, Telangana - 500444",train,clean
P03643,north,M,Sumit,Tiwari,given_surname,Sumit Tiwari,Ajay Tiwari,1999-08-27,"No. 80, Park Avenue, Malviya Nagar, Mumbai, Maharashtra - 400737",train,clean
P03644,tamil,M,Balaji,Murugan,given_father,Balaji Murugan,Murugan,2003-01-04,"No. 199, Park Avenue, Sector 62, Ahmedabad, Gujarat - 380781",train,needs_review
P03645,malayalam,M,Jithin,Panicker,given_surname,Jithin Panicker,Anand Panicker,1998-06-11,"No. 122, 2nd Main, Navrangpura, Mysuru, Karnataka - 570056",train,needs_review
P03646,north,F,Riya,Gupta,given_surname,Riya Gupta,Gaurav Gupta,2005-06-20,"No. 130, MG Road, T Nagar, Kolkata, West Bengal - 700672",train,clean
P03647,marathi_gujarati,F,Hetal,Kulkarni,given_surname,Hetal Kulkarni,Omkar Kulkarni,2001-11-14,"No. 227, Cross Road, Sector 62, Bengaluru, Karnataka - 560008",train,clean
P03648,bengali,M,Sayan,Mukherjee,given_surname,Sayan Mukherjee,Abhijit Mukherjee,2005-05-26,"No. 111, Temple Street, Saket, Hyderabad, Telangana - 500554",train,needs_review
P03649,tamil,M,Madhavan,Kannan,given_father,Madhavan Kannan,Kannan,1999-07-13,"No. 231, Temple Street, Kothrud, Mysuru, Karnataka - 570249",train,clean
P03650,marathi_gujarati,M,Omkar,Mehta,given_surname,Omkar Mehta,Jay Mehta,2000-12-14,"No. 107, Gandhi Road, Andheri, Ahmedabad, Gujarat - 380116",train,needs_review
P03651,tamil,M,Senthil,Sundar,given_father,Senthil Sundar,Sundar,2003-07-28,"No. 56, Nehru Street, Navrangpura, Bengaluru, Karnataka - 560086",train,needs_review
P03652,telugu,F,Sravani,Rao,given_surname,Sravani Rao,Naresh Rao,2005-12-01,"No. 181, Church Street, Sector 62, Ahmedabad, Gujarat - 380408",train,clean
P03653,malayalam,F,Lekshmi,Menon,given_surname,Lekshmi Menon,Nikhil Menon,1999-08-18,"No. 197, Park Avenue, Salt Lake, Mumbai, Maharashtra - 400910",train,clean
P03654,tamil,M,Prakash,Babu,given_father,Prakash Babu,Babu,2001-09-24,"No. 199, Gandhi Road, Anna Nagar, Mumbai, Maharashtra - 400728",val,needs_review
P03655,kannada,F,Nandini,Bhat,given_surname,Nandini Bhat,Manjunath Bhat,1998-06-08,"No. 55, Cross Road, Navrangpura, Thiruvananthapuram, Kerala - 695960",val,clean
P03656,north,F,Ritu,Agarwal,given_surname,Ritu Agarwal,Ankit Agarwal,1999-09-07,"No. 109, Park Avenue, Salt Lake, Jaipur, Rajasthan - 302749",val,needs_review
P03657,bengali,M,Rajib,Chatterjee,given_surname,Rajib Chatterjee,Abhijit Chatterjee,2002-11-27,"No. 249, 2nd Main, Sector 62, Kochi, Kerala - 682565",test,clean
P03658,telugu,F,Swathi,Reddy,given_surname,Swathi Reddy,Mahesh Reddy,2004-05-17,"No. 137, Gandhi Road, Jayanagar, Ahmedabad, Gujarat - 380017",test,clean
P03659,north,M,Amit,Pandey,given_surname,Amit Pandey,Ajay Pandey,1999-01-24,"No. 82, Market Street, Banjara Hills, Jaipur, Rajasthan - 302789",test,needs_review
P03660,north,M,Rohit,Sharma,given_surname,Rohit Sharma,Rahul Sharma,2003-06-03,"No. 78, Nehru Street, Anna Nagar, Delhi, Delhi - 110499",train,needs_review
P03661,kannada,F,Asha,Hegde,given_surname,Asha Hegde,Girish Hegde,2000-06-30,"No. 19, 2nd Main, Saket, Pune, Maharashtra - 411343",train,critical
P03662,kannada,F,Nandini,Gowda,given_surname,Nandini Gowda,Manjunath Gowda,1999-01-21,"No. 194, Gandhi Road, Andheri, Mysuru, Karnataka - 570990",train,needs_review
P03663,north,F,Pooja,Chauhan,given_surname,Pooja Chauhan,Gaurav Chauhan,1998-03-09,"No. 159, Temple Street, Banjara Hills, Mumbai, Maharashtra - 400166",train,clean
P03664,tamil,F,Indhu,Balaji,given_father,Indhu Balaji,Balaji,1998-04-16,"No. 22, Cross Road, Kothrud, Chennai, Tamil Nadu - 600248",train,clean
P03665,bengali,F,Riya,Mukherjee,given_surname,Riya Mukherjee,Anirban Mukherjee,2001-07-19,"No. 125, MG Road, Navrangpura, Bengaluru, Karnataka - 560724",train,clean
P03666,christian,M,Samuel,Mathew,given_surname,Samuel Mathew,Daniel Mathew,2001-12-28,"No. 5, Market Street, Navrangpura, Coimbatore, Tamil Nadu - 641568",train,needs_review
P03667,north,M,Rahul,Verma,given_surname,Rahul Verma,Sumit Verma,2004-08-18,"No. 228, Nehru Street, T Nagar, Kolkata, West Bengal - 700314",train,needs_review
P03668,tamil,F,Priya,Prakash,given_father,Priya Prakash,Prakash,1999-09-17,"No. 98, 2nd Main, Jayanagar, Delhi, Delhi - 110465",train,clean
P03669,telugu,M,Srinivas,Chowdary,given_surname,Srinivas Chowdary,Naresh Chowdary,2004-05-16,"No. 229, Station Road, Salt Lake, Kolkata, West Bengal - 700016",train,clean
P03670,kannada,F,Shilpa,Rao,given_surname,Shilpa Rao,Naveen Rao,2002-03-09,"No. 77, Cross Road, T Nagar, Mumbai, Maharashtra - 400809",train,critical
P03671,tamil,M,Arun,Manikandan,given_father,Arun Manikandan,Manikandan,2003-04-15,"No. 246, Nehru Street, T Nagar, Kolkata, West Bengal - 700212",train,clean
P03672,muslim,F,Zainab,Syed,given_surname,Zainab Syed,Arif Syed,1999-06-05,"No. 2, Church Street, Jayanagar, Mumbai, Maharashtra - 400127",train,clean
P03673,christian,F,Teresa,D'Souza,given_surname,Teresa D'Souza,John D'Souza,2004-03-17,"No. 143, 2nd Main, Navrangpura, Thiruvananthapuram, Kerala - 695634",train,clean
P03674,north,F,Neha,Tiwari,given_surname,Neha Tiwari,Gaurav Tiwari,2005-05-05,"No. 183, 2nd Main, Velachery, Noida, Uttar Pradesh - 201985",val,needs_review
P03675,telugu,F,Padma,Naidu,given_surname,Padma Naidu,Suresh Naidu,2002-10-15,"No. 206, Church Street, Velachery, Mysuru, Karnataka - 570834",val,critical
P03676,kannada,M,Darshan,Shetty,given_surname,Darshan Shetty,Puneeth Shetty,1998-09-03,"No. 104, MG Road, Sector 62, Ahmedabad, Gujarat - 380411",val,clean
P03677,telugu,M,Ravi,Rao,given_surname,Ravi Rao,Kiran Rao,1998-01-26,"No. 67, Main Road, T Nagar, Ahmedabad, Gujarat - 380492",test,clean
P03678,bengali,F,Payel,Roy,given_surname,Payel Roy,Rajib Roy,2001-07-07,"No. 198, Station Road, Koramangala, Ahmedabad, Gujarat - 380478",test,critical
P03679,bengali,F,Ishita,Roy,given_surname,Ishita Roy,Sourav Roy,1999-04-13,"No. 168, Station Road, Kothrud, Mumbai, Maharashtra - 400515",test,clean
P03680,north,M,Ankit,Gupta,given_surname,Ankit Gupta,Rohit Gupta,2005-09-08,"No. 18, MG Road, T Nagar, Bengaluru, Karnataka - 560726",train,critical
P03681,tamil,F,Meena,Siva,given_father,Meena Siva,Siva,2005-06-24,"No. 43, Park Avenue, Koramangala, Bengaluru, Karnataka - 560188",train,needs_review
P03682,christian,M,Samuel,Fernandes,given_surname,Samuel Fernandes,David Fernandes,2000-12-31,"No. 246, 2nd Main, Kakkanad, Jaipur, Rajasthan - 302766",train,needs_review
P03683,marathi_gujarati,F,Dhwani,Joshi,given_surname,Dhwani Joshi,Harsh Joshi,2002-12-11,"No. 187, Park Avenue, Jayanagar, Kochi, Kerala - 682123",train,clean
P03684,telugu,F,Sunitha,Rao,given_surname,Sunitha Rao,Prasad Rao,2004-09-14,"No. 142, Gandhi Road, Kakkanad, Hyderabad, Telangana - 500347",train,needs_review
P03685,north,M,Ajay,Verma,given_surname,Ajay Verma,Vikram Verma,2004-05-07,"No. 107, MG Road, Kothrud, Chennai, Tamil Nadu - 600038",train,clean
P03686,north,F,Priyanka,Pandey,given_surname,Priyanka Pandey,Rahul Pandey,2001-01-25,"No. 61, Main Road, Navrangpura, Chennai, Tamil Nadu - 600615",train,clean
P03687,tamil,M,Selvam,Manikandan,given_father,Selvam Manikandan,Manikandan,2004-09-18,"No. 150, Gandhi Road, Anna Nagar, Mumbai, Maharashtra - 400525",train,clean
P03688,marathi_gujarati,M,Harsh,Kulkarni,given_surname,Harsh Kulkarni,Omkar Kulkarni,1998-11-19,"No. 189, Church Street, Malviya Nagar, Noida, Uttar Pradesh - 201311",train,needs_review
P03689,marathi_gujarati,F,Sayali,Deshpande,given_surname,Sayali Deshpande,Tejas Deshpande,2005-05-11,"No. 72, Market Street, T Nagar, Mumbai, Maharashtra - 400135",train,clean
P03690,kannada,F,Geetha,Gowda,given_surname,Geetha Gowda,Satish Gowda,2003-12-08,"No. 46, 4th Cross, Salt Lake, Bengaluru, Karnataka - 560875",train,needs_review
P03691,north,F,Pooja,Chauhan,given_surname,Pooja Chauhan,Sandeep Chauhan,2002-01-23,"No. 74, Temple Street, Anna Nagar, Kolkata, West Bengal - 700780",train,clean
P03692,malayalam,F,Reshma,Menon,given_surname,Reshma Menon,Nikhil Menon,2003-11-12,"No. 190, 4th Cross, T Nagar, Hyderabad, Telangana - 500872",train,clean
P03693,christian,F,Jennifer,Joseph,given_surname,Jennifer Joseph,Daniel Joseph,2005-04-16,"No. 231, Lake View Road, Banjara Hills, Chennai, Tamil Nadu - 600431",train,needs_review
P03694,tamil,M,Karthik,Siva,given_father,Karthik Siva,Siva,2005-05-28,"No. 112, 2nd Main, T Nagar, Mumbai, Maharashtra - 400704",val,clean
P03695,north,F,Priyanka,Chauhan,given_surname,Priyanka Chauhan,Ankit Chauhan,1998-06-10,"No. 152, Main Road, Indiranagar, Kolkata, West Bengal - 700310",val,clean
P03696,telugu,M,Prasad,Rao,given_surname,Prasad Rao,Ravi Rao,2004-02-04,"No. 162, Church Street, Indiranagar, Hyderabad, Telangana - 500495",val,clean
P03697,north,M,Rahul,Chauhan,given_surname,Rahul Chauhan,Gaurav Chauhan,1999-02-16,"No. 26, Church Street, Malviya Nagar, Hyderabad, Telangana - 500479",test,clean
P03698,tamil,M,Kumar,Velu,given_father,Kumar Velu,Velu,1998-01-15,"No. 93, Nehru Street, Koramangala, Mumbai, Maharashtra - 400210",test,clean
P03699,tamil,M,Madhavan,Arun,given_father,Madhavan Arun,Arun,2003-10-03,"No. 36, Gandhi Road, Navrangpura, Mumbai, Maharashtra - 400523",test,clean
P03700,malayalam,F,Divya,Pillai,given_surname,Divya Pillai,Sreejith Pillai,1998-06-02,"No. 149, Temple Street, Velachery, Chennai, Tamil Nadu - 600196",train,clean
P03701,bengali,F,Payel,Sen,given_surname,Payel Sen,Anirban Sen,2004-07-06,"No. 51, Station Road, Kothrud, Ahmedabad, Gujarat - 380159",train,clean
P03702,marathi_gujarati,F,Hetal,Shah,given_surname,Hetal Shah,Aniket Shah,2002-05-02,"No. 71, Church Street, Andheri, Thiruvananthapuram, Kerala - 695848",train,clean
P03703,christian,F,Merlin,Fernandes,given_surname,Merlin Fernandes,George Fernandes,1998-02-08,"No. 158, Main Road, Banjara Hills, Delhi, Delhi - 110981",train,clean
P03704,north,F,Ritu,Sharma,given_surname,Ritu Sharma,Gaurav Sharma,2000-07-03,"No. 19, 2nd Main, Kakkanad, Madurai, Tamil Nadu - 625911",train,needs_review
P03705,telugu,F,Madhuri,Raju,given_surname,Madhuri Raju,Suresh Raju,2003-03-06,"No. 146, Gandhi Road, Kakkanad, Madurai, Tamil Nadu - 625411",train,needs_review
P03706,bengali,F,Debjani,Bose,given_surname,Debjani Bose,Debashis Bose,1998-09-09,"No. 121, Main Road, Koramangala, Delhi, Delhi - 110490",train,clean
P03707,tamil,M,Murugan,Selvam,given_father,Murugan Selvam,Selvam,2004-12-13,"No. 244, Gandhi Road, Andheri, Madurai, Tamil Nadu - 625526",train,needs_review
P03708,telugu,M,Kiran,Raju,given_surname,Kiran Raju,Krishna Raju,1999-05-13,"No. 47, Main Road, Indiranagar, Pune, Maharashtra - 411052",train,clean
P03709,tamil,M,Siva,Balaji,given_father,Siva Balaji,Balaji,1999-06-18,"No. 16, Gandhi Road, Banjara Hills, Noida, Uttar Pradesh - 201909",train,clean
P03710,malayalam,M,Akhil,Pillai,given_surname,Akhil Pillai,Arjun Pillai,2004-05-03,"No. 5, 2nd Main, Andheri, Noida, Uttar Pradesh - 201930",train,clean
P03711,christian,M,George,Fernandes,given_surname,George Fernandes,Joseph Fernandes,2004-11-15,"No. 130, Cross Road, Malviya Nagar, Kochi, Kerala - 682807",train,clean
P03712,north,F,Archana,Yadav,given_surname,Archana Yadav,Amit Yadav,1998-02-08,"No. 184, Gandhi Road, Velachery, Coimbatore, Tamil Nadu - 641142",train,clean
P03713,north,F,Sushma,Tiwari,given_surname,Sushma Tiwari,Rohit Tiwari,2005-12-14,"No. 238, Church Street, Banjara Hills, Hyderabad, Telangana - 500816",train,clean
P03714,malayalam,M,Arjun,Kurup,given_surname,Arjun Kurup,Akhil Kurup,2001-08-02,"No. 75, Nehru Street, Banjara Hills, Coimbatore, Tamil Nadu - 641015",val,clean
P03715,kannada,F,Shilpa,Hegde,given_surname,Shilpa Hegde,Naveen Hegde,1999-09-05,"No. 122, Nehru Street, Jayanagar, Chennai, Tamil Nadu - 600192",val,clean
P03716,north,F,Neha,Singh,given_surname,Neha Singh,Pradeep Singh,2005-11-23,"No. 76, 4th Cross, Jayanagar, Chennai, Tamil Nadu - 600416",val,clean
P03717,kannada,F,Asha,Rao,given_surname,Asha Rao,Raghavendra Rao,2003-06-16,"No. 130, Station Road, Kakkanad, Madurai, Tamil Nadu - 625516",test,needs_review
P03718,malayalam,M,Nikhil,Pillai,given_surname,Nikhil Pillai,Arjun Pillai,1999-09-19,"No. 226, 4th Cross, Andheri, Mysuru, Karnataka - 570691",test,clean
P03719,kannada,M,Naveen,Hegde,given_surname,Naveen Hegde,Manjunath Hegde,2003-09-01,"No. 161, Cross Road, T Nagar, Thiruvananthapuram, Kerala - 695646",test,needs_review
P03720,north,F,Archana,Mishra,given_surname,Archana Mishra,Deepak Mishra,2003-10-30,"No. 185, Church Street, T Nagar, Chennai, Tamil Nadu - 600713",train,clean
P03721,telugu,F,Padma,Raju,given_surname,Padma Raju,Krishna Raju,1999-07-14,"No. 192, Lake View Road, Kothrud, Kolkata, West Bengal - 700946",train,clean
P03722,north,F,Pooja,Singh,given_surname,Pooja Singh,Ankit Singh,1998-10-15,"No. 98, Main Road, Navrangpura, Kolkata, West Bengal - 700171",train,needs_review
P03723,telugu,M,Ravi,Naidu,given_surname,Ravi Naidu,Prasad Naidu,2002-04-19,"No. 213, Church Street, Saket, Noida, Uttar Pradesh - 201523",train,clean
P03724,tamil,F,Keerthana,Murugan,given_father,Keerthana Murugan,Murugan,2002-06-04,"No. 231, Market Street, Velachery, Madurai, Tamil Nadu - 625440",train,clean
P03725,christian,M,Joel,D'Souza,given_surname,Joel D'Souza,Thomas D'Souza,1999-12-13,"No. 13, 4th Cross, Salt Lake, Coimbatore, Tamil Nadu - 641283",train,clean
P03726,muslim,F,Heena,Sheikh,given_surname,Heena Sheikh,Farhan Sheikh,2005-01-03,"No. 107, Gandhi Road, Malviya Nagar, Mumbai, Maharashtra - 400909",train,needs_review
P03727,marathi_gujarati,F,Prachi,Shah,given_surname,Prachi Shah,Aniket Shah,2002-08-25,"No. 224, Church Street, Koramangala, Noida, Uttar Pradesh - 201510",train,clean
P03728,malayalam,M,Sreejith,Panicker,given_surname,Sreejith Panicker,Jithin Panicker,1998-01-24,"No. 131, 4th Cross, Kothrud, Hyderabad, Telangana - 500660",train,clean
P03729,marathi_gujarati,F,Rutuja,Joshi,given_surname,Rutuja Joshi,Jay Joshi,2000-08-10,"No. 7, Station Road, Anna Nagar, Hyderabad, Telangana - 500043",train,clean
P03730,tamil,F,Abirami,Velu,given_father,Abirami Velu,Velu,2004-08-17,"No. 222, Park Avenue, Banjara Hills, Chennai, Tamil Nadu - 600371",train,clean
P03731,kannada,M,Satish,Shetty,given_surname,Satish Shetty,Shashank Shetty,1998-03-04,"No. 146, 4th Cross, Andheri, Ahmedabad, Gujarat - 380534",train,clean
P03732,muslim,F,Zainab,Qureshi,given_surname,Zainab Qureshi,Arif Qureshi,2002-03-22,"No. 147, Nehru Street, Kakkanad, Ahmedabad, Gujarat - 380342",train,clean
P03733,tamil,M,Saravanan,Elango,given_father,Saravanan Elango,Elango,1999-11-08,"No. 62, Church Street, Sector 62, Bengaluru, Karnataka - 560473",train,clean
P03734,marathi_gujarati,F,Hetal,Deshpande,given_surname,Hetal Deshpande,Harsh Deshpande,2001-05-27,"No. 80, Station Road, T Nagar, Kolkata, West Bengal - 700502",val,critical
P03735,kannada,M,Shashank,Rao,given_surname,Shashank Rao,Raghavendra Rao,1998-12-15,"No. 32, Lake View Road, Indiranagar, Mysuru, Karnataka - 570105",val,clean
P03736,marathi_gujarati,M,Nikhil,Patel,given_surname,Nikhil Patel,Jay Patel,2005-07-29,"No. 31, 4th Cross, Indiranagar, Bengaluru, Karnataka - 560575",val,clean
P03737,muslim,M,Imran,Khan,given_surname,Imran Khan,Arif Khan,2004-09-06,"No. 116, Temple Street, Saket, Madurai, Tamil Nadu - 625750",test,clean
P03738,kannada,F,Nandini,Shetty,given_surname,Nandini Shetty,Girish Shetty,2003-09-29,"No. 121, 4th Cross, Andheri, Chennai, Tamil Nadu - 600826",test,critical
P03739,north,F,Simran,Pandey,given_surname,Simran Pandey,Sandeep Pandey,2005-11-19,"No. 30, Church Street, Andheri, Kochi, Kerala - 682801",test,clean
P03740,malayalam,F,Sruthi,Varghese,given_surname,Sruthi Varghese,Rahul Varghese,1999-03-10,"No. 249, Market Street, Velachery, Pune, Maharashtra - 411274",train,needs_review
P03741,marathi_gujarati,F,Krupa,Desai,given_surname,Krupa Desai,Jay Desai,2003-11-01,"No. 2, Temple Street, Kakkanad, Pune, Maharashtra - 411336",train,critical
P03742,tamil,M,Velu,Madhavan,given_father,Velu Madhavan,Madhavan,2004-05-16,"No. 95, Market Street, Sector 62, Madurai, Tamil Nadu - 625155",train,clean
P03743,muslim,M,Sameer,Sheikh,given_surname,Sameer Sheikh,Imran Sheikh,2001-11-24,"No. 49, Gandhi Road, Sector 62, Delhi, Delhi - 110484",train,needs_review
P03744,north,F,Neha,Chauhan,given_surname,Neha Chauhan,Deepak Chauhan,2000-07-06,"No. 146, Gandhi Road, T Nagar, Pune, Maharashtra - 411159",train,needs_review
P03745,marathi_gujarati,M,Parth,Joshi,given_surname,Parth Joshi,Harsh Joshi,1998-03-01,"No. 82, Nehru Street, Koramangala, Mysuru, Karnataka - 570678",train,clean
P03746,tamil,M,Murugan,Senthil,given_father,Murugan Senthil,Senthil,1999-01-31,"No. 93, Cross Road, Malviya Nagar, Ahmedabad, Gujarat - 380997",train,clean
P03747,kannada,M,Puneeth,Bhat,given_surname,Puneeth Bhat,Manjunath Bhat,2004-11-01,"No. 166, Market Street, Velachery, Hyderabad, Telangana - 500063",train,clean
P03748,tamil,F,Janani,Siva,given_father,Janani Siva,Siva,2000-12-04,"No. 44, 4th Cross, Salt Lake, Kochi, Kerala - 682379",train,clean
P03749,tamil,M,Raju,Vignesh,given_father,Raju Vignesh,Vignesh,2004-03-17,"No. 189, MG Road, Banjara Hills, Thiruvananthapuram, Kerala - 695232",train,critical
P03750,tamil,F,Kavya,Prakash,given_father,Kavya Prakash,Prakash,2000-09-20,"No. 139, Temple Street, Andheri, Madurai, Tamil Nadu - 625964",train,needs_review
P03751,kannada,M,Naveen,Rao,given_surname,Naveen Rao,Darshan Rao,2002-10-18,"No. 27, Park Avenue, Velachery, Mumbai, Maharashtra - 400378",train,clean
P03752,muslim,M,Arif,Pathan,given_surname,Arif Pathan,Abdul Pathan,1999-12-15,"No. 1, 4th Cross, Saket, Kolkata, West Bengal - 700756",train,clean
P03753,kannada,M,Puneeth,Shetty,given_surname,Puneeth Shetty,Prashanth Shetty,2003-02-15,"No. 199, Temple Street, Anna Nagar, Delhi, Delhi - 110832",train,clean
P03754,tamil,F,Sowmya,Arun,given_father,Sowmya Arun,Arun,2003-07-05,"No. 17, Main Road, T Nagar, Kochi, Kerala - 682359",val,clean
P03755,tamil,M,Murugan,Sundar,given_father,Murugan Sundar,Sundar,1998-02-09,"No. 144, Cross Road, Malviya Nagar, Ahmedabad, Gujarat - 380923",val,clean
P03756,kannada,F,Kavitha,Shetty,given_surname,Kavitha Shetty,Girish Shetty,1999-05-11,"No. 48, Cross Road, Anna Nagar, Pune, Maharashtra - 411365",val,clean
P03757,north,M,Vikram,Singh,given_surname,Vikram Singh,Ankit Singh,1998-10-24,"No. 56, Gandhi Road, Banjara Hills, Ahmedabad, Gujarat - 380988",test,needs_review
P03758,north,F,Archana,Verma,given_surname,Archana Verma,Gaurav Verma,2001-09-12,"No. 172, MG Road, Kakkanad, Thiruvananthapuram, Kerala - 695448",test,clean
P03759,north,F,Anjali,Pandey,given_surname,Anjali Pandey,Deepak Pandey,2002-08-20,"No. 57, Market Street, T Nagar, Mumbai, Maharashtra - 400917",test,clean
P03760,marathi_gujarati,M,Aniket,Mehta,given_surname,Aniket Mehta,Tejas Mehta,1998-03-20,"No. 164, 4th Cross, Jayanagar, Mumbai, Maharashtra - 400454",train,critical
P03761,north,F,Neha,Tiwari,given_surname,Neha Tiwari,Ajay Tiwari,2002-06-08,"No. 151, 2nd Main, Salt Lake, Jaipur, Rajasthan - 302170",train,clean
P03762,bengali,M,Sayan,Das,given_surname,Sayan Das,Debashis Das,2001-01-20,"No. 152, Market Street, Navrangpura, Hyderabad, Telangana - 500386",train,clean
P03763,kannada,M,Harish,Kulkarni,given_surname,Harish Kulkarni,Darshan Kulkarni,2002-04-13,"No. 91, MG Road, Anna Nagar, Thiruvananthapuram, Kerala - 695944",train,needs_review
P03764,tamil,M,Vignesh,Balaji,given_father,Vignesh Balaji,Balaji,2002-12-22,"No. 40, MG Road, Salt Lake, Chennai, Tamil Nadu - 600530",train,clean
P03765,bengali,F,Payel,Bose,given_surname,Payel Bose,Sourav Bose,2001-09-07,"No. 30, Gandhi Road, Andheri, Pune, Maharashtra - 411227",train,clean
P03766,north,F,Neha,Singh,given_surname,Neha Singh,Ankit Singh,1999-10-06,"No. 54, Gandhi Road, Salt Lake, Madurai, Tamil Nadu - 625978",train,critical
P03767,tamil,M,Madhavan,Siva,given_father,Madhavan Siva,Siva,2000-02-11,"No. 159, Lake View Road, Kakkanad, Chennai, Tamil Nadu - 600865",train,needs_review
P03768,kannada,M,Harish,Hegde,given_surname,Harish Hegde,Satish Hegde,2003-02-15,"No. 41, Gandhi Road, Saket, Jaipur, Rajasthan - 302670",train,needs_review
P03769,tamil,F,Gayathri,Selvam,given_father,Gayathri Selvam,Selvam,2003-07-26,"No. 15, Park Avenue, Malviya Nagar, Ahmedabad, Gujarat - 380396",train,needs_review
P03770,kannada,F,Kavitha,Shetty,given_surname,Kavitha Shetty,Harish Shetty,1999-11-19,"No. 8, Church Street, Sector 62, Hyderabad, Telangana - 500444",train,clean
P03771,malayalam,M,Arjun,Menon,given_surname,Arjun Menon,Sreejith Menon,2001-10-13,"No. 132, Main Road, Anna Nagar, Madurai, Tamil Nadu - 625349",train,critical
P03772,tamil,F,Priya,Prakash,given_father,Priya Prakash,Prakash,2001-05-05,"No. 62, MG Road, Andheri, Delhi, Delhi - 110469",train,clean
P03773,malayalam,F,Anjali,Menon,given_surname,Anjali Menon,Arjun Menon,2004-09-09,"No. 137, Main Road, Indiranagar, Chennai, Tamil Nadu - 600293",train,critical
P03774,telugu,F,Sravani,Varma,given_surname,Sravani Varma,Ravi Varma,1999-08-09,"No. 100, Main Road, Anna Nagar, Pune, Maharashtra - 411057",val,clean
P03775,muslim,F,Heena,Qureshi,given_surname,Heena Qureshi,Arif Qureshi,2005-09-01,"No. 132, Gandhi Road, Andheri, Pune, Maharashtra - 411032",val,clean
P03776,tamil,M,Saravanan,Raju,given_father,Saravanan Raju,Raju,2001-09-14,"No. 108, Station Road, Koramangala, Jaipur, Rajasthan - 302035",val,clean
P03777,bengali,M,Anirban,Sen,given_surname,Anirban Sen,Arnab Sen,1998-03-05,"No. 194, Station Road, Anna Nagar, Delhi, Delhi - 110309",test,clean
P03778,telugu,M,Naresh,Chowdary,given_surname,Naresh Chowdary,Venkatesh Chowdary,1999-07-07,"No. 130, Cross Road, Velachery, Ahmedabad, Gujarat - 380958",test,clean
P03779,north,M,Vikram,Gupta,given_surname,Vikram Gupta,Amit Gupta,2000-01-26,"No. 118, Market Street, Salt Lake, Hyderabad, Telangana - 500726",test,critical
P03780,north,M,Ajay,Chauhan,given_surname,Ajay Chauhan,Amit Chauhan,2002-10-24,"No. 107, Temple Street, Sector 62, Ahmedabad, Gujarat - 380665",train,needs_review
P03781,north,M,Gaurav,Gupta,given_surname,Gaurav Gupta,Rahul Gupta,2004-11-01,"No. 70, Lake View Road, Sector 62, Kolkata, West Bengal - 700413",train,clean
P03782,tamil,F,Sowmya,Arun,given_father,Sowmya Arun,Arun,2000-04-23,"No. 236, Nehru Street, Kakkanad, Delhi, Delhi - 110638",train,needs_review
P03783,tamil,F,Gayathri,Arun,given_father,Gayathri Arun,Arun,1998-11-03,"No. 171, Park Avenue, Anna Nagar, Kochi, Kerala - 682629",train,needs_review
P03784,telugu,F,Sravani,Chowdary,given_surname,Sravani Chowdary,Suresh Chowdary,2002-05-09,"No. 153, 4th Cross, Banjara Hills, Pune, Maharashtra - 411699",train,clean
P03785,marathi_gujarati,F,Hetal,Mehta,given_surname,Hetal Mehta,Parth Mehta,1998-09-02,"No. 96, Temple Street, Andheri, Bengaluru, Karnataka - 560860",train,clean
P03786,muslim,M,Arif,Pathan,given_surname,Arif Pathan,Irfan Pathan,1998-08-04,"No. 182, Station Road, Koramangala, Coimbatore, Tamil Nadu - 641473",train,clean
P03787,muslim,M,Sameer,Pathan,given_surname,Sameer Pathan,Mohammed Pathan,2000-08-08,"No. 166, Main Road, T Nagar, Bengaluru, Karnataka - 560715",train,critical
P03788,bengali,M,Sourav,Mukherjee,given_surname,Sourav Mukherjee,Arnab Mukherjee,2003-07-24,"No. 174, 2nd Main, Indiranagar, Kochi, Kerala - 682234",train,critical
P03789,muslim,M,Arif,Qureshi,given_surname,Arif Qureshi,Farhan Qureshi,2002-01-19,"No. 190, Main Road, Anna Nagar, Kolkata, West Bengal - 700224",train,needs_review
P03790,north,M,Amit,Agarwal,given_surname,Amit Agarwal,Sandeep Agarwal,2000-10-13,"No. 89, Nehru Street, Indiranagar, Mumbai, Maharashtra - 400756",train,clean
P03791,kannada,M,Raghavendra,Rao,given_surname,Raghavendra Rao,Prashanth Rao,2003-05-29,"No. 150, Nehru Street, Jayanagar, Jaipur, Rajasthan - 302755",train,needs_review
P03792,north,M,Amit,Agarwal,given_surname,Amit Agarwal,Gaurav Agarwal,2002-07-08,"No. 137, 2nd Main, Saket, Bengaluru, Karnataka - 560851",train,needs_review
P03793,north,M,Sumit,Gupta,given_surname,Sumit Gupta,Pradeep Gupta,2005-03-04,"No. 181, Church Street, T Nagar, Pune, Maharashtra - 411357",train,clean
P03794,tamil,F,Vaishnavi,Sundar,given_father,Vaishnavi Sundar,Sundar,2002-03-28,"No. 47, Main Road, Malviya Nagar, Bengaluru, Karnataka - 560105",val,clean
P03795,telugu,M,Naresh,Chowdary,given_surname,Naresh Chowdary,Krishna Chowdary,2000-03-24,"No. 41, Lake View Road, Malviya Nagar, Pune, Maharashtra - 411189",val,needs_review
P03796,marathi_gujarati,F,Prachi,Patil,given_surname,Prachi Patil,Nikhil Patil,2003-02-11,"No. 144, 2nd Main, Koramangala, Coimbatore, Tamil Nadu - 641526",val,needs_review
P03797,telugu,F,Sunitha,Raju,given_surname,Sunitha Raju,Srinivas Raju,1999-09-11,"No. 55, Church Street, Banjara Hills, Chennai, Tamil Nadu - 600910",test,clean
P03798,north,F,Sneha,Singh,given_surname,Sneha Singh,Sanjay Singh,2003-06-14,"No. 245, Gandhi Road, Salt Lake, Mumbai, Maharashtra - 400691",test,clean
P03799,north,M,Rahul,Mishra,given_surname,Rahul Mishra,Pradeep Mishra,2004-01-02,"No. 94, Temple Street, Indiranagar, Pune, Maharashtra - 411480",test,critical
P03800,north,M,Ankit,Chauhan,given_surname,Ankit Chauhan,Sanjay Chauhan,2000-06-09,"No. 199, Station Road, Saket, Madurai, Tamil Nadu - 625121",train,clean
P03801,marathi_gujarati,M,Omkar,Kulkarni,given_surname,Omkar Kulkarni,Sagar Kulkarni,1998-08-09,"No. 94, Nehru Street, Anna Nagar, Jaipur, Rajasthan - 302651",train,clean
P03802,kannada,M,Manjunath,Rao,given_surname,Manjunath Rao,Darshan Rao,2003-01-29,"No. 76, Church Street, Salt Lake, Coimbatore, Tamil Nadu - 641590",train,clean
P03803,north,M,Ankit,Singh,given_surname,Ankit Singh,Rohit Singh,1999-10-11,"No. 8, MG Road, Koramangala, Mysuru, Karnataka - 570055",train,critical
P03804,north,M,Sandeep,Pandey,given_surname,Sandeep Pandey,Pradeep Pandey,2003-02-04,"No. 134, 4th Cross, Kothrud, Pune, Maharashtra - 411582",train,critical
P03805,christian,F,Grace,Thomas,given_surname,Grace Thomas,Joel Thomas,2001-03-20,"No. 10, Cross Road, Salt Lake, Pune, Maharashtra - 411163",train,clean
P03806,north,F,Ritu,Gupta,given_surname,Ritu Gupta,Gaurav Gupta,2004-06-18,"No. 26, Temple Street, Saket, Ahmedabad, Gujarat - 380892",train,clean
P03807,kannada,F,Shilpa,Rao,given_surname,Shilpa Rao,Harish Rao,2004-01-06,"No. 27, Market Street, Koramangala, Hyderabad, Telangana - 500468",train,clean
P03808,telugu,F,Lavanya,Chowdary,given_surname,Lavanya Chowdary,Srinivas Chowdary,2000-04-20,"No. 10, Market Street, Indiranagar, Madurai, Tamil Nadu - 625662",train,needs_review
P03809,muslim,M,Sameer,Syed,given_surname,Sameer Syed,Abdul Syed,2004-03-06,"No. 189, 2nd Main, Jayanagar, Mumbai, Maharashtra - 400259",train,critical
P03810,telugu,M,Mahesh,Reddy,given_surname,Mahesh Reddy,Krishna Reddy,2000-10-24,"No. 54, Lake View Road, Indiranagar, Kolkata, West Bengal - 700125",train,critical
P03811,christian,M,Daniel,Joseph,given_surname,Daniel Joseph,David Joseph,1999-03-05,"No. 6, Station Road, Jayanagar, Jaipur, Rajasthan - 302273",train,clean
P03812,bengali,M,Abhijit,Mukherjee,given_surname,Abhijit Mukherjee,Debashis Mukherjee,2000-07-31,"No. 16, Cross Road, Banjara Hills, Kolkata, West Bengal - 700217",train,needs_review
P03813,tamil,F,Revathi,Saravanan,given_father,Revathi Saravanan,Saravanan,2003-02-23,"No. 220, 2nd Main, Koramangala, Jaipur, Rajasthan - 302825",train,clean
P03814,north,F,Sneha,Verma,given_surname,Sneha Verma,Deepak Verma,2005-05-26,"No. 55, Lake View Road, Kakkanad, Mysuru, Karnataka - 570671",val,clean
P03815,telugu,M,Venkatesh,Varma,given_surname,Venkatesh Varma,Kiran Varma,1999-07-16,"No. 153, Gandhi Road, Velachery, Chennai, Tamil Nadu - 600955",val,needs_review
P03816,north,F,Sushma,Tiwari,given_surname,Sushma Tiwari,Gaurav Tiwari,2000-01-29,"No. 70, 2nd Main, Saket, Pune, Maharashtra - 411410",val,clean
P03817,tamil,F,Sangeetha,Prakash,given_father,Sangeetha Prakash,Prakash,2005-03-23,"No. 4, Market Street, Jayanagar, Jaipur, Rajasthan - 302774",test,needs_review
P03818,muslim,M,Imran,Qureshi,given_surname,Imran Qureshi,Salman Qureshi,1999-03-25,"No. 230, Nehru Street, Kakkanad, Madurai, Tamil Nadu - 625057",test,needs_review
P03819,kannada,M,Naveen,Hegde,given_surname,Naveen Hegde,Satish Hegde,2000-04-07,"No. 110, 2nd Main, Indiranagar, Mumbai, Maharashtra - 400065",test,clean
P03820,north,M,Ajay,Yadav,given_surname,Ajay Yadav,Rohit Yadav,2000-08-16,"No. 105, MG Road, Indiranagar, Thiruvananthapuram, Kerala - 695976",train,clean
P03821,kannada,M,Satish,Shetty,given_surname,Satish Shetty,Girish Shetty,1998-03-10,"No. 249, Nehru Street, Indiranagar, Mumbai, Maharashtra - 400025",train,clean
P03822,tamil,F,Kalaiselvi,Saravanan,given_father,Kalaiselvi Saravanan,Saravanan,2001-10-24,"No. 150, MG Road, Salt Lake, Thiruvananthapuram, Kerala - 695147",train,clean
P03823,telugu,F,Swathi,Chowdary,given_surname,Swathi Chowdary,Venkatesh Chowdary,2004-11-22,"No. 206, Market Street, Anna Nagar, Mysuru, Karnataka - 570178",train,clean
P03824,muslim,F,Heena,Sheikh,given_surname,Heena Sheikh,Mohammed Sheikh,1998-05-26,"No. 146, Market Street, Velachery, Chennai, Tamil Nadu - 600162",train,needs_review
P03825,north,F,Priyanka,Mishra,given_surname,Priyanka Mishra,Vikram Mishra,2000-12-13,"No. 229, 4th Cross, Malviya Nagar, Mumbai, Maharashtra - 400040",train,clean
P03826,malayalam,F,Gopika,Varghese,given_surname,Gopika Varghese,Jithin Varghese,2005-07-04,"No. 66, Nehru Street, Anna Nagar, Ahmedabad, Gujarat - 380942",train,clean
P03827,christian,F,Teresa,Fernandes,given_surname,Teresa Fernandes,Daniel Fernandes,2000-06-14,"No. 51, Park Avenue, Kothrud, Noida, Uttar Pradesh - 201007",train,clean
P03828,bengali,F,Ishita,Chatterjee,given_surname,Ishita Chatterjee,Arnab Chatterjee,2005-12-07,"No. 138, Station Road, Sector 62, Delhi, Delhi - 110028",train,needs_review
P03829,christian,M,David,Fernandes,given_surname,David Fernandes,Thomas Fernandes,2003-09-20,"No. 225, MG Road, Banjara Hills, Jaipur, Rajasthan - 302850",train,critical
P03830,marathi_gujarati,M,Tejas,Desai,given_surname,Tejas Desai,Jay Desai,1998-07-22,"No. 120, Nehru Street, Saket, Jaipur, Rajasthan - 302262",train,clean
P03831,muslim,M,Imran,Pathan,given_surname,Imran Pathan,Sameer Pathan,1999-02-06,"No. 195, Nehru Street, Malviya Nagar, Madurai, Tamil Nadu - 625294",train,critical
P03832,telugu,M,Mahesh,Rao,given_surname,Mahesh Rao,Srinivas Rao,2002-07-18,"No. 157, Market Street, Sector 62, Bengaluru, Karnataka - 560444",train,clean
P03833,kannada,F,Nandini,Kulkarni,given_surname,Nandini Kulkarni,Girish Kulkarni,1999-08-07,"No. 178, Nehru Street, Salt Lake, Bengaluru, Karnataka - 560676",train,clean
P03834,north,F,Anjali,Agarwal,given_surname,Anjali Agarwal,Rahul Agarwal,2002-02-06,"No. 211, Cross Road, T Nagar, Delhi, Delhi - 110663",val,clean
P03835,north,M,Ankit,Verma,given_surname,Ankit Verma,Ajay Verma,2003-07-17,"No. 177, Nehru Street, Kakkanad, Kochi, Kerala - 682418",val,clean
P03836,tamil,F,Malathi,Murugan,given_father,Malathi Murugan,Murugan,1998-12-12,"No. 62, Temple Street, Navrangpura, Kolkata, West Bengal - 700066",val,needs_review
P03837,tamil,M,Elango,Prakash,given_father,Elango Prakash,Prakash,2000-01-15,"No. 100, Nehru Street, Velachery, Hyderabad, Telangana - 500251",test,clean
P03838,christian,M,John,Joseph,given_surname,John Joseph,George Joseph,2003-08-13,"No. 133, 2nd Main, Malviya Nagar, Bengaluru, Karnataka - 560346",test,clean
P03839,tamil,M,Sundar,Madhavan,given_father,Sundar Madhavan,Madhavan,2003-10-17,"No. 143, 4th Cross, T Nagar, Thiruvananthapuram, Kerala - 695815",test,clean
P03840,bengali,M,Abhijit,Sen,given_surname,Abhijit Sen,Arnab Sen,1999-02-25,"No. 159, Cross Road, Kothrud, Madurai, Tamil Nadu - 625162",train,clean
P03841,muslim,F,Zainab,Khan,given_surname,Zainab Khan,Mohammed Khan,2005-06-25,"No. 217, Main Road, Kakkanad, Delhi, Delhi - 110488",train,needs_review
P03842,christian,F,Merlin,Mathew,given_surname,Merlin Mathew,Samuel Mathew,2002-12-16,"No. 184, MG Road, Malviya Nagar, Chennai, Tamil Nadu - 600366",train,critical
P03843,marathi_gujarati,M,Nikhil,Patil,given_surname,Nikhil Patil,Omkar Patil,2000-12-10,"No. 145, Church Street, Kakkanad, Coimbatore, Tamil Nadu - 641325",train,needs_review
P03844,tamil,F,Tamilselvi,Kumar,given_father,Tamilselvi Kumar,Kumar,2003-02-25,"No. 63, Main Road, Jayanagar, Kochi, Kerala - 682174",train,critical
P03845,marathi_gujarati,M,Sagar,Patil,given_surname,Sagar Patil,Aniket Patil,2005-04-16,"No. 106, Lake View Road, Banjara Hills, Jaipur, Rajasthan - 302696",train,clean
P03846,muslim,M,Farhan,Pathan,given_surname,Farhan Pathan,Irfan Pathan,2002-11-18,"No. 174, Lake View Road, Andheri, Mysuru, Karnataka - 570362",train,clean
P03847,north,F,Archana,Mishra,given_surname,Archana Mishra,Sumit Mishra,2003-02-18,"No. 89, Temple Street, Malviya Nagar, Chennai, Tamil Nadu - 600823",train,needs_review
P03848,tamil,M,Madhavan,Velu,given_father,Madhavan Velu,Velu,1998-05-04,"No. 6, Market Street, Sector 62, Bengaluru, Karnataka - 560724",train,clean
P03849,malayalam,F,Athira,Pillai,given_surname,Athira Pillai,Akhil Pillai,2003-09-29,"No. 98, Nehru Street, Malviya Nagar, Kolkata, West Bengal - 700526",train,clean
P03850,north,M,Sandeep,Gupta,given_surname,Sandeep Gupta,Gaurav Gupta,2002-05-28,"No. 55, Lake View Road, Banjara Hills, Kochi, Kerala - 682803",train,needs_review
P03851,muslim,F,Heena,Khan,given_surname,Heena Khan,Imran Khan,2002-09-07,"No. 176, Church Street, T Nagar, Kochi, Kerala - 682771",train,critical
P03852,christian,F,Merlin,Fernandes,given_surname,Merlin Fernandes,Joseph Fernandes,1999-10-18,"No. 54, Park Avenue, Anna Nagar, Chennai, Tamil Nadu - 600189",train,clean
P03853,north,M,Ankit,Sharma,given_surname,Ankit Sharma,Vikram Sharma,2003-09-30,"No. 53, Market Street, Kakkanad, Noida, Uttar Pradesh - 201117",train,clean
P03854,north,F,Komal,Gupta,given_surname,Komal Gupta,Deepak Gupta,2001-05-15,"No. 11, Station Road, Malviya Nagar, Jaipur, Rajasthan - 302845",val,needs_review
P03855,north,M,Sandeep,Sharma,given_surname,Sandeep Sharma,Deepak Sharma,2001-10-28,"No. 20, Main Road, Sector 62, Noida, Uttar Pradesh - 201143",val,clean
P03856,kannada,M,Manjunath,Bhat,given_surname,Manjunath Bhat,Satish Bhat,2000-06-15,"No. 48, Nehru Street, Salt Lake, Madurai, Tamil Nadu - 625787",val,clean
P03857,telugu,M,Ravi,Reddy,given_surname,Ravi Reddy,Krishna Reddy,2003-09-30,"No. 18, Lake View Road, Sector 62, Hyderabad, Telangana - 500187",test,clean
P03858,telugu,M,Mahesh,Chowdary,given_surname,Mahesh Chowdary,Chaitanya Chowdary,2003-07-26,"No. 202, 2nd Main, Kothrud, Bengaluru, Karnataka - 560666",test,clean
P03859,tamil,F,Revathi,Vignesh,given_father,Revathi Vignesh,Vignesh,2000-09-21,"No. 187, Temple Street, Kakkanad, Delhi, Delhi - 110155",test,critical
P03860,kannada,F,Spoorthi,Rao,given_surname,Spoorthi Rao,Harish Rao,2000-04-23,"No. 193, Market Street, Navrangpura, Mumbai, Maharashtra - 400693",train,clean
P03861,telugu,M,Chaitanya,Rao,given_surname,Chaitanya Rao,Mahesh Rao,1998-11-11,"No. 96, MG Road, Indiranagar, Chennai, Tamil Nadu - 600839",train,clean
P03862,malayalam,M,Vishnu,Pillai,given_surname,Vishnu Pillai,Nikhil Pillai,2002-12-15,"No. 207, Gandhi Road, Malviya Nagar, Bengaluru, Karnataka - 560009",train,needs_review
P03863,north,F,Sneha,Pandey,given_surname,Sneha Pandey,Gaurav Pandey,2000-08-08,"No. 85, Park Avenue, Andheri, Noida, Uttar Pradesh - 201998",train,needs_review
P03864,bengali,F,Payel,Ghosh,given_surname,Payel Ghosh,Rajib Ghosh,1998-03-08,"No. 217, Gandhi Road, Navrangpura, Madurai, Tamil Nadu - 625380",train,clean
P03865,malayalam,F,Anjali,Panicker,given_surname,Anjali Panicker,Jithin Panicker,2003-02-04,"No. 160, 4th Cross, Navrangpura, Jaipur, Rajasthan - 302247",train,clean
P03866,north,M,Sumit,Tiwari,given_surname,Sumit Tiwari,Ankit Tiwari,2005-10-09,"No. 222, 4th Cross, Saket, Hyderabad, Telangana - 500178",train,clean
P03867,north,M,Sumit,Gupta,given_surname,Sumit Gupta,Sanjay Gupta,1998-12-03,"No. 233, Park Avenue, Navrangpura, Mysuru, Karnataka - 570807",train,clean
P03868,marathi_gujarati,F,Madhuri,Shah,given_surname,Madhuri Shah,Harsh Shah,2003-08-31,"No. 53, 4th Cross, Kakkanad, Kolkata, West Bengal - 700625",train,needs_review
P03869,north,F,Simran,Chauhan,given_surname,Simran Chauhan,Ankit Chauhan,2001-04-07,"No. 36, Market Street, Anna Nagar, Chennai, Tamil Nadu - 600764",train,clean
P03870,north,M,Deepak,Chauhan,given_surname,Deepak Chauhan,Sanjay Chauhan,2000-06-06,"No. 100, MG Road, Jayanagar, Kolkata, West Bengal - 700008",train,needs_review
P03871,north,F,Anjali,Chauhan,given_surname,Anjali Chauhan,Rahul Chauhan,2000-09-25,"No. 27, Market Street, Jayanagar, Chennai, Tamil Nadu - 600909",train,clean
P03872,telugu,M,Krishna,Chowdary,given_surname,Krishna Chowdary,Suresh Chowdary,2003-07-02,"No. 226, Station Road, Saket, Delhi, Delhi - 110518",train,clean
P03873,tamil,M,Saravanan,Madhavan,given_father,Saravanan Madhavan,Madhavan,2002-03-20,"No. 48, 2nd Main, Velachery, Hyderabad, Telangana - 500818",train,critical
P03874,north,F,Neha,Sharma,given_surname,Neha Sharma,Gaurav Sharma,2003-03-31,"No. 243, Lake View Road, Salt Lake, Kolkata, West Bengal - 700755",val,critical
P03875,north,F,Pooja,Agarwal,given_surname,Pooja Agarwal,Gaurav Agarwal,2004-06-17,"No. 78, Park Avenue, Saket, Kolkata, West Bengal - 700701",val,clean
P03876,tamil,M,Vignesh,Balaji,given_father,Vignesh Balaji,Balaji,2000-04-26,"No. 204, Church Street, Kakkanad, Thiruvananthapuram, Kerala - 695536",val,needs_review
P03877,north,F,Sneha,Singh,given_surname,Sneha Singh,Deepak Singh,2003-01-07,"No. 113, Lake View Road, T Nagar, Ahmedabad, Gujarat - 380307",test,clean
P03878,tamil,M,Arun,Murugan,given_father,Arun Murugan,Murugan,2000-10-31,"No. 196, Lake View Road, Sector 62, Thiruvananthapuram, Kerala - 695940",test,clean
P03879,tamil,F,Abirami,Manikandan,given_father,Abirami Manikandan,Manikandan,2000-03-12,"No. 196, MG Road, Navrangpura, Thiruvananthapuram, Kerala - 695665",test,needs_review
P03880,tamil,M,Velu,Kannan,given_father,Velu Kannan,Kannan,2001-08-23,"No. 125, Gandhi Road, Saket, Coimbatore, Tamil Nadu - 641895",train,needs_review
P03881,tamil,M,Ramesh,Selvam,given_father,Ramesh Selvam,Selvam,2000-09-01,"No. 178, Station Road, Saket, Mumbai, Maharashtra - 400081",train,needs_review
P03882,north,M,Ajay,Sharma,given_surname,Ajay Sharma,Deepak Sharma,1998-04-01,"No. 151, Gandhi Road, Kothrud, Jaipur, Rajasthan - 302696",train,clean
P03883,north,M,Sumit,Mishra,given_surname,Sumit Mishra,Ankit Mishra,2000-07-25,"No. 112, Temple Street, Kothrud, Mumbai, Maharashtra - 400065",train,clean
P03884,malayalam,M,Sanju,Varghese,given_surname,Sanju Varghese,Hari Varghese,2001-09-30,"No. 167, Lake View Road, Kakkanad, Noida, Uttar Pradesh - 201162",train,clean
P03885,kannada,M,Girish,Bhat,given_surname,Girish Bhat,Darshan Bhat,2005-11-24,"No. 75, Main Road, Anna Nagar, Chennai, Tamil Nadu - 600419",train,critical
P03886,north,F,Pooja,Sharma,given_surname,Pooja Sharma,Rohit Sharma,2004-06-29,"No. 202, Temple Street, Sector 62, Kolkata, West Bengal - 700633",train,clean
P03887,north,F,Simran,Yadav,given_surname,Simran Yadav,Ajay Yadav,2003-02-16,"No. 245, Station Road, Koramangala, Bengaluru, Karnataka - 560031",train,critical
P03888,kannada,M,Puneeth,Rao,given_surname,Puneeth Rao,Manjunath Rao,2000-11-13,"No. 203, MG Road, T Nagar, Madurai, Tamil Nadu - 625371",train,clean
P03889,tamil,F,Malathi,Babu,given_father,Malathi Babu,Babu,2002-05-10,"No. 68, Park Avenue, Indiranagar, Mysuru, Karnataka - 570500",train,clean
P03890,north,M,Deepak,Agarwal,given_surname,Deepak Agarwal,Sumit Agarwal,2005-08-04,"No. 102, 2nd Main, Sector 62, Pune, Maharashtra - 411982",train,critical
P03891,tamil,M,Ramesh,Kumar,given_father,Ramesh Kumar,Kumar,2001-01-20,"No. 247, 2nd Main, Kothrud, Ahmedabad, Gujarat - 380760",train,clean
P03892,tamil,M,Senthil,Vignesh,given_father,Senthil Vignesh,Vignesh,2005-06-29,"No. 23, Station Road, Andheri, Jaipur, Rajasthan - 302211",train,clean
P03893,north,M,Rohit,Agarwal,given_surname,Rohit Agarwal,Deepak Agarwal,1998-10-12,"No. 95, Nehru Street, Velachery, Kolkata, West Bengal - 700034",train,clean
P03894,malayalam,F,Lekshmi,Kurup,given_surname,Lekshmi Kurup,Arjun Kurup,1999-03-18,"No. 224, Park Avenue, T Nagar, Pune, Maharashtra - 411589",val,clean
P03895,marathi_gujarati,M,Omkar,Patil,given_surname,Omkar Patil,Jay Patil,1998-03-01,"No. 156, Market Street, Velachery, Madurai, Tamil Nadu - 625354",val,clean
P03896,christian,M,Joel,Mathew,given_surname,Joel Mathew,Joseph Mathew,1999-05-10,"No. 88, Lake View Road, Sector 62, Kolkata, West Bengal - 700183",val,clean
P03897,kannada,F,Sahana,Gowda,given_surname,Sahana Gowda,Girish Gowda,2004-01-04,"No. 7, Park Avenue, Banjara Hills, Jaipur, Rajasthan - 302986",test,clean
P03898,north,F,Shreya,Yadav,given_surname,Shreya Yadav,Rahul Yadav,2003-02-22,"No. 191, 2nd Main, Kakkanad, Coimbatore, Tamil Nadu - 641871",test,clean
P03899,muslim,M,Abdul,Qureshi,given_surname,Abdul Qureshi,Imran Qureshi,1999-06-14,"No. 129, Lake View Road, Saket, Mysuru, Karnataka - 570718",test,needs_review
P03900,north,M,Rohit,Agarwal,given_surname,Rohit Agarwal,Ajay Agarwal,1998-01-06,"No. 220, Gandhi Road, Anna Nagar, Kolkata, West Bengal - 700751",train,clean
P03901,kannada,M,Darshan,Rao,given_surname,Darshan Rao,Girish Rao,1999-01-26,"No. 170, MG Road, Andheri, Noida, Uttar Pradesh - 201819",train,needs_review
P03902,malayalam,M,Sreejith,Nair,given_surname,Sreejith Nair,Akhil Nair,2002-08-06,"No. 77, Church Street, Koramangala, Jaipur, Rajasthan - 302440",train,clean
P03903,tamil,M,Sundar,Arun,given_father,Sundar Arun,Arun,2003-09-14,"No. 191, Temple Street, Malviya Nagar, Mysuru, Karnataka - 570426",train,clean
P03904,tamil,F,Tamilselvi,Kannan,given_father,Tamilselvi Kannan,Kannan,2001-02-23,"No. 232, Temple Street, Jayanagar, Pune, Maharashtra - 411942",train,clean
P03905,muslim,F,Fathima,Qureshi,given_surname,Fathima Qureshi,Irfan Qureshi,2004-02-27,"No. 13, Market Street, Malviya Nagar, Bengaluru, Karnataka - 560586",train,needs_review
P03906,christian,M,David,Thomas,given_surname,David Thomas,Joel Thomas,1999-12-02,"No. 240, MG Road, Kakkanad, Thiruvananthapuram, Kerala - 695025",train,clean
P03907,tamil,F,Saranya,Karthik,given_father,Saranya Karthik,Karthik,2002-06-15,"No. 44, Lake View Road, Andheri, Madurai, Tamil Nadu - 625495",train,critical
P03908,kannada,F,Bhoomika,Kulkarni,given_surname,Bhoomika Kulkarni,Darshan Kulkarni,2000-09-27,"No. 202, 2nd Main, Koramangala, Coimbatore, Tamil Nadu - 641025",train,clean
P03909,tamil,F,Nithya,Arun,given_father,Nithya Arun,Arun,2002-08-20,"No. 75, 4th Cross, Anna Nagar, Ahmedabad, Gujarat - 380296",train,critical
P03910,marathi_gujarati,M,Tejas,Patel,given_surname,Tejas Patel,Nikhil Patel,1999-09-20,"No. 48, Lake View Road, Banjara Hills, Mysuru, Karnataka - 570712",train,needs_review
P03911,muslim,F,Ayesha,Sheikh,given_surname,Ayesha Sheikh,Salman Sheikh,2000-04-08,"No. 104, Cross Road, Saket, Chennai, Tamil Nadu - 600670",train,needs_review
P03912,north,M,Gaurav,Agarwal,given_surname,Gaurav Agarwal,Ajay Agarwal,1999-08-17,"No. 151, Gandhi Road, Sector 62, Noida, Uttar Pradesh - 201788",train,clean
P03913,tamil,F,Kavya,Arun,given_father,Kavya Arun,Arun,2002-06-01,"No. 205, 2nd Main, Koramangala, Kochi, Kerala - 682078",train,critical
P03914,north,F,Riya,Verma,given_surname,Riya Verma,Rohit Verma,2000-05-28,"No. 44, Main Road, Kakkanad, Delhi, Delhi - 110945",val,clean
P03915,muslim,M,Abdul,Ansari,given_surname,Abdul Ansari,Farhan Ansari,1998-05-22,"No. 27, MG Road, Salt Lake, Thiruvananthapuram, Kerala - 695912",val,critical
P03916,telugu,M,Kiran,Naidu,given_surname,Kiran Naidu,Prasad Naidu,2002-04-24,"No. 14, 4th Cross, Koramangala, Thiruvananthapuram, Kerala - 695496",val,clean
P03917,telugu,F,Sunitha,Reddy,given_surname,Sunitha Reddy,Chaitanya Reddy,2000-10-01,"No. 26, 4th Cross, Kakkanad, Ahmedabad, Gujarat - 380651",test,clean
P03918,malayalam,M,Akhil,Varghese,given_surname,Akhil Varghese,Vishnu Varghese,2004-04-23,"No. 9, Park Avenue, Indiranagar, Kolkata, West Bengal - 700139",test,critical
P03919,tamil,M,Saravanan,Arun,given_father,Saravanan Arun,Arun,2003-05-03,"No. 172, Temple Street, Koramangala, Coimbatore, Tamil Nadu - 641582",test,clean
P03920,muslim,F,Nazia,Syed,given_surname,Nazia Syed,Imran Syed,2002-07-02,"No. 114, Gandhi Road, Salt Lake, Hyderabad, Telangana - 500951",train,critical
P03921,tamil,F,Kalaiselvi,Sundar,given_father,Kalaiselvi Sundar,Sundar,2003-11-05,"No. 39, Market Street, Navrangpura, Coimbatore, Tamil Nadu - 641670",train,clean
P03922,kannada,M,Satish,Bhat,given_surname,Satish Bhat,Prashanth Bhat,2001-10-07,"No. 76, Main Road, Andheri, Jaipur, Rajasthan - 302873",train,needs_review
P03923,muslim,F,Rukhsar,Ansari,given_surname,Rukhsar Ansari,Salman Ansari,2000-03-02,"No. 185, Nehru Street, Anna Nagar, Kolkata, West Bengal - 700964",train,clean
P03924,marathi_gujarati,M,Aniket,Joshi,given_surname,Aniket Joshi,Jay Joshi,1999-01-27,"No. 18, Lake View Road, Banjara Hills, Ahmedabad, Gujarat - 380207",train,needs_review
P03925,kannada,F,Shilpa,Shetty,given_surname,Shilpa Shetty,Raghavendra Shetty,1999-01-23,"No. 34, 4th Cross, Kakkanad, Pune, Maharashtra - 411455",train,clean
P03926,kannada,F,Nandini,Gowda,given_surname,Nandini Gowda,Darshan Gowda,1998-08-16,"No. 200, Lake View Road, T Nagar, Madurai, Tamil Nadu - 625061",train,clean
P03927,telugu,F,Sunitha,Reddy,given_surname,Sunitha Reddy,Krishna Reddy,1999-11-06,"No. 26, Main Road, Andheri, Pune, Maharashtra - 411200",train,needs_review
P03928,tamil,F,Meena,Ramesh,given_father,Meena Ramesh,Ramesh,2001-03-09,"No. 76, Church Street, Anna Nagar, Mumbai, Maharashtra - 400392",train,clean
P03929,tamil,M,Senthil,Babu,given_father,Senthil Babu,Babu,2004-12-12,"No. 25, Cross Road, T Nagar, Chennai, Tamil Nadu - 600197",train,needs_review
P03930,marathi_gujarati,M,Sagar,Patel,given_surname,Sagar Patel,Nikhil Patel,2003-12-21,"No. 172, Park Avenue, Navrangpura, Thiruvananthapuram, Kerala - 695081",train,needs_review
P03931,marathi_gujarati,F,Rutuja,Deshpande,given_surname,Rutuja Deshpande,Harsh Deshpande,1998-07-28,"No. 92, Market Street, Koramangala, Delhi, Delhi - 110187",train,critical
P03932,tamil,M,Saravanan,Selvam,given_father,Saravanan Selvam,Selvam,2002-04-15,"No. 123, Gandhi Road, Anna Nagar, Noida, Uttar Pradesh - 201475",train,critical
P03933,kannada,F,Nandini,Shetty,given_surname,Nandini Shetty,Shashank Shetty,1999-03-02,"No. 134, Market Street, Andheri, Hyderabad, Telangana - 500212",train,clean
P03934,north,F,Sushma,Chauhan,given_surname,Sushma Chauhan,Ajay Chauhan,2001-06-25,"No. 152, Market Street, Kothrud, Kochi, Kerala - 682641",val,clean
P03935,kannada,F,Spoorthi,Kulkarni,given_surname,Spoorthi Kulkarni,Prashanth Kulkarni,1998-06-12,"No. 5, 4th Cross, Andheri, Ahmedabad, Gujarat - 380543",val,needs_review
P03936,kannada,M,Puneeth,Hegde,given_surname,Puneeth Hegde,Manjunath Hegde,2001-06-12,"No. 103, 2nd Main, Sector 62, Pune, Maharashtra - 411148",val,clean
P03937,tamil,F,Kalaiselvi,Kumar,given_father,Kalaiselvi Kumar,Kumar,2002-03-26,"No. 168, Church Street, Banjara Hills, Madurai, Tamil Nadu - 625235",test,critical
P03938,tamil,M,Ramesh,Vignesh,given_father,Ramesh Vignesh,Vignesh,2005-07-16,"No. 53, Temple Street, Koramangala, Bengaluru, Karnataka - 560098",test,clean
P03939,kannada,F,Spoorthi,Kulkarni,given_surname,Spoorthi Kulkarni,Prashanth Kulkarni,2002-11-28,"No. 177, Gandhi Road, Kothrud, Pune, Maharashtra - 411097",test,clean
P03940,north,M,Ajay,Verma,given_surname,Ajay Verma,Sumit Verma,1998-12-01,"No. 22, Park Avenue, Malviya Nagar, Madurai, Tamil Nadu - 625207",train,critical
P03941,tamil,F,Sangeetha,Kannan,given_father,Sangeetha Kannan,Kannan,1999-11-18,"No. 239, Gandhi Road, Kothrud, Noida, Uttar Pradesh - 201255",train,needs_review
P03942,tamil,F,Sowmya,Siva,given_father,Sowmya Siva,Siva,2005-07-12,"No. 100, Cross Road, Jayanagar, Thiruvananthapuram, Kerala - 695342",train,clean
P03943,tamil,F,Yamini,Ramesh,given_father,Yamini Ramesh,Ramesh,2000-07-29,"No. 20, Temple Street, Koramangala, Kochi, Kerala - 682708",train,needs_review
P03944,tamil,M,Madhavan,Karthik,given_father,Madhavan Karthik,Karthik,2005-02-16,"No. 216, Gandhi Road, Kakkanad, Mumbai, Maharashtra - 400264",train,clean
P03945,north,M,Rahul,Verma,given_surname,Rahul Verma,Sumit Verma,2003-09-20,"No. 204, MG Road, Andheri, Coimbatore, Tamil Nadu - 641114",train,needs_review
P03946,tamil,M,Ramesh,Manikandan,given_father,Ramesh Manikandan,Manikandan,2000-04-05,"No. 191, Market Street, Kothrud, Coimbatore, Tamil Nadu - 641987",train,clean
P03947,north,F,Sneha,Gupta,given_surname,Sneha Gupta,Amit Gupta,2005-02-08,"No. 77, Cross Road, Indiranagar, Delhi, Delhi - 110528",train,clean
P03948,telugu,F,Sunitha,Raju,given_surname,Sunitha Raju,Ravi Raju,2002-08-29,"No. 86, Market Street, Velachery, Kolkata, West Bengal - 700579",train,clean
P03949,christian,F,Teresa,Mathew,given_surname,Teresa Mathew,Samuel Mathew,2004-11-09,"No. 137, Market Street, Andheri, Jaipur, Rajasthan - 302400",train,clean
P03950,telugu,F,Jyothi,Chowdary,given_surname,Jyothi Chowdary,Krishna Chowdary,2002-06-03,"No. 227, Nehru Street, Banjara Hills, Kochi, Kerala - 682931",train,clean
P03951,christian,M,Daniel,Fernandes,given_surname,Daniel Fernandes,Thomas Fernandes,2003-03-05,"No. 214, Cross Road, Andheri, Coimbatore, Tamil Nadu - 641984",train,clean
P03952,tamil,M,Kannan,Raju,given_father,Kannan Raju,Raju,2000-02-07,"No. 10, MG Road, T Nagar, Noida, Uttar Pradesh - 201417",train,critical
P03953,north,F,Pooja,Mishra,given_surname,Pooja Mishra,Sumit Mishra,1999-05-23,"No. 169, 2nd Main, Sector 62, Ahmedabad, Gujarat - 380925",train,clean
P03954,tamil,F,Sowmya,Balaji,given_father,Sowmya Balaji,Balaji,2002-06-13,"No. 148, 2nd Main, Salt Lake, Ahmedabad, Gujarat - 380316",val,clean
P03955,marathi_gujarati,M,Parth,Kulkarni,given_surname,Parth Kulkarni,Omkar Kulkarni,2005-05-30,"No. 113, MG Road, Malviya Nagar, Mumbai, Maharashtra - 400140",val,needs_review
P03956,telugu,M,Chaitanya,Reddy,given_surname,Chaitanya Reddy,Kiran Reddy,2005-02-27,"No. 196, Station Road, Sector 62, Kochi, Kerala - 682898",val,critical
P03957,muslim,F,Ayesha,Syed,given_surname,Ayesha Syed,Imran Syed,2005-10-18,"No. 117, Market Street, Navrangpura, Pune, Maharashtra - 411579",test,needs_review
P03958,tamil,F,Priya,Ramesh,given_father,Priya Ramesh,Ramesh,1998-09-03,"No. 54, 4th Cross, Andheri, Mumbai, Maharashtra - 400605",test,clean
P03959,bengali,F,Ishita,Bose,given_surname,Ishita Bose,Rajib Bose,2002-01-27,"No. 100, Gandhi Road, Velachery, Mysuru, Karnataka - 570656",test,critical
P03960,telugu,F,Haritha,Rao,given_surname,Haritha Rao,Naresh Rao,1998-11-04,"No. 189, Main Road, Sector 62, Chennai, Tamil Nadu - 600216",train,clean
P03961,marathi_gujarati,M,Omkar,Patel,given_surname,Omkar Patel,Tejas Patel,2004-01-01,"No. 84, Market Street, Anna Nagar, Mysuru, Karnataka - 570357",train,needs_review
P03962,north,M,Rahul,Chauhan,given_surname,Rahul Chauhan,Rohit Chauhan,1999-10-03,"No. 137, 4th Cross, Anna Nagar, Madurai, Tamil Nadu - 625932",train,clean
P03963,telugu,M,Mahesh,Naidu,given_surname,Mahesh Naidu,Venkatesh Naidu,2003-02-28,"No. 199, Gandhi Road, T Nagar, Kolkata, West Bengal - 700201",train,clean
P03964,muslim,M,Sameer,Sheikh,given_surname,Sameer Sheikh,Salman Sheikh,2001-09-21,"No. 168, Lake View Road, Kothrud, Hyderabad, Telangana - 500876",train,clean
P03965,malayalam,M,Rahul,Pillai,given_surname,Rahul Pillai,Akhil Pillai,2005-06-27,"No. 43, Park Avenue, Navrangpura, Thiruvananthapuram, Kerala - 695151",train,needs_review
P03966,kannada,M,Raghavendra,Gowda,given_surname,Raghavendra Gowda,Manjunath Gowda,2003-08-13,"No. 137, Market Street, Salt Lake, Pune, Maharashtra - 411678",train,needs_review
P03967,kannada,M,Naveen,Shetty,given_surname,Naveen Shetty,Shashank Shetty,2001-01-24,"No. 50, Market Street, Koramangala, Ahmedabad, Gujarat - 380054",train,clean
P03968,north,F,Komal,Verma,given_surname,Komal Verma,Gaurav Verma,1998-05-22,"No. 165, Cross Road, Kothrud, Madurai, Tamil Nadu - 625121",train,clean
P03969,muslim,F,Nazia,Ansari,given_surname,Nazia Ansari,Farhan Ansari,2005-03-11,"No. 76, MG Road, Kothrud, Kolkata, West Bengal - 700856",train,critical
P03970,christian,M,David,Fernandes,given_surname,David Fernandes,Joel Fernandes,2005-03-21,"No. 150, Main Road, Indiranagar, Hyderabad, Telangana - 500993",train,clean
P03971,tamil,F,Sangeetha,Arun,given_father,Sangeetha Arun,Arun,2002-02-11,"No. 2, Main Road, Sector 62, Hyderabad, Telangana - 500934",train,critical
P03972,kannada,F,Asha,Kulkarni,given_surname,Asha Kulkarni,Manjunath Kulkarni,1998-11-18,"No. 243, Gandhi Road, Kakkanad, Noida, Uttar Pradesh - 201881",train,needs_review
P03973,telugu,F,Lavanya,Varma,given_surname,Lavanya Varma,Ravi Varma,2004-05-15,"No. 156, Gandhi Road, Salt Lake, Hyderabad, Telangana - 500498",train,clean
P03974,north,F,Neha,Gupta,given_surname,Neha Gupta,Vikram Gupta,2001-09-03,"No. 209, Gandhi Road, Koramangala, Kochi, Kerala - 682834",val,clean
P03975,tamil,M,Murugan,Vignesh,given_father,Murugan Vignesh,Vignesh,2002-06-28,"No. 211, Station Road, Velachery, Mysuru, Karnataka - 570723",val,critical
P03976,kannada,M,Prashanth,Shetty,given_surname,Prashanth Shetty,Girish Shetty,2005-01-20,"No. 106, 2nd Main, Banjara Hills, Bengaluru, Karnataka - 560009",val,needs_review
P03977,north,F,Simran,Chauhan,given_surname,Simran Chauhan,Amit Chauhan,2003-04-03,"No. 160, Park Avenue, Sector 62, Noida, Uttar Pradesh - 201120",test,needs_review
P03978,north,F,Pooja,Agarwal,given_surname,Pooja Agarwal,Rohit Agarwal,1999-11-20,"No. 67, Station Road, Indiranagar, Delhi, Delhi - 110172",test,clean
P03979,north,M,Deepak,Gupta,given_surname,Deepak Gupta,Vikram Gupta,2003-08-09,"No. 110, MG Road, Kakkanad, Hyderabad, Telangana - 500312",test,clean
P03980,north,M,Sandeep,Mishra,given_surname,Sandeep Mishra,Sanjay Mishra,1999-01-29,"No. 147, Temple Street, Koramangala, Hyderabad, Telangana - 500818",train,clean
P03981,malayalam,F,Lekshmi,Kurup,given_surname,Lekshmi Kurup,Sreejith Kurup,2000-07-07,"No. 51, Church Street, Andheri, Kochi, Kerala - 682640",train,needs_review
P03982,tamil,M,Selvam,Elango,given_father,Selvam Elango,Elango,2000-05-25,"No. 37, Nehru Street, Salt Lake, Kochi, Kerala - 682510",train,critical
P03983,marathi_gujarati,F,Snehal,Deshpande,given_surname,Snehal Deshpande,Nikhil Deshpande,1999-12-07,"No. 250, Park Avenue, Kothrud, Hyderabad, Telangana - 500577",train,critical
P03984,tamil,M,Vignesh,Ramesh,given_father,Vignesh Ramesh,Ramesh,2002-02-09,"No. 62, Cross Road, Kakkanad, Ahmedabad, Gujarat - 380277",train,clean
P03985,north,F,Neha,Verma,given_surname,Neha Verma,Amit Verma,1998-10-25,"No. 49, Lake View Road, Kakkanad, Ahmedabad, Gujarat - 380441",train,clean
P03986,bengali,F,Riya,Bose,given_surname,Riya Bose,Abhijit Bose,2000-09-27,"No. 195, Main Road, Andheri, Bengaluru, Karnataka - 560040",train,needs_review
P03987,tamil,M,Elango,Senthil,given_father,Elango Senthil,Senthil,2003-04-04,"No. 19, Lake View Road, Koramangala, Kolkata, West Bengal - 700720",train,needs_review
P03988,malayalam,M,Sreejith,Varghese,given_surname,Sreejith Varghese,Arjun Varghese,2002-12-03,"No. 72, Cross Road, Kakkanad, Mysuru, Karnataka - 570133",train,clean
P03989,bengali,F,Debjani,Banerjee,given_surname,Debjani Banerjee,Debashis Banerjee,2003-07-21,"No. 185, Station Road, Malviya Nagar, Kochi, Kerala - 682995",train,clean
P03990,tamil,M,Velu,Senthil,given_father,Velu Senthil,Senthil,2004-02-02,"No. 129, Market Street, Kakkanad, Chennai, Tamil Nadu - 600423",train,clean
P03991,tamil,M,Saravanan,Arun,given_father,Saravanan Arun,Arun,2005-12-26,"No. 71, Park Avenue, Koramangala, Coimbatore, Tamil Nadu - 641829",train,needs_review
P03992,malayalam,M,Anand,Pillai,given_surname,Anand Pillai,Sreejith Pillai,1998-02-25,"No. 43, 2nd Main, T Nagar, Ahmedabad, Gujarat - 380621",train,critical
P03993,tamil,M,Arun,Siva,given_father,Arun Siva,Siva,1998-12-02,"No. 153, Temple Street, Navrangpura, Kolkata, West Bengal - 700614",train,needs_review
P03994,tamil,F,Priya,Arun,given_father,Priya Arun,Arun,2003-03-25,"No. 207, Gandhi Road, Kakkanad, Delhi, Delhi - 110640",val,clean
P03995,kannada,F,Rashmi,Shetty,given_surname,Rashmi Shetty,Shashank Shetty,2005-08-07,"No. 217, Nehru Street, Sector 62, Pune, Maharashtra - 411922",val,needs_review
P03996,telugu,M,Venkatesh,Varma,given_surname,Venkatesh Varma,Kiran Varma,2000-02-13,"No. 104, Station Road, Sector 62, Noida, Uttar Pradesh - 201098",val,needs_review
P03997,muslim,M,Mohammed,Syed,given_surname,Mohammed Syed,Abdul Syed,2005-05-06,"No. 126, MG Road, Sector 62, Thiruvananthapuram, Kerala - 695236",test,clean
P03998,telugu,M,Mahesh,Rao,given_surname,Mahesh Rao,Venkatesh Rao,2005-05-06,"No. 10, 2nd Main, Kakkanad, Madurai, Tamil Nadu - 625551",test,needs_review
P03999,north,M,Rahul,Gupta,given_surname,Rahul Gupta,Pradeep Gupta,1999-02-21,"No. 180, Nehru Street, T Nagar, Hyderabad, Telangana - 500661",test,critical
P04000,tamil,M,Selvam,Velu,given_father,Selvam Velu,Velu,1999-11-14,"No. 160, Cross Road, Kakkanad, Coimbatore, Tamil Nadu - 641076",train,clean
P04001,kannada,M,Satish,Gowda,given_surname,Satish Gowda,Puneeth Gowda,2001-07-04,"No. 51, Lake View Road, Banjara Hills, Delhi, Delhi - 110404",train,clean
P04002,tamil,F,Priya,Selvam,given_father,Priya Selvam,Selvam,2004-07-08,"No. 48, Station Road, Koramangala, Ahmedabad, Gujarat - 380542",train,clean
P04003,malayalam,F,Lekshmi,Pillai,given_surname,Lekshmi Pillai,Arjun Pillai,1998-11-21,"No. 37, Park Avenue, Sector 62, Ahmedabad, Gujarat - 380173",train,critical
P04004,malayalam,F,Neethu,Pillai,given_surname,Neethu Pillai,Jithin Pillai,2003-12-20,"No. 101, Church Street, Indiranagar, Coimbatore, Tamil Nadu - 641937",train,clean
P04005,marathi_gujarati,F,Sayali,Deshpande,given_surname,Sayali Deshpande,Parth Deshpande,1998-12-28,"No. 55, Market Street, Jayanagar, Mysuru, Karnataka - 570314",train,clean
P04006,telugu,M,Kiran,Chowdary,given_surname,Kiran Chowdary,Srinivas Chowdary,2000-06-08,"No. 199, Station Road, Kakkanad, Ahmedabad, Gujarat - 380875",train,clean
P04007,north,F,Shreya,Agarwal,given_surname,Shreya Agarwal,Amit Agarwal,2005-05-30,"No. 58, Park Avenue, T Nagar, Madurai, Tamil Nadu - 625439",train,clean
P04008,tamil,M,Vignesh,Balaji,given_father,Vignesh Balaji,Balaji,2000-07-15,"No. 88, Temple Street, Anna Nagar, Noida, Uttar Pradesh - 201592",train,clean
P04009,telugu,M,Venkatesh,Naidu,given_surname,Venkatesh Naidu,Prasad Naidu,1999-02-18,"No. 137, Main Road, Malviya Nagar, Thiruvananthapuram, Kerala - 695355",train,clean
P04010,kannada,F,Pallavi,Kulkarni,given_surname,Pallavi Kulkarni,Manjunath Kulkarni,2002-06-14,"No. 166, Cross Road, Koramangala, Hyderabad, Telangana - 500053",train,clean
P04011,muslim,F,Rukhsar,Qureshi,given_surname,Rukhsar Qureshi,Arif Qureshi,2004-03-15,"No. 151, Station Road, Malviya Nagar, Thiruvananthapuram, Kerala - 695981",train,needs_review
P04012,muslim,F,Rukhsar,Syed,given_surname,Rukhsar Syed,Imran Syed,2004-02-01,"No. 154, Gandhi Road, T Nagar, Mumbai, Maharashtra - 400121",train,needs_review
P04013,christian,M,Joel,Pereira,given_surname,Joel Pereira,John Pereira,2005-07-09,"No. 202, Nehru Street, T Nagar, Thiruvananthapuram, Kerala - 695985",train,needs_review
P04014,north,M,Amit,Agarwal,given_surname,Amit Agarwal,Pradeep Agarwal,2005-02-13,"No. 139, MG Road, Kakkanad, Delhi, Delhi - 110512",val,needs_review
P04015,north,F,Anjali,Agarwal,given_surname,Anjali Agarwal,Sanjay Agarwal,1998-04-05,"No. 106, Nehru Street, Banjara Hills, Noida, Uttar Pradesh - 201761",val,needs_review
P04016,north,F,Shreya,Tiwari,given_surname,Shreya Tiwari,Sandeep Tiwari,2002-01-23,"No. 141, Station Road, Kothrud, Thiruvananthapuram, Kerala - 695786",val,clean
P04017,tamil,F,Sowmya,Siva,given_father,Sowmya Siva,Siva,2005-08-30,"No. 150, 2nd Main, Koramangala, Kochi, Kerala - 682383",test,needs_review
P04018,north,M,Ajay,Gupta,given_surname,Ajay Gupta,Vikram Gupta,2000-05-20,"No. 106, Market Street, Jayanagar, Jaipur, Rajasthan - 302126",test,clean
P04019,north,M,Ajay,Sharma,given_surname,Ajay Sharma,Vikram Sharma,2001-12-04,"No. 213, Lake View Road, Banjara Hills, Coimbatore, Tamil Nadu - 641627",test,critical
P04020,tamil,M,Prakash,Madhavan,given_father,Prakash Madhavan,Madhavan,2002-01-12,"No. 177, Church Street, Anna Nagar, Hyderabad, Telangana - 500042",train,clean
P04021,north,F,Komal,Sharma,given_surname,Komal Sharma,Rohit Sharma,2001-03-08,"No. 211, 4th Cross, Salt Lake, Delhi, Delhi - 110552",train,clean
P04022,malayalam,F,Neethu,Varghese,given_surname,Neethu Varghese,Rahul Varghese,2004-01-23,"No. 39, Cross Road, Velachery, Bengaluru, Karnataka - 560813",train,needs_review
P04023,north,M,Pradeep,Singh,given_surname,Pradeep Singh,Ankit Singh,2001-10-23,"No. 98, MG Road, Indiranagar, Thiruvananthapuram, Kerala - 695023",train,needs_review
P04024,muslim,F,Rukhsar,Syed,given_surname,Rukhsar Syed,Arif Syed,2000-12-24,"No. 80, 2nd Main, Malviya Nagar, Pune, Maharashtra - 411537",train,clean
P04025,north,F,Shreya,Pandey,given_surname,Shreya Pandey,Pradeep Pandey,2004-03-03,"No. 139, MG Road, Saket, Bengaluru, Karnataka - 560014",train,clean
P04026,muslim,F,Nazia,Sheikh,given_surname,Nazia Sheikh,Irfan Sheikh,2005-09-29,"No. 115, 4th Cross, Anna Nagar, Mysuru, Karnataka - 570215",train,clean
P04027,marathi_gujarati,F,Snehal,Kulkarni,given_surname,Snehal Kulkarni,Nikhil Kulkarni,2004-12-22,"No. 215, Nehru Street, Andheri, Coimbatore, Tamil Nadu - 641952",train,needs_review
P04028,telugu,F,Sravani,Varma,given_surname,Sravani Varma,Krishna Varma,2005-05-27,"No. 45, MG Road, T Nagar, Mysuru, Karnataka - 570897",train,clean
P04029,bengali,M,Rajib,Roy,given_surname,Rajib Roy,Subhajit Roy,2002-09-15,"No. 180, Temple Street, Kakkanad, Mumbai, Maharashtra - 400058",train,clean
P04030,kannada,F,Spoorthi,Hegde,given_surname,Spoorthi Hegde,Manjunath Hegde,2005-07-01,"No. 138, Gandhi Road, Velachery, Mysuru, Karnataka - 570459",train,clean
P04031,christian,M,Joel,Mathew,given_surname,Joel Mathew,Thomas Mathew,2000-02-14,"No. 182, Park Avenue, Sector 62, Mysuru, Karnataka - 570548",train,critical
P04032,kannada,M,Prashanth,Hegde,given_surname,Prashanth Hegde,Girish Hegde,2003-12-06,"No. 238, Gandhi Road, Navrangpura, Chennai, Tamil Nadu - 600565",train,clean
P04033,north,M,Pradeep,Pandey,given_surname,Pradeep Pandey,Ajay Pandey,2001-08-15,"No. 84, 2nd Main, Jayanagar, Noida, Uttar Pradesh - 201173",train,clean
P04034,telugu,F,Bhavani,Raju,given_surname,Bhavani Raju,Suresh Raju,1998-05-11,"No. 22, Gandhi Road, Saket, Bengaluru, Karnataka - 560734",val,clean
P04035,kannada,M,Shashank,Hegde,given_surname,Shashank Hegde,Puneeth Hegde,2001-09-10,"No. 80, Temple Street, Koramangala, Chennai, Tamil Nadu - 600540",val,needs_review
P04036,north,M,Deepak,Pandey,given_surname,Deepak Pandey,Amit Pandey,2002-12-14,"No. 235, 4th Cross, Kakkanad, Coimbatore, Tamil Nadu - 641704",val,clean
P04037,north,F,Neha,Tiwari,given_surname,Neha Tiwari,Vikram Tiwari,2001-07-18,"No. 139, Cross Road, Kothrud, Bengaluru, Karnataka - 560922",test,clean
P04038,christian,F,Angel,Thomas,given_surname,Angel Thomas,David Thomas,2000-04-04,"No. 108, Nehru Street, Salt Lake, Jaipur, Rajasthan - 302616",test,clean
P04039,tamil,M,Raju,Selvam,given_father,Raju Selvam,Selvam,2002-06-24,"No. 218, Market Street, Banjara Hills, Jaipur, Rajasthan - 302742",test,needs_review
P04040,tamil,M,Madhavan,Senthil,given_father,Madhavan Senthil,Senthil,2004-07-06,"No. 249, Market Street, Velachery, Kochi, Kerala - 682564",train,clean
P04041,christian,M,John,Pereira,given_surname,John Pereira,Samuel Pereira,2005-01-16,"No. 88, Park Avenue, Anna Nagar, Hyderabad, Telangana - 500926",train,clean
P04042,christian,F,Sharon,Joseph,given_surname,Sharon Joseph,George Joseph,1998-10-19,"No. 121, Station Road, Banjara Hills, Delhi, Delhi - 110826",train,clean
P04043,tamil,F,Sowmya,Saravanan,given_father,Sowmya Saravanan,Saravanan,2001-05-25,"No. 128, 4th Cross, Anna Nagar, Coimbatore, Tamil Nadu - 641917",train,needs_review
P04044,muslim,M,Salman,Sheikh,given_surname,Salman Sheikh,Farhan Sheikh,2001-02-12,"No. 171, Gandhi Road, Salt Lake, Delhi, Delhi - 110685",train,clean
P04045,telugu,M,Mahesh,Varma,given_surname,Mahesh Varma,Suresh Varma,1998-12-03,"No. 195, Temple Street, Saket, Noida, Uttar Pradesh - 201950",train,clean
P04046,malayalam,M,Hari,Panicker,given_surname,Hari Panicker,Sanju Panicker,2002-06-18,"No. 7, Station Road, T Nagar, Mumbai, Maharashtra - 400550",train,clean
P04047,north,F,Komal,Agarwal,given_surname,Komal Agarwal,Ankit Agarwal,2000-01-05,"No. 73, Lake View Road, Sector 62, Ahmedabad, Gujarat - 380315",train,clean
P04048,north,M,Ajay,Gupta,given_surname,Ajay Gupta,Amit Gupta,1998-06-03,"No. 161, Main Road, Banjara Hills, Hyderabad, Telangana - 500042",train,clean
P04049,north,F,Shreya,Gupta,given_surname,Shreya Gupta,Pradeep Gupta,1998-08-08,"No. 46, Gandhi Road, Kothrud, Thiruvananthapuram, Kerala - 695032",train,clean
P04050,muslim,F,Ayesha,Qureshi,given_surname,Ayesha Qureshi,Sameer Qureshi,2002-01-29,"No. 223, Lake View Road, Velachery, Jaipur, Rajasthan - 302170",train,clean
P04051,muslim,M,Irfan,Pathan,given_surname,Irfan Pathan,Sameer Pathan,2004-01-04,"No. 50, Nehru Street, Kothrud, Noida, Uttar Pradesh - 201737",train,needs_review
P04052,tamil,M,Madhavan,Balaji,given_father,Madhavan Balaji,Balaji,2005-03-22,"No. 116, Station Road, Navrangpura, Ahmedabad, Gujarat - 380778",train,clean
P04053,north,M,Sanjay,Verma,given_surname,Sanjay Verma,Gaurav Verma,2000-01-23,"No. 14, Station Road, Malviya Nagar, Mysuru, Karnataka - 570326",train,needs_review
P04054,north,M,Gaurav,Agarwal,given_surname,Gaurav Agarwal,Sanjay Agarwal,1999-01-15,"No. 124, Park Avenue, Kakkanad, Hyderabad, Telangana - 500182",val,critical
P04055,bengali,M,Sayan,Bose,given_surname,Sayan Bose,Subhajit Bose,2000-10-12,"No. 78, Main Road, Anna Nagar, Madurai, Tamil Nadu - 625412",val,clean
P04056,tamil,F,Harini,Madhavan,given_father,Harini Madhavan,Madhavan,2003-08-07,"No. 139, Nehru Street, Kakkanad, Chennai, Tamil Nadu - 600241",val,clean
P04057,malayalam,F,Neethu,Menon,given_surname,Neethu Menon,Anand Menon,1999-04-28,"No. 74, Lake View Road, Sector 62, Chennai, Tamil Nadu - 600960",test,clean
P04058,telugu,M,Suresh,Rao,given_surname,Suresh Rao,Mahesh Rao,2002-01-29,"No. 191, MG Road, Koramangala, Kolkata, West Bengal - 700614",test,needs_review
P04059,malayalam,M,Vishnu,Nair,given_surname,Vishnu Nair,Nikhil Nair,1999-03-23,"No. 130, 2nd Main, Jayanagar, Madurai, Tamil Nadu - 625497",test,needs_review
P04060,telugu,M,Ravi,Naidu,given_surname,Ravi Naidu,Srinivas Naidu,2003-01-15,"No. 206, Temple Street, Saket, Mumbai, Maharashtra - 400277",train,clean
P04061,christian,F,Jennifer,Joseph,given_surname,Jennifer Joseph,Daniel Joseph,2003-06-04,"No. 63, MG Road, Indiranagar, Hyderabad, Telangana - 500059",train,clean
P04062,malayalam,F,Neethu,Pillai,given_surname,Neethu Pillai,Akhil Pillai,2005-11-14,"No. 229, 2nd Main, Kothrud, Mumbai, Maharashtra - 400379",train,needs_review
P04063,muslim,F,Ayesha,Qureshi,given_surname,Ayesha Qureshi,Abdul Qureshi,2000-03-03,"No. 247, 2nd Main, Salt Lake, Delhi, Delhi - 110379",train,needs_review
P04064,north,F,Archana,Sharma,given_surname,Archana Sharma,Sandeep Sharma,1998-09-03,"No. 182, Church Street, Andheri, Jaipur, Rajasthan - 302127",train,clean
P04065,muslim,M,Abdul,Sheikh,given_surname,Abdul Sheikh,Irfan Sheikh,2002-02-02,"No. 68, Temple Street, Navrangpura, Madurai, Tamil Nadu - 625796",train,needs_review
P04066,marathi_gujarati,M,Sagar,Desai,given_surname,Sagar Desai,Jay Desai,2005-12-02,"No. 1, Park Avenue, Kakkanad, Thiruvananthapuram, Kerala - 695310",train,needs_review
P04067,malayalam,M,Vishnu,Varghese,given_surname,Vishnu Varghese,Sreejith Varghese,1998-06-02,"No. 117, Temple Street, Saket, Delhi, Delhi - 110398",train,clean
P04068,christian,F,Jessica,Thomas,given_surname,Jessica Thomas,Daniel Thomas,2004-07-26,"No. 202, Gandhi Road, Banjara Hills, Mysuru, Karnataka - 570127",train,clean
P04069,malayalam,F,Anagha,Panicker,given_surname,Anagha Panicker,Arjun Panicker,2005-04-27,"No. 119, MG Road, Navrangpura, Thiruvananthapuram, Kerala - 695796",train,clean
P04070,kannada,F,Nandini,Shetty,given_surname,Nandini Shetty,Darshan Shetty,2002-01-03,"No. 184, Nehru Street, Saket, Bengaluru, Karnataka - 560779",train,clean
P04071,north,M,Pradeep,Mishra,given_surname,Pradeep Mishra,Sandeep Mishra,2001-08-12,"No. 233, Park Avenue, Andheri, Madurai, Tamil Nadu - 625646",train,clean
P04072,north,F,Sneha,Mishra,given_surname,Sneha Mishra,Vikram Mishra,2001-10-30,"No. 134, Park Avenue, Koramangala, Noida, Uttar Pradesh - 201948",train,critical
P04073,bengali,M,Sourav,Chatterjee,given_surname,Sourav Chatterjee,Sayan Chatterjee,1998-06-04,"No. 129, Temple Street, Salt Lake, Ahmedabad, Gujarat - 380958",train,needs_review
P04074,tamil,F,Kavya,Sundar,given_father,Kavya Sundar,Sundar,2000-04-21,"No. 225, Nehru Street, Kothrud, Coimbatore, Tamil Nadu - 641845",val,clean
P04075,telugu,M,Kiran,Naidu,given_surname,Kiran Naidu,Naresh Naidu,2005-07-29,"No. 206, MG Road, Velachery, Pune, Maharashtra - 411986",val,needs_review
P04076,bengali,M,Abhijit,Mukherjee,given_surname,Abhijit Mukherjee,Sourav Mukherjee,2003-04-29,"No. 39, Gandhi Road, Kakkanad, Thiruvananthapuram, Kerala - 695808",val,needs_review
P04077,north,F,Sushma,Gupta,given_surname,Sushma Gupta,Ankit Gupta,2003-02-16,"No. 103, Gandhi Road, Andheri, Mumbai, Maharashtra - 400578",test,clean
P04078,tamil,F,Janani,Saravanan,given_father,Janani Saravanan,Saravanan,2005-07-17,"No. 208, Cross Road, Salt Lake, Jaipur, Rajasthan - 302972",test,clean
P04079,tamil,F,Sowmya,Sundar,given_father,Sowmya Sundar,Sundar,1999-05-12,"No. 167, Lake View Road, Jayanagar, Jaipur, Rajasthan - 302386",test,needs_review
P04080,bengali,F,Sreya,Mukherjee,given_surname,Sreya Mukherjee,Rajib Mukherjee,2002-01-07,"No. 118, 4th Cross, T Nagar, Madurai, Tamil Nadu - 625494",train,needs_review
P04081,marathi_gujarati,F,Madhuri,Shah,given_surname,Madhuri Shah,Nikhil Shah,1998-11-13,"No. 218, Park Avenue, Koramangala, Noida, Uttar Pradesh - 201189",train,needs_review
P04082,marathi_gujarati,F,Snehal,Kulkarni,given_surname,Snehal Kulkarni,Nikhil Kulkarni,2005-09-10,"No. 52, Lake View Road, Saket, Noida, Uttar Pradesh - 201538",train,clean
P04083,tamil,M,Ramesh,Saravanan,given_father,Ramesh Saravanan,Saravanan,2000-02-14,"No. 143, Park Avenue, Anna Nagar, Ahmedabad, Gujarat - 380250",train,clean
P04084,kannada,F,Asha,Gowda,given_surname,Asha Gowda,Darshan Gowda,2000-02-16,"No. 164, Gandhi Road, Sector 62, Madurai, Tamil Nadu - 625166",train,clean
P04085,malayalam,F,Aswathy,Panicker,given_surname,Aswathy Panicker,Rahul Panicker,2000-05-28,"No. 170, Main Road, Navrangpura, Chennai, Tamil Nadu - 600733",train,needs_review
P04086,tamil,F,Yamini,Saravanan,given_father,Yamini Saravanan,Saravanan,2003-01-18,"No. 16, Main Road, Velachery, Mumbai, Maharashtra - 400876",train,clean
P04087,telugu,M,Srinivas,Chowdary,given_surname,Srinivas Chowdary,Suresh Chowdary,2000-01-27,"No. 43, Temple Street, Navrangpura, Jaipur, Rajasthan - 302995",train,clean
P04088,north,F,Simran,Singh,given_surname,Simran Singh,Ankit Singh,2005-09-11,"No. 195, Gandhi Road, Kakkanad, Noida, Uttar Pradesh - 201105",train,clean
P04089,christian,F,Angel,Thomas,given_surname,Angel Thomas,Joseph Thomas,2001-03-22,"No. 139, Nehru Street, Navrangpura, Bengaluru, Karnataka - 560636",train,clean
P04090,tamil,F,Janani,Karthik,given_father,Janani Karthik,Karthik,1998-09-19,"No. 110, Cross Road, Saket, Jaipur, Rajasthan - 302720",train,clean
P04091,tamil,M,Selvam,Murugan,given_father,Selvam Murugan,Murugan,2002-06-17,"No. 238, Church Street, T Nagar, Chennai, Tamil Nadu - 600809",train,clean
P04092,telugu,M,Krishna,Rao,given_surname,Krishna Rao,Srinivas Rao,2005-09-03,"No. 220, 4th Cross, Navrangpura, Jaipur, Rajasthan - 302274",train,clean
P04093,telugu,M,Mahesh,Rao,given_surname,Mahesh Rao,Suresh Rao,2005-08-10,"No. 237, Station Road, Kothrud, Madurai, Tamil Nadu - 625155",train,clean
P04094,marathi_gujarati,F,Hetal,Kulkarni,given_surname,Hetal Kulkarni,Tejas Kulkarni,2000-10-23,"No. 21, Gandhi Road, Velachery, Pune, Maharashtra - 411251",val,clean
P04095,marathi_gujarati,M,Parth,Patil,given_surname,Parth Patil,Sagar Patil,2004-12-06,"No. 156, Church Street, Salt Lake, Madurai, Tamil Nadu - 625755",val,clean
P04096,marathi_gujarati,M,Aniket,Shah,given_surname,Aniket Shah,Sagar Shah,2004-08-19,"No. 115, Lake View Road, Jayanagar, Madurai, Tamil Nadu - 625787",val,clean
P04097,malayalam,F,Sruthi,Nair,given_surname,Sruthi Nair,Arjun Nair,2005-07-07,"No. 167, Main Road, Andheri, Mysuru, Karnataka - 570364",test,clean
P04098,tamil,F,Keerthana,Senthil,given_father,Keerthana Senthil,Senthil,1998-09-10,"No. 110, Market Street, Saket, Bengaluru, Karnataka - 560350",test,critical
P04099,bengali,F,Ananya,Ghosh,given_surname,Ananya Ghosh,Sourav Ghosh,2005-08-18,"No. 74, Nehru Street, Sector 62, Hyderabad, Telangana - 500016",test,clean
P04100,tamil,M,Manikandan,Velu,given_father,Manikandan Velu,Velu,1998-10-12,"No. 53, 2nd Main, Navrangpura, Thiruvananthapuram, Kerala - 695251",train,clean
P04101,kannada,F,Spoorthi,Shetty,given_surname,Spoorthi Shetty,Girish Shetty,1998-07-26,"No. 128, 4th Cross, Banjara Hills, Hyderabad, Telangana - 500518",train,clean
P04102,kannada,F,Asha,Hegde,given_surname,Asha Hegde,Shashank Hegde,2001-03-17,"No. 115, Temple Street, Banjara Hills, Madurai, Tamil Nadu - 625426",train,critical
P04103,muslim,M,Mohammed,Sheikh,given_surname,Mohammed Sheikh,Irfan Sheikh,2005-04-13,"No. 246, 4th Cross, Anna Nagar, Thiruvananthapuram, Kerala - 695684",train,needs_review
P04104,north,M,Ajay,Yadav,given_surname,Ajay Yadav,Ankit Yadav,2000-06-16,"No. 11, Main Road, Jayanagar, Ahmedabad, Gujarat - 380280",train,clean
P04105,north,F,Shreya,Tiwari,given_surname,Shreya Tiwari,Deepak Tiwari,1999-10-11,"No. 116, Market Street, Salt Lake, Madurai, Tamil Nadu - 625821",train,critical
P04106,kannada,M,Naveen,Hegde,given_surname,Naveen Hegde,Harish Hegde,2003-08-12,"No. 240, Market Street, Velachery, Coimbatore, Tamil Nadu - 641792",train,clean
P04107,marathi_gujarati,F,Prachi,Shah,given_surname,Prachi Shah,Sagar Shah,1999-02-28,"No. 162, MG Road, Koramangala, Chennai, Tamil Nadu - 600614",train,clean
P04108,telugu,F,Padma,Chowdary,given_surname,Padma Chowdary,Suresh Chowdary,2005-02-12,"No. 176, Gandhi Road, Kothrud, Hyderabad, Telangana - 500526",train,needs_review
P04109,muslim,F,Rukhsar,Syed,given_surname,Rukhsar Syed,Farhan Syed,2004-03-13,"No. 7, Cross Road, Jayanagar, Noida, Uttar Pradesh - 201905",train,needs_review
P04110,telugu,M,Prasad,Reddy,given_surname,Prasad Reddy,Ravi Reddy,2000-12-02,"No. 179, 2nd Main, Indiranagar, Mysuru, Karnataka - 570106",train,clean
P04111,north,M,Gaurav,Verma,given_surname,Gaurav Verma,Pradeep Verma,1998-09-25,"No. 35, Park Avenue, Malviya Nagar, Delhi, Delhi - 110197",train,clean
P04112,bengali,F,Riya,Roy,given_surname,Riya Roy,Rajib Roy,2005-04-19,"No. 29, Church Street, T Nagar, Jaipur, Rajasthan - 302874",train,critical
P04113,tamil,M,Selvam,Manikandan,given_father,Selvam Manikandan,Manikandan,2004-08-23,"No. 41, Church Street, Saket, Bengaluru, Karnataka - 560254",train,clean
P04114,north,M,Sandeep,Yadav,given_surname,Sandeep Yadav,Vikram Yadav,2005-07-26,"No. 196, Church Street, Indiranagar, Noida, Uttar Pradesh - 201782",val,needs_review
P04115,malayalam,M,Vishnu,Panicker,given_surname,Vishnu Panicker,Anand Panicker,1999-03-13,"No. 94, Park Avenue, Velachery, Jaipur, Rajasthan - 302412",val,clean
P04116,tamil,F,Gayathri,Sundar,given_father,Gayathri Sundar,Sundar,2000-08-27,"No. 80, 2nd Main, Banjara Hills, Jaipur, Rajasthan - 302375",val,clean
P04117,bengali,F,Payel,Chatterjee,given_surname,Payel Chatterjee,Subhajit Chatterjee,2004-03-09,"No. 96, Market Street, T Nagar, Mumbai, Maharashtra - 400431",test,clean
P04118,kannada,F,Rashmi,Kulkarni,given_surname,Rashmi Kulkarni,Harish Kulkarni,2003-11-11,"No. 52, Park Avenue, Sector 62, Mysuru, Karnataka - 570229",test,clean
P04119,tamil,M,Velu,Sundar,given_father,Velu Sundar,Sundar,1998-07-31,"No. 224, Nehru Street, Jayanagar, Kolkata, West Bengal - 700098",test,critical
P04120,muslim,M,Farhan,Syed,given_surname,Farhan Syed,Sameer Syed,2004-11-04,"No. 168, Nehru Street, T Nagar, Thiruvananthapuram, Kerala - 695366",train,clean
P04121,kannada,F,Sahana,Hegde,given_surname,Sahana Hegde,Shashank Hegde,1998-08-25,"No. 44, Nehru Street, Malviya Nagar, Bengaluru, Karnataka - 560903",train,clean
P04122,tamil,F,Malathi,Ramesh,given_father,Malathi Ramesh,Ramesh,2002-01-02,"No. 183, Station Road, Jayanagar, Coimbatore, Tamil Nadu - 641613",train,needs_review
P04123,muslim,F,Rukhsar,Sheikh,given_surname,Rukhsar Sheikh,Abdul Sheikh,2003-09-17,"No. 80, Gandhi Road, Andheri, Jaipur, Rajasthan - 302504",train,needs_review
P04124,malayalam,F,Anjali,Kurup,given_surname,Anjali Kurup,Vishnu Kurup,2002-06-22,"No. 142, 2nd Main, Andheri, Hyderabad, Telangana - 500759",train,clean
P04125,christian,M,Daniel,Pereira,given_surname,Daniel Pereira,Samuel Pereira,2005-03-23,"No. 189, 4th Cross, Banjara Hills, Mysuru, Karnataka - 570784",train,clean
P04126,bengali,M,Abhijit,Roy,given_surname,Abhijit Roy,Rajib Roy,2003-12-20,"No. 129, 4th Cross, Kothrud, Chennai, Tamil Nadu - 600722",train,clean
P04127,north,M,Gaurav,Mishra,given_surname,Gaurav Mishra,Rahul Mishra,2000-04-25,"No. 11, MG Road, T Nagar, Ahmedabad, Gujarat - 380378",train,needs_review
P04128,north,M,Vikram,Mishra,given_surname,Vikram Mishra,Sandeep Mishra,2003-12-11,"No. 166, Market Street, Indiranagar, Coimbatore, Tamil Nadu - 641204",train,needs_review
P04129,kannada,F,Pallavi,Rao,given_surname,Pallavi Rao,Naveen Rao,1998-12-27,"No. 88, Temple Street, Kothrud, Delhi, Delhi - 110774",train,clean
P04130,north,F,Simran,Mishra,given_surname,Simran Mishra,Pradeep Mishra,2004-04-28,"No. 57, Lake View Road, Salt Lake, Kochi, Kerala - 682145",train,clean
P04131,christian,F,Jessica,Joseph,given_surname,Jessica Joseph,Samuel Joseph,2003-09-05,"No. 38, Temple Street, Anna Nagar, Kochi, Kerala - 682998",train,clean
P04132,tamil,M,Kannan,Senthil,given_father,Kannan Senthil,Senthil,2002-03-23,"No. 94, Nehru Street, Banjara Hills, Thiruvananthapuram, Kerala - 695046",train,critical
P04133,tamil,F,Kavya,Madhavan,given_father,Kavya Madhavan,Madhavan,2002-12-28,"No. 103, Market Street, T Nagar, Mysuru, Karnataka - 570644",train,clean
P04134,marathi_gujarati,M,Omkar,Joshi,given_surname,Omkar Joshi,Harsh Joshi,2002-11-18,"No. 166, Lake View Road, Anna Nagar, Bengaluru, Karnataka - 560531",val,clean
P04135,malayalam,F,Aswathy,Kurup,given_surname,Aswathy Kurup,Vishnu Kurup,2003-12-28,"No. 11, Park Avenue, Anna Nagar, Jaipur, Rajasthan - 302178",val,clean
P04136,marathi_gujarati,F,Madhuri,Shah,given_surname,Madhuri Shah,Harsh Shah,2003-10-08,"No. 176, Cross Road, Koramangala, Madurai, Tamil Nadu - 625886",val,critical
P04137,kannada,F,Geetha,Hegde,given_surname,Geetha Hegde,Darshan Hegde,1999-06-01,"No. 167, 4th Cross, Sector 62, Delhi, Delhi - 110627",test,clean
P04138,north,M,Rohit,Pandey,given_surname,Rohit Pandey,Gaurav Pandey,1999-09-27,"No. 6, Cross Road, Navrangpura, Hyderabad, Telangana - 500506",test,needs_review
P04139,north,M,Deepak,Sharma,given_surname,Deepak Sharma,Pradeep Sharma,1999-05-23,"No. 69, 2nd Main, Saket, Thiruvananthapuram, Kerala - 695311",test,critical
P04140,tamil,F,Kavya,Kumar,given_father,Kavya Kumar,Kumar,2000-04-12,"No. 152, Station Road, Kothrud, Noida, Uttar Pradesh - 201382",train,clean
P04141,bengali,F,Debjani,Roy,given_surname,Debjani Roy,Rajib Roy,2004-10-28,"No. 79, Nehru Street, Saket, Hyderabad, Telangana - 500830",train,clean
P04142,tamil,M,Sundar,Senthil,given_father,Sundar Senthil,Senthil,2003-08-21,"No. 39, 4th Cross, Sector 62, Chennai, Tamil Nadu - 600283",train,clean
P04143,north,M,Pradeep,Pandey,given_surname,Pradeep Pandey,Ajay Pandey,1998-10-17,"No. 6, Gandhi Road, Salt Lake, Madurai, Tamil Nadu - 625930",train,needs_review
P04144,muslim,M,Irfan,Pathan,given_surname,Irfan Pathan,Mohammed Pathan,2002-06-07,"No. 125, Church Street, Velachery, Delhi, Delhi - 110070",train,needs_review
P04145,north,M,Rohit,Singh,given_surname,Rohit Singh,Vikram Singh,2000-12-28,"No. 219, Temple Street, T Nagar, Delhi, Delhi - 110436",train,clean
P04146,telugu,F,Divya,Rao,given_surname,Divya Rao,Venkatesh Rao,2005-07-03,"No. 155, Temple Street, Salt Lake, Bengaluru, Karnataka - 560625",train,needs_review
P04147,malayalam,M,Vishnu,Panicker,given_surname,Vishnu Panicker,Nikhil Panicker,2000-03-20,"No. 146, Church Street, Kothrud, Pune, Maharashtra - 411195",train,clean
P04148,kannada,M,Manjunath,Shetty,given_surname,Manjunath Shetty,Naveen Shetty,2001-11-04,"No. 224, Park Avenue, Salt Lake, Thiruvananthapuram, Kerala - 695483",train,clean
P04149,tamil,M,Arun,Manikandan,given_father,Arun Manikandan,Manikandan,1999-08-06,"No. 107, Main Road, Anna Nagar, Madurai, Tamil Nadu - 625504",train,clean
P04150,tamil,F,Revathi,Karthik,given_father,Revathi Karthik,Karthik,1999-08-27,"No. 227, Gandhi Road, T Nagar, Chennai, Tamil Nadu - 600859",train,clean
P04151,north,F,Archana,Pandey,given_surname,Archana Pandey,Ajay Pandey,2002-03-20,"No. 95, Lake View Road, Saket, Mumbai, Maharashtra - 400556",train,clean
P04152,marathi_gujarati,M,Omkar,Patel,given_surname,Omkar Patel,Jay Patel,2004-02-08,"No. 212, Gandhi Road, Salt Lake, Chennai, Tamil Nadu - 600125",train,clean
P04153,muslim,M,Sameer,Syed,given_surname,Sameer Syed,Farhan Syed,2000-06-03,"No. 236, Station Road, Jayanagar, Bengaluru, Karnataka - 560883",train,clean
P04154,muslim,F,Nazia,Qureshi,given_surname,Nazia Qureshi,Mohammed Qureshi,2000-02-28,"No. 62, Market Street, Jayanagar, Hyderabad, Telangana - 500312",val,clean
P04155,north,M,Sandeep,Chauhan,given_surname,Sandeep Chauhan,Deepak Chauhan,2003-08-29,"No. 175, 2nd Main, Banjara Hills, Pune, Maharashtra - 411057",val,clean
P04156,bengali,M,Subhajit,Chatterjee,given_surname,Subhajit Chatterjee,Sourav Chatterjee,1999-12-13,"No. 72, Market Street, Velachery, Kolkata, West Bengal - 700297",val,clean
P04157,christian,F,Teresa,Joseph,given_surname,Teresa Joseph,John Joseph,2002-10-04,"No. 118, Temple Street, Andheri, Thiruvananthapuram, Kerala - 695785",test,clean
P04158,tamil,F,Vaishnavi,Vignesh,given_father,Vaishnavi Vignesh,Vignesh,2005-02-25,"No. 96, Park Avenue, Jayanagar, Kochi, Kerala - 682083",test,clean
P04159,telugu,M,Mahesh,Reddy,given_surname,Mahesh Reddy,Ravi Reddy,2004-09-07,"No. 207, MG Road, Jayanagar, Kolkata, West Bengal - 700722",test,clean
P04160,north,F,Sneha,Sharma,given_surname,Sneha Sharma,Rahul Sharma,2003-02-11,"No. 176, Nehru Street, Salt Lake, Jaipur, Rajasthan - 302241",train,clean
P04161,bengali,M,Rajib,Chatterjee,given_surname,Rajib Chatterjee,Sourav Chatterjee,2002-01-23,"No. 43, Market Street, Indiranagar, Mysuru, Karnataka - 570021",train,clean
P04162,north,M,Sandeep,Pandey,given_surname,Sandeep Pandey,Amit Pandey,2000-10-16,"No. 224, Gandhi Road, Kothrud, Pune, Maharashtra - 411549",train,clean
P04163,tamil,F,Harini,Madhavan,given_father,Harini Madhavan,Madhavan,2005-11-25,"No. 156, MG Road, Velachery, Bengaluru, Karnataka - 560405",train,clean
P04164,tamil,M,Babu,Saravanan,given_father,Babu Saravanan,Saravanan,2002-03-18,"No. 210, Nehru Street, Anna Nagar, Kolkata, West Bengal - 700879",train,critical
P04165,north,M,Ajay,Pandey,given_surname,Ajay Pandey,Amit Pandey,2000-04-25,"No. 167, Lake View Road, Anna Nagar, Mumbai, Maharashtra - 400005",train,clean
P04166,tamil,M,Murugan,Prakash,given_father,Murugan Prakash,Prakash,1999-06-22,"No. 215, 2nd Main, Salt Lake, Thiruvananthapuram, Kerala - 695932",train,needs_review
P04167,tamil,F,Sowmya,Velu,given_father,Sowmya Velu,Velu,2004-09-11,"No. 28, MG Road, Koramangala, Coimbatore, Tamil Nadu - 641826",train,needs_review
P04168,north,M,Rahul,Pandey,given_surname,Rahul Pandey,Ajay Pandey,1999-10-29,"No. 103, Park Avenue, Andheri, Madurai, Tamil Nadu - 625424",train,clean
P04169,malayalam,M,Rahul,Kurup,given_surname,Rahul Kurup,Jithin Kurup,1999-09-19,"No. 197, Main Road, Kakkanad, Pune, Maharashtra - 411025",train,clean
P04170,malayalam,M,Vishnu,Panicker,given_surname,Vishnu Panicker,Hari Panicker,2004-07-27,"No. 12, Park Avenue, Jayanagar, Pune, Maharashtra - 411885",train,needs_review
P04171,north,M,Sanjay,Pandey,given_surname,Sanjay Pandey,Sandeep Pandey,2000-11-07,"No. 156, MG Road, Indiranagar, Kolkata, West Bengal - 700372",train,needs_review
P04172,telugu,M,Chaitanya,Raju,given_surname,Chaitanya Raju,Mahesh Raju,1998-06-07,"No. 171, 2nd Main, Velachery, Mumbai, Maharashtra - 400450",train,clean
P04173,tamil,F,Indhu,Velu,given_father,Indhu Velu,Velu,2003-05-17,"No. 72, Temple Street, Kothrud, Kochi, Kerala - 682114",train,needs_review
P04174,tamil,F,Malathi,Manikandan,given_father,Malathi Manikandan,Manikandan,2002-01-15,"No. 220, 2nd Main, Indiranagar, Chennai, Tamil Nadu - 600050",val,clean
P04175,tamil,F,Janani,Manikandan,given_father,Janani Manikandan,Manikandan,2001-08-29,"No. 156, Main Road, Banjara Hills, Chennai, Tamil Nadu - 600004",val,clean
P04176,north,M,Amit,Yadav,given_surname,Amit Yadav,Gaurav Yadav,2001-04-23,"No. 20, Church Street, Salt Lake, Mysuru, Karnataka - 570841",val,needs_review
P04177,tamil,F,Gayathri,Selvam,given_father,Gayathri Selvam,Selvam,2002-08-17,"No. 208, Lake View Road, Kakkanad, Hyderabad, Telangana - 500079",test,clean
P04178,muslim,F,Zainab,Qureshi,given_surname,Zainab Qureshi,Arif Qureshi,2002-06-27,"No. 66, Main Road, Salt Lake, Ahmedabad, Gujarat - 380092",test,clean
P04179,telugu,F,Sravani,Varma,given_surname,Sravani Varma,Chaitanya Varma,2001-07-14,"No. 186, Market Street, Anna Nagar, Thiruvananthapuram, Kerala - 695871",test,clean
P04180,kannada,M,Satish,Shetty,given_surname,Satish Shetty,Prashanth Shetty,2004-10-07,"No. 125, Cross Road, Sector 62, Kochi, Kerala - 682662",train,critical
P04181,malayalam,M,Vishnu,Menon,given_surname,Vishnu Menon,Sreejith Menon,2002-01-09,"No. 246, Station Road, Jayanagar, Kochi, Kerala - 682035",train,clean
P04182,tamil,F,Janani,Prakash,given_father,Janani Prakash,Prakash,2005-08-10,"No. 21, 2nd Main, Anna Nagar, Mumbai, Maharashtra - 400271",train,clean
P04183,tamil,F,Kavya,Vignesh,given_father,Kavya Vignesh,Vignesh,2000-01-09,"No. 121, Cross Road, Saket, Coimbatore, Tamil Nadu - 641603",train,clean
P04184,kannada,F,Rashmi,Gowda,given_surname,Rashmi Gowda,Shashank Gowda,2002-11-22,"No. 14, Park Avenue, T Nagar, Bengaluru, Karnataka - 560633",train,needs_review
P04185,muslim,M,Mohammed,Ansari,given_surname,Mohammed Ansari,Farhan Ansari,2002-05-14,"No. 166, Lake View Road, Saket, Delhi, Delhi - 110804",train,clean
P04186,muslim,F,Fathima,Khan,given_surname,Fathima Khan,Abdul Khan,2004-12-06,"No. 145, Station Road, Jayanagar, Noida, Uttar Pradesh - 201557",train,clean
P04187,marathi_gujarati,F,Madhuri,Joshi,given_surname,Madhuri Joshi,Jay Joshi,1998-08-18,"No. 163, Church Street, Kakkanad, Chennai, Tamil Nadu - 600807",train,clean
P04188,kannada,M,Harish,Gowda,given_surname,Harish Gowda,Naveen Gowda,2002-03-17,"No. 248, Church Street, Kothrud, Noida, Uttar Pradesh - 201750",train,critical
P04189,marathi_gujarati,M,Omkar,Patil,given_surname,Omkar Patil,Jay Patil,2005-07-15,"No. 181, MG Road, Indiranagar, Mumbai, Maharashtra - 400316",train,needs_review
P04190,tamil,M,Arun,Siva,given_father,Arun Siva,Siva,2005-03-09,"No. 114, MG Road, Andheri, Ahmedabad, Gujarat - 380109",train,needs_review
P04191,malayalam,F,Sruthi,Panicker,given_surname,Sruthi Panicker,Nikhil Panicker,2000-07-07,"No. 103, Station Road, T Nagar, Mysuru, Karnataka - 570830",train,critical
P04192,christian,F,Mary,Thomas,given_surname,Mary Thomas,John Thomas,2003-04-17,"No. 193, Station Road, Indiranagar, Madurai, Tamil Nadu - 625243",train,clean
P04193,north,M,Sanjay,Mishra,given_surname,Sanjay Mishra,Ankit Mishra,2002-01-29,"No. 106, Cross Road, Sector 62, Kolkata, West Bengal - 700253",train,clean
P04194,bengali,F,Payel,Mukherjee,given_surname,Payel Mukherjee,Arnab Mukherjee,2001-09-10,"No. 176, 4th Cross, Navrangpura, Chennai, Tamil Nadu - 600837",val,critical
P04195,north,F,Shreya,Yadav,given_surname,Shreya Yadav,Pradeep Yadav,1998-07-24,"No. 105, MG Road, Banjara Hills, Kochi, Kerala - 682057",val,critical
P04196,tamil,F,Kalaiselvi,Elango,given_father,Kalaiselvi Elango,Elango,2005-04-24,"No. 178, Park Avenue, Banjara Hills, Hyderabad, Telangana - 500224",val,needs_review
P04197,tamil,F,Sowmya,Arun,given_father,Sowmya Arun,Arun,2004-09-07,"No. 199, 4th Cross, T Nagar, Coimbatore, Tamil Nadu - 641409",test,needs_review
P04198,marathi_gujarati,F,Hetal,Patel,given_surname,Hetal Patel,Harsh Patel,2001-04-04,"No. 160, Main Road, Kothrud, Coimbatore, Tamil Nadu - 641741",test,clean
P04199,marathi_gujarati,M,Nikhil,Desai,given_surname,Nikhil Desai,Tejas Desai,1999-07-04,"No. 1, 4th Cross, Anna Nagar, Ahmedabad, Gujarat - 380044",test,clean
P04200,north,M,Amit,Sharma,given_surname,Amit Sharma,Pradeep Sharma,2004-03-29,"No. 166, 4th Cross, Jayanagar, Pune, Maharashtra - 411418",train,needs_review
P04201,muslim,M,Imran,Sheikh,given_surname,Imran Sheikh,Mohammed Sheikh,2005-03-28,"No. 41, Park Avenue, Koramangala, Coimbatore, Tamil Nadu - 641106",train,needs_review
P04202,tamil,M,Sundar,Prakash,given_father,Sundar Prakash,Prakash,2004-02-22,"No. 113, Cross Road, Velachery, Madurai, Tamil Nadu - 625896",train,needs_review
P04203,north,F,Simran,Mishra,given_surname,Simran Mishra,Gaurav Mishra,2000-08-19,"No. 213, Market Street, Sector 62, Jaipur, Rajasthan - 302207",train,needs_review
P04204,tamil,F,Meena,Elango,given_father,Meena Elango,Elango,1998-06-25,"No. 167, MG Road, Banjara Hills, Coimbatore, Tamil Nadu - 641990",train,needs_review
P04205,muslim,F,Heena,Qureshi,given_surname,Heena Qureshi,Arif Qureshi,1998-06-08,"No. 238, Gandhi Road, Navrangpura, Bengaluru, Karnataka - 560782",train,needs_review
P04206,tamil,F,Harini,Ramesh,given_father,Harini Ramesh,Ramesh,2001-01-13,"No. 67, Park Avenue, Saket, Jaipur, Rajasthan - 302296",train,clean
P04207,tamil,F,Keerthana,Arun,given_father,Keerthana Arun,Arun,2005-08-06,"No. 214, Cross Road, Malviya Nagar, Pune, Maharashtra - 411941",train,clean
P04208,tamil,M,Madhavan,Kumar,given_father,Madhavan Kumar,Kumar,1999-11-11,"No. 37, MG Road, Velachery, Noida, Uttar Pradesh - 201776",train,clean
P04209,christian,F,Sharon,Thomas,given_surname,Sharon Thomas,Thomas Thomas,2002-06-08,"No. 144, Nehru Street, Navrangpura, Pune, Maharashtra - 411471",train,needs_review
P04210,christian,F,Teresa,D'Souza,given_surname,Teresa D'Souza,Joseph D'Souza,2000-06-08,"No. 118, Station Road, Jayanagar, Kochi, Kerala - 682788",train,clean
P04211,muslim,F,Nazia,Ansari,given_surname,Nazia Ansari,Irfan Ansari,2003-01-04,"No. 5, Park Avenue, Malviya Nagar, Noida, Uttar Pradesh - 201991",train,clean
P04212,north,F,Neha,Agarwal,given_surname,Neha Agarwal,Rohit Agarwal,2003-03-27,"No. 14, Market Street, Indiranagar, Chennai, Tamil Nadu - 600820",train,clean
P04213,tamil,F,Indhu,Kannan,given_father,Indhu Kannan,Kannan,2002-03-23,"No. 248, 2nd Main, Koramangala, Chennai, Tamil Nadu - 600600",train,clean
P04214,marathi_gujarati,M,Jay,Kulkarni,given_surname,Jay Kulkarni,Tejas Kulkarni,1998-03-16,"No. 119, Cross Road, Saket, Madurai, Tamil Nadu - 625654",val,needs_review
P04215,kannada,M,Harish,Hegde,given_surname,Harish Hegde,Prashanth Hegde,2002-09-03,"No. 51, Church Street, Banjara Hills, Bengaluru, Karnataka - 560828",val,clean
P04216,tamil,M,Kannan,Babu,given_father,Kannan Babu,Babu,2004-11-19,"No. 232, 4th Cross, Saket, Ahmedabad, Gujarat - 380634",val,clean
P04217,muslim,M,Farhan,Sheikh,given_surname,Farhan Sheikh,Mohammed Sheikh,2005-04-01,"No. 224, Gandhi Road, Velachery, Chennai, Tamil Nadu - 600319",test,needs_review
P04218,marathi_gujarati,M,Tejas,Deshpande,given_surname,Tejas Deshpande,Omkar Deshpande,2003-05-21,"No. 124, Lake View Road, Kakkanad, Madurai, Tamil Nadu - 625867",test,clean
P04219,north,F,Sneha,Singh,given_surname,Sneha Singh,Deepak Singh,2004-10-24,"No. 247, 2nd Main, Salt Lake, Mysuru, Karnataka - 570900",test,needs_review
P04220,malayalam,F,Athira,Pillai,given_surname,Athira Pillai,Vishnu Pillai,2005-06-08,"No. 213, Market Street, Andheri, Bengaluru, Karnataka - 560022",train,critical
P04221,tamil,F,Janani,Murugan,given_father,Janani Murugan,Murugan,2000-08-28,"No. 231, Cross Road, Anna Nagar, Thiruvananthapuram, Kerala - 695964",train,critical
P04222,north,M,Deepak,Verma,given_surname,Deepak Verma,Pradeep Verma,2002-06-29,"No. 165, Market Street, Velachery, Pune, Maharashtra - 411912",train,clean
P04223,telugu,F,Sravani,Naidu,given_surname,Sravani Naidu,Ravi Naidu,2001-04-05,"No. 55, Park Avenue, Salt Lake, Jaipur, Rajasthan - 302691",train,clean
P04224,north,M,Gaurav,Yadav,given_surname,Gaurav Yadav,Sandeep Yadav,2003-10-20,"No. 246, Church Street, Navrangpura, Mumbai, Maharashtra - 400807",train,clean
P04225,tamil,F,Abirami,Siva,given_father,Abirami Siva,Siva,1999-12-23,"No. 105, MG Road, Banjara Hills, Madurai, Tamil Nadu - 625337",train,needs_review
P04226,tamil,F,Gayathri,Prakash,given_father,Gayathri Prakash,Prakash,2003-03-30,"No. 248, Station Road, Saket, Kochi, Kerala - 682394",train,clean
P04227,north,M,Sanjay,Yadav,given_surname,Sanjay Yadav,Sumit Yadav,2000-04-10,"No. 132, 2nd Main, Jayanagar, Mumbai, Maharashtra - 400044",train,clean
P04228,muslim,F,Ayesha,Syed,given_surname,Ayesha Syed,Farhan Syed,1998-10-05,"No. 188, Cross Road, Kothrud, Kochi, Kerala - 682471",train,clean
P04229,north,F,Shreya,Pandey,given_surname,Shreya Pandey,Sandeep Pandey,1999-10-18,"No. 214, Station Road, Indiranagar, Thiruvananthapuram, Kerala - 695556",train,critical
P04230,north,M,Pradeep,Verma,given_surname,Pradeep Verma,Vikram Verma,1998-07-04,"No. 157, Gandhi Road, Salt Lake, Noida, Uttar Pradesh - 201146",train,clean
P04231,tamil,M,Ramesh,Madhavan,given_father,Ramesh Madhavan,Madhavan,1998-10-02,"No. 218, Park Avenue, Kakkanad, Kolkata, West Bengal - 700699",train,clean
P04232,muslim,F,Zainab,Sheikh,given_surname,Zainab Sheikh,Sameer Sheikh,2001-04-28,"No. 126, Station Road, Salt Lake, Pune, Maharashtra - 411545",train,clean
P04233,telugu,M,Chaitanya,Varma,given_surname,Chaitanya Varma,Venkatesh Varma,1998-05-11,"No. 60, Station Road, Jayanagar, Mumbai, Maharashtra - 400238",train,clean
P04234,north,F,Riya,Verma,given_surname,Riya Verma,Sumit Verma,2005-11-12,"No. 30, 2nd Main, Velachery, Bengaluru, Karnataka - 560500",val,needs_review
P04235,christian,F,Angel,Pereira,given_surname,Angel Pereira,Daniel Pereira,2001-02-15,"No. 133, 2nd Main, Anna Nagar, Mysuru, Karnataka - 570568",val,clean
P04236,malayalam,M,Anand,Panicker,given_surname,Anand Panicker,Sreejith Panicker,2001-02-13,"No. 48, Temple Street, Anna Nagar, Noida, Uttar Pradesh - 201849",val,clean
P04237,tamil,F,Indhu,Sundar,given_father,Indhu Sundar,Sundar,2002-12-01,"No. 50, Gandhi Road, Malviya Nagar, Thiruvananthapuram, Kerala - 695107",test,critical
P04238,telugu,F,Sunitha,Varma,given_surname,Sunitha Varma,Mahesh Varma,2005-02-16,"No. 205, Main Road, Banjara Hills, Hyderabad, Telangana - 500814",test,needs_review
P04239,tamil,F,Sowmya,Manikandan,given_father,Sowmya Manikandan,Manikandan,2003-11-20,"No. 35, Market Street, Saket, Mumbai, Maharashtra - 400799",test,clean
P04240,muslim,F,Ayesha,Syed,given_surname,Ayesha Syed,Arif Syed,1999-06-25,"No. 158, 4th Cross, Indiranagar, Hyderabad, Telangana - 500531",train,clean
P04241,north,F,Neha,Tiwari,given_surname,Neha Tiwari,Vikram Tiwari,2000-03-07,"No. 136, Nehru Street, Andheri, Pune, Maharashtra - 411700",train,clean
P04242,north,M,Ajay,Tiwari,given_surname,Ajay Tiwari,Vikram Tiwari,2005-11-28,"No. 3, Market Street, Andheri, Ahmedabad, Gujarat - 380551",train,needs_review
P04243,bengali,F,Ishita,Das,given_surname,Ishita Das,Subhajit Das,2005-11-29,"No. 9, Temple Street, Kakkanad, Ahmedabad, Gujarat - 380666",train,needs_review
P04244,north,F,Sneha,Yadav,given_surname,Sneha Yadav,Rohit Yadav,1999-12-03,"No. 1, Temple Street, Velachery, Thiruvananthapuram, Kerala - 695878",train,clean
P04245,north,M,Pradeep,Singh,given_surname,Pradeep Singh,Sandeep Singh,2000-03-25,"No. 96, Nehru Street, Saket, Coimbatore, Tamil Nadu - 641844",train,clean
P04246,christian,F,Teresa,Thomas,given_surname,Teresa Thomas,John Thomas,2003-10-29,"No. 143, Cross Road, Indiranagar, Hyderabad, Telangana - 500223",train,clean
P04247,kannada,M,Girish,Hegde,given_surname,Girish Hegde,Harish Hegde,2003-05-16,"No. 85, Market Street, Kothrud, Delhi, Delhi - 110814",train,critical
P04248,malayalam,M,Vishnu,Panicker,given_surname,Vishnu Panicker,Rahul Panicker,2005-06-23,"No. 217, Gandhi Road, Kothrud, Thiruvananthapuram, Kerala - 695221",train,needs_review
P04249,tamil,F,Tamilselvi,Sundar,given_father,Tamilselvi Sundar,Sundar,2003-12-11,"No. 17, Station Road, Andheri, Kochi, Kerala - 682892",train,clean
P04250,christian,M,John,Joseph,given_surname,John Joseph,Joseph Joseph,1999-06-22,"No. 148, Nehru Street, Banjara Hills, Madurai, Tamil Nadu - 625812",train,needs_review
P04251,north,F,Anjali,Verma,given_surname,Anjali Verma,Rahul Verma,2000-08-01,"No. 226, Gandhi Road, Salt Lake, Chennai, Tamil Nadu - 600991",train,needs_review
P04252,muslim,M,Irfan,Ansari,given_surname,Irfan Ansari,Mohammed Ansari,2003-06-26,"No. 10, Temple Street, Banjara Hills, Noida, Uttar Pradesh - 201628",train,critical
P04253,telugu,F,Padma,Reddy,given_surname,Padma Reddy,Prasad Reddy,2004-07-26,"No. 123, Cross Road, Anna Nagar, Pune, Maharashtra - 411177",train,needs_review
P04254,telugu,M,Ravi,Chowdary,given_surname,Ravi Chowdary,Kiran Chowdary,2005-10-30,"No. 146, Park Avenue, Navrangpura, Noida, Uttar Pradesh - 201424",val,needs_review
P04255,tamil,M,Elango,Raju,given_father,Elango Raju,Raju,2001-01-04,"No. 131, Park Avenue, Koramangala, Delhi, Delhi - 110039",val,clean
P04256,bengali,M,Abhijit,Roy,given_surname,Abhijit Roy,Debashis Roy,1998-05-18,"No. 194, MG Road, Navrangpura, Chennai, Tamil Nadu - 600691",val,needs_review
P04257,north,F,Simran,Mishra,given_surname,Simran Mishra,Sumit Mishra,1998-04-25,"No. 156, 4th Cross, Velachery, Thiruvananthapuram, Kerala - 695427",test,clean
P04258,muslim,F,Nazia,Syed,given_surname,Nazia Syed,Farhan Syed,2004-05-29,"No. 211, Gandhi Road, Velachery, Thiruvananthapuram, Kerala - 695053",test,needs_review
P04259,kannada,F,Pallavi,Gowda,given_surname,Pallavi Gowda,Satish Gowda,2005-09-28,"No. 28, Cross Road, Indiranagar, Bengaluru, Karnataka - 560426",test,needs_review
P04260,malayalam,M,Arjun,Varghese,given_surname,Arjun Varghese,Hari Varghese,1998-06-27,"No. 181, Nehru Street, Malviya Nagar, Ahmedabad, Gujarat - 380214",train,clean
P04261,north,M,Vikram,Sharma,given_surname,Vikram Sharma,Pradeep Sharma,2002-04-25,"No. 41, 4th Cross, Koramangala, Thiruvananthapuram, Kerala - 695025",train,clean
P04262,north,F,Archana,Verma,given_surname,Archana Verma,Sanjay Verma,2003-03-08,"No. 187, Gandhi Road, Saket, Hyderabad, Telangana - 500082",train,needs_review
P04263,muslim,M,Irfan,Syed,given_surname,Irfan Syed,Sameer Syed,2000-12-08,"No. 56, Station Road, Malviya Nagar, Bengaluru, Karnataka - 560278",train,needs_review
P04264,tamil,F,Kalaiselvi,Murugan,given_father,Kalaiselvi Murugan,Murugan,2002-08-30,"No. 13, Nehru Street, Malviya Nagar, Hyderabad, Telangana - 500424",train,clean
P04265,kannada,F,Bhoomika,Shetty,given_surname,Bhoomika Shetty,Raghavendra Shetty,2005-07-14,"No. 180, Church Street, Indiranagar, Coimbatore, Tamil Nadu - 641038",train,needs_review
P04266,bengali,M,Anirban,Bose,given_surname,Anirban Bose,Rajib Bose,2002-03-03,"No. 137, Cross Road, Kakkanad, Kolkata, West Bengal - 700183",train,clean
P04267,tamil,M,Murugan,Kannan,given_father,Murugan Kannan,Kannan,1999-11-25,"No. 1, Cross Road, Kothrud, Chennai, Tamil Nadu - 600843",train,clean
P04268,tamil,F,Saranya,Senthil,given_father,Saranya Senthil,Senthil,2005-03-28,"No. 215, Lake View Road, Kothrud, Noida, Uttar Pradesh - 201582",train,clean
P04269,kannada,M,Manjunath,Kulkarni,given_surname,Manjunath Kulkarni,Satish Kulkarni,2001-07-04,"No. 47, Temple Street, T Nagar, Thiruvananthapuram, Kerala - 695111",train,clean
P04270,telugu,M,Suresh,Raju,given_surname,Suresh Raju,Chaitanya Raju,2005-03-10,"No. 67, Temple Street, T Nagar, Chennai, Tamil Nadu - 600926",train,clean
P04271,north,F,Simran,Chauhan,given_surname,Simran Chauhan,Ankit Chauhan,2004-07-12,"No. 39, Lake View Road, Kothrud, Chennai, Tamil Nadu - 600815",train,clean
P04272,north,M,Rahul,Yadav,given_surname,Rahul Yadav,Ajay Yadav,2000-08-16,"No. 128, MG Road, Koramangala, Mumbai, Maharashtra - 400668",train,clean
P04273,malayalam,M,Arjun,Kurup,given_surname,Arjun Kurup,Sanju Kurup,2003-03-31,"No. 109, Cross Road, Banjara Hills, Madurai, Tamil Nadu - 625932",train,clean
P04274,christian,F,Merlin,Joseph,given_surname,Merlin Joseph,John Joseph,2004-07-03,"No. 168, Park Avenue, Saket, Bengaluru, Karnataka - 560311",val,needs_review
P04275,bengali,M,Arnab,Banerjee,given_surname,Arnab Banerjee,Rajib Banerjee,1999-05-06,"No. 179, MG Road, T Nagar, Coimbatore, Tamil Nadu - 641117",val,clean
P04276,christian,F,Angel,Fernandes,given_surname,Angel Fernandes,Joel Fernandes,2003-04-04,"No. 112, Station Road, Kothrud, Mumbai, Maharashtra - 400911",val,clean
P04277,north,M,Ankit,Sharma,given_surname,Ankit Sharma,Pradeep Sharma,1998-02-26,"No. 33, 4th Cross, Koramangala, Hyderabad, Telangana - 500740",test,critical
P04278,north,M,Ankit,Chauhan,given_surname,Ankit Chauhan,Amit Chauhan,2005-03-16,"No. 94, MG Road, T Nagar, Jaipur, Rajasthan - 302915",test,needs_review
P04279,telugu,M,Chaitanya,Varma,given_surname,Chaitanya Varma,Suresh Varma,2003-05-04,"No. 206, Nehru Street, Anna Nagar, Mysuru, Karnataka - 570802",test,needs_review
P04280,telugu,F,Divya,Raju,given_surname,Divya Raju,Naresh Raju,2001-02-20,"No. 21, Station Road, Salt Lake, Mumbai, Maharashtra - 400337",train,clean
P04281,tamil,F,Yamini,Vignesh,given_father,Yamini Vignesh,Vignesh,2000-03-05,"No. 200, Main Road, Andheri, Kochi, Kerala - 682749",train,clean
P04282,christian,F,Jessica,Fernandes,given_surname,Jessica Fernandes,George Fernandes,1998-11-06,"No. 13, Main Road, Indiranagar, Thiruvananthapuram, Kerala - 695353",train,clean
P04283,north,F,Simran,Gupta,given_surname,Simran Gupta,Gaurav Gupta,1998-02-13,"No. 174, Temple Street, Jayanagar, Noida, Uttar Pradesh - 201110",train,clean
P04284,tamil,M,Kumar,Vignesh,given_father,Kumar Vignesh,Vignesh,2002-07-18,"No. 76, Lake View Road, Koramangala, Kolkata, West Bengal - 700102",train,needs_review
P04285,north,F,Anjali,Tiwari,given_surname,Anjali Tiwari,Rohit Tiwari,2004-11-21,"No. 243, Temple Street, Banjara Hills, Jaipur, Rajasthan - 302288",train,clean
P04286,muslim,F,Sana,Khan,given_surname,Sana Khan,Sameer Khan,2004-07-10,"No. 79, MG Road, Kakkanad, Kolkata, West Bengal - 700666",train,needs_review
P04287,malayalam,M,Akhil,Nair,given_surname,Akhil Nair,Hari Nair,2004-01-28,"No. 88, Gandhi Road, Sector 62, Bengaluru, Karnataka - 560056",train,critical
P04288,bengali,M,Subhajit,Das,given_surname,Subhajit Das,Rajib Das,1998-05-12,"No. 175, MG Road, Jayanagar, Jaipur, Rajasthan - 302663",train,needs_review
P04289,bengali,M,Debashis,Chatterjee,given_surname,Debashis Chatterjee,Sayan Chatterjee,1999-10-19,"No. 60, Gandhi Road, Sector 62, Hyderabad, Telangana - 500906",train,critical
P04290,christian,M,George,Fernandes,given_surname,George Fernandes,Daniel Fernandes,2003-12-22,"No. 49, Lake View Road, Kakkanad, Ahmedabad, Gujarat - 380204",train,clean
P04291,north,M,Ajay,Mishra,given_surname,Ajay Mishra,Ankit Mishra,2003-11-09,"No. 202, Nehru Street, Jayanagar, Chennai, Tamil Nadu - 600727",train,critical
P04292,marathi_gujarati,F,Sayali,Joshi,given_surname,Sayali Joshi,Jay Joshi,2005-10-20,"No. 1, MG Road, Andheri, Noida, Uttar Pradesh - 201565",train,clean
P04293,tamil,M,Vignesh,Saravanan,given_father,Vignesh Saravanan,Saravanan,2005-05-17,"No. 29, 4th Cross, Malviya Nagar, Bengaluru, Karnataka - 560565",train,needs_review
P04294,tamil,M,Arun,Balaji,given_father,Arun Balaji,Balaji,2001-03-21,"No. 64, Cross Road, Salt Lake, Mysuru, Karnataka - 570006",val,critical
P04295,marathi_gujarati,M,Sagar,Mehta,given_surname,Sagar Mehta,Omkar Mehta,2004-02-16,"No. 83, Main Road, Koramangala, Delhi, Delhi - 110030",val,clean
P04296,marathi_gujarati,M,Tejas,Patil,given_surname,Tejas Patil,Omkar Patil,2004-12-23,"No. 104, Station Road, Velachery, Coimbatore, Tamil Nadu - 641982",val,clean
P04297,north,F,Neha,Chauhan,given_surname,Neha Chauhan,Sandeep Chauhan,2001-04-25,"No. 221, 4th Cross, T Nagar, Mumbai, Maharashtra - 400291",test,clean
P04298,muslim,F,Ayesha,Pathan,given_surname,Ayesha Pathan,Imran Pathan,2001-09-20,"No. 56, Lake View Road, Banjara Hills, Ahmedabad, Gujarat - 380450",test,clean
P04299,muslim,M,Sameer,Ansari,given_surname,Sameer Ansari,Imran Ansari,2003-02-19,"No. 77, Gandhi Road, T Nagar, Jaipur, Rajasthan - 302110",test,clean
P04300,muslim,F,Nazia,Sheikh,given_surname,Nazia Sheikh,Abdul Sheikh,2003-04-12,"No. 102, 2nd Main, Saket, Mumbai, Maharashtra - 400569",train,clean
P04301,north,F,Ritu,Sharma,given_surname,Ritu Sharma,Gaurav Sharma,2005-05-12,"No. 62, MG Road, Salt Lake, Kolkata, West Bengal - 700979",train,clean
P04302,kannada,F,Nandini,Rao,given_surname,Nandini Rao,Satish Rao,1998-12-15,"No. 148, Station Road, Salt Lake, Thiruvananthapuram, Kerala - 695805",train,clean
P04303,tamil,F,Saranya,Elango,given_father,Saranya Elango,Elango,2002-11-08,"No. 177, Gandhi Road, Banjara Hills, Kolkata, West Bengal - 700872",train,needs_review
P04304,christian,M,Samuel,D'Souza,given_surname,Samuel D'Souza,Joseph D'Souza,2003-10-19,"No. 110, 2nd Main, T Nagar, Pune, Maharashtra - 411739",train,clean
P04305,telugu,F,Haritha,Reddy,given_surname,Haritha Reddy,Chaitanya Reddy,1999-05-27,"No. 76, Temple Street, Indiranagar, Delhi, Delhi - 110203",train,needs_review
P04306,tamil,F,Priya,Murugan,given_father,Priya Murugan,Murugan,2002-08-14,"No. 184, Nehru Street, Velachery, Chennai, Tamil Nadu - 600821",train,clean
P04307,tamil,F,Harini,Prakash,given_father,Harini Prakash,Prakash,2004-05-04,"No. 250, Church Street, Saket, Kochi, Kerala - 682979",train,clean
P04308,tamil,M,Elango,Siva,given_father,Elango Siva,Siva,2005-01-23,"No. 115, Park Avenue, Sector 62, Pune, Maharashtra - 411623",train,needs_review
P04309,muslim,F,Zainab,Ansari,given_surname,Zainab Ansari,Sameer Ansari,2005-09-30,"No. 59, Cross Road, Kakkanad, Mysuru, Karnataka - 570246",train,clean
P04310,tamil,M,Raju,Siva,given_father,Raju Siva,Siva,2002-03-01,"No. 175, Church Street, Jayanagar, Bengaluru, Karnataka - 560639",train,clean
P04311,north,F,Sushma,Singh,given_surname,Sushma Singh,Ankit Singh,2001-04-27,"No. 192, Gandhi Road, Sector 62, Noida, Uttar Pradesh - 201272",train,clean
P04312,muslim,F,Nazia,Ansari,given_surname,Nazia Ansari,Sameer Ansari,2000-01-30,"No. 152, Nehru Street, Malviya Nagar, Mysuru, Karnataka - 570304",train,clean
P04313,north,M,Sanjay,Pandey,given_surname,Sanjay Pandey,Vikram Pandey,1998-05-01,"No. 99, 4th Cross, Saket, Mumbai, Maharashtra - 400871",train,clean
P04314,malayalam,F,Anjali,Kurup,given_surname,Anjali Kurup,Jithin Kurup,2004-02-15,"No. 247, Park Avenue, Kothrud, Ahmedabad, Gujarat - 380629",val,clean
P04315,bengali,M,Sourav,Mukherjee,given_surname,Sourav Mukherjee,Debashis Mukherjee,1999-03-21,"No. 208, Market Street, Malviya Nagar, Noida, Uttar Pradesh - 201212",val,needs_review
P04316,christian,M,Joseph,Thomas,given_surname,Joseph Thomas,Daniel Thomas,2000-07-09,"No. 60, 2nd Main, Indiranagar, Pune, Maharashtra - 411633",val,clean
P04317,north,F,Priyanka,Yadav,given_surname,Priyanka Yadav,Rohit Yadav,2004-04-07,"No. 232, MG Road, Anna Nagar, Bengaluru, Karnataka - 560183",test,clean
P04318,tamil,M,Madhavan,Kannan,given_father,Madhavan Kannan,Kannan,2003-07-06,"No. 12, Gandhi Road, Kakkanad, Jaipur, Rajasthan - 302477",test,critical
P04319,tamil,M,Madhavan,Arun,given_father,Madhavan Arun,Arun,2002-08-24,"No. 46, 2nd Main, Andheri, Kolkata, West Bengal - 700993",test,clean
P04320,marathi_gujarati,F,Rutuja,Patil,given_surname,Rutuja Patil,Omkar Patil,1999-03-26,"No. 14, Lake View Road, Andheri, Bengaluru, Karnataka - 560129",train,critical
P04321,north,F,Sneha,Pandey,given_surname,Sneha Pandey,Ankit Pandey,2004-04-08,"No. 123, Gandhi Road, Andheri, Madurai, Tamil Nadu - 625343",train,needs_review
P04322,marathi_gujarati,M,Omkar,Patil,given_surname,Omkar Patil,Aniket Patil,2003-08-06,"No. 162, Nehru Street, Kakkanad, Bengaluru, Karnataka - 560031",train,clean
P04323,telugu,M,Mahesh,Varma,given_surname,Mahesh Varma,Venkatesh Varma,2000-10-26,"No. 124, MG Road, Banjara Hills, Hyderabad, Telangana - 500472",train,critical
P04324,north,M,Deepak,Sharma,given_surname,Deepak Sharma,Rohit Sharma,1998-07-04,"No. 200, Station Road, Koramangala, Chennai, Tamil Nadu - 600302",train,clean
P04325,malayalam,M,Arjun,Pillai,given_surname,Arjun Pillai,Anand Pillai,2003-10-06,"No. 205, 4th Cross, Salt Lake, Kochi, Kerala - 682258",train,critical
P04326,north,M,Sanjay,Mishra,given_surname,Sanjay Mishra,Vikram Mishra,2004-06-26,"No. 137, Station Road, T Nagar, Coimbatore, Tamil Nadu - 641087",train,critical
P04327,tamil,M,Vignesh,Selvam,given_father,Vignesh Selvam,Selvam,1999-08-02,"No. 145, Temple Street, Banjara Hills, Mumbai, Maharashtra - 400209",train,clean
P04328,north,M,Ajay,Verma,given_surname,Ajay Verma,Vikram Verma,1999-03-21,"No. 57, MG Road, Anna Nagar, Coimbatore, Tamil Nadu - 641262",train,needs_review
P04329,telugu,M,Kiran,Chowdary,given_surname,Kiran Chowdary,Chaitanya Chowdary,1999-09-07,"No. 239, Nehru Street, Indiranagar, Kolkata, West Bengal - 700346",train,critical
P04330,muslim,M,Sameer,Pathan,given_surname,Sameer Pathan,Salman Pathan,2003-09-05,"No. 109, MG Road, Navrangpura, Pune, Maharashtra - 411343",train,clean
P04331,tamil,F,Gayathri,Velu,given_father,Gayathri Velu,Velu,2003-09-17,"No. 122, MG Road, Indiranagar, Madurai, Tamil Nadu - 625397",train,critical
P04332,kannada,F,Nandini,Rao,given_surname,Nandini Rao,Puneeth Rao,1998-07-06,"No. 27, Cross Road, Kothrud, Coimbatore, Tamil Nadu - 641180",train,needs_review
P04333,telugu,M,Chaitanya,Naidu,given_surname,Chaitanya Naidu,Krishna Naidu,2005-06-18,"No. 38, Church Street, Banjara Hills, Delhi, Delhi - 110902",train,clean
P04334,telugu,F,Bhavani,Raju,given_surname,Bhavani Raju,Mahesh Raju,2001-02-04,"No. 88, Nehru Street, Indiranagar, Pune, Maharashtra - 411791",val,clean
P04335,telugu,M,Venkatesh,Rao,given_surname,Venkatesh Rao,Srinivas Rao,2005-06-02,"No. 95, Park Avenue, Kothrud, Thiruvananthapuram, Kerala - 695770",val,critical
P04336,malayalam,F,Aswathy,Menon,given_surname,Aswathy Menon,Sreejith Menon,2003-06-11,"No. 105, Gandhi Road, Koramangala, Kochi, Kerala - 682396",val,clean
P04337,christian,M,George,Mathew,given_surname,George Mathew,Thomas Mathew,1999-03-24,"No. 86, Lake View Road, Kakkanad, Chennai, Tamil Nadu - 600212",test,clean
P04338,tamil,M,Siva,Ramesh,given_father,Siva Ramesh,Ramesh,2003-06-23,"No. 16, MG Road, Navrangpura, Delhi, Delhi - 110221",test,needs_review
P04339,muslim,M,Abdul,Sheikh,given_surname,Abdul Sheikh,Salman Sheikh,2005-04-25,"No. 190, Nehru Street, Indiranagar, Hyderabad, Telangana - 500852",test,critical
P04340,north,M,Ajay,Verma,given_surname,Ajay Verma,Rohit Verma,2002-09-09,"No. 242, Station Road, Salt Lake, Coimbatore, Tamil Nadu - 641729",train,needs_review
P04341,marathi_gujarati,M,Parth,Kulkarni,given_surname,Parth Kulkarni,Omkar Kulkarni,1998-02-18,"No. 12, 4th Cross, Navrangpura, Chennai, Tamil Nadu - 600557",train,clean
P04342,tamil,F,Vaishnavi,Murugan,given_father,Vaishnavi Murugan,Murugan,2004-10-07,"No. 83, Main Road, Kakkanad, Thiruvananthapuram, Kerala - 695923",train,critical
P04343,bengali,F,Payel,Roy,given_surname,Payel Roy,Subhajit Roy,2000-09-15,"No. 27, Station Road, Kakkanad, Pune, Maharashtra - 411721",train,needs_review
P04344,north,M,Rohit,Pandey,given_surname,Rohit Pandey,Amit Pandey,2002-07-04,"No. 196, Station Road, Jayanagar, Ahmedabad, Gujarat - 380048",train,clean
P04345,bengali,F,Riya,Banerjee,given_surname,Riya Banerjee,Anirban Banerjee,2004-07-23,"No. 176, Station Road, Velachery, Coimbatore, Tamil Nadu - 641945",train,clean
P04346,muslim,F,Sana,Qureshi,given_surname,Sana Qureshi,Mohammed Qureshi,2003-07-13,"No. 238, Lake View Road, T Nagar, Madurai, Tamil Nadu - 625654",train,critical
P04347,muslim,F,Ayesha,Khan,given_surname,Ayesha Khan,Farhan Khan,1998-03-01,"No. 174, Church Street, Velachery, Noida, Uttar Pradesh - 201449",train,clean
P04348,telugu,F,Sravani,Chowdary,given_surname,Sravani Chowdary,Prasad Chowdary,2003-01-08,"No. 15, Temple Street, Andheri, Bengaluru, Karnataka - 560761",train,clean
P04349,muslim,F,Ayesha,Sheikh,given_surname,Ayesha Sheikh,Salman Sheikh,1999-05-04,"No. 202, MG Road, Salt Lake, Kolkata, West Bengal - 700809",train,critical
P04350,malayalam,F,Aswathy,Varghese,given_surname,Aswathy Varghese,Hari Varghese,1999-06-14,"No. 44, Temple Street, T Nagar, Mumbai, Maharashtra - 400908",train,clean
P04351,north,F,Komal,Agarwal,given_surname,Komal Agarwal,Deepak Agarwal,2001-05-14,"No. 130, Park Avenue, Navrangpura, Mysuru, Karnataka - 570921",train,clean
P04352,kannada,M,Harish,Rao,given_surname,Harish Rao,Girish Rao,2005-04-09,"No. 181, Church Street, Indiranagar, Madurai, Tamil Nadu - 625473",train,clean
P04353,christian,M,Daniel,Joseph,given_surname,Daniel Joseph,Joseph Joseph,1999-10-16,"No. 46, Cross Road, Andheri, Hyderabad, Telangana - 500680",train,clean
P04354,north,F,Sushma,Sharma,given_surname,Sushma Sharma,Rohit Sharma,2003-02-11,"No. 81, Park Avenue, Andheri, Hyderabad, Telangana - 500175",val,critical
P04355,muslim,M,Mohammed,Pathan,given_surname,Mohammed Pathan,Arif Pathan,2000-05-27,"No. 51, Park Avenue, Sector 62, Hyderabad, Telangana - 500786",val,needs_review
P04356,bengali,M,Abhijit,Chatterjee,given_surname,Abhijit Chatterjee,Sourav Chatterjee,1998-03-12,"No. 124, Lake View Road, Navrangpura, Coimbatore, Tamil Nadu - 641291",val,critical
P04357,muslim,M,Salman,Khan,given_surname,Salman Khan,Irfan Khan,2000-09-27,"No. 32, 2nd Main, Sector 62, Madurai, Tamil Nadu - 625400",test,clean
P04358,telugu,M,Prasad,Raju,given_surname,Prasad Raju,Mahesh Raju,2002-06-14,"No. 79, Gandhi Road, Jayanagar, Mumbai, Maharashtra - 400111",test,clean
P04359,tamil,F,Lakshmi,Madhavan,given_father,Lakshmi Madhavan,Madhavan,2002-08-29,"No. 249, Gandhi Road, Navrangpura, Mumbai, Maharashtra - 400920",test,clean
P04360,kannada,M,Prashanth,Kulkarni,given_surname,Prashanth Kulkarni,Manjunath Kulkarni,2003-12-28,"No. 90, Church Street, Banjara Hills, Madurai, Tamil Nadu - 625047",train,needs_review
P04361,muslim,M,Farhan,Ansari,given_surname,Farhan Ansari,Salman Ansari,2003-10-14,"No. 247, Nehru Street, T Nagar, Thiruvananthapuram, Kerala - 695869",train,needs_review
P04362,tamil,M,Manikandan,Karthik,given_father,Manikandan Karthik,Karthik,2001-03-28,"No. 122, Park Avenue, Salt Lake, Kochi, Kerala - 682159",train,clean
P04363,muslim,F,Shabana,Khan,given_surname,Shabana Khan,Irfan Khan,1998-09-26,"No. 47, MG Road, Koramangala, Coimbatore, Tamil Nadu - 641604",train,needs_review
P04364,north,M,Gaurav,Agarwal,given_surname,Gaurav Agarwal,Ankit Agarwal,2001-09-08,"No. 214, Church Street, T Nagar, Madurai, Tamil Nadu - 625245",train,clean
P04365,telugu,F,Jyothi,Raju,given_surname,Jyothi Raju,Ravi Raju,2002-05-10,"No. 65, Temple Street, Saket, Noida, Uttar Pradesh - 201310",train,clean
P04366,tamil,F,Janani,Madhavan,given_father,Janani Madhavan,Madhavan,2001-01-17,"No. 232, Church Street, T Nagar, Jaipur, Rajasthan - 302167",train,clean
P04367,bengali,M,Rajib,Banerjee,given_surname,Rajib Banerjee,Abhijit Banerjee,2003-11-17,"No. 130, Station Road, Malviya Nagar, Delhi, Delhi - 110630",train,needs_review
P04368,telugu,M,Srinivas,Raju,given_surname,Srinivas Raju,Naresh Raju,2000-08-10,"No. 139, Lake View Road, Navrangpura, Thiruvananthapuram, Kerala - 695061",train,clean
P04369,telugu,F,Lavanya,Raju,given_surname,Lavanya Raju,Srinivas Raju,2003-12-24,"No. 207, Church Street, Navrangpura, Delhi, Delhi - 110776",train,clean
P04370,north,M,Pradeep,Yadav,given_surname,Pradeep Yadav,Sumit Yadav,2002-04-16,"No. 229, Lake View Road, Sector 62, Coimbatore, Tamil Nadu - 641230",train,needs_review
P04371,tamil,M,Madhavan,Sundar,given_father,Madhavan Sundar,Sundar,1999-12-03,"No. 150, 4th Cross, Velachery, Mysuru, Karnataka - 570760",train,clean
P04372,north,F,Archana,Pandey,given_surname,Archana Pandey,Sandeep Pandey,2001-11-23,"No. 148, Nehru Street, T Nagar, Mysuru, Karnataka - 570938",train,needs_review
P04373,marathi_gujarati,F,Krupa,Joshi,given_surname,Krupa Joshi,Harsh Joshi,2004-07-21,"No. 156, 2nd Main, Malviya Nagar, Coimbatore, Tamil Nadu - 641307",train,clean
P04374,north,F,Sneha,Tiwari,given_surname,Sneha Tiwari,Sumit Tiwari,2005-04-28,"No. 196, Main Road, Navrangpura, Madurai, Tamil Nadu - 625915",val,needs_review
P04375,muslim,F,Sana,Qureshi,given_surname,Sana Qureshi,Sameer Qureshi,2000-09-27,"No. 91, 2nd Main, Saket, Coimbatore, Tamil Nadu - 641952",val,needs_review
P04376,north,M,Rahul,Tiwari,given_surname,Rahul Tiwari,Deepak Tiwari,2005-03-27,"No. 245, 4th Cross, Indiranagar, Pune, Maharashtra - 411768",val,critical
P04377,malayalam,F,Athira,Varghese,given_surname,Athira Varghese,Sreejith Varghese,1998-11-24,"No. 235, Park Avenue, Navrangpura, Chennai, Tamil Nadu - 600035",test,clean
P04378,telugu,M,Kiran,Rao,given_surname,Kiran Rao,Krishna Rao,2001-10-03,"No. 204, Market Street, Velachery, Mysuru, Karnataka - 570447",test,clean
P04379,marathi_gujarati,M,Omkar,Patel,given_surname,Omkar Patel,Parth Patel,2003-09-09,"No. 116, Station Road, Kakkanad, Mysuru, Karnataka - 570959",test,clean
P04380,muslim,M,Imran,Khan,given_surname,Imran Khan,Mohammed Khan,1999-11-22,"No. 161, Station Road, Kakkanad, Kolkata, West Bengal - 700495",train,clean
P04381,north,M,Sandeep,Yadav,given_surname,Sandeep Yadav,Sumit Yadav,2001-05-15,"No. 121, Main Road, Saket, Coimbatore, Tamil Nadu - 641686",train,clean
P04382,bengali,M,Subhajit,Ghosh,given_surname,Subhajit Ghosh,Sayan Ghosh,2001-05-10,"No. 127, Cross Road, Indiranagar, Noida, Uttar Pradesh - 201256",train,needs_review
P04383,telugu,F,Lavanya,Naidu,given_surname,Lavanya Naidu,Srinivas Naidu,2005-02-02,"No. 40, Station Road, Indiranagar, Pune, Maharashtra - 411716",train,clean
P04384,kannada,F,Nandini,Kulkarni,given_surname,Nandini Kulkarni,Shashank Kulkarni,2005-05-12,"No. 138, Lake View Road, Velachery, Kochi, Kerala - 682728",train,clean
P04385,north,M,Vikram,Agarwal,given_surname,Vikram Agarwal,Sanjay Agarwal,2005-11-08,"No. 148, 4th Cross, Koramangala, Chennai, Tamil Nadu - 600907",train,clean
P04386,muslim,M,Sameer,Syed,given_surname,Sameer Syed,Abdul Syed,2002-11-29,"No. 200, Gandhi Road, T Nagar, Madurai, Tamil Nadu - 625734",train,needs_review
P04387,marathi_gujarati,F,Hetal,Desai,given_surname,Hetal Desai,Nikhil Desai,2000-02-23,"No. 155, 4th Cross, Indiranagar, Madurai, Tamil Nadu - 625892",train,clean
P04388,kannada,M,Naveen,Shetty,given_surname,Naveen Shetty,Satish Shetty,1999-10-13,"No. 78, Main Road, T Nagar, Bengaluru, Karnataka - 560525",train,needs_review
P04389,marathi_gujarati,F,Rutuja,Mehta,given_surname,Rutuja Mehta,Aniket Mehta,2001-08-14,"No. 160, Main Road, Jayanagar, Coimbatore, Tamil Nadu - 641213",train,clean
P04390,malayalam,F,Lekshmi,Pillai,given_surname,Lekshmi Pillai,Akhil Pillai,2004-12-10,"No. 215, MG Road, Koramangala, Mysuru, Karnataka - 570423",train,needs_review
P04391,tamil,M,Murugan,Saravanan,given_father,Murugan Saravanan,Saravanan,2000-03-10,"No. 244, Park Avenue, Sector 62, Madurai, Tamil Nadu - 625644",train,clean
P04392,muslim,M,Abdul,Khan,given_surname,Abdul Khan,Sameer Khan,2000-03-29,"No. 138, Lake View Road, Navrangpura, Thiruvananthapuram, Kerala - 695227",train,clean
P04393,north,M,Rahul,Verma,given_surname,Rahul Verma,Sandeep Verma,1999-02-12,"No. 183, Main Road, Velachery, Thiruvananthapuram, Kerala - 695072",train,clean
P04394,tamil,F,Lakshmi,Murugan,given_father,Lakshmi Murugan,Murugan,1999-07-03,"No. 27, Lake View Road, Jayanagar, Delhi, Delhi - 110267",val,critical
P04395,marathi_gujarati,M,Parth,Patil,given_surname,Parth Patil,Omkar Patil,2000-04-20,"No. 249, Market Street, Anna Nagar, Mumbai, Maharashtra - 400252",val,needs_review
P04396,north,M,Rahul,Agarwal,given_surname,Rahul Agarwal,Sandeep Agarwal,2003-11-28,"No. 184, 4th Cross, Velachery, Coimbatore, Tamil Nadu - 641904",val,clean
P04397,tamil,F,Revathi,Sundar,given_father,Revathi Sundar,Sundar,2003-01-26,"No. 233, Temple Street, Velachery, Noida, Uttar Pradesh - 201282",test,needs_review
P04398,telugu,F,Sravani,Reddy,given_surname,Sravani Reddy,Mahesh Reddy,2003-08-22,"No. 11, Main Road, Velachery, Kochi, Kerala - 682770",test,critical
P04399,telugu,M,Chaitanya,Reddy,given_surname,Chaitanya Reddy,Krishna Reddy,1999-09-03,"No. 147, Temple Street, Banjara Hills, Madurai, Tamil Nadu - 625762",test,needs_review
P04400,kannada,M,Girish,Gowda,given_surname,Girish Gowda,Satish Gowda,2005-03-22,"No. 144, Church Street, Navrangpura, Kochi, Kerala - 682858",train,clean
P04401,malayalam,M,Rahul,Varghese,given_surname,Rahul Varghese,Jithin Varghese,1999-03-09,"No. 55, MG Road, Navrangpura, Noida, Uttar Pradesh - 201729",train,needs_review
P04402,kannada,F,Asha,Shetty,given_surname,Asha Shetty,Raghavendra Shetty,2003-10-27,"No. 109, 4th Cross, Sector 62, Delhi, Delhi - 110453",train,needs_review
P04403,telugu,M,Ravi,Naidu,given_surname,Ravi Naidu,Krishna Naidu,1998-04-20,"No. 20, MG Road, Banjara Hills, Mumbai, Maharashtra - 400937",train,needs_review
P04404,muslim,M,Imran,Sheikh,given_surname,Imran Sheikh,Irfan Sheikh,2000-06-29,"No. 164, Main Road, Anna Nagar, Thiruvananthapuram, Kerala - 695499",train,clean
P04405,telugu,F,Bhavani,Chowdary,given_surname,Bhavani Chowdary,Naresh Chowdary,1999-12-30,"No. 214, Main Road, Navrangpura, Pune, Maharashtra - 411233",train,clean
P04406,christian,M,Daniel,D'Souza,given_surname,Daniel D'Souza,Thomas D'Souza,2002-12-06,"No. 188, 2nd Main, Kakkanad, Coimbatore, Tamil Nadu - 641163",train,needs_review
P04407,muslim,F,Zainab,Syed,given_surname,Zainab Syed,Imran Syed,1998-06-18,"No. 113, 2nd Main, Jayanagar, Mysuru, Karnataka - 570292",train,critical
P04408,malayalam,M,Jithin,Panicker,given_surname,Jithin Panicker,Nikhil Panicker,2002-11-14,"No. 207, Lake View Road, Indiranagar, Mysuru, Karnataka - 570213",train,clean
P04409,tamil,M,Elango,Murugan,given_father,Elango Murugan,Murugan,2005-04-07,"No. 17, Main Road, Salt Lake, Mumbai, Maharashtra - 400277",train,clean
P04410,north,M,Vikram,Chauhan,given_surname,Vikram Chauhan,Amit Chauhan,2005-02-17,"No. 114, Main Road, Banjara Hills, Madurai, Tamil Nadu - 625296",train,clean
P04411,north,M,Pradeep,Mishra,given_surname,Pradeep Mishra,Rahul Mishra,2003-09-10,"No. 87, Station Road, Jayanagar, Pune, Maharashtra - 411934",train,clean
P04412,tamil,M,Babu,Saravanan,given_father,Babu Saravanan,Saravanan,2003-06-27,"No. 208, Park Avenue, Jayanagar, Thiruvananthapuram, Kerala - 695446",train,clean
P04413,kannada,F,Geetha,Shetty,given_surname,Geetha Shetty,Girish Shetty,1999-12-20,"No. 146, 2nd Main, Salt Lake, Coimbatore, Tamil Nadu - 641268",train,clean
P04414,bengali,F,Sreya,Roy,given_surname,Sreya Roy,Debashis Roy,2005-08-31,"No. 152, Station Road, Jayanagar, Kochi, Kerala - 682763",val,critical
P04415,christian,M,Thomas,Pereira,given_surname,Thomas Pereira,George Pereira,1998-04-02,"No. 231, Temple Street, Velachery, Chennai, Tamil Nadu - 600687",val,needs_review
P04416,telugu,M,Kiran,Rao,given_surname,Kiran Rao,Mahesh Rao,2004-08-22,"No. 110, Main Road, Indiranagar, Chennai, Tamil Nadu - 600513",val,clean
P04417,telugu,F,Madhuri,Raju,given_surname,Madhuri Raju,Naresh Raju,2002-10-19,"No. 202, Nehru Street, Indiranagar, Kochi, Kerala - 682273",test,clean
P04418,north,M,Rahul,Gupta,given_surname,Rahul Gupta,Ajay Gupta,2003-02-08,"No. 192, Station Road, Velachery, Mumbai, Maharashtra - 400501",test,clean
P04419,telugu,M,Kiran,Naidu,given_surname,Kiran Naidu,Mahesh Naidu,1998-11-20,"No. 13, Market Street, Anna Nagar, Hyderabad, Telangana - 500118",test,clean
P04420,malayalam,M,Arjun,Menon,given_surname,Arjun Menon,Hari Menon,2002-03-20,"No. 221, 4th Cross, Indiranagar, Jaipur, Rajasthan - 302210",train,needs_review
P04421,north,M,Sanjay,Agarwal,given_surname,Sanjay Agarwal,Vikram Agarwal,2004-05-18,"No. 91, Station Road, Banjara Hills, Pune, Maharashtra - 411802",train,critical
P04422,telugu,M,Ravi,Reddy,given_surname,Ravi Reddy,Kiran Reddy,2002-02-12,"No. 157, Nehru Street, Velachery, Noida, Uttar Pradesh - 201858",train,clean
P04423,bengali,M,Arnab,Sen,given_surname,Arnab Sen,Subhajit Sen,2002-12-29,"No. 10, Station Road, Andheri, Hyderabad, Telangana - 500228",train,clean
P04424,kannada,M,Girish,Gowda,given_surname,Girish Gowda,Puneeth Gowda,2003-05-15,"No. 111, Lake View Road, Kothrud, Delhi, Delhi - 110124",train,clean
P04425,tamil,F,Vaishnavi,Babu,given_father,Vaishnavi Babu,Babu,2002-11-16,"No. 33, Nehru Street, Saket, Pune, Maharashtra - 411577",train,clean
P04426,christian,F,Teresa,Thomas,given_surname,Teresa Thomas,George Thomas,2000-01-28,"No. 202, Cross Road, Sector 62, Madurai, Tamil Nadu - 625170",train,clean
P04427,muslim,F,Sana,Khan,given_surname,Sana Khan,Salman Khan,2000-06-27,"No. 57, Church Street, Sector 62, Jaipur, Rajasthan - 302858",train,clean
P04428,telugu,F,Madhuri,Naidu,given_surname,Madhuri Naidu,Kiran Naidu,2004-04-11,"No. 139, 4th Cross, Banjara Hills, Noida, Uttar Pradesh - 201972",train,critical
P04429,north,M,Sanjay,Chauhan,given_surname,Sanjay Chauhan,Sumit Chauhan,2000-06-29,"No. 17, Church Street, Malviya Nagar, Kochi, Kerala - 682474",train,clean
P04430,tamil,F,Kalaiselvi,Saravanan,given_father,Kalaiselvi Saravanan,Saravanan,2005-06-24,"No. 39, Cross Road, Andheri, Mysuru, Karnataka - 570853",train,clean
P04431,telugu,F,Swathi,Varma,given_surname,Swathi Varma,Suresh Varma,2005-03-28,"No. 108, Market Street, Kothrud, Mysuru, Karnataka - 570580",train,clean
P04432,telugu,F,Lavanya,Varma,given_surname,Lavanya Varma,Suresh Varma,2000-06-03,"No. 229, Church Street, Koramangala, Delhi, Delhi - 110328",train,clean
P04433,tamil,F,Tamilselvi,Karthik,given_father,Tamilselvi Karthik,Karthik,2001-06-14,"No. 69, 4th Cross, Jayanagar, Mumbai, Maharashtra - 400826",train,clean
P04434,north,M,Pradeep,Yadav,given_surname,Pradeep Yadav,Gaurav Yadav,2000-08-18,"No. 234, Station Road, Sector 62, Ahmedabad, Gujarat - 380155",val,clean
P04435,muslim,F,Ayesha,Ansari,given_surname,Ayesha Ansari,Sameer Ansari,2002-07-27,"No. 182, Station Road, Indiranagar, Pune, Maharashtra - 411546",val,clean
P04436,marathi_gujarati,M,Nikhil,Kulkarni,given_surname,Nikhil Kulkarni,Sagar Kulkarni,2004-07-22,"No. 86, Lake View Road, Jayanagar, Kochi, Kerala - 682990",val,clean
P04437,north,M,Rohit,Agarwal,given_surname,Rohit Agarwal,Ajay Agarwal,2005-05-02,"No. 114, Park Avenue, Kakkanad, Delhi, Delhi - 110877",test,clean
P04438,bengali,M,Subhajit,Ghosh,given_surname,Subhajit Ghosh,Anirban Ghosh,2003-01-17,"No. 225, Cross Road, Andheri, Chennai, Tamil Nadu - 600309",test,clean
P04439,muslim,M,Mohammed,Sheikh,given_surname,Mohammed Sheikh,Irfan Sheikh,2001-01-26,"No. 31, 2nd Main, Indiranagar, Mysuru, Karnataka - 570291",test,clean
P04440,muslim,M,Arif,Sheikh,given_surname,Arif Sheikh,Farhan Sheikh,2001-08-10,"No. 69, Cross Road, Koramangala, Pune, Maharashtra - 411584",train,needs_review
P04441,marathi_gujarati,F,Krupa,Patel,given_surname,Krupa Patel,Nikhil Patel,1998-08-02,"No. 181, MG Road, Kakkanad, Mumbai, Maharashtra - 400707",train,clean
P04442,kannada,M,Darshan,Shetty,given_surname,Darshan Shetty,Harish Shetty,2004-08-25,"No. 122, Nehru Street, Andheri, Hyderabad, Telangana - 500770",train,clean
P04443,north,M,Ajay,Verma,given_surname,Ajay Verma,Rohit Verma,1999-09-23,"No. 6, MG Road, Indiranagar, Thiruvananthapuram, Kerala - 695507",train,clean
P04444,telugu,M,Naresh,Naidu,given_surname,Naresh Naidu,Kiran Naidu,2000-12-30,"No. 111, Lake View Road, Banjara Hills, Noida, Uttar Pradesh - 201274",train,clean
P04445,telugu,M,Chaitanya,Varma,given_surname,Chaitanya Varma,Naresh Varma,2004-08-17,"No. 198, Lake View Road, Salt Lake, Jaipur, Rajasthan - 302753",train,critical
P04446,muslim,F,Ayesha,Sheikh,given_surname,Ayesha Sheikh,Irfan Sheikh,2005-12-27,"No. 132, Main Road, Malviya Nagar, Ahmedabad, Gujarat - 380413",train,clean
P04447,north,F,Priyanka,Verma,given_surname,Priyanka Verma,Ankit Verma,2004-11-20,"No. 31, Church Street, Banjara Hills, Thiruvananthapuram, Kerala - 695747",train,clean
P04448,kannada,F,Rashmi,Rao,given_surname,Rashmi Rao,Shashank Rao,2002-05-17,"No. 187, Cross Road, Andheri, Chennai, Tamil Nadu - 600302",train,needs_review
P04449,telugu,F,Padma,Rao,given_surname,Padma Rao,Prasad Rao,2005-04-13,"No. 151, Station Road, Saket, Chennai, Tamil Nadu - 600665",train,critical
P04450,north,F,Priyanka,Yadav,given_surname,Priyanka Yadav,Deepak Yadav,2005-02-14,"No. 174, Gandhi Road, Navrangpura, Pune, Maharashtra - 411401",train,needs_review
P04451,kannada,M,Prashanth,Hegde,given_surname,Prashanth Hegde,Shashank Hegde,2001-11-28,"No. 195, 4th Cross, Kakkanad, Coimbatore, Tamil Nadu - 641657",train,needs_review
P04452,north,M,Gaurav,Tiwari,given_surname,Gaurav Tiwari,Pradeep Tiwari,2001-09-29,"No. 91, Park Avenue, Kothrud, Hyderabad, Telangana - 500026",train,clean
P04453,north,F,Simran,Tiwari,given_surname,Simran Tiwari,Gaurav Tiwari,2003-01-15,"No. 179, Station Road, Sector 62, Jaipur, Rajasthan - 302429",train,clean
P04454,telugu,F,Lavanya,Rao,given_surname,Lavanya Rao,Venkatesh Rao,2002-11-08,"No. 215, Cross Road, Koramangala, Coimbatore, Tamil Nadu - 641014",val,clean
P04455,muslim,M,Imran,Syed,given_surname,Imran Syed,Farhan Syed,2003-06-05,"No. 66, MG Road, Saket, Madurai, Tamil Nadu - 625031",val,needs_review
P04456,tamil,F,Harini,Sundar,given_father,Harini Sundar,Sundar,2004-10-28,"No. 236, Lake View Road, Malviya Nagar, Mysuru, Karnataka - 570455",val,clean
P04457,north,F,Archana,Yadav,given_surname,Archana Yadav,Pradeep Yadav,2000-06-10,"No. 44, Gandhi Road, Indiranagar, Jaipur, Rajasthan - 302709",test,needs_review
P04458,telugu,M,Suresh,Chowdary,given_surname,Suresh Chowdary,Krishna Chowdary,2003-11-19,"No. 69, Temple Street, Malviya Nagar, Jaipur, Rajasthan - 302420",test,needs_review
P04459,tamil,M,Saravanan,Manikandan,given_father,Saravanan Manikandan,Manikandan,2004-04-17,"No. 227, Park Avenue, Kothrud, Noida, Uttar Pradesh - 201258",test,needs_review
P04460,tamil,M,Murugan,Velu,given_father,Murugan Velu,Velu,2002-03-07,"No. 64, Gandhi Road, Jayanagar, Mysuru, Karnataka - 570931",train,clean
P04461,north,M,Rohit,Singh,given_surname,Rohit Singh,Pradeep Singh,1998-08-28,"No. 45, 4th Cross, Sector 62, Coimbatore, Tamil Nadu - 641375",train,clean
P04462,north,M,Sumit,Tiwari,given_surname,Sumit Tiwari,Rohit Tiwari,2002-05-24,"No. 213, Station Road, Banjara Hills, Mumbai, Maharashtra - 400580",train,needs_review
P04463,north,M,Vikram,Agarwal,given_surname,Vikram Agarwal,Gaurav Agarwal,2005-09-16,"No. 185, 2nd Main, Kakkanad, Madurai, Tamil Nadu - 625199",train,needs_review
P04464,christian,F,Angel,Mathew,given_surname,Angel Mathew,George Mathew,2005-05-13,"No. 220, Market Street, Jayanagar, Coimbatore, Tamil Nadu - 641934",train,needs_review
P04465,north,F,Sushma,Verma,given_surname,Sushma Verma,Ajay Verma,2003-02-27,"No. 54, Park Avenue, Indiranagar, Jaipur, Rajasthan - 302307",train,needs_review
P04466,north,M,Gaurav,Chauhan,given_surname,Gaurav Chauhan,Amit Chauhan,2004-01-19,"No. 174, Church Street, Koramangala, Mumbai, Maharashtra - 400139",train,critical
P04467,tamil,F,Priya,Selvam,given_father,Priya Selvam,Selvam,2003-12-28,"No. 145, Lake View Road, Kakkanad, Hyderabad, Telangana - 500330",train,clean
P04468,marathi_gujarati,F,Madhuri,Desai,given_surname,Madhuri Desai,Sagar Desai,2005-06-19,"No. 73, MG Road, Velachery, Mumbai, Maharashtra - 400419",train,clean
P04469,marathi_gujarati,M,Parth,Shah,given_surname,Parth Shah,Omkar Shah,2004-11-09,"No. 182, Gandhi Road, Andheri, Noida, Uttar Pradesh - 201318",train,clean
P04470,tamil,M,Murugan,Raju,given_father,Murugan Raju,Raju,2001-07-20,"No. 149, Church Street, Navrangpura, Pune, Maharashtra - 411462",train,clean
P04471,north,F,Sushma,Gupta,given_surname,Sushma Gupta,Rohit Gupta,2005-11-18,"No. 171, MG Road, Kothrud, Hyderabad, Telangana - 500707",train,clean
P04472,bengali,F,Ishita,Sen,given_surname,Ishita Sen,Arnab Sen,2001-04-21,"No. 74, Lake View Road, Andheri, Kochi, Kerala - 682913",train,needs_review
P04473,christian,F,Teresa,Pereira,given_surname,Teresa Pereira,Joseph Pereira,2004-03-27,"No. 153, 4th Cross, Salt Lake, Mumbai, Maharashtra - 400371",train,clean
P04474,kannada,F,Geetha,Gowda,given_surname,Geetha Gowda,Naveen Gowda,2004-01-06,"No. 129, 4th Cross, Jayanagar, Delhi, Delhi - 110578",val,clean
P04475,north,M,Rahul,Gupta,given_surname,Rahul Gupta,Gaurav Gupta,2000-10-31,"No. 198, Lake View Road, Salt Lake, Pune, Maharashtra - 411534",val,clean
P04476,marathi_gujarati,F,Sayali,Joshi,given_surname,Sayali Joshi,Aniket Joshi,2000-12-08,"No. 189, 4th Cross, Malviya Nagar, Coimbatore, Tamil Nadu - 641595",val,needs_review
P04477,north,F,Priyanka,Verma,given_surname,Priyanka Verma,Vikram Verma,2003-12-14,"No. 7, Main Road, Sector 62, Chennai, Tamil Nadu - 600241",test,clean
P04478,kannada,M,Satish,Kulkarni,given_surname,Satish Kulkarni,Naveen Kulkarni,2003-03-26,"No. 11, Main Road, Navrangpura, Jaipur, Rajasthan - 302329",test,critical
P04479,north,M,Vikram,Mishra,given_surname,Vikram Mishra,Gaurav Mishra,1998-04-15,"No. 194, Temple Street, T Nagar, Kolkata, West Bengal - 700704",test,clean
P04480,telugu,F,Haritha,Rao,given_surname,Haritha Rao,Kiran Rao,1998-06-07,"No. 59, 2nd Main, Saket, Madurai, Tamil Nadu - 625590",train,critical
P04481,marathi_gujarati,M,Tejas,Kulkarni,given_surname,Tejas Kulkarni,Jay Kulkarni,2005-06-27,"No. 43, Cross Road, Velachery, Kochi, Kerala - 682547",train,needs_review
P04482,tamil,F,Kalaiselvi,Saravanan,given_father,Kalaiselvi Saravanan,Saravanan,1998-04-26,"No. 156, Temple Street, T Nagar, Noida, Uttar Pradesh - 201122",train,clean
P04483,telugu,F,Sunitha,Varma,given_surname,Sunitha Varma,Naresh Varma,1998-08-01,"No. 55, Gandhi Road, Velachery, Coimbatore, Tamil Nadu - 641325",train,clean
P04484,tamil,M,Manikandan,Vignesh,given_father,Manikandan Vignesh,Vignesh,2002-05-11,"No. 218, Main Road, Navrangpura, Thiruvananthapuram, Kerala - 695384",train,clean
P04485,telugu,M,Srinivas,Reddy,given_surname,Srinivas Reddy,Prasad Reddy,2000-09-01,"No. 113, Station Road, Salt Lake, Jaipur, Rajasthan - 302625",train,critical
P04486,kannada,M,Manjunath,Bhat,given_surname,Manjunath Bhat,Girish Bhat,2001-06-26,"No. 218, 2nd Main, Kakkanad, Jaipur, Rajasthan - 302088",train,clean
P04487,tamil,F,Abirami,Karthik,given_father,Abirami Karthik,Karthik,2004-11-30,"No. 127, Lake View Road, Malviya Nagar, Mysuru, Karnataka - 570697",train,clean
P04488,tamil,F,Gayathri,Raju,given_father,Gayathri Raju,Raju,1998-05-10,"No. 39, 4th Cross, Andheri, Mysuru, Karnataka - 570932",train,needs_review
P04489,muslim,F,Nazia,Khan,given_surname,Nazia Khan,Arif Khan,2004-04-09,"No. 25, Temple Street, Salt Lake, Mysuru, Karnataka - 570652",train,clean
P04490,marathi_gujarati,F,Sayali,Deshpande,given_surname,Sayali Deshpande,Omkar Deshpande,2004-06-27,"No. 240, Nehru Street, T Nagar, Pune, Maharashtra - 411689",train,clean
P04491,telugu,M,Venkatesh,Rao,given_surname,Venkatesh Rao,Krishna Rao,2001-07-24,"No. 165, Gandhi Road, Velachery, Noida, Uttar Pradesh - 201210",train,critical
P04492,christian,M,Thomas,Fernandes,given_surname,Thomas Fernandes,George Fernandes,2000-04-15,"No. 40, Market Street, Malviya Nagar, Bengaluru, Karnataka - 560364",train,clean
P04493,tamil,M,Elango,Madhavan,given_father,Elango Madhavan,Madhavan,1998-04-30,"No. 185, Park Avenue, Anna Nagar, Hyderabad, Telangana - 500862",train,needs_review
P04494,marathi_gujarati,M,Nikhil,Patil,given_surname,Nikhil Patil,Parth Patil,2001-07-14,"No. 82, Main Road, Kakkanad, Ahmedabad, Gujarat - 380045",val,clean
P04495,north,F,Sneha,Verma,given_surname,Sneha Verma,Rohit Verma,2002-04-04,"No. 125, 4th Cross, Indiranagar, Hyderabad, Telangana - 500688",val,needs_review
P04496,kannada,F,Bhoomika,Kulkarni,given_surname,Bhoomika Kulkarni,Satish Kulkarni,1998-09-22,"No. 52, Market Street, Koramangala, Mumbai, Maharashtra - 400733",val,clean
P04497,christian,M,Samuel,Pereira,given_surname,Samuel Pereira,Joseph Pereira,2004-08-31,"No. 198, Church Street, Sector 62, Kolkata, West Bengal - 700921",test,critical
P04498,telugu,M,Chaitanya,Rao,given_surname,Chaitanya Rao,Naresh Rao,1999-12-05,"No. 216, Temple Street, Navrangpura, Delhi, Delhi - 110772",test,needs_review
P04499,marathi_gujarati,M,Omkar,Patil,given_surname,Omkar Patil,Harsh Patil,1999-10-21,"No. 142, Market Street, Anna Nagar, Madurai, Tamil Nadu - 625639",test,clean
P04500,tamil,M,Selvam,Prakash,given_father,Selvam Prakash,Prakash,2001-10-11,"No. 227, Cross Road, T Nagar, Jaipur, Rajasthan - 302332",train,clean
P04501,north,F,Archana,Mishra,given_surname,Archana Mishra,Sanjay Mishra,2003-03-10,"No. 129, Park Avenue, T Nagar, Kochi, Kerala - 682239",train,critical
P04502,kannada,F,Geetha,Bhat,given_surname,Geetha Bhat,Naveen Bhat,1998-11-19,"No. 23, Station Road, Malviya Nagar, Mysuru, Karnataka - 570558",train,clean
P04503,tamil,F,Lakshmi,Selvam,given_father,Lakshmi Selvam,Selvam,2003-08-31,"No. 218, Park Avenue, Jayanagar, Mysuru, Karnataka - 570848",train,needs_review
P04504,tamil,M,Manikandan,Senthil,given_father,Manikandan Senthil,Senthil,2002-11-15,"No. 149, 2nd Main, T Nagar, Thiruvananthapuram, Kerala - 695915",train,clean
P04505,telugu,M,Venkatesh,Varma,given_surname,Venkatesh Varma,Srinivas Varma,2003-06-09,"No. 65, Church Street, Saket, Kolkata, West Bengal - 700261",train,clean
P04506,kannada,M,Satish,Hegde,given_surname,Satish Hegde,Naveen Hegde,2002-08-27,"No. 122, MG Road, Malviya Nagar, Hyderabad, Telangana - 500406",train,clean
P04507,malayalam,M,Sanju,Menon,given_surname,Sanju Menon,Jithin Menon,1999-02-16,"No. 150, Station Road, Salt Lake, Delhi, Delhi - 110449",train,needs_review
P04508,telugu,M,Chaitanya,Varma,given_surname,Chaitanya Varma,Mahesh Varma,2003-12-22,"No. 246, Station Road, Banjara Hills, Madurai, Tamil Nadu - 625309",train,needs_review
P04509,kannada,F,Geetha,Rao,given_surname,Geetha Rao,Manjunath Rao,1998-12-23,"No. 35, 2nd Main, Saket, Mysuru, Karnataka - 570819",train,needs_review
P04510,tamil,M,Kumar,Kannan,given_father,Kumar Kannan,Kannan,2002-04-18,"No. 102, Main Road, Jayanagar, Ahmedabad, Gujarat - 380312",train,needs_review
P04511,muslim,F,Ayesha,Sheikh,given_surname,Ayesha Sheikh,Farhan Sheikh,2000-10-29,"No. 174, Market Street, Koramangala, Noida, Uttar Pradesh - 201320",train,critical
P04512,marathi_gujarati,F,Prachi,Kulkarni,given_surname,Prachi Kulkarni,Omkar Kulkarni,2004-03-05,"No. 156, Temple Street, Velachery, Chennai, Tamil Nadu - 600918",train,clean
P04513,kannada,F,Nandini,Shetty,given_surname,Nandini Shetty,Puneeth Shetty,2005-01-01,"No. 211, Church Street, T Nagar, Kochi, Kerala - 682261",train,critical
P04514,telugu,F,Sunitha,Raju,given_surname,Sunitha Raju,Suresh Raju,2005-10-18,"No. 21, Market Street, Salt Lake, Jaipur, Rajasthan - 302139",val,clean
P04515,marathi_gujarati,F,Prachi,Mehta,given_surname,Prachi Mehta,Sagar Mehta,1998-01-21,"No. 128, Nehru Street, Kakkanad, Noida, Uttar Pradesh - 201527",val,clean
P04516,kannada,M,Harish,Hegde,given_surname,Harish Hegde,Girish Hegde,1998-10-05,"No. 115, Nehru Street, Saket, Chennai, Tamil Nadu - 600099",val,critical
P04517,telugu,M,Mahesh,Chowdary,given_surname,Mahesh Chowdary,Ravi Chowdary,2004-03-03,"No. 63, Cross Road, T Nagar, Coimbatore, Tamil Nadu - 641835",test,needs_review
P04518,marathi_gujarati,M,Harsh,Patil,given_surname,Harsh Patil,Tejas Patil,2000-04-26,"No. 10, MG Road, Kothrud, Bengaluru, Karnataka - 560114",test,clean
P04519,north,F,Archana,Tiwari,given_surname,Archana Tiwari,Amit Tiwari,2001-12-01,"No. 65, Temple Street, Navrangpura, Jaipur, Rajasthan - 302524",test,clean
P04520,christian,F,Grace,D'Souza,given_surname,Grace D'Souza,Joel D'Souza,2001-05-18,"No. 58, Market Street, Kakkanad, Kochi, Kerala - 682742",train,clean
P04521,tamil,M,Elango,Murugan,given_father,Elango Murugan,Murugan,2004-04-01,"No. 91, Cross Road, Jayanagar, Jaipur, Rajasthan - 302376",train,clean
P04522,tamil,F,Nithya,Selvam,given_father,Nithya Selvam,Selvam,2005-07-01,"No. 87, Temple Street, Kothrud, Thiruvananthapuram, Kerala - 695123",train,needs_review
P04523,north,F,Riya,Verma,given_surname,Riya Verma,Amit Verma,2005-07-26,"No. 5, Temple Street, Banjara Hills, Chennai, Tamil Nadu - 600842",train,critical
P04524,tamil,M,Kannan,Velu,given_father,Kannan Velu,Velu,2000-10-30,"No. 199, Gandhi Road, Saket, Mumbai, Maharashtra - 400675",train,needs_review
P04525,tamil,M,Madhavan,Manikandan,given_father,Madhavan Manikandan,Manikandan,1999-04-27,"No. 175, MG Road, Kakkanad, Kochi, Kerala - 682154",train,clean
P04526,bengali,F,Debjani,Das,given_surname,Debjani Das,Rajib Das,1998-03-20,"No. 92, Park Avenue, Jayanagar, Noida, Uttar Pradesh - 201309",train,needs_review
P04527,kannada,F,Spoorthi,Bhat,given_surname,Spoorthi Bhat,Puneeth Bhat,2001-03-09,"No. 237, 2nd Main, Sector 62, Jaipur, Rajasthan - 302728",train,clean
P04528,muslim,M,Farhan,Syed,given_surname,Farhan Syed,Arif Syed,2005-10-09,"No. 95, Nehru Street, Malviya Nagar, Kochi, Kerala - 682191",train,clean
P04529,kannada,M,Shashank,Kulkarni,given_surname,Shashank Kulkarni,Puneeth Kulkarni,2000-01-14,"No. 236, Market Street, Banjara Hills, Pune, Maharashtra - 411382",train,needs_review
P04530,muslim,M,Farhan,Qureshi,given_surname,Farhan Qureshi,Salman Qureshi,1998-10-26,"No. 35, Main Road, Malviya Nagar, Madurai, Tamil Nadu - 625174",train,needs_review
P04531,kannada,M,Darshan,Rao,given_surname,Darshan Rao,Manjunath Rao,2001-08-06,"No. 147, Main Road, Saket, Noida, Uttar Pradesh - 201294",train,needs_review
P04532,telugu,M,Chaitanya,Chowdary,given_surname,Chaitanya Chowdary,Srinivas Chowdary,2001-03-21,"No. 170, Temple Street, Koramangala, Delhi, Delhi - 110374",train,clean
P04533,bengali,F,Sreya,Sen,given_surname,Sreya Sen,Arnab Sen,1999-11-14,"No. 107, Church Street, Sector 62, Madurai, Tamil Nadu - 625901",train,needs_review
P04534,malayalam,M,Vishnu,Pillai,given_surname,Vishnu Pillai,Arjun Pillai,2001-07-08,"No. 33, Lake View Road, Jayanagar, Delhi, Delhi - 110567",val,needs_review
P04535,north,M,Sumit,Tiwari,given_surname,Sumit Tiwari,Rahul Tiwari,2005-01-01,"No. 38, Temple Street, Anna Nagar, Mumbai, Maharashtra - 400253",val,needs_review
P04536,malayalam,M,Vishnu,Panicker,given_surname,Vishnu Panicker,Hari Panicker,2001-07-24,"No. 171, Lake View Road, Salt Lake, Hyderabad, Telangana - 500222",val,clean
P04537,muslim,M,Salman,Pathan,given_surname,Salman Pathan,Sameer Pathan,1999-05-19,"No. 233, MG Road, Andheri, Delhi, Delhi - 110895",test,critical
P04538,north,F,Priyanka,Sharma,given_surname,Priyanka Sharma,Deepak Sharma,1998-11-13,"No. 89, Gandhi Road, Kakkanad, Jaipur, Rajasthan - 302959",test,needs_review
P04539,kannada,M,Satish,Shetty,given_surname,Satish Shetty,Puneeth Shetty,2002-08-18,"No. 1, Main Road, Malviya Nagar, Bengaluru, Karnataka - 560276",test,needs_review
P04540,north,M,Sumit,Singh,given_surname,Sumit Singh,Sanjay Singh,2000-06-22,"No. 132, MG Road, Anna Nagar, Chennai, Tamil Nadu - 600967",train,critical
P04541,kannada,F,Asha,Hegde,given_surname,Asha Hegde,Girish Hegde,1998-02-14,"No. 161, Cross Road, Koramangala, Jaipur, Rajasthan - 302486",train,clean
P04542,north,F,Archana,Agarwal,given_surname,Archana Agarwal,Amit Agarwal,2002-10-28,"No. 1, Main Road, Saket, Madurai, Tamil Nadu - 625261",train,clean
P04543,north,M,Sanjay,Gupta,given_surname,Sanjay Gupta,Rohit Gupta,1998-03-30,"No. 21, Temple Street, T Nagar, Bengaluru, Karnataka - 560834",train,clean
P04544,telugu,M,Mahesh,Rao,given_surname,Mahesh Rao,Krishna Rao,2004-02-07,"No. 104, 4th Cross, Kakkanad, Hyderabad, Telangana - 500116",train,critical
P04545,kannada,M,Harish,Bhat,given_surname,Harish Bhat,Manjunath Bhat,2005-11-16,"No. 28, MG Road, Banjara Hills, Pune, Maharashtra - 411554",train,clean
P04546,marathi_gujarati,M,Aniket,Patel,given_surname,Aniket Patel,Harsh Patel,2004-02-16,"No. 246, Market Street, Sector 62, Thiruvananthapuram, Kerala - 695014",train,clean
P04547,malayalam,F,Aswathy,Panicker,given_surname,Aswathy Panicker,Rahul Panicker,1998-05-07,"No. 126, Nehru Street, Andheri, Mysuru, Karnataka - 570228",train,needs_review
P04548,telugu,F,Divya,Reddy,given_surname,Divya Reddy,Venkatesh Reddy,1998-06-07,"No. 85, Church Street, Anna Nagar, Bengaluru, Karnataka - 560872",train,clean
P04549,telugu,F,Padma,Raju,given_surname,Padma Raju,Krishna Raju,2002-10-29,"No. 110, Park Avenue, Anna Nagar, Hyderabad, Telangana - 500944",train,clean
P04550,kannada,M,Darshan,Rao,given_surname,Darshan Rao,Raghavendra Rao,2001-07-04,"No. 237, Nehru Street, Koramangala, Madurai, Tamil Nadu - 625758",train,needs_review
P04551,tamil,M,Babu,Selvam,given_father,Babu Selvam,Selvam,2005-08-19,"No. 42, Gandhi Road, Koramangala, Hyderabad, Telangana - 500562",train,needs_review
P04552,north,F,Pooja,Agarwal,given_surname,Pooja Agarwal,Pradeep Agarwal,1999-05-27,"No. 228, Temple Street, Malviya Nagar, Noida, Uttar Pradesh - 201940",train,critical
P04553,north,M,Amit,Mishra,given_surname,Amit Mishra,Vikram Mishra,2002-06-28,"No. 68, Church Street, Koramangala, Chennai, Tamil Nadu - 600951",train,clean
P04554,marathi_gujarati,M,Omkar,Deshpande,given_surname,Omkar Deshpande,Harsh Deshpande,1998-06-22,"No. 139, Park Avenue, Andheri, Mumbai, Maharashtra - 400750",val,clean
P04555,tamil,F,Kalaiselvi,Senthil,given_father,Kalaiselvi Senthil,Senthil,2000-07-04,"No. 98, Cross Road, Kakkanad, Mysuru, Karnataka - 570388",val,needs_review
P04556,tamil,M,Arun,Ramesh,given_father,Arun Ramesh,Ramesh,2005-03-16,"No. 97, Nehru Street, Anna Nagar, Bengaluru, Karnataka - 560455",val,clean
P04557,malayalam,M,Rahul,Nair,given_surname,Rahul Nair,Nikhil Nair,2005-12-04,"No. 231, 2nd Main, Malviya Nagar, Coimbatore, Tamil Nadu - 641747",test,clean
P04558,telugu,F,Madhuri,Naidu,given_surname,Madhuri Naidu,Chaitanya Naidu,2004-06-19,"No. 111, Church Street, T Nagar, Pune, Maharashtra - 411007",test,critical
P04559,telugu,M,Suresh,Reddy,given_surname,Suresh Reddy,Krishna Reddy,2001-03-15,"No. 204, Cross Road, Banjara Hills, Hyderabad, Telangana - 500187",test,clean
P04560,marathi_gujarati,M,Tejas,Shah,given_surname,Tejas Shah,Jay Shah,2000-06-27,"No. 102, Nehru Street, Salt Lake, Bengaluru, Karnataka - 560868",train,critical
P04561,tamil,F,Sangeetha,Selvam,given_father,Sangeetha Selvam,Selvam,2002-05-12,"No. 154, Cross Road, Jayanagar, Ahmedabad, Gujarat - 380569",train,clean
P04562,kannada,F,Bhoomika,Bhat,given_surname,Bhoomika Bhat,Manjunath Bhat,1998-12-05,"No. 72, Main Road, Navrangpura, Chennai, Tamil Nadu - 600131",train,needs_review
P04563,telugu,M,Mahesh,Reddy,given_surname,Mahesh Reddy,Prasad Reddy,2000-07-17,"No. 49, Station Road, Sector 62, Kochi, Kerala - 682285",train,clean
P04564,tamil,F,Gayathri,Manikandan,given_father,Gayathri Manikandan,Manikandan,2005-04-22,"No. 45, Park Avenue, Banjara Hills, Hyderabad, Telangana - 500993",train,clean
P04565,tamil,M,Velu,Babu,given_father,Velu Babu,Babu,2000-02-19,"No. 43, Church Street, Saket, Chennai, Tamil Nadu - 600832",train,clean
P04566,north,F,Priyanka,Agarwal,given_surname,Priyanka Agarwal,Ajay Agarwal,2001-01-07,"No. 223, Church Street, Malviya Nagar, Pune, Maharashtra - 411736",train,clean
P04567,kannada,F,Asha,Rao,given_surname,Asha Rao,Raghavendra Rao,2004-02-02,"No. 128, Main Road, Sector 62, Delhi, Delhi - 110288",train,needs_review
P04568,kannada,M,Harish,Bhat,given_surname,Harish Bhat,Puneeth Bhat,2004-03-28,"No. 116, Main Road, Anna Nagar, Noida, Uttar Pradesh - 201288",train,needs_review
P04569,telugu,F,Divya,Reddy,given_surname,Divya Reddy,Suresh Reddy,1999-10-10,"No. 221, Church Street, Banjara Hills, Hyderabad, Telangana - 500446",train,clean
P04570,marathi_gujarati,F,Krupa,Shah,given_surname,Krupa Shah,Nikhil Shah,2003-06-08,"No. 195, Cross Road, Andheri, Jaipur, Rajasthan - 302091",train,clean
P04571,north,M,Amit,Yadav,given_surname,Amit Yadav,Sanjay Yadav,2005-03-01,"No. 13, Cross Road, Navrangpura, Bengaluru, Karnataka - 560737",train,clean
P04572,telugu,F,Sravani,Chowdary,given_surname,Sravani Chowdary,Chaitanya Chowdary,2000-05-27,"No. 231, Park Avenue, T Nagar, Kolkata, West Bengal - 700110",train,needs_review
P04573,kannada,F,Geetha,Kulkarni,given_surname,Geetha Kulkarni,Manjunath Kulkarni,2004-05-07,"No. 2, Cross Road, Kakkanad, Mysuru, Karnataka - 570226",train,clean
P04574,telugu,M,Krishna,Varma,given_surname,Krishna Varma,Mahesh Varma,2003-12-11,"No. 96, Market Street, Kothrud, Thiruvananthapuram, Kerala - 695984",val,clean
P04575,telugu,M,Naresh,Rao,given_surname,Naresh Rao,Chaitanya Rao,2004-02-25,"No. 76, Park Avenue, Salt Lake, Thiruvananthapuram, Kerala - 695707",val,clean
P04576,malayalam,M,Sreejith,Kurup,given_surname,Sreejith Kurup,Sanju Kurup,2000-02-06,"No. 187, Lake View Road, Velachery, Mumbai, Maharashtra - 400418",val,needs_review
P04577,north,M,Sandeep,Pandey,given_surname,Sandeep Pandey,Pradeep Pandey,1999-11-19,"No. 204, Main Road, Velachery, Noida, Uttar Pradesh - 201912",test,clean
P04578,malayalam,F,Aswathy,Menon,given_surname,Aswathy Menon,Rahul Menon,2000-03-16,"No. 86, Cross Road, Sector 62, Delhi, Delhi - 110613",test,clean
P04579,north,M,Rahul,Singh,given_surname,Rahul Singh,Vikram Singh,2001-03-21,"No. 211, Gandhi Road, T Nagar, Mysuru, Karnataka - 570390",test,critical
P04580,kannada,F,Pallavi,Gowda,given_surname,Pallavi Gowda,Darshan Gowda,2004-12-21,"No. 146, Park Avenue, Salt Lake, Kochi, Kerala - 682146",train,needs_review
P04581,marathi_gujarati,M,Jay,Patil,given_surname,Jay Patil,Parth Patil,2001-06-23,"No. 147, Main Road, Kothrud, Ahmedabad, Gujarat - 380281",train,clean
P04582,malayalam,F,Anjali,Menon,given_surname,Anjali Menon,Nikhil Menon,1999-04-05,"No. 84, Temple Street, Banjara Hills, Kolkata, West Bengal - 700992",train,needs_review
P04583,north,F,Sneha,Gupta,given_surname,Sneha Gupta,Gaurav Gupta,1999-01-27,"No. 147, 2nd Main, Velachery, Pune, Maharashtra - 411408",train,clean
P04584,bengali,M,Sourav,Roy,given_surname,Sourav Roy,Subhajit Roy,2003-02-15,"No. 222, Main Road, Salt Lake, Kochi, Kerala - 682173",train,critical
P04585,muslim,F,Sana,Sheikh,given_surname,Sana Sheikh,Sameer Sheikh,1998-09-08,"No. 228, Gandhi Road, Koramangala, Kochi, Kerala - 682351",train,clean
P04586,kannada,M,Manjunath,Kulkarni,given_surname,Manjunath Kulkarni,Naveen Kulkarni,2000-09-22,"No. 138, Temple Street, Anna Nagar, Kolkata, West Bengal - 700639",train,needs_review
P04587,tamil,F,Vaishnavi,Raju,given_father,Vaishnavi Raju,Raju,2004-01-18,"No. 36, Cross Road, Jayanagar, Jaipur, Rajasthan - 302981",train,critical
P04588,tamil,F,Harini,Raju,given_father,Harini Raju,Raju,2001-04-24,"No. 144, Park Avenue, Koramangala, Ahmedabad, Gujarat - 380161",train,clean
P04589,christian,F,Jennifer,Mathew,given_surname,Jennifer Mathew,George Mathew,2003-06-14,"No. 35, MG Road, Banjara Hills, Kochi, Kerala - 682143",train,clean
P04590,malayalam,M,Rahul,Nair,given_surname,Rahul Nair,Arjun Nair,2000-10-31,"No. 108, Cross Road, Jayanagar, Kolkata, West Bengal - 700931",train,clean
P04591,malayalam,M,Rahul,Kurup,given_surname,Rahul Kurup,Arjun Kurup,2004-03-10,"No. 228, MG Road, Velachery, Hyderabad, Telangana - 500995",train,clean
P04592,north,M,Sumit,Gupta,given_surname,Sumit Gupta,Sandeep Gupta,2005-03-27,"No. 76, Temple Street, T Nagar, Bengaluru, Karnataka - 560151",train,clean
P04593,bengali,M,Subhajit,Bose,given_surname,Subhajit Bose,Rajib Bose,2002-06-04,"No. 146, Main Road, Kothrud, Ahmedabad, Gujarat - 380149",train,clean
P04594,tamil,F,Janani,Karthik,given_father,Janani Karthik,Karthik,2002-07-14,"No. 236, 4th Cross, Velachery, Jaipur, Rajasthan - 302639",val,critical
P04595,north,M,Rohit,Mishra,given_surname,Rohit Mishra,Ankit Mishra,2005-10-15,"No. 240, Church Street, Salt Lake, Delhi, Delhi - 110843",val,clean
P04596,malayalam,F,Lekshmi,Menon,given_surname,Lekshmi Menon,Rahul Menon,1999-04-23,"No. 188, Church Street, Banjara Hills, Mumbai, Maharashtra - 400729",val,needs_review
P04597,tamil,M,Kannan,Kumar,given_father,Kannan Kumar,Kumar,2002-03-11,"No. 28, 2nd Main, Koramangala, Mysuru, Karnataka - 570821",test,clean
P04598,christian,M,David,Thomas,given_surname,David Thomas,Thomas Thomas,1999-08-04,"No. 26, Cross Road, Saket, Mysuru, Karnataka - 570728",test,clean
P04599,kannada,F,Geetha,Rao,given_surname,Geetha Rao,Prashanth Rao,2000-03-30,"No. 242, Market Street, Salt Lake, Thiruvananthapuram, Kerala - 695031",test,critical
P04600,malayalam,M,Akhil,Nair,given_surname,Akhil Nair,Arjun Nair,2001-04-01,"No. 243, Market Street, Indiranagar, Kolkata, West Bengal - 700502",train,clean
P04601,tamil,M,Ramesh,Vignesh,given_father,Ramesh Vignesh,Vignesh,1999-07-02,"No. 189, Temple Street, Banjara Hills, Jaipur, Rajasthan - 302048",train,clean
P04602,tamil,M,Manikandan,Balaji,given_father,Manikandan Balaji,Balaji,2005-06-08,"No. 49, Station Road, Koramangala, Jaipur, Rajasthan - 302659",train,clean
P04603,malayalam,M,Hari,Panicker,given_surname,Hari Panicker,Sanju Panicker,2002-02-02,"No. 13, Main Road, Saket, Noida, Uttar Pradesh - 201117",train,clean
P04604,north,F,Pooja,Sharma,given_surname,Pooja Sharma,Vikram Sharma,2003-03-16,"No. 135, Park Avenue, T Nagar, Kochi, Kerala - 682814",train,clean
P04605,tamil,F,Tamilselvi,Karthik,given_father,Tamilselvi Karthik,Karthik,2003-12-15,"No. 138, Station Road, Malviya Nagar, Pune, Maharashtra - 411281",train,critical
P04606,marathi_gujarati,M,Jay,Mehta,given_surname,Jay Mehta,Sagar Mehta,2005-02-09,"No. 20, Station Road, Koramangala, Coimbatore, Tamil Nadu - 641710",train,clean
P04607,north,M,Ankit,Sharma,given_surname,Ankit Sharma,Sanjay Sharma,2004-09-20,"No. 142, MG Road, Navrangpura, Noida, Uttar Pradesh - 201139",train,clean
P04608,north,M,Sandeep,Mishra,given_surname,Sandeep Mishra,Pradeep Mishra,2005-03-27,"No. 108, Main Road, Navrangpura, Noida, Uttar Pradesh - 201732",train,clean
P04609,marathi_gujarati,M,Tejas,Patil,given_surname,Tejas Patil,Omkar Patil,2003-04-27,"No. 91, Station Road, Velachery, Mysuru, Karnataka - 570168",train,clean
P04610,telugu,F,Bhavani,Naidu,given_surname,Bhavani Naidu,Naresh Naidu,2005-04-20,"No. 95, Park Avenue, Saket, Mumbai, Maharashtra - 400897",train,clean
P04611,tamil,M,Elango,Sundar,given_father,Elango Sundar,Sundar,1999-12-21,"No. 24, Station Road, Anna Nagar, Mysuru, Karnataka - 570246",train,clean
P04612,bengali,F,Riya,Roy,given_surname,Riya Roy,Anirban Roy,2005-05-20,"No. 9, Nehru Street, Jayanagar, Kochi, Kerala - 682182",train,clean
P04613,marathi_gujarati,F,Madhuri,Desai,given_surname,Madhuri Desai,Parth Desai,2002-08-22,"No. 119, 4th Cross, Anna Nagar, Mysuru, Karnataka - 570758",train,critical
P04614,north,F,Sneha,Agarwal,given_surname,Sneha Agarwal,Vikram Agarwal,1999-02-07,"No. 218, MG Road, Kakkanad, Bengaluru, Karnataka - 560214",val,needs_review
P04615,telugu,M,Ravi,Reddy,given_surname,Ravi Reddy,Prasad Reddy,1999-05-06,"No. 210, Market Street, Salt Lake, Chennai, Tamil Nadu - 600204",val,clean
P04616,telugu,M,Mahesh,Reddy,given_surname,Mahesh Reddy,Suresh Reddy,2003-06-20,"No. 250, Main Road, Salt Lake, Pune, Maharashtra - 411120",val,critical
P04617,telugu,F,Bhavani,Chowdary,given_surname,Bhavani Chowdary,Krishna Chowdary,1998-04-04,"No. 135, 4th Cross, Koramangala, Pune, Maharashtra - 411894",test,clean
P04618,kannada,F,Asha,Rao,given_surname,Asha Rao,Harish Rao,2001-09-08,"No. 208, Nehru Street, Andheri, Hyderabad, Telangana - 500060",test,clean
P04619,malayalam,F,Reshma,Varghese,given_surname,Reshma Varghese,Sreejith Varghese,1998-06-03,"No. 204, MG Road, Sector 62, Pune, Maharashtra - 411308",test,clean
P04620,north,M,Ankit,Gupta,given_surname,Ankit Gupta,Rohit Gupta,1998-10-21,"No. 97, Station Road, Kothrud, Thiruvananthapuram, Kerala - 695489",train,clean
P04621,north,F,Anjali,Yadav,given_surname,Anjali Yadav,Rohit Yadav,2002-02-10,"No. 46, Nehru Street, Banjara Hills, Noida, Uttar Pradesh - 201794",train,needs_review
P04622,christian,F,Merlin,Mathew,given_surname,Merlin Mathew,Joel Mathew,2004-12-04,"No. 30, Park Avenue, Banjara Hills, Jaipur, Rajasthan - 302402",train,clean
P04623,north,M,Pradeep,Singh,given_surname,Pradeep Singh,Sandeep Singh,2002-08-29,"No. 9, Nehru Street, Salt Lake, Mumbai, Maharashtra - 400248",train,clean
P04624,telugu,M,Ravi,Reddy,given_surname,Ravi Reddy,Krishna Reddy,2003-07-24,"No. 173, Main Road, Indiranagar, Delhi, Delhi - 110499",train,clean
P04625,tamil,M,Velu,Saravanan,given_father,Velu Saravanan,Saravanan,2002-02-27,"No. 92, Lake View Road, Salt Lake, Pune, Maharashtra - 411779",train,critical
P04626,tamil,M,Balaji,Saravanan,given_father,Balaji Saravanan,Saravanan,2005-11-05,"No. 216, MG Road, Velachery, Mumbai, Maharashtra - 400137",train,clean
P04627,marathi_gujarati,F,Krupa,Joshi,given_surname,Krupa Joshi,Parth Joshi,1998-03-31,"No. 47, Cross Road, Andheri, Jaipur, Rajasthan - 302203",train,clean
P04628,christian,F,Grace,Joseph,given_surname,Grace Joseph,Samuel Joseph,2000-12-15,"No. 233, Temple Street, Velachery, Kolkata, West Bengal - 700983",train,clean
P04629,tamil,F,Sowmya,Karthik,given_father,Sowmya Karthik,Karthik,2004-07-22,"No. 249, 4th Cross, Kothrud, Thiruvananthapuram, Kerala - 695758",train,clean
P04630,telugu,F,Bhavani,Chowdary,given_surname,Bhavani Chowdary,Krishna Chowdary,2003-04-22,"No. 56, Cross Road, Kakkanad, Mysuru, Karnataka - 570920",train,needs_review
P04631,tamil,F,Saranya,Kannan,given_father,Saranya Kannan,Kannan,1999-10-12,"No. 117, Station Road, Banjara Hills, Chennai, Tamil Nadu - 600752",train,clean
P04632,marathi_gujarati,F,Rutuja,Patel,given_surname,Rutuja Patel,Tejas Patel,2000-10-08,"No. 95, Park Avenue, Jayanagar, Pune, Maharashtra - 411028",train,clean
P04633,christian,F,Merlin,D'Souza,given_surname,Merlin D'Souza,Samuel D'Souza,2000-03-21,"No. 245, Market Street, Sector 62, Chennai, Tamil Nadu - 600336",train,clean
P04634,telugu,M,Chaitanya,Rao,given_surname,Chaitanya Rao,Suresh Rao,2002-02-22,"No. 51, Cross Road, Velachery, Kochi, Kerala - 682501",val,clean
P04635,telugu,M,Srinivas,Reddy,given_surname,Srinivas Reddy,Prasad Reddy,2005-11-14,"No. 226, Station Road, Malviya Nagar, Pune, Maharashtra - 411133",val,critical
P04636,north,M,Sandeep,Agarwal,given_surname,Sandeep Agarwal,Sanjay Agarwal,2004-02-26,"No. 65, Market Street, Sector 62, Mysuru, Karnataka - 570234",val,needs_review
P04637,tamil,M,Balaji,Manikandan,given_father,Balaji Manikandan,Manikandan,1999-09-02,"No. 201, Station Road, Kothrud, Thiruvananthapuram, Kerala - 695201",test,needs_review
P04638,north,M,Sanjay,Verma,given_surname,Sanjay Verma,Vikram Verma,1998-04-01,"No. 158, Lake View Road, Sector 62, Jaipur, Rajasthan - 302118",test,clean
P04639,muslim,F,Heena,Syed,given_surname,Heena Syed,Salman Syed,2000-11-26,"No. 205, Gandhi Road, Kakkanad, Chennai, Tamil Nadu - 600530",test,clean
P04640,muslim,F,Zainab,Ansari,given_surname,Zainab Ansari,Sameer Ansari,2004-06-10,"No. 73, Lake View Road, Koramangala, Chennai, Tamil Nadu - 600907",train,critical
P04641,north,M,Rahul,Agarwal,given_surname,Rahul Agarwal,Vikram Agarwal,2003-10-04,"No. 8, Gandhi Road, Sector 62, Kochi, Kerala - 682146",train,needs_review
P04642,malayalam,F,Athira,Menon,given_surname,Athira Menon,Sanju Menon,2003-02-09,"No. 170, 4th Cross, Navrangpura, Chennai, Tamil Nadu - 600122",train,clean
P04643,christian,F,Merlin,Fernandes,given_surname,Merlin Fernandes,Daniel Fernandes,2001-08-16,"No. 20, Lake View Road, Malviya Nagar, Hyderabad, Telangana - 500023",train,clean
P04644,tamil,M,Senthil,Kannan,given_father,Senthil Kannan,Kannan,1998-05-17,"No. 49, Main Road, Navrangpura, Pune, Maharashtra - 411156",train,clean
P04645,muslim,F,Ayesha,Qureshi,given_surname,Ayesha Qureshi,Sameer Qureshi,1998-06-11,"No. 19, Cross Road, Sector 62, Coimbatore, Tamil Nadu - 641319",train,clean
P04646,tamil,F,Keerthana,Ramesh,given_father,Keerthana Ramesh,Ramesh,2005-04-27,"No. 77, Station Road, Sector 62, Thiruvananthapuram, Kerala - 695417",train,clean
P04647,marathi_gujarati,M,Harsh,Desai,given_surname,Harsh Desai,Tejas Desai,2003-12-23,"No. 162, Cross Road, Indiranagar, Noida, Uttar Pradesh - 201402",train,clean
P04648,north,F,Shreya,Tiwari,given_surname,Shreya Tiwari,Amit Tiwari,2005-06-24,"No. 240, 2nd Main, Sector 62, Mysuru, Karnataka - 570031",train,needs_review
P04649,tamil,M,Vignesh,Saravanan,given_father,Vignesh Saravanan,Saravanan,2002-04-28,"No. 16, Main Road, Sector 62, Chennai, Tamil Nadu - 600061",train,critical
P04650,christian,F,Jennifer,D'Souza,given_surname,Jennifer D'Souza,Thomas D'Souza,2001-06-05,"No. 89, 2nd Main, Malviya Nagar, Thiruvananthapuram, Kerala - 695484",train,clean
P04651,telugu,F,Padma,Rao,given_surname,Padma Rao,Krishna Rao,1999-08-30,"No. 108, Church Street, Koramangala, Pune, Maharashtra - 411997",train,clean
P04652,marathi_gujarati,M,Harsh,Joshi,given_surname,Harsh Joshi,Nikhil Joshi,2004-01-22,"No. 22, Cross Road, Koramangala, Kochi, Kerala - 682428",train,clean
P04653,kannada,M,Naveen,Bhat,given_surname,Naveen Bhat,Raghavendra Bhat,2003-01-27,"No. 67, 2nd Main, Kothrud, Noida, Uttar Pradesh - 201717",train,needs_review
P04654,tamil,F,Kavya,Vignesh,given_father,Kavya Vignesh,Vignesh,1999-06-27,"No. 223, Gandhi Road, Indiranagar, Chennai, Tamil Nadu - 600477",val,clean
P04655,christian,F,Merlin,Thomas,given_surname,Merlin Thomas,George Thomas,1999-09-17,"No. 201, Park Avenue, Andheri, Mumbai, Maharashtra - 400848",val,needs_review
P04656,marathi_gujarati,F,Dhwani,Deshpande,given_surname,Dhwani Deshpande,Nikhil Deshpande,2003-03-12,"No. 106, MG Road, Salt Lake, Kolkata, West Bengal - 700097",val,clean
P04657,tamil,M,Velu,Manikandan,given_father,Velu Manikandan,Manikandan,1998-06-17,"No. 116, 4th Cross, Koramangala, Bengaluru, Karnataka - 560805",test,needs_review
P04658,marathi_gujarati,M,Parth,Patel,given_surname,Parth Patel,Jay Patel,2001-08-09,"No. 75, Church Street, Andheri, Delhi, Delhi - 110956",test,clean
P04659,marathi_gujarati,F,Madhuri,Kulkarni,given_surname,Madhuri Kulkarni,Sagar Kulkarni,2000-12-07,"No. 157, Market Street, Banjara Hills, Kochi, Kerala - 682052",test,clean
P04660,telugu,F,Lavanya,Rao,given_surname,Lavanya Rao,Venkatesh Rao,2005-08-03,"No. 53, MG Road, Velachery, Hyderabad, Telangana - 500968",train,needs_review
P04661,bengali,F,Ishita,Sen,given_surname,Ishita Sen,Arnab Sen,1998-11-10,"No. 107, Nehru Street, Banjara Hills, Hyderabad, Telangana - 500827",train,needs_review
P04662,tamil,F,Janani,Madhavan,given_father,Janani Madhavan,Madhavan,1999-07-09,"No. 20, Main Road, Andheri, Mysuru, Karnataka - 570688",train,critical
P04663,muslim,M,Arif,Pathan,given_surname,Arif Pathan,Farhan Pathan,1998-10-09,"No. 165, Nehru Street, Indiranagar, Pune, Maharashtra - 411571",train,clean
P04664,north,M,Ajay,Verma,given_surname,Ajay Verma,Sumit Verma,2003-05-27,"No. 37, Main Road, Andheri, Delhi, Delhi - 110304",train,needs_review
P04665,telugu,F,Lavanya,Rao,given_surname,Lavanya Rao,Naresh Rao,2005-02-28,"No. 177, Park Avenue, Salt Lake, Kolkata, West Bengal - 700634",train,clean
P04666,marathi_gujarati,M,Sagar,Joshi,given_surname,Sagar Joshi,Harsh Joshi,1999-03-12,"No. 172, Cross Road, Kakkanad, Jaipur, Rajasthan - 302137",train,needs_review
P04667,north,F,Priyanka,Pandey,given_surname,Priyanka Pandey,Sandeep Pandey,2005-11-24,"No. 23, Cross Road, Banjara Hills, Noida, Uttar Pradesh - 201378",train,clean
P04668,marathi_gujarati,M,Harsh,Mehta,given_surname,Harsh Mehta,Omkar Mehta,1999-10-16,"No. 193, Lake View Road, Kothrud, Mumbai, Maharashtra - 400854",train,clean
P04669,telugu,M,Mahesh,Chowdary,given_surname,Mahesh Chowdary,Kiran Chowdary,2002-09-16,"No. 198, Temple Street, Salt Lake, Mysuru, Karnataka - 570148",train,clean
P04670,kannada,M,Naveen,Kulkarni,given_surname,Naveen Kulkarni,Manjunath Kulkarni,2002-02-03,"No. 10, Gandhi Road, Andheri, Delhi, Delhi - 110418",train,clean
P04671,north,M,Sumit,Chauhan,given_surname,Sumit Chauhan,Ankit Chauhan,1998-10-27,"No. 123, Nehru Street, Kothrud, Noida, Uttar Pradesh - 201374",train,clean
P04672,tamil,F,Keerthana,Velu,given_father,Keerthana Velu,Velu,2004-08-17,"No. 223, Station Road, Kakkanad, Jaipur, Rajasthan - 302699",train,needs_review
P04673,north,F,Simran,Singh,given_surname,Simran Singh,Rohit Singh,2002-07-29,"No. 3, Market Street, Jayanagar, Coimbatore, Tamil Nadu - 641097",train,needs_review
P04674,kannada,M,Darshan,Gowda,given_surname,Darshan Gowda,Satish Gowda,2005-02-21,"No. 2, Market Street, Jayanagar, Madurai, Tamil Nadu - 625410",val,clean
P04675,bengali,F,Tanushree,Ghosh,given_surname,Tanushree Ghosh,Subhajit Ghosh,1998-10-31,"No. 7, Market Street, Salt Lake, Noida, Uttar Pradesh - 201741",val,clean
P04676,north,F,Sushma,Agarwal,given_surname,Sushma Agarwal,Sandeep Agarwal,2005-07-25,"No. 162, 2nd Main, Saket, Noida, Uttar Pradesh - 201383",val,needs_review
P04677,tamil,M,Siva,Kannan,given_father,Siva Kannan,Kannan,2000-09-05,"No. 152, 2nd Main, Malviya Nagar, Noida, Uttar Pradesh - 201164",test,clean
P04678,north,M,Rohit,Yadav,given_surname,Rohit Yadav,Sandeep Yadav,2005-01-10,"No. 238, Station Road, Koramangala, Madurai, Tamil Nadu - 625177",test,needs_review
P04679,muslim,F,Sana,Qureshi,given_surname,Sana Qureshi,Imran Qureshi,2002-04-19,"No. 101, Church Street, Jayanagar, Kochi, Kerala - 682003",test,clean
P04680,malayalam,F,Sruthi,Kurup,given_surname,Sruthi Kurup,Sanju Kurup,1999-09-12,"No. 132, Church Street, Banjara Hills, Jaipur, Rajasthan - 302050",train,needs_review
P04681,kannada,M,Shashank,Shetty,given_surname,Shashank Shetty,Puneeth Shetty,2000-07-04,"No. 120, Cross Road, Jayanagar, Noida, Uttar Pradesh - 201195",train,clean
P04682,telugu,M,Naresh,Varma,given_surname,Naresh Varma,Prasad Varma,2000-03-06,"No. 151, Temple Street, Sector 62, Madurai, Tamil Nadu - 625559",train,clean
P04683,north,F,Simran,Sharma,given_surname,Simran Sharma,Gaurav Sharma,1999-09-05,"No. 102, 2nd Main, Navrangpura, Madurai, Tamil Nadu - 625420",train,clean
P04684,north,M,Sandeep,Sharma,given_surname,Sandeep Sharma,Rohit Sharma,1998-03-14,"No. 55, MG Road, Indiranagar, Mumbai, Maharashtra - 400588",train,critical
P04685,north,F,Shreya,Verma,given_surname,Shreya Verma,Rohit Verma,2003-06-14,"No. 193, Station Road, Malviya Nagar, Hyderabad, Telangana - 500167",train,critical
P04686,bengali,F,Ananya,Roy,given_surname,Ananya Roy,Sourav Roy,2004-05-29,"No. 153, Church Street, Kothrud, Madurai, Tamil Nadu - 625982",train,clean
P04687,bengali,M,Rajib,Mukherjee,given_surname,Rajib Mukherjee,Sayan Mukherjee,1999-05-07,"No. 222, 2nd Main, Saket, Kolkata, West Bengal - 700188",train,clean
P04688,north,F,Sneha,Singh,given_surname,Sneha Singh,Rahul Singh,2000-07-09,"No. 206, Cross Road, Navrangpura, Madurai, Tamil Nadu - 625514",train,clean
P04689,malayalam,F,Sruthi,Panicker,given_surname,Sruthi Panicker,Sreejith Panicker,1998-12-27,"No. 245, Market Street, Anna Nagar, Madurai, Tamil Nadu - 625620",train,needs_review
P04690,telugu,M,Srinivas,Raju,given_surname,Srinivas Raju,Venkatesh Raju,2004-08-21,"No. 195, Nehru Street, Saket, Ahmedabad, Gujarat - 380640",train,needs_review
P04691,tamil,M,Babu,Siva,given_father,Babu Siva,Siva,2001-07-01,"No. 152, Main Road, Kakkanad, Delhi, Delhi - 110134",train,needs_review
P04692,muslim,M,Arif,Ansari,given_surname,Arif Ansari,Abdul Ansari,2004-06-02,"No. 101, Main Road, Anna Nagar, Kochi, Kerala - 682234",train,clean
P04693,north,F,Anjali,Verma,given_surname,Anjali Verma,Pradeep Verma,1998-10-11,"No. 15, Gandhi Road, Sector 62, Chennai, Tamil Nadu - 600578",train,clean
P04694,malayalam,F,Anjali,Pillai,given_surname,Anjali Pillai,Rahul Pillai,2000-09-12,"No. 57, Main Road, Indiranagar, Madurai, Tamil Nadu - 625036",val,critical
P04695,tamil,M,Vignesh,Madhavan,given_father,Vignesh Madhavan,Madhavan,1998-11-26,"No. 12, Station Road, Malviya Nagar, Delhi, Delhi - 110408",val,critical
P04696,north,M,Amit,Gupta,given_surname,Amit Gupta,Deepak Gupta,2000-05-06,"No. 101, 4th Cross, Jayanagar, Noida, Uttar Pradesh - 201060",val,needs_review
P04697,malayalam,M,Akhil,Kurup,given_surname,Akhil Kurup,Rahul Kurup,1999-03-15,"No. 232, Market Street, Salt Lake, Delhi, Delhi - 110945",test,clean
P04698,north,F,Riya,Agarwal,given_surname,Riya Agarwal,Amit Agarwal,2002-10-21,"No. 18, Park Avenue, Velachery, Jaipur, Rajasthan - 302688",test,critical
P04699,tamil,M,Velu,Vignesh,given_father,Velu Vignesh,Vignesh,2003-08-25,"No. 141, Cross Road, Indiranagar, Ahmedabad, Gujarat - 380045",test,needs_review
P04700,christian,M,Daniel,D'Souza,given_surname,Daniel D'Souza,John D'Souza,2000-02-20,"No. 84, 2nd Main, Kothrud, Noida, Uttar Pradesh - 201586",train,needs_review
P04701,muslim,F,Rukhsar,Ansari,given_surname,Rukhsar Ansari,Irfan Ansari,2000-05-07,"No. 124, Lake View Road, Andheri, Chennai, Tamil Nadu - 600453",train,clean
P04702,tamil,M,Manikandan,Elango,given_father,Manikandan Elango,Elango,1999-09-03,"No. 33, Lake View Road, Velachery, Kolkata, West Bengal - 700121",train,clean
P04703,malayalam,M,Nikhil,Kurup,given_surname,Nikhil Kurup,Sreejith Kurup,2001-10-25,"No. 213, Nehru Street, Banjara Hills, Bengaluru, Karnataka - 560210",train,clean
P04704,malayalam,M,Jithin,Menon,given_surname,Jithin Menon,Nikhil Menon,2005-05-11,"No. 116, Main Road, Velachery, Hyderabad, Telangana - 500716",train,clean
P04705,telugu,M,Suresh,Rao,given_surname,Suresh Rao,Krishna Rao,2003-11-30,"No. 100, Cross Road, Indiranagar, Mysuru, Karnataka - 570046",train,needs_review
P04706,telugu,F,Swathi,Raju,given_surname,Swathi Raju,Suresh Raju,2004-02-04,"No. 105, 2nd Main, Andheri, Kochi, Kerala - 682061",train,clean
P04707,christian,M,Joel,Mathew,given_surname,Joel Mathew,John Mathew,2000-11-30,"No. 129, Market Street, Banjara Hills, Kolkata, West Bengal - 700873",train,critical
P04708,bengali,M,Anirban,Banerjee,given_surname,Anirban Banerjee,Abhijit Banerjee,2002-12-23,"No. 166, 4th Cross, Velachery, Madurai, Tamil Nadu - 625969",train,clean
P04709,north,M,Vikram,Pandey,given_surname,Vikram Pandey,Gaurav Pandey,1999-12-22,"No. 199, Church Street, Kothrud, Noida, Uttar Pradesh - 201340",train,clean
P04710,kannada,M,Puneeth,Bhat,given_surname,Puneeth Bhat,Prashanth Bhat,1998-07-12,"No. 123, 2nd Main, Salt Lake, Madurai, Tamil Nadu - 625128",train,clean
P04711,north,F,Anjali,Verma,given_surname,Anjali Verma,Sumit Verma,1998-09-11,"No. 199, Station Road, Jayanagar, Chennai, Tamil Nadu - 600228",train,clean
P04712,malayalam,F,Reshma,Varghese,given_surname,Reshma Varghese,Nikhil Varghese,2000-03-09,"No. 191, Gandhi Road, T Nagar, Mysuru, Karnataka - 570911",train,clean
P04713,bengali,M,Arnab,Bose,given_surname,Arnab Bose,Subhajit Bose,1999-05-16,"No. 40, Cross Road, Kakkanad, Kolkata, West Bengal - 700577",train,clean
P04714,christian,F,Teresa,Thomas,given_surname,Teresa Thomas,Daniel Thomas,2000-02-11,"No. 111, Lake View Road, T Nagar, Jaipur, Rajasthan - 302972",val,clean
P04715,tamil,F,Meena,Selvam,given_father,Meena Selvam,Selvam,2004-05-21,"No. 24, Nehru Street, Navrangpura, Chennai, Tamil Nadu - 600361",val,clean
P04716,tamil,F,Nithya,Balaji,given_father,Nithya Balaji,Balaji,2002-08-19,"No. 179, Gandhi Road, Banjara Hills, Delhi, Delhi - 110572",val,needs_review
P04717,malayalam,F,Divya,Menon,given_surname,Divya Menon,Hari Menon,2005-06-10,"No. 201, Temple Street, Jayanagar, Madurai, Tamil Nadu - 625319",test,clean
P04718,north,F,Anjali,Mishra,given_surname,Anjali Mishra,Pradeep Mishra,2004-12-24,"No. 61, Main Road, Kakkanad, Kochi, Kerala - 682061",test,clean
P04719,muslim,F,Heena,Sheikh,given_surname,Heena Sheikh,Imran Sheikh,1999-06-13,"No. 162, Station Road, Anna Nagar, Kolkata, West Bengal - 700515",test,clean
P04720,tamil,F,Lakshmi,Kannan,given_father,Lakshmi Kannan,Kannan,2003-05-25,"No. 187, Market Street, Salt Lake, Thiruvananthapuram, Kerala - 695730",train,clean
P04721,north,F,Sushma,Singh,given_surname,Sushma Singh,Sanjay Singh,2002-01-17,"No. 221, Cross Road, Anna Nagar, Kochi, Kerala - 682848",train,clean
P04722,north,F,Sushma,Verma,given_surname,Sushma Verma,Rahul Verma,1999-02-17,"No. 28, Church Street, Saket, Kochi, Kerala - 682042",train,needs_review
P04723,muslim,F,Sana,Qureshi,given_surname,Sana Qureshi,Farhan Qureshi,1999-01-28,"No. 182, Station Road, Saket, Jaipur, Rajasthan - 302586",train,clean
P04724,telugu,F,Madhuri,Chowdary,given_surname,Madhuri Chowdary,Krishna Chowdary,2001-07-13,"No. 31, Park Avenue, Kakkanad, Bengaluru, Karnataka - 560998",train,clean
P04725,marathi_gujarati,F,Hetal,Deshpande,given_surname,Hetal Deshpande,Nikhil Deshpande,2000-05-29,"No. 189, Gandhi Road, Koramangala, Hyderabad, Telangana - 500519",train,needs_review
P04726,north,F,Ritu,Mishra,given_surname,Ritu Mishra,Vikram Mishra,2002-04-23,"No. 56, Lake View Road, Kothrud, Thiruvananthapuram, Kerala - 695429",train,critical
P04727,north,M,Rahul,Pandey,given_surname,Rahul Pandey,Vikram Pandey,1999-12-02,"No. 179, 4th Cross, Navrangpura, Mysuru, Karnataka - 570498",train,needs_review
P04728,malayalam,M,Vishnu,Varghese,given_surname,Vishnu Varghese,Nikhil Varghese,2004-06-28,"No. 239, Cross Road, Kakkanad, Ahmedabad, Gujarat - 380111",train,clean
P04729,christian,F,Jennifer,D'Souza,given_surname,Jennifer D'Souza,Samuel D'Souza,2002-12-09,"No. 136, Station Road, Saket, Mysuru, Karnataka - 570294",train,critical
P04730,christian,M,John,Joseph,given_surname,John Joseph,Samuel Joseph,2003-01-01,"No. 115, Cross Road, Salt Lake, Kochi, Kerala - 682772",train,needs_review
P04731,malayalam,M,Sreejith,Kurup,given_surname,Sreejith Kurup,Anand Kurup,1999-08-06,"No. 113, Temple Street, Kakkanad, Chennai, Tamil Nadu - 600866",train,clean
P04732,kannada,F,Geetha,Rao,given_surname,Geetha Rao,Manjunath Rao,2002-05-03,"No. 182, 2nd Main, Jayanagar, Madurai, Tamil Nadu - 625815",train,clean
P04733,tamil,M,Raju,Prakash,given_father,Raju Prakash,Prakash,2000-08-16,"No. 241, Lake View Road, T Nagar, Thiruvananthapuram, Kerala - 695088",train,clean
P04734,north,F,Ritu,Singh,given_surname,Ritu Singh,Sumit Singh,1999-11-09,"No. 7, Station Road, Anna Nagar, Noida, Uttar Pradesh - 201977",val,clean
P04735,muslim,M,Mohammed,Qureshi,given_surname,Mohammed Qureshi,Farhan Qureshi,2003-01-11,"No. 73, Cross Road, Malviya Nagar, Kolkata, West Bengal - 700767",val,clean
P04736,kannada,M,Naveen,Gowda,given_surname,Naveen Gowda,Puneeth Gowda,2005-06-09,"No. 68, 4th Cross, Saket, Ahmedabad, Gujarat - 380210",val,clean
P04737,marathi_gujarati,F,Krupa,Desai,given_surname,Krupa Desai,Aniket Desai,1999-04-28,"No. 21, Market Street, Navrangpura, Pune, Maharashtra - 411801",test,clean
P04738,telugu,M,Chaitanya,Raju,given_surname,Chaitanya Raju,Ravi Raju,2001-10-25,"No. 131, Cross Road, Anna Nagar, Bengaluru, Karnataka - 560562",test,clean
P04739,tamil,M,Babu,Kannan,given_father,Babu Kannan,Kannan,2004-04-08,"No. 162, Park Avenue, Banjara Hills, Mysuru, Karnataka - 570609",test,needs_review
P04740,tamil,F,Yamini,Velu,given_father,Yamini Velu,Velu,2001-07-13,"No. 225, MG Road, Anna Nagar, Hyderabad, Telangana - 500871",train,clean
P04741,north,M,Ankit,Singh,given_surname,Ankit Singh,Rahul Singh,1999-10-03,"No. 214, Market Street, T Nagar, Mumbai, Maharashtra - 400584",train,needs_review
P04742,telugu,M,Krishna,Reddy,given_surname,Krishna Reddy,Prasad Reddy,2005-09-27,"No. 181, Cross Road, Navrangpura, Noida, Uttar Pradesh - 201888",train,clean
P04743,muslim,M,Sameer,Ansari,given_surname,Sameer Ansari,Irfan Ansari,2004-02-05,"No. 164, Temple Street, Saket, Ahmedabad, Gujarat - 380560",train,clean
P04744,north,F,Sneha,Pandey,given_surname,Sneha Pandey,Gaurav Pandey,2000-07-31,"No. 162, Gandhi Road, Anna Nagar, Kolkata, West Bengal - 700092",train,clean
P04745,tamil,F,Malathi,Ramesh,given_father,Malathi Ramesh,Ramesh,1998-02-25,"No. 92, Church Street, Banjara Hills, Bengaluru, Karnataka - 560567",train,clean
P04746,bengali,M,Debashis,Bose,given_surname,Debashis Bose,Sourav Bose,2004-08-03,"No. 121, 2nd Main, Jayanagar, Ahmedabad, Gujarat - 380705",train,needs_review
P04747,telugu,M,Krishna,Chowdary,given_surname,Krishna Chowdary,Kiran Chowdary,2002-05-02,"No. 127, Nehru Street, Andheri, Noida, Uttar Pradesh - 201461",train,needs_review
P04748,bengali,F,Tanushree,Mukherjee,given_surname,Tanushree Mukherjee,Abhijit Mukherjee,2000-05-25,"No. 210, Market Street, Indiranagar, Delhi, Delhi - 110809",train,needs_review
P04749,muslim,M,Imran,Sheikh,given_surname,Imran Sheikh,Salman Sheikh,2002-06-19,"No. 94, Lake View Road, Kakkanad, Noida, Uttar Pradesh - 201342",train,clean
P04750,marathi_gujarati,F,Snehal,Joshi,given_surname,Snehal Joshi,Tejas Joshi,2003-12-13,"No. 76, Cross Road, Saket, Mumbai, Maharashtra - 400192",train,clean
P04751,north,F,Pooja,Agarwal,given_surname,Pooja Agarwal,Ajay Agarwal,2001-10-24,"No. 170, MG Road, Banjara Hills, Ahmedabad, Gujarat - 380990",train,clean
P04752,kannada,M,Satish,Rao,given_surname,Satish Rao,Girish Rao,2000-02-13,"No. 152, Nehru Street, Sector 62, Pune, Maharashtra - 411716",train,clean
P04753,north,M,Gaurav,Verma,given_surname,Gaurav Verma,Sandeep Verma,2001-03-02,"No. 185, Park Avenue, Banjara Hills, Bengaluru, Karnataka - 560322",train,clean
P04754,north,M,Sanjay,Agarwal,given_surname,Sanjay Agarwal,Ankit Agarwal,1998-09-23,"No. 19, Church Street, Indiranagar, Chennai, Tamil Nadu - 600650",val,clean
P04755,telugu,F,Lavanya,Rao,given_surname,Lavanya Rao,Kiran Rao,1998-02-01,"No. 145, MG Road, Velachery, Mumbai, Maharashtra - 400483",val,clean
P04756,north,M,Gaurav,Chauhan,given_surname,Gaurav Chauhan,Rohit Chauhan,2003-09-08,"No. 95, Main Road, Koramangala, Kolkata, West Bengal - 700994",val,critical
P04757,marathi_gujarati,F,Dhwani,Mehta,given_surname,Dhwani Mehta,Omkar Mehta,2005-12-26,"No. 109, Market Street, Malviya Nagar, Mumbai, Maharashtra - 400702",test,clean
P04758,kannada,M,Shashank,Rao,given_surname,Shashank Rao,Harish Rao,2000-03-21,"No. 246, Nehru Street, Jayanagar, Jaipur, Rajasthan - 302641",test,needs_review
P04759,north,M,Ajay,Singh,given_surname,Ajay Singh,Sumit Singh,2003-08-19,"No. 188, Market Street, Sector 62, Coimbatore, Tamil Nadu - 641231",test,needs_review
P04760,malayalam,F,Sruthi,Menon,given_surname,Sruthi Menon,Rahul Menon,2003-03-19,"No. 33, Gandhi Road, Velachery, Kochi, Kerala - 682142",train,critical
P04761,telugu,F,Madhuri,Varma,given_surname,Madhuri Varma,Srinivas Varma,1998-08-09,"No. 30, 2nd Main, T Nagar, Bengaluru, Karnataka - 560921",train,critical
P04762,north,M,Rohit,Gupta,given_surname,Rohit Gupta,Pradeep Gupta,1999-10-25,"No. 68, Gandhi Road, Salt Lake, Jaipur, Rajasthan - 302236",train,clean
P04763,telugu,M,Ravi,Raju,given_surname,Ravi Raju,Mahesh Raju,2000-07-29,"No. 57, Main Road, Navrangpura, Ahmedabad, Gujarat - 380940",train,clean
P04764,tamil,M,Manikandan,Sundar,given_father,Manikandan Sundar,Sundar,2000-01-05,"No. 30, Main Road, Kakkanad, Ahmedabad, Gujarat - 380029",train,critical
P04765,north,M,Rohit,Sharma,given_surname,Rohit Sharma,Gaurav Sharma,1999-02-27,"No. 154, Station Road, Koramangala, Thiruvananthapuram, Kerala - 695420",train,clean
P04766,christian,M,David,Fernandes,given_surname,David Fernandes,Joseph Fernandes,2004-09-05,"No. 135, Station Road, T Nagar, Mumbai, Maharashtra - 400551",train,clean
P04767,kannada,M,Prashanth,Kulkarni,given_surname,Prashanth Kulkarni,Girish Kulkarni,2003-07-10,"No. 157, Cross Road, Jayanagar, Noida, Uttar Pradesh - 201306",train,clean
P04768,tamil,F,Priya,Raju,given_father,Priya Raju,Raju,2000-02-12,"No. 98, 2nd Main, Saket, Hyderabad, Telangana - 500522",train,critical
P04769,kannada,F,Rashmi,Gowda,given_surname,Rashmi Gowda,Puneeth Gowda,2004-05-26,"No. 114, Park Avenue, T Nagar, Mysuru, Karnataka - 570419",train,clean
P04770,tamil,F,Indhu,Elango,given_father,Indhu Elango,Elango,2002-07-26,"No. 187, Church Street, Salt Lake, Pune, Maharashtra - 411238",train,clean
P04771,telugu,M,Mahesh,Raju,given_surname,Mahesh Raju,Krishna Raju,2004-07-14,"No. 129, Market Street, Andheri, Kolkata, West Bengal - 700573",train,clean
P04772,muslim,M,Sameer,Qureshi,given_surname,Sameer Qureshi,Salman Qureshi,1998-09-06,"No. 53, MG Road, Navrangpura, Mysuru, Karnataka - 570582",train,critical
P04773,christian,M,David,Pereira,given_surname,David Pereira,Daniel Pereira,2005-01-26,"No. 120, Cross Road, Indiranagar, Mumbai, Maharashtra - 400674",train,needs_review
P04774,tamil,M,Saravanan,Vignesh,given_father,Saravanan Vignesh,Vignesh,2001-06-12,"No. 67, Lake View Road, Kakkanad, Thiruvananthapuram, Kerala - 695570",val,clean
P04775,marathi_gujarati,M,Sagar,Deshpande,given_surname,Sagar Deshpande,Tejas Deshpande,2003-04-24,"No. 198, MG Road, Saket, Chennai, Tamil Nadu - 600935",val,needs_review
P04776,tamil,M,Siva,Ramesh,given_father,Siva Ramesh,Ramesh,2003-06-02,"No. 123, Park Avenue, T Nagar, Chennai, Tamil Nadu - 600152",val,clean
P04777,north,F,Priyanka,Pandey,given_surname,Priyanka Pandey,Rohit Pandey,2004-12-08,"No. 133, 4th Cross, Kothrud, Kochi, Kerala - 682291",test,clean
P04778,tamil,M,Saravanan,Kannan,given_father,Saravanan Kannan,Kannan,2000-10-27,"No. 163, 2nd Main, Banjara Hills, Ahmedabad, Gujarat - 380779",test,clean
P04779,north,M,Amit,Tiwari,given_surname,Amit Tiwari,Ajay Tiwari,2000-01-30,"No. 230, 2nd Main, Kothrud, Jaipur, Rajasthan - 302604",test,clean
P04780,marathi_gujarati,F,Madhuri,Kulkarni,given_surname,Madhuri Kulkarni,Omkar Kulkarni,2002-08-08,"No. 235, 2nd Main, Sector 62, Coimbatore, Tamil Nadu - 641405",train,needs_review
P04781,marathi_gujarati,M,Parth,Kulkarni,given_surname,Parth Kulkarni,Sagar Kulkarni,1999-05-08,"No. 212, Nehru Street, Koramangala, Mysuru, Karnataka - 570877",train,clean
P04782,north,F,Riya,Yadav,given_surname,Riya Yadav,Sanjay Yadav,2003-11-02,"No. 168, 2nd Main, Malviya Nagar, Mumbai, Maharashtra - 400979",train,clean
P04783,tamil,M,Raju,Arun,given_father,Raju Arun,Arun,2004-05-10,"No. 97, MG Road, Jayanagar, Noida, Uttar Pradesh - 201603",train,needs_review
P04784,tamil,F,Gayathri,Arun,given_father,Gayathri Arun,Arun,1999-02-11,"No. 176, Main Road, Velachery, Kolkata, West Bengal - 700441",train,critical
P04785,marathi_gujarati,M,Tejas,Patil,given_surname,Tejas Patil,Jay Patil,2000-11-07,"No. 109, Main Road, Kakkanad, Pune, Maharashtra - 411741",train,clean
P04786,malayalam,M,Jithin,Pillai,given_surname,Jithin Pillai,Nikhil Pillai,1998-10-21,"No. 187, Cross Road, Jayanagar, Kochi, Kerala - 682468",train,clean
P04787,tamil,M,Saravanan,Elango,given_father,Saravanan Elango,Elango,2004-11-13,"No. 177, Market Street, Velachery, Delhi, Delhi - 110724",train,clean
P04788,malayalam,F,Gopika,Pillai,given_surname,Gopika Pillai,Nikhil Pillai,2000-12-02,"No. 88, 4th Cross, Anna Nagar, Kochi, Kerala - 682001",train,clean
P04789,kannada,M,Shashank,Shetty,given_surname,Shashank Shetty,Puneeth Shetty,2003-06-30,"No. 226, Cross Road, Navrangpura, Delhi, Delhi - 110134",train,critical
P04790,north,M,Deepak,Verma,given_surname,Deepak Verma,Sanjay Verma,2000-07-24,"No. 106, Lake View Road, Kakkanad, Bengaluru, Karnataka - 560873",train,clean
P04791,north,M,Ankit,Chauhan,given_surname,Ankit Chauhan,Pradeep Chauhan,2005-01-15,"No. 198, Park Avenue, Anna Nagar, Noida, Uttar Pradesh - 201705",train,critical
P04792,malayalam,M,Sreejith,Kurup,given_surname,Sreejith Kurup,Rahul Kurup,2005-07-02,"No. 50, MG Road, Salt Lake, Hyderabad, Telangana - 500965",train,clean
P04793,malayalam,F,Aswathy,Menon,given_surname,Aswathy Menon,Sreejith Menon,1999-04-12,"No. 193, Market Street, Kothrud, Jaipur, Rajasthan - 302056",train,clean
P04794,telugu,F,Jyothi,Rao,given_surname,Jyothi Rao,Prasad Rao,2003-12-17,"No. 132, Cross Road, Kakkanad, Delhi, Delhi - 110045",val,needs_review
P04795,tamil,M,Kumar,Madhavan,given_father,Kumar Madhavan,Madhavan,2004-08-31,"No. 105, 2nd Main, Jayanagar, Noida, Uttar Pradesh - 201084",val,clean
P04796,north,M,Vikram,Yadav,given_surname,Vikram Yadav,Rahul Yadav,2005-12-13,"No. 181, 2nd Main, Koramangala, Bengaluru, Karnataka - 560349",val,needs_review
P04797,kannada,M,Satish,Gowda,given_surname,Satish Gowda,Harish Gowda,1999-08-02,"No. 193, 2nd Main, Velachery, Madurai, Tamil Nadu - 625007",test,clean
P04798,malayalam,F,Gopika,Varghese,given_surname,Gopika Varghese,Hari Varghese,1999-05-12,"No. 184, Church Street, Jayanagar, Thiruvananthapuram, Kerala - 695535",test,needs_review
P04799,north,M,Sandeep,Yadav,given_surname,Sandeep Yadav,Ankit Yadav,2005-05-31,"No. 73, Temple Street, Kothrud, Pune, Maharashtra - 411058",test,clean
P04800,malayalam,M,Nikhil,Panicker,given_surname,Nikhil Panicker,Arjun Panicker,1999-07-26,"No. 91, Gandhi Road, Indiranagar, Noida, Uttar Pradesh - 201377",train,needs_review
P04801,muslim,F,Heena,Syed,given_surname,Heena Syed,Salman Syed,2003-08-18,"No. 249, Gandhi Road, Sector 62, Noida, Uttar Pradesh - 201042",train,clean
P04802,telugu,F,Jyothi,Rao,given_surname,Jyothi Rao,Ravi Rao,2005-04-01,"No. 213, 4th Cross, T Nagar, Jaipur, Rajasthan - 302794",train,clean
P04803,muslim,M,Irfan,Sheikh,given_surname,Irfan Sheikh,Salman Sheikh,2004-03-20,"No. 29, Station Road, Banjara Hills, Mumbai, Maharashtra - 400800",train,clean
P04804,telugu,F,Madhuri,Chowdary,given_surname,Madhuri Chowdary,Suresh Chowdary,2002-08-21,"No. 122, 2nd Main, Koramangala, Jaipur, Rajasthan - 302836",train,clean
P04805,marathi_gujarati,F,Rutuja,Mehta,given_surname,Rutuja Mehta,Tejas Mehta,2003-03-17,"No. 108, 4th Cross, Sector 62, Kolkata, West Bengal - 700041",train,clean
P04806,christian,F,Sharon,Pereira,given_surname,Sharon Pereira,Joseph Pereira,2005-02-21,"No. 203, Temple Street, Banjara Hills, Hyderabad, Telangana - 500907",train,clean
P04807,tamil,M,Siva,Ramesh,given_father,Siva Ramesh,Ramesh,2005-07-06,"No. 125, Market Street, Indiranagar, Kolkata, West Bengal - 700427",train,needs_review
P04808,christian,M,Joel,Fernandes,given_surname,Joel Fernandes,John Fernandes,1999-08-19,"No. 161, MG Road, Salt Lake, Kolkata, West Bengal - 700816",train,clean
P04809,telugu,M,Kiran,Reddy,given_surname,Kiran Reddy,Suresh Reddy,2001-03-10,"No. 236, Park Avenue, Velachery, Chennai, Tamil Nadu - 600496",train,needs_review
P04810,north,F,Sneha,Mishra,given_surname,Sneha Mishra,Amit Mishra,2004-04-03,"No. 127, Station Road, Sector 62, Delhi, Delhi - 110441",train,clean
P04811,north,F,Neha,Sharma,given_surname,Neha Sharma,Rohit Sharma,2001-04-24,"No. 135, Nehru Street, Indiranagar, Noida, Uttar Pradesh - 201408",train,clean
P04812,tamil,F,Sangeetha,Sundar,given_father,Sangeetha Sundar,Sundar,2002-03-13,"No. 224, Nehru Street, Saket, Bengaluru, Karnataka - 560008",train,clean
P04813,north,M,Pradeep,Verma,given_surname,Pradeep Verma,Ajay Verma,2005-01-12,"No. 30, 2nd Main, Indiranagar, Madurai, Tamil Nadu - 625671",train,needs_review
P04814,muslim,M,Irfan,Sheikh,given_surname,Irfan Sheikh,Farhan Sheikh,2005-03-19,"No. 67, Temple Street, Kothrud, Ahmedabad, Gujarat - 380814",val,needs_review
P04815,kannada,M,Shashank,Bhat,given_surname,Shashank Bhat,Satish Bhat,1998-04-29,"No. 243, Gandhi Road, Navrangpura, Hyderabad, Telangana - 500581",val,clean
P04816,north,F,Neha,Singh,given_surname,Neha Singh,Gaurav Singh,2001-07-22,"No. 134, Gandhi Road, Sector 62, Coimbatore, Tamil Nadu - 641842",val,critical
P04817,kannada,F,Kavitha,Shetty,given_surname,Kavitha Shetty,Manjunath Shetty,2001-03-09,"No. 187, Gandhi Road, Andheri, Bengaluru, Karnataka - 560593",test,clean
P04818,north,F,Sneha,Mishra,given_surname,Sneha Mishra,Amit Mishra,2000-03-12,"No. 171, 2nd Main, Anna Nagar, Jaipur, Rajasthan - 302666",test,clean
P04819,kannada,M,Puneeth,Bhat,given_surname,Puneeth Bhat,Naveen Bhat,2005-11-28,"No. 173, 4th Cross, Saket, Thiruvananthapuram, Kerala - 695853",test,clean
P04820,malayalam,F,Gopika,Menon,given_surname,Gopika Menon,Jithin Menon,1999-11-12,"No. 162, Temple Street, Kakkanad, Pune, Maharashtra - 411068",train,clean
P04821,telugu,F,Lavanya,Chowdary,given_surname,Lavanya Chowdary,Srinivas Chowdary,2005-01-06,"No. 46, MG Road, Anna Nagar, Mumbai, Maharashtra - 400955",train,needs_review
P04822,tamil,F,Nithya,Arun,given_father,Nithya Arun,Arun,2003-05-07,"No. 8, 4th Cross, Banjara Hills, Thiruvananthapuram, Kerala - 695513",train,clean
P04823,muslim,M,Salman,Pathan,given_surname,Salman Pathan,Farhan Pathan,2001-02-12,"No. 171, 4th Cross, Indiranagar, Kolkata, West Bengal - 700963",train,clean
P04824,tamil,M,Senthil,Kannan,given_father,Senthil Kannan,Kannan,2005-12-22,"No. 22, Cross Road, Malviya Nagar, Thiruvananthapuram, Kerala - 695797",train,clean
P04825,bengali,F,Debjani,Das,given_surname,Debjani Das,Sourav Das,2001-06-20,"No. 233, Cross Road, Malviya Nagar, Kolkata, West Bengal - 700000",train,clean
P04826,christian,M,Daniel,Thomas,given_surname,Daniel Thomas,John Thomas,2002-02-10,"No. 3, Lake View Road, Saket, Kochi, Kerala - 682996",train,clean
P04827,north,F,Pooja,Mishra,given_surname,Pooja Mishra,Ankit Mishra,2000-03-19,"No. 161, Lake View Road, Navrangpura, Noida, Uttar Pradesh - 201244",train,critical
P04828,muslim,F,Rukhsar,Ansari,given_surname,Rukhsar Ansari,Irfan Ansari,2004-05-19,"No. 118, 4th Cross, Navrangpura, Delhi, Delhi - 110383",train,clean
P04829,muslim,M,Salman,Sheikh,given_surname,Salman Sheikh,Irfan Sheikh,2002-12-02,"No. 222, Church Street, T Nagar, Ahmedabad, Gujarat - 380965",train,clean
P04830,tamil,M,Karthik,Velu,given_father,Karthik Velu,Velu,2002-08-02,"No. 104, Market Street, Navrangpura, Mysuru, Karnataka - 570003",train,critical
P04831,north,M,Sandeep,Agarwal,given_surname,Sandeep Agarwal,Rahul Agarwal,2005-08-23,"No. 34, Park Avenue, Banjara Hills, Thiruvananthapuram, Kerala - 695308",train,critical
P04832,north,F,Riya,Singh,given_surname,Riya Singh,Sumit Singh,1998-07-06,"No. 120, Park Avenue, Sector 62, Mumbai, Maharashtra - 400951",train,critical
P04833,north,M,Amit,Chauhan,given_surname,Amit Chauhan,Vikram Chauhan,2000-08-20,"No. 196, Nehru Street, Sector 62, Pune, Maharashtra - 411497",train,clean
P04834,bengali,F,Tanushree,Bose,given_surname,Tanushree Bose,Abhijit Bose,2004-11-30,"No. 240, Park Avenue, Jayanagar, Kolkata, West Bengal - 700889",val,clean
P04835,tamil,M,Selvam,Kannan,given_father,Selvam Kannan,Kannan,2003-11-24,"No. 237, Lake View Road, Velachery, Mysuru, Karnataka - 570085",val,clean
P04836,tamil,M,Murugan,Kannan,given_father,Murugan Kannan,Kannan,1998-12-17,"No. 170, Lake View Road, Saket, Pune, Maharashtra - 411337",val,critical
P04837,tamil,M,Karthik,Balaji,given_father,Karthik Balaji,Balaji,2003-11-24,"No. 81, Gandhi Road, Kothrud, Delhi, Delhi - 110067",test,clean
P04838,malayalam,M,Rahul,Kurup,given_surname,Rahul Kurup,Anand Kurup,2000-12-17,"No. 189, Station Road, Andheri, Jaipur, Rajasthan - 302728",test,clean
P04839,north,M,Deepak,Tiwari,given_surname,Deepak Tiwari,Vikram Tiwari,2004-07-02,"No. 197, Park Avenue, T Nagar, Coimbatore, Tamil Nadu - 641579",test,clean
P04840,muslim,M,Abdul,Pathan,given_surname,Abdul Pathan,Arif Pathan,2005-07-27,"No. 24, 2nd Main, Andheri, Coimbatore, Tamil Nadu - 641903",train,clean
P04841,kannada,F,Spoorthi,Kulkarni,given_surname,Spoorthi Kulkarni,Puneeth Kulkarni,2002-07-24,"No. 48, Park Avenue, Kakkanad, Delhi, Delhi - 110104",train,needs_review
P04842,malayalam,F,Anagha,Kurup,given_surname,Anagha Kurup,Sanju Kurup,2001-10-31,"No. 160, Church Street, Koramangala, Thiruvananthapuram, Kerala - 695383",train,clean
P04843,marathi_gujarati,M,Jay,Desai,given_surname,Jay Desai,Harsh Desai,2001-02-06,"No. 123, Park Avenue, T Nagar, Kochi, Kerala - 682511",train,clean
P04844,north,F,Neha,Singh,given_surname,Neha Singh,Ajay Singh,2001-07-24,"No. 240, Nehru Street, Sector 62, Coimbatore, Tamil Nadu - 641170",train,clean
P04845,telugu,M,Venkatesh,Reddy,given_surname,Venkatesh Reddy,Ravi Reddy,1999-05-26,"No. 223, Lake View Road, Anna Nagar, Delhi, Delhi - 110859",train,needs_review
P04846,tamil,M,Sundar,Velu,given_father,Sundar Velu,Velu,1998-01-19,"No. 138, Nehru Street, Koramangala, Thiruvananthapuram, Kerala - 695502",train,needs_review
P04847,north,M,Rahul,Sharma,given_surname,Rahul Sharma,Pradeep Sharma,1998-10-17,"No. 101, 4th Cross, Kothrud, Noida, Uttar Pradesh - 201979",train,needs_review
P04848,christian,M,Joel,Fernandes,given_surname,Joel Fernandes,David Fernandes,2000-09-05,"No. 103, 2nd Main, Saket, Coimbatore, Tamil Nadu - 641142",train,critical
P04849,christian,F,Jennifer,Mathew,given_surname,Jennifer Mathew,Daniel Mathew,2000-06-07,"No. 159, Lake View Road, Koramangala, Pune, Maharashtra - 411484",train,needs_review
P04850,kannada,F,Bhoomika,Bhat,given_surname,Bhoomika Bhat,Puneeth Bhat,2004-10-04,"No. 197, 4th Cross, T Nagar, Kolkata, West Bengal - 700474",train,clean
P04851,telugu,F,Swathi,Rao,given_surname,Swathi Rao,Prasad Rao,2001-04-13,"No. 217, Church Street, Malviya Nagar, Delhi, Delhi - 110903",train,needs_review
P04852,north,M,Pradeep,Verma,given_surname,Pradeep Verma,Ankit Verma,2003-10-16,"No. 123, Park Avenue, T Nagar, Delhi, Delhi - 110384",train,needs_review
P04853,kannada,M,Shashank,Bhat,given_surname,Shashank Bhat,Girish Bhat,1998-01-18,"No. 152, Park Avenue, Indiranagar, Kolkata, West Bengal - 700929",train,clean
P04854,north,F,Anjali,Agarwal,given_surname,Anjali Agarwal,Pradeep Agarwal,2001-09-01,"No. 163, Lake View Road, Jayanagar, Hyderabad, Telangana - 500099",val,clean
P04855,tamil,M,Selvam,Siva,given_father,Selvam Siva,Siva,2002-02-28,"No. 88, Market Street, Jayanagar, Hyderabad, Telangana - 500135",val,critical
P04856,telugu,F,Madhuri,Rao,given_surname,Madhuri Rao,Srinivas Rao,2005-03-24,"No. 117, 4th Cross, Andheri, Thiruvananthapuram, Kerala - 695396",val,clean
P04857,kannada,M,Prashanth,Hegde,given_surname,Prashanth Hegde,Satish Hegde,2002-09-03,"No. 37, Station Road, Koramangala, Bengaluru, Karnataka - 560756",test,clean
P04858,north,M,Sanjay,Verma,given_surname,Sanjay Verma,Sumit Verma,2002-06-19,"No. 96, Nehru Street, Salt Lake, Bengaluru, Karnataka - 560153",test,clean
P04859,bengali,M,Rajib,Chatterjee,given_surname,Rajib Chatterjee,Subhajit Chatterjee,1998-08-14,"No. 175, Lake View Road, T Nagar, Pune, Maharashtra - 411157",test,needs_review
P04860,bengali,M,Arnab,Bose,given_surname,Arnab Bose,Abhijit Bose,2004-11-12,"No. 144, Nehru Street, Navrangpura, Thiruvananthapuram, Kerala - 695296",train,clean
P04861,muslim,F,Rukhsar,Pathan,given_surname,Rukhsar Pathan,Salman Pathan,2002-12-13,"No. 180, Park Avenue, Andheri, Ahmedabad, Gujarat - 380598",train,needs_review
P04862,telugu,M,Naresh,Raju,given_surname,Naresh Raju,Mahesh Raju,2003-06-15,"No. 99, Temple Street, Malviya Nagar, Kochi, Kerala - 682385",train,needs_review
P04863,tamil,M,Madhavan,Saravanan,given_father,Madhavan Saravanan,Saravanan,2002-01-22,"No. 109, 2nd Main, Velachery, Coimbatore, Tamil Nadu - 641038",train,critical
P04864,muslim,F,Rukhsar,Syed,given_surname,Rukhsar Syed,Mohammed Syed,2000-01-28,"No. 86, Lake View Road, Malviya Nagar, Noida, Uttar Pradesh - 201004",train,critical
P04865,tamil,M,Kannan,Balaji,given_father,Kannan Balaji,Balaji,1998-08-31,"No. 62, Church Street, Velachery, Hyderabad, Telangana - 500317",train,clean
P04866,north,F,Sushma,Verma,given_surname,Sushma Verma,Amit Verma,2001-10-16,"No. 63, Temple Street, Sector 62, Pune, Maharashtra - 411133",train,needs_review
P04867,marathi_gujarati,M,Jay,Joshi,given_surname,Jay Joshi,Omkar Joshi,1998-11-04,"No. 28, 2nd Main, Andheri, Kolkata, West Bengal - 700937",train,clean
P04868,muslim,M,Imran,Ansari,given_surname,Imran Ansari,Irfan Ansari,2001-11-13,"No. 56, Gandhi Road, Indiranagar, Delhi, Delhi - 110383",train,clean
P04869,telugu,M,Prasad,Chowdary,given_surname,Prasad Chowdary,Srinivas Chowdary,2005-07-23,"No. 176, Cross Road, Navrangpura, Pune, Maharashtra - 411544",train,needs_review
P04870,christian,F,Jennifer,Joseph,given_surname,Jennifer Joseph,Joel Joseph,2000-05-31,"No. 238, Market Street, Malviya Nagar, Ahmedabad, Gujarat - 380998",train,clean
P04871,malayalam,M,Anand,Pillai,given_surname,Anand Pillai,Sanju Pillai,2000-02-12,"No. 144, Church Street, Navrangpura, Chennai, Tamil Nadu - 600251",train,clean
P04872,bengali,F,Debjani,Mukherjee,given_surname,Debjani Mukherjee,Sayan Mukherjee,2000-03-13,"No. 45, MG Road, Kakkanad, Mysuru, Karnataka - 570896",train,clean
P04873,north,M,Sandeep,Yadav,given_surname,Sandeep Yadav,Deepak Yadav,2005-04-04,"No. 92, Gandhi Road, T Nagar, Delhi, Delhi - 110616",train,critical
P04874,tamil,M,Sundar,Velu,given_father,Sundar Velu,Velu,2000-02-24,"No. 109, Nehru Street, Andheri, Noida, Uttar Pradesh - 201918",val,clean
P04875,tamil,M,Elango,Prakash,given_father,Elango Prakash,Prakash,1998-11-15,"No. 103, Gandhi Road, Banjara Hills, Mumbai, Maharashtra - 400966",val,clean
P04876,malayalam,F,Anagha,Kurup,given_surname,Anagha Kurup,Anand Kurup,2000-02-09,"No. 62, Market Street, Saket, Mumbai, Maharashtra - 400838",val,clean
P04877,bengali,F,Sreya,Banerjee,given_surname,Sreya Banerjee,Sayan Banerjee,1999-08-22,"No. 221, Main Road, Indiranagar, Hyderabad, Telangana - 500871",test,needs_review
P04878,north,F,Shreya,Sharma,given_surname,Shreya Sharma,Amit Sharma,2000-02-27,"No. 4, Church Street, Sector 62, Ahmedabad, Gujarat - 380989",test,clean
P04879,kannada,F,Sahana,Shetty,given_surname,Sahana Shetty,Girish Shetty,2002-09-28,"No. 117, Nehru Street, Navrangpura, Hyderabad, Telangana - 500717",test,clean
P04880,marathi_gujarati,F,Madhuri,Patil,given_surname,Madhuri Patil,Harsh Patil,2001-05-07,"No. 142, Temple Street, Kothrud, Thiruvananthapuram, Kerala - 695422",train,needs_review
P04881,malayalam,F,Anagha,Varghese,given_surname,Anagha Varghese,Vishnu Varghese,2000-11-04,"No. 16, Cross Road, Kothrud, Jaipur, Rajasthan - 302892",train,needs_review
P04882,malayalam,M,Sanju,Pillai,given_surname,Sanju Pillai,Anand Pillai,2000-09-09,"No. 250, Cross Road, Indiranagar, Jaipur, Rajasthan - 302376",train,critical
P04883,north,M,Sandeep,Singh,given_surname,Sandeep Singh,Pradeep Singh,1999-03-29,"No. 219, Cross Road, Saket, Thiruvananthapuram, Kerala - 695972",train,critical
P04884,malayalam,M,Nikhil,Pillai,given_surname,Nikhil Pillai,Sanju Pillai,2001-11-26,"No. 12, Market Street, Anna Nagar, Noida, Uttar Pradesh - 201683",train,clean
P04885,tamil,F,Kavya,Velu,given_father,Kavya Velu,Velu,1998-11-11,"No. 108, Cross Road, Kothrud, Kolkata, West Bengal - 700426",train,clean
P04886,tamil,F,Janani,Madhavan,given_father,Janani Madhavan,Madhavan,1999-01-27,"No. 45, Lake View Road, Saket, Thiruvananthapuram, Kerala - 695027",train,clean
P04887,marathi_gujarati,M,Tejas,Deshpande,given_surname,Tejas Deshpande,Harsh Deshpande,2001-12-11,"No. 73, Lake View Road, Indiranagar, Kochi, Kerala - 682145",train,clean
P04888,christian,M,John,Joseph,given_surname,John Joseph,Samuel Joseph,2004-08-16,"No. 192, Market Street, Andheri, Noida, Uttar Pradesh - 201667",train,critical
P04889,bengali,M,Subhajit,Banerjee,given_surname,Subhajit Banerjee,Debashis Banerjee,2001-07-08,"No. 77, Cross Road, Kothrud, Coimbatore, Tamil Nadu - 641494",train,clean
P04890,malayalam,M,Anand,Kurup,given_surname,Anand Kurup,Sanju Kurup,2002-07-08,"No. 130, 4th Cross, Kakkanad, Delhi, Delhi - 110676",train,clean
P04891,tamil,M,Saravanan,Sundar,given_father,Saravanan Sundar,Sundar,2002-08-01,"No. 78, MG Road, Jayanagar, Pune, Maharashtra - 411539",train,needs_review
P04892,kannada,M,Girish,Gowda,given_surname,Girish Gowda,Satish Gowda,1998-10-11,"No. 218, MG Road, Velachery, Madurai, Tamil Nadu - 625732",train,clean
P04893,tamil,F,Kavya,Karthik,given_father,Kavya Karthik,Karthik,2005-06-27,"No. 147, Market Street, Navrangpura, Ahmedabad, Gujarat - 380821",train,clean
P04894,marathi_gujarati,F,Snehal,Patel,given_surname,Snehal Patel,Harsh Patel,1999-04-24,"No. 150, Temple Street, Andheri, Hyderabad, Telangana - 500312",val,clean
P04895,christian,M,Thomas,Thomas,given_surname,Thomas Thomas,Daniel Thomas,2003-04-22,"No. 161, 4th Cross, Jayanagar, Kolkata, West Bengal - 700020",val,needs_review
P04896,malayalam,F,Anjali,Nair,given_surname,Anjali Nair,Rahul Nair,2002-05-04,"No. 68, Nehru Street, Saket, Noida, Uttar Pradesh - 201906",val,clean
P04897,north,M,Deepak,Gupta,given_surname,Deepak Gupta,Rohit Gupta,1999-08-04,"No. 5, Main Road, Navrangpura, Kochi, Kerala - 682650",test,clean
P04898,north,M,Vikram,Sharma,given_surname,Vikram Sharma,Rohit Sharma,2002-10-02,"No. 32, MG Road, Navrangpura, Mysuru, Karnataka - 570560",test,clean
P04899,kannada,F,Kavitha,Gowda,given_surname,Kavitha Gowda,Raghavendra Gowda,2003-10-05,"No. 116, 2nd Main, Velachery, Mysuru, Karnataka - 570698",test,clean
P04900,muslim,F,Fathima,Ansari,given_surname,Fathima Ansari,Sameer Ansari,2005-04-11,"No. 159, Station Road, Saket, Jaipur, Rajasthan - 302096",train,clean
P04901,north,M,Pradeep,Yadav,given_surname,Pradeep Yadav,Ankit Yadav,2001-01-29,"No. 148, 2nd Main, Banjara Hills, Mumbai, Maharashtra - 400112",train,critical
P04902,north,F,Pooja,Sharma,given_surname,Pooja Sharma,Ajay Sharma,1998-02-27,"No. 24, Market Street, Malviya Nagar, Madurai, Tamil Nadu - 625410",train,critical
P04903,tamil,F,Kavya,Kumar,given_father,Kavya Kumar,Kumar,2005-08-03,"No. 100, Lake View Road, Anna Nagar, Madurai, Tamil Nadu - 625558",train,critical
P04904,north,M,Rohit,Chauhan,given_surname,Rohit Chauhan,Gaurav Chauhan,2002-12-23,"No. 242, Nehru Street, T Nagar, Thiruvananthapuram, Kerala - 695869",train,needs_review
P04905,north,M,Amit,Agarwal,given_surname,Amit Agarwal,Deepak Agarwal,2004-06-21,"No. 120, 2nd Main, Saket, Ahmedabad, Gujarat - 380304",train,clean
P04906,north,F,Komal,Tiwari,given_surname,Komal Tiwari,Amit Tiwari,2004-02-25,"No. 71, 4th Cross, Jayanagar, Chennai, Tamil Nadu - 600154",train,needs_review
P04907,telugu,F,Divya,Reddy,given_surname,Divya Reddy,Chaitanya Reddy,2000-09-09,"No. 56, Lake View Road, Kothrud, Noida, Uttar Pradesh - 201046",train,clean
P04908,tamil,M,Ramesh,Velu,given_father,Ramesh Velu,Velu,2001-09-12,"No. 82, Lake View Road, Anna Nagar, Pune, Maharashtra - 411380",train,clean
P04909,muslim,M,Arif,Qureshi,given_surname,Arif Qureshi,Salman Qureshi,1999-03-01,"No. 91, Nehru Street, Banjara Hills, Thiruvananthapuram, Kerala - 695152",train,needs_review
P04910,marathi_gujarati,F,Hetal,Kulkarni,given_surname,Hetal Kulkarni,Harsh Kulkarni,1998-09-20,"No. 85, 2nd Main, Velachery, Mysuru, Karnataka - 570040",train,clean
P04911,muslim,M,Imran,Pathan,given_surname,Imran Pathan,Sameer Pathan,1999-07-25,"No. 126, Lake View Road, Sector 62, Madurai, Tamil Nadu - 625144",train,clean
P04912,christian,M,Joseph,Fernandes,given_surname,Joseph Fernandes,Thomas Fernandes,1998-10-05,"No. 166, Market Street, Indiranagar, Kolkata, West Bengal - 700538",train,clean
P04913,tamil,F,Kalaiselvi,Kumar,given_father,Kalaiselvi Kumar,Kumar,2000-08-30,"No. 163, Main Road, Sector 62, Madurai, Tamil Nadu - 625959",train,clean
P04914,tamil,F,Tamilselvi,Arun,given_father,Tamilselvi Arun,Arun,2004-05-15,"No. 51, Station Road, Salt Lake, Chennai, Tamil Nadu - 600069",val,needs_review
P04915,kannada,F,Kavitha,Kulkarni,given_surname,Kavitha Kulkarni,Harish Kulkarni,2000-09-23,"No. 69, Lake View Road, T Nagar, Coimbatore, Tamil Nadu - 641558",val,clean
P04916,north,M,Ajay,Singh,given_surname,Ajay Singh,Ankit Singh,1998-01-12,"No. 122, MG Road, Salt Lake, Chennai, Tamil Nadu - 600523",val,clean
P04917,telugu,M,Chaitanya,Rao,given_surname,Chaitanya Rao,Srinivas Rao,2002-04-28,"No. 168, Church Street, Velachery, Delhi, Delhi - 110331",test,needs_review
P04918,north,M,Sandeep,Tiwari,given_surname,Sandeep Tiwari,Rohit Tiwari,1998-06-11,"No. 110, Main Road, Malviya Nagar, Pune, Maharashtra - 411226",test,clean
P04919,muslim,F,Zainab,Syed,given_surname,Zainab Syed,Mohammed Syed,2002-06-17,"No. 27, Market Street, Anna Nagar, Ahmedabad, Gujarat - 380476",test,clean
P04920,muslim,M,Abdul,Syed,given_surname,Abdul Syed,Imran Syed,2005-10-21,"No. 133, 4th Cross, Malviya Nagar, Kolkata, West Bengal - 700260",train,critical
P04921,telugu,M,Suresh,Varma,given_surname,Suresh Varma,Mahesh Varma,2000-06-15,"No. 64, Lake View Road, Velachery, Ahmedabad, Gujarat - 380352",train,clean
P04922,telugu,M,Ravi,Rao,given_surname,Ravi Rao,Mahesh Rao,2003-12-23,"No. 172, Park Avenue, Navrangpura, Bengaluru, Karnataka - 560431",train,needs_review
P04923,muslim,F,Ayesha,Syed,given_surname,Ayesha Syed,Sameer Syed,2005-01-25,"No. 247, MG Road, Jayanagar, Mumbai, Maharashtra - 400461",train,needs_review
P04924,marathi_gujarati,M,Parth,Patil,given_surname,Parth Patil,Sagar Patil,1999-08-23,"No. 58, 4th Cross, Navrangpura, Bengaluru, Karnataka - 560825",train,needs_review
P04925,kannada,F,Bhoomika,Bhat,given_surname,Bhoomika Bhat,Satish Bhat,2000-12-30,"No. 247, 2nd Main, Kakkanad, Jaipur, Rajasthan - 302616",train,clean
P04926,marathi_gujarati,F,Dhwani,Kulkarni,given_surname,Dhwani Kulkarni,Jay Kulkarni,2005-04-20,"No. 106, Lake View Road, Indiranagar, Pune, Maharashtra - 411086",train,critical
P04927,malayalam,F,Gopika,Varghese,given_surname,Gopika Varghese,Rahul Varghese,1999-09-07,"No. 64, Park Avenue, Anna Nagar, Ahmedabad, Gujarat - 380675",train,critical
P04928,telugu,F,Divya,Chowdary,given_surname,Divya Chowdary,Ravi Chowdary,1998-09-25,"No. 249, 2nd Main, Anna Nagar, Pune, Maharashtra - 411700",train,critical
P04929,christian,M,Joel,Joseph,given_surname,Joel Joseph,Thomas Joseph,2005-04-05,"No. 116, 4th Cross, Sector 62, Kochi, Kerala - 682355",train,needs_review
P04930,marathi_gujarati,F,Krupa,Kulkarni,given_surname,Krupa Kulkarni,Sagar Kulkarni,2005-12-17,"No. 59, 2nd Main, Jayanagar, Noida, Uttar Pradesh - 201972",train,clean
P04931,telugu,F,Sunitha,Chowdary,given_surname,Sunitha Chowdary,Prasad Chowdary,2000-10-01,"No. 9, Nehru Street, Malviya Nagar, Thiruvananthapuram, Kerala - 695370",train,needs_review
P04932,north,F,Sushma,Agarwal,given_surname,Sushma Agarwal,Amit Agarwal,2003-12-25,"No. 17, Church Street, Anna Nagar, Madurai, Tamil Nadu - 625682",train,clean
P04933,telugu,M,Suresh,Rao,given_surname,Suresh Rao,Srinivas Rao,1999-07-28,"No. 38, Main Road, Velachery, Hyderabad, Telangana - 500452",train,clean
P04934,tamil,M,Selvam,Senthil,given_father,Selvam Senthil,Senthil,2000-08-11,"No. 230, MG Road, Kothrud, Kolkata, West Bengal - 700742",val,clean
P04935,tamil,M,Selvam,Saravanan,given_father,Selvam Saravanan,Saravanan,2004-06-28,"No. 239, Gandhi Road, Indiranagar, Mumbai, Maharashtra - 400611",val,clean
P04936,christian,F,Teresa,Fernandes,given_surname,Teresa Fernandes,Samuel Fernandes,2001-01-01,"No. 104, Church Street, Indiranagar, Pune, Maharashtra - 411473",val,clean
P04937,tamil,F,Keerthana,Raju,given_father,Keerthana Raju,Raju,2001-11-15,"No. 183, Lake View Road, Kothrud, Mysuru, Karnataka - 570866",test,clean
P04938,muslim,F,Ayesha,Khan,given_surname,Ayesha Khan,Salman Khan,2002-09-30,"No. 158, Temple Street, Koramangala, Chennai, Tamil Nadu - 600212",test,needs_review
P04939,malayalam,M,Vishnu,Nair,given_surname,Vishnu Nair,Sanju Nair,2002-10-16,"No. 19, Gandhi Road, Navrangpura, Madurai, Tamil Nadu - 625667",test,needs_review
P04940,muslim,F,Zainab,Khan,given_surname,Zainab Khan,Mohammed Khan,2003-09-15,"No. 47, Gandhi Road, Sector 62, Mysuru, Karnataka - 570815",train,critical
P04941,muslim,M,Farhan,Syed,given_surname,Farhan Syed,Sameer Syed,2001-02-25,"No. 27, Park Avenue, Anna Nagar, Pune, Maharashtra - 411699",train,clean
P04942,malayalam,M,Hari,Nair,given_surname,Hari Nair,Rahul Nair,2000-03-11,"No. 101, Gandhi Road, Jayanagar, Bengaluru, Karnataka - 560385",train,clean
P04943,tamil,M,Raju,Madhavan,given_father,Raju Madhavan,Madhavan,2003-11-21,"No. 90, Cross Road, Banjara Hills, Mysuru, Karnataka - 570871",train,needs_review
P04944,north,M,Ajay,Pandey,given_surname,Ajay Pandey,Pradeep Pandey,2002-05-18,"No. 154, Park Avenue, Velachery, Mumbai, Maharashtra - 400528",train,critical
P04945,north,M,Rahul,Yadav,given_surname,Rahul Yadav,Sandeep Yadav,2004-09-13,"No. 72, Church Street, Sector 62, Bengaluru, Karnataka - 560056",train,needs_review
P04946,christian,M,Thomas,Mathew,given_surname,Thomas Mathew,Joseph Mathew,2005-01-18,"No. 37, Temple Street, Malviya Nagar, Thiruvananthapuram, Kerala - 695580",train,needs_review
P04947,malayalam,M,Nikhil,Panicker,given_surname,Nikhil Panicker,Jithin Panicker,2002-05-30,"No. 124, 4th Cross, Saket, Kolkata, West Bengal - 700444",train,clean
P04948,marathi_gujarati,M,Aniket,Mehta,given_surname,Aniket Mehta,Parth Mehta,2002-07-30,"No. 169, Gandhi Road, Kakkanad, Thiruvananthapuram, Kerala - 695508",train,clean
P04949,bengali,F,Riya,Das,given_surname,Riya Das,Subhajit Das,2004-05-04,"No. 8, Park Avenue, Malviya Nagar, Jaipur, Rajasthan - 302096",train,clean
P04950,muslim,F,Fathima,Khan,given_surname,Fathima Khan,Mohammed Khan,2005-10-08,"No. 163, Lake View Road, Saket, Mumbai, Maharashtra - 400567",train,clean
P04951,telugu,F,Jyothi,Chowdary,given_surname,Jyothi Chowdary,Mahesh Chowdary,2002-01-30,"No. 227, Gandhi Road, Jayanagar, Hyderabad, Telangana - 500856",train,needs_review
P04952,kannada,F,Kavitha,Bhat,given_surname,Kavitha Bhat,Prashanth Bhat,1998-05-27,"No. 242, Church Street, Kothrud, Ahmedabad, Gujarat - 380886",train,clean
P04953,christian,M,Joel,Fernandes,given_surname,Joel Fernandes,David Fernandes,2005-01-15,"No. 81, 4th Cross, Anna Nagar, Madurai, Tamil Nadu - 625617",train,clean
P04954,north,F,Komal,Mishra,given_surname,Komal Mishra,Sandeep Mishra,2000-03-08,"No. 101, Temple Street, Malviya Nagar, Ahmedabad, Gujarat - 380549",val,needs_review
P04955,bengali,M,Arnab,Roy,given_surname,Arnab Roy,Sourav Roy,2003-02-03,"No. 130, Lake View Road, Andheri, Pune, Maharashtra - 411968",val,critical
P04956,malayalam,M,Arjun,Menon,given_surname,Arjun Menon,Jithin Menon,1998-07-30,"No. 224, Station Road, T Nagar, Pune, Maharashtra - 411157",val,clean
P04957,north,M,Ajay,Tiwari,given_surname,Ajay Tiwari,Deepak Tiwari,2004-10-08,"No. 1, MG Road, Andheri, Kolkata, West Bengal - 700180",test,clean
P04958,kannada,M,Harish,Gowda,given_surname,Harish Gowda,Prashanth Gowda,1999-08-28,"No. 196, Main Road, Indiranagar, Bengaluru, Karnataka - 560950",test,clean
P04959,malayalam,M,Jithin,Varghese,given_surname,Jithin Varghese,Rahul Varghese,2003-07-05,"No. 227, MG Road, Kothrud, Chennai, Tamil Nadu - 600328",test,needs_review
P04960,muslim,F,Nazia,Ansari,given_surname,Nazia Ansari,Irfan Ansari,1998-11-13,"No. 250, Church Street, Kakkanad, Madurai, Tamil Nadu - 625940",train,clean
P04961,christian,M,Daniel,Mathew,given_surname,Daniel Mathew,John Mathew,2004-03-23,"No. 120, Station Road, Navrangpura, Thiruvananthapuram, Kerala - 695531",train,clean
P04962,tamil,F,Tamilselvi,Elango,given_father,Tamilselvi Elango,Elango,2001-05-14,"No. 132, Temple Street, Andheri, Jaipur, Rajasthan - 302473",train,clean
P04963,christian,F,Jennifer,D'Souza,given_surname,Jennifer D'Souza,George D'Souza,1999-03-22,"No. 51, 2nd Main, Banjara Hills, Mumbai, Maharashtra - 400026",train,clean
P04964,marathi_gujarati,M,Nikhil,Deshpande,given_surname,Nikhil Deshpande,Aniket Deshpande,2005-10-28,"No. 125, Market Street, Banjara Hills, Delhi, Delhi - 110748",train,clean
P04965,telugu,M,Prasad,Naidu,given_surname,Prasad Naidu,Chaitanya Naidu,2001-01-10,"No. 100, Cross Road, Anna Nagar, Thiruvananthapuram, Kerala - 695513",train,critical
P04966,muslim,F,Shabana,Ansari,given_surname,Shabana Ansari,Salman Ansari,1999-02-15,"No. 162, Cross Road, Sector 62, Ahmedabad, Gujarat - 380179",train,needs_review
P04967,bengali,F,Riya,Das,given_surname,Riya Das,Debashis Das,1999-01-20,"No. 226, Nehru Street, Malviya Nagar, Bengaluru, Karnataka - 560082",train,clean
P04968,tamil,F,Meena,Prakash,given_father,Meena Prakash,Prakash,2005-04-11,"No. 224, 4th Cross, Velachery, Pune, Maharashtra - 411797",train,needs_review
P04969,tamil,M,Arun,Ramesh,given_father,Arun Ramesh,Ramesh,1999-06-06,"No. 27, 2nd Main, Saket, Kochi, Kerala - 682456",train,clean
P04970,muslim,M,Arif,Syed,given_surname,Arif Syed,Salman Syed,2002-11-08,"No. 77, Temple Street, Navrangpura, Mysuru, Karnataka - 570931",train,clean
P04971,marathi_gujarati,M,Sagar,Patil,given_surname,Sagar Patil,Aniket Patil,1999-08-23,"No. 221, Nehru Street, Sector 62, Delhi, Delhi - 110506",train,needs_review
P04972,north,M,Rahul,Chauhan,given_surname,Rahul Chauhan,Ajay Chauhan,2002-12-30,"No. 55, 4th Cross, Sector 62, Thiruvananthapuram, Kerala - 695752",train,clean
P04973,telugu,F,Lavanya,Reddy,given_surname,Lavanya Reddy,Chaitanya Reddy,2004-08-14,"No. 40, Lake View Road, Banjara Hills, Mysuru, Karnataka - 570825",train,critical
P04974,north,F,Sneha,Chauhan,given_surname,Sneha Chauhan,Ajay Chauhan,2001-10-30,"No. 222, 2nd Main, Malviya Nagar, Mysuru, Karnataka - 570772",val,needs_review
P04975,telugu,F,Lavanya,Reddy,given_surname,Lavanya Reddy,Krishna Reddy,2004-04-07,"No. 133, 2nd Main, Banjara Hills, Mysuru, Karnataka - 570497",val,clean
P04976,north,F,Priyanka,Yadav,given_surname,Priyanka Yadav,Deepak Yadav,1999-02-04,"No. 130, Gandhi Road, Malviya Nagar, Jaipur, Rajasthan - 302931",val,needs_review
P04977,telugu,F,Swathi,Raju,given_surname,Swathi Raju,Krishna Raju,2003-06-14,"No. 21, Nehru Street, Jayanagar, Thiruvananthapuram, Kerala - 695220",test,clean
P04978,north,F,Archana,Yadav,given_surname,Archana Yadav,Rohit Yadav,2002-06-11,"No. 152, Temple Street, Kakkanad, Noida, Uttar Pradesh - 201971",test,critical
P04979,bengali,M,Rajib,Bose,given_surname,Rajib Bose,Sayan Bose,2000-06-03,"No. 57, Market Street, Kakkanad, Delhi, Delhi - 110175",test,clean
P04980,marathi_gujarati,F,Rutuja,Patil,given_surname,Rutuja Patil,Aniket Patil,2001-04-17,"No. 15, Temple Street, Jayanagar, Bengaluru, Karnataka - 560943",train,clean
P04981,tamil,M,Selvam,Karthik,given_father,Selvam Karthik,Karthik,2001-06-30,"No. 109, Temple Street, Malviya Nagar, Pune, Maharashtra - 411834",train,clean
P04982,kannada,M,Prashanth,Kulkarni,given_surname,Prashanth Kulkarni,Puneeth Kulkarni,2002-10-01,"No. 14, Nehru Street, Andheri, Chennai, Tamil Nadu - 600430",train,critical
P04983,marathi_gujarati,M,Harsh,Deshpande,given_surname,Harsh Deshpande,Aniket Deshpande,2005-08-23,"No. 240, 4th Cross, T Nagar, Kolkata, West Bengal - 700128",train,clean
P04984,telugu,F,Haritha,Naidu,given_surname,Haritha Naidu,Ravi Naidu,2003-02-10,"No. 227, Gandhi Road, Salt Lake, Coimbatore, Tamil Nadu - 641381",train,clean
P04985,north,F,Pooja,Chauhan,given_surname,Pooja Chauhan,Ankit Chauhan,2002-07-16,"No. 96, 2nd Main, Velachery, Thiruvananthapuram, Kerala - 695913",train,clean
P04986,tamil,M,Kannan,Babu,given_father,Kannan Babu,Babu,2001-01-10,"No. 48, Park Avenue, Sector 62, Mysuru, Karnataka - 570271",train,critical
P04987,north,M,Sumit,Pandey,given_surname,Sumit Pandey,Rahul Pandey,2005-08-10,"No. 47, Gandhi Road, Salt Lake, Ahmedabad, Gujarat - 380557",train,clean
P04988,north,F,Pooja,Tiwari,given_surname,Pooja Tiwari,Gaurav Tiwari,2005-04-14,"No. 178, Market Street, Indiranagar, Mumbai, Maharashtra - 400320",train,clean
P04989,north,F,Komal,Pandey,given_surname,Komal Pandey,Rohit Pandey,1999-07-29,"No. 214, Main Road, Velachery, Kolkata, West Bengal - 700696",train,clean
P04990,christian,M,Joel,Thomas,given_surname,Joel Thomas,Samuel Thomas,2003-05-18,"No. 107, 2nd Main, Andheri, Kochi, Kerala - 682073",train,clean
P04991,kannada,F,Pallavi,Shetty,given_surname,Pallavi Shetty,Puneeth Shetty,1999-05-22,"No. 174, Park Avenue, Koramangala, Delhi, Delhi - 110689",train,needs_review
P04992,north,M,Ajay,Yadav,given_surname,Ajay Yadav,Ankit Yadav,1999-09-11,"No. 24, Station Road, Velachery, Madurai, Tamil Nadu - 625221",train,clean
P04993,tamil,M,Siva,Senthil,given_father,Siva Senthil,Senthil,2004-04-29,"No. 16, Lake View Road, Saket, Delhi, Delhi - 110132",train,clean
P04994,tamil,M,Raju,Saravanan,given_father,Raju Saravanan,Saravanan,2003-07-20,"No. 100, 4th Cross, Indiranagar, Madurai, Tamil Nadu - 625794",val,clean
P04995,north,M,Amit,Agarwal,given_surname,Amit Agarwal,Rahul Agarwal,2001-04-30,"No. 190, Park Avenue, Malviya Nagar, Delhi, Delhi - 110958",val,critical
P04996,tamil,M,Kumar,Babu,given_father,Kumar Babu,Babu,2000-02-27,"No. 108, Nehru Street, Kakkanad, Coimbatore, Tamil Nadu - 641790",val,needs_review
P04997,marathi_gujarati,M,Jay,Patel,given_surname,Jay Patel,Parth Patel,2005-10-07,"No. 155, Temple Street, Anna Nagar, Noida, Uttar Pradesh - 201996",test,critical
P04998,north,M,Sumit,Singh,given_surname,Sumit Singh,Sandeep Singh,2003-06-25,"No. 82, Cross Road, Andheri, Noida, Uttar Pradesh - 201395",test,needs_review
P04999,kannada,F,Pallavi,Rao,given_surname,Pallavi Rao,Puneeth Rao,2005-09-20,"No. 55, 2nd Main, Andheri, Coimbatore, Tamil Nadu - 641338",test,clean
